 0.00  3500. -5.0  2.0   0.5687    0.0715    0.0005
 0.50  3500. -5.0  2.0   0.5267    0.1099    0.0006
 1.00  3500. -5.0  2.0   0.4442    0.1829    0.0012
 1.50  3500. -5.0  2.0   0.3735    0.2437    0.0024
 2.00  3500. -5.0  2.0   0.3435    0.2697    0.0031
 2.50  3500. -5.0  2.0   0.3452    0.2700    0.0029
 3.00  3500. -5.0  2.0   0.3684    0.2533    0.0020
 0.00  3750. -5.0  2.0   0.5620    0.0758    0.0009
 0.50  3750. -5.0  2.0   0.5341    0.1017    0.0010
 1.00  3750. -5.0  2.0   0.4909    0.1371    0.0017
 1.50  3750. -5.0  2.0   0.3904    0.2201    0.0039
 2.00  3750. -5.0  2.0   0.2649    0.3213    0.0091
 2.50  3750. -5.0  2.0   0.1911    0.3789    0.0152
 3.00  3750. -5.0  2.0   0.1688    0.4040    0.0166
 0.00  4000. -5.0  2.0   0.5706    0.0648    0.0016
 0.50  4000. -5.0  2.0   0.5377    0.0950    0.0018
 1.00  4000. -5.0  2.0   0.4934    0.1359    0.0023
 1.50  4000. -5.0  2.0   0.4391    0.1845    0.0033
 2.00  4000. -5.0  2.0   0.3624    0.2374    0.0064
 2.50  4000. -5.0  2.0   0.2197    0.3425    0.0167
 3.00  4000. -5.0  2.0   0.1085    0.4199    0.0345
 3.50  4000. -5.0  2.0   0.0433    0.4713    0.0513
 0.00  4250. -5.0  2.0   0.5828    0.0515    0.0020
 0.50  4250. -5.0  2.0   0.5490    0.0830    0.0024
 1.00  4250. -5.0  2.0   0.4997    0.1293    0.0030
 1.50  4250. -5.0  2.0   0.4466    0.1791    0.0040
 2.00  4250. -5.0  2.0   0.3974    0.2233    0.0048
 2.50  4250. -5.0  2.0   0.3117    0.2922    0.0116
 3.00  4250. -5.0  2.0   0.2227    0.3426    0.0193
 3.50  4250. -5.0  2.0   0.1145    0.4050    0.0389
 4.00  4250. -5.0  2.0   0.0463    0.4307    0.0654
 0.00  4500. -5.0  2.0   0.5795    0.0543    0.0019
 0.50  4500. -5.0  2.0   0.5470    0.0850    0.0023
 1.00  4500. -5.0  2.0   0.5003    0.1299    0.0030
 1.50  4500. -5.0  2.0   0.4452    0.1826    0.0044
 2.00  4500. -5.0  2.0   0.3930    0.2326    0.0064
 2.50  4500. -5.0  2.0   0.3398    0.2804    0.0095
 3.00  4500. -5.0  2.0   0.2812    0.3256    0.0161
 3.50  4500. -5.0  2.0   0.1893    0.3828    0.0330
 4.00  4500. -5.0  2.0   0.0962    0.4276    0.0584
 0.00  4750. -5.0  2.0   0.5626    0.0703    0.0017
 0.50  4750. -5.0  2.0   0.5314    0.1004    0.0021
 1.00  4750. -5.0  2.0   0.4941    0.1371    0.0027
 1.50  4750. -5.0  2.0   0.4450    0.1851    0.0043
 2.00  4750. -5.0  2.0   0.3926    0.2359    0.0067
 2.50  4750. -5.0  2.0   0.3461    0.2798    0.0093
 3.00  4750. -5.0  2.0   0.3060    0.3145    0.0132
 3.50  4750. -5.0  2.0   0.2700    0.3412    0.0159
 4.00  4750. -5.0  2.0   0.1864    0.3932    0.0352
 4.50  4750. -5.0  2.0   0.1089    0.4254    0.0580
 0.00  5000. -5.0  2.0   0.5367    0.0942    0.0018
 0.50  5000. -5.0  2.0   0.5121    0.1187    0.0021
 1.00  5000. -5.0  2.0   0.4775    0.1528    0.0030
 1.50  5000. -5.0  2.0   0.4377    0.1919    0.0046
 2.00  5000. -5.0  2.0   0.3941    0.2349    0.0067
 2.50  5000. -5.0  2.0   0.3526    0.2756    0.0088
 3.00  5000. -5.0  2.0   0.3167    0.3088    0.0115
 3.50  5000. -5.0  2.0   0.2905    0.3318    0.0133
 4.00  5000. -5.0  2.0   0.2563    0.3545    0.0164
 4.50  5000. -5.0  2.0   0.1972    0.3893    0.0284
 5.00  5000. -5.0  2.0   0.1496    0.4040    0.0351
 0.00  5250. -5.0  2.0   0.5062    0.1213    0.0022
 0.50  5250. -5.0  2.0   0.4892    0.1391    0.0025
 1.00  5250. -5.0  2.0   0.4617    0.1665    0.0034
 1.50  5250. -5.0  2.0   0.4280    0.1999    0.0049
 2.00  5250. -5.0  2.0   0.3922    0.2356    0.0066
 2.50  5250. -5.0  2.0   0.3586    0.2686    0.0083
 3.00  5250. -5.0  2.0   0.3274    0.2987    0.0098
 3.50  5250. -5.0  2.0   0.2978    0.3241    0.0124
 4.00  5250. -5.0  2.0   0.2802    0.3388    0.0135
 4.50  5250. -5.0  2.0   0.2393    0.3646    0.0196
 5.00  5250. -5.0  2.0   0.1794    0.3973    0.0345
 0.00  5500. -5.0  2.0   0.4680    0.1550    0.0029
 0.50  5500. -5.0  2.0   0.4574    0.1661    0.0036
 1.00  5500. -5.0  2.0   0.4398    0.1844    0.0044
 1.50  5500. -5.0  2.0   0.4152    0.2087    0.0056
 2.00  5500. -5.0  2.0   0.3877    0.2366    0.0067
 2.50  5500. -5.0  2.0   0.3586    0.2655    0.0078
 3.00  5500. -5.0  2.0   0.3324    0.2905    0.0088
 3.50  5500. -5.0  2.0   0.3096    0.3119    0.0098
 4.00  5500. -5.0  2.0   0.2850    0.3309    0.0122
 4.50  5500. -5.0  2.0   0.2569    0.3490    0.0166
 5.00  5500. -5.0  2.0   0.2190    0.3732    0.0232
 0.00  5750. -5.0  2.0   0.6002    0.0426    0.0002
 0.50  5750. -5.0  2.0   0.4279    0.1946    0.0033
 1.00  5750. -5.0  2.0   0.4125    0.2060    0.0056
 1.50  5750. -5.0  2.0   0.3983    0.2209    0.0063
 2.00  5750. -5.0  2.0   0.3784    0.2411    0.0071
 2.50  5750. -5.0  2.0   0.3561    0.2630    0.0076
 3.00  5750. -5.0  2.0   0.3352    0.2834    0.0080
 3.50  5750. -5.0  2.0   0.3137    0.3031    0.0085
 4.00  5750. -5.0  2.0   0.2951    0.3189    0.0095
 4.50  5750. -5.0  2.0   0.2707    0.3365    0.0124
 5.00  5750. -5.0  2.0   0.2404    0.3568    0.0168
 0.00  6000. -5.0  2.0   0.5749    0.0674    0.0002
 0.50  6000. -5.0  2.0   0.5720    0.0712    0.0001
 1.00  6000. -5.0  2.0   0.4196    0.1995    0.0039
 1.50  6000. -5.0  2.0   0.3776    0.2359    0.0069
 2.00  6000. -5.0  2.0   0.3648    0.2486    0.0075
 2.50  6000. -5.0  2.0   0.3500    0.2631    0.0075
 3.00  6000. -5.0  2.0   0.3335    0.2787    0.0076
 3.50  6000. -5.0  2.0   0.3152    0.2959    0.0078
 4.00  6000. -5.0  2.0   0.3022    0.3079    0.0077
 4.50  6000. -5.0  2.0   0.2837    0.3219    0.0091
 5.00  6000. -5.0  2.0   0.2571    0.3412    0.0120
 0.50  6250. -5.0  2.0   0.5447    0.0973    0.0001
 1.00  6250. -5.0  2.0   0.5418    0.0991    0.0001
 1.50  6250. -5.0  2.0   0.3822    0.2300    0.0052
 2.00  6250. -5.0  2.0   0.3489    0.2586    0.0071
 2.50  6250. -5.0  2.0   0.3394    0.2674    0.0072
 3.00  6250. -5.0  2.0   0.3277    0.2782    0.0071
 3.50  6250. -5.0  2.0   0.3149    0.2903    0.0069
 4.00  6250. -5.0  2.0   0.3013    0.3024    0.0070
 4.50  6250. -5.0  2.0   0.2836    0.3163    0.0082
 5.00  6250. -5.0  2.0   0.2687    0.3274    0.0092
 0.50  6500. -5.0  2.0   0.5247    0.1153    0.0002
 1.00  6500. -5.0  2.0   0.5133    0.1254    0.0001
 1.50  6500. -5.0  2.0   0.5102    0.1254    0.0001
 2.00  6500. -5.0  2.0   0.3479    0.2547    0.0063
 2.50  6500. -5.0  2.0   0.3206    0.2775    0.0076
 3.00  6500. -5.0  2.0   0.3172    0.2808    0.0071
 3.50  6500. -5.0  2.0   0.3091    0.2888    0.0067
 4.00  6500. -5.0  2.0   0.2994    0.2976    0.0065
 4.50  6500. -5.0  2.0   0.2879    0.3072    0.0068
 5.00  6500. -5.0  2.0   0.2710    0.3200    0.0080
 0.50  6750. -5.0  2.0   0.4930    0.1451    0.0003
 1.00  6750. -5.0  2.0   0.4913    0.1441    0.0003
 1.50  6750. -5.0  2.0   0.4806    0.1516    0.0001
 2.00  6750. -5.0  2.0   0.4801    0.1474    0.0001
 2.50  6750. -5.0  2.0   0.3184    0.2740    0.0072
 3.00  6750. -5.0  2.0   0.2996    0.2906    0.0074
 3.50  6750. -5.0  2.0   0.2979    0.2922    0.0068
 4.00  6750. -5.0  2.0   0.2922    0.2974    0.0065
 4.50  6750. -5.0  2.0   0.2851    0.3036    0.0064
 5.00  6750. -5.0  2.0   0.2731    0.3131    0.0069
 0.50  7000. -5.0  2.0   0.4512    0.1830    0.0006
 1.00  7000. -5.0  2.0   0.4569    0.1744    0.0006
 1.50  7000. -5.0  2.0   0.4579    0.1693    0.0005
 2.00  7000. -5.0  2.0   0.4496    0.1737    0.0002
 2.50  7000. -5.0  2.0   0.4504    0.1681    0.0001
 3.00  7000. -5.0  2.0   0.2940    0.2899    0.0075
 3.50  7000. -5.0  2.0   0.2827    0.2997    0.0072
 4.00  7000. -5.0  2.0   0.2811    0.3011    0.0067
 4.50  7000. -5.0  2.0   0.2781    0.3037    0.0064
 5.00  7000. -5.0  2.0   0.2692    0.3106    0.0066
 1.00  7250. -5.0  2.0   0.4135    0.2113    0.0013
 1.50  7250. -5.0  2.0   0.4224    0.1985    0.0011
 2.00  7250. -5.0  2.0   0.4251    0.1915    0.0007
 2.50  7250. -5.0  2.0   0.4198    0.1938    0.0003
 3.00  7250. -5.0  2.0   0.4224    0.1867    0.0002
 3.50  7250. -5.0  2.0   0.2715    0.3033    0.0080
 4.00  7250. -5.0  2.0   0.2662    0.3080    0.0075
 4.50  7250. -5.0  2.0   0.2668    0.3077    0.0068
 5.00  7250. -5.0  2.0   0.2618    0.3114    0.0067
 1.00  7500. -5.0  2.0   0.3742    0.2403    0.0025
 1.50  7500. -5.0  2.0   0.3794    0.2327    0.0023
 2.00  7500. -5.0  2.0   0.3905    0.2177    0.0018
 2.50  7500. -5.0  2.0   0.3947    0.2103    0.0011
 3.00  7500. -5.0  2.0   0.3915    0.2119    0.0005
 3.50  7500. -5.0  2.0   0.3948    0.2049    0.0003
 4.00  7500. -5.0  2.0   0.2578    0.3124    0.0070
 4.50  7500. -5.0  2.0   0.2534    0.3141    0.0073
 5.00  7500. -5.0  2.0   0.2502    0.3159    0.0072
 1.50  7750. -5.0  2.0   0.3409    0.2592    0.0039
 2.00  7750. -5.0  2.0   0.3490    0.2485    0.0033
 2.50  7750. -5.0  2.0   0.3617    0.2328    0.0025
 3.00  7750. -5.0  2.0   0.3664    0.2270    0.0015
 3.50  7750. -5.0  2.0   0.3645    0.2287    0.0007
 4.00  7750. -5.0  2.0   0.3678    0.2224    0.0004
 4.50  7750. -5.0  2.0   0.2377    0.3225    0.0080
 5.00  7750. -5.0  2.0   0.2366    0.3225    0.0078
 1.50  8000. -5.0  2.0   0.3110    0.2757    0.0057
 2.00  8000. -5.0  2.0   0.3133    0.2713    0.0053
 2.50  8000. -5.0  2.0   0.3239    0.2590    0.0043
 3.00  8000. -5.0  2.0   0.3378    0.2435    0.0032
 3.50  8000. -5.0  2.0   0.3401    0.2422    0.0019
 4.00  8000. -5.0  2.0   0.3387    0.2443    0.0011
 4.50  8000. -5.0  2.0   0.3414    0.2390    0.0007
 5.00  8000. -5.0  2.0   0.2200    0.3311    0.0089
 2.00  8250. -5.0  2.0   0.2866    0.2843    0.0072
 2.50  8250. -5.0  2.0   0.2919    0.2776    0.0063
 3.00  8250. -5.0  2.0   0.3041    0.2649    0.0051
 3.50  8250. -5.0  2.0   0.3166    0.2522    0.0038
 4.00  8250. -5.0  2.0   0.3144    0.2577    0.0023
 4.50  8250. -5.0  2.0   0.3146    0.2579    0.0014
 5.00  8250. -5.0  2.0   0.2091    0.3363    0.0091
 1.50  8500. -5.0  2.0   0.2784    0.2843    0.0084
 2.00  8500. -5.0  2.0   0.2673    0.2903    0.0087
 2.50  8500. -5.0  2.0   0.2679    0.2876    0.0082
 3.00  8500. -5.0  2.0   0.2755    0.2801    0.0070
 3.50  8500. -5.0  2.0   0.2878    0.2685    0.0057
 4.00  8500. -5.0  2.0   0.2967    0.2607    0.0043
 4.50  8500. -5.0  2.0   0.2919    0.2701    0.0027
 5.00  8500. -5.0  2.0   0.2899    0.2720    0.0018
 2.00  8750. -5.0  2.0   0.2544    0.2919    0.0097
 2.50  8750. -5.0  2.0   0.2501    0.2923    0.0095
 3.00  8750. -5.0  2.0   0.2540    0.2879    0.0087
 3.50  8750. -5.0  2.0   0.2625    0.2808    0.0075
 4.00  8750. -5.0  2.0   0.2734    0.2712    0.0062
 4.50  8750. -5.0  2.0   0.2751    0.2723    0.0047
 5.00  8750. -5.0  2.0   0.2692    0.2825    0.0031
 1.50  9000. -5.0  2.0   0.2689    0.2799    0.0092
 2.00  9000. -5.0  2.0   0.2461    0.2912    0.0103
 2.50  9000. -5.0  2.0   0.2376    0.2936    0.0104
 3.00  9000. -5.0  2.0   0.2379    0.2916    0.0099
 3.50  9000. -5.0  2.0   0.2429    0.2875    0.0090
 4.00  9000. -5.0  2.0   0.2517    0.2807    0.0079
 4.50  9000. -5.0  2.0   0.2626    0.2709    0.0066
 5.00  9000. -5.0  2.0   0.2748    0.2585    0.0056
 2.00  9250. -5.0  2.0   0.2399    0.2905    0.0107
 2.50  9250. -5.0  2.0   0.2282    0.2940    0.0110
 3.00  9250. -5.0  2.0   0.2258    0.2930    0.0107
 3.50  9250. -5.0  2.0   0.2282    0.2905    0.0101
 4.00  9250. -5.0  2.0   0.2340    0.2865    0.0094
 4.50  9250. -5.0  2.0   0.2421    0.2802    0.0083
 5.00  9250. -5.0  2.0   0.2519    0.2707    0.0071
 2.00  9500. -5.0  2.0   0.2353    0.2896    0.0110
 2.50  9500. -5.0  2.0   0.2215    0.2930    0.0114
 3.00  9500. -5.0  2.0   0.2166    0.2931    0.0113
 3.50  9500. -5.0  2.0   0.2171    0.2916    0.0109
 4.00  9500. -5.0  2.0   0.2201    0.2896    0.0104
 4.50  9500. -5.0  2.0   0.2253    0.2862    0.0096
 5.00  9500. -5.0  2.0   0.2329    0.2795    0.0086
 2.00  9750. -5.0  2.0   0.2311    0.2894    0.0112
 2.50  9750. -5.0  2.0   0.2156    0.2926    0.0117
 3.00  9750. -5.0  2.0   0.2093    0.2926    0.0118
 3.50  9750. -5.0  2.0   0.2078    0.2922    0.0115
 4.00  9750. -5.0  2.0   0.2094    0.2909    0.0112
 4.50  9750. -5.0  2.0   0.2121    0.2893    0.0107
 5.00  9750. -5.0  2.0   0.2172    0.2853    0.0099
 2.00 10000. -5.0  2.0   0.2270    0.2897    0.0114
 2.50 10000. -5.0  2.0   0.2107    0.2920    0.0120
 3.00 10000. -5.0  2.0   0.2032    0.2919    0.0121
 3.50 10000. -5.0  2.0   0.2004    0.2918    0.0119
 4.00 10000. -5.0  2.0   0.2006    0.2914    0.0117
 4.50 10000. -5.0  2.0   0.2022    0.2905    0.0114
 5.00 10000. -5.0  2.0   0.2049    0.2884    0.0109
 2.00 10500. -5.0  2.0   0.2199    0.2908    0.0119
 2.50 10500. -5.0  2.0   0.2021    0.2915    0.0124
 3.00 10500. -5.0  2.0   0.1932    0.2905    0.0125
 3.50 10500. -5.0  2.0   0.1891    0.2900    0.0124
 4.00 10500. -5.0  2.0   0.1876    0.2903    0.0124
 4.50 10500. -5.0  2.0   0.1872    0.2906    0.0124
 5.00 10500. -5.0  2.0   0.1871    0.2906    0.0123
 2.50 11000. -5.0  2.0   0.1943    0.2916    0.0130
 3.00 11000. -5.0  2.0   0.1851    0.2890    0.0128
 3.50 11000. -5.0  2.0   0.1802    0.2879    0.0127
 4.00 11000. -5.0  2.0   0.1778    0.2880    0.0127
 4.50 11000. -5.0  2.0   0.1763    0.2890    0.0129
 5.00 11000. -5.0  2.0   0.1749    0.2900    0.0130
 2.50 11500. -5.0  2.0   0.1878    0.2918    0.0135
 3.00 11500. -5.0  2.0   0.1780    0.2879    0.0131
 3.50 11500. -5.0  2.0   0.1730    0.2855    0.0129
 4.00 11500. -5.0  2.0   0.1701    0.2851    0.0129
 4.50 11500. -5.0  2.0   0.1679    0.2864    0.0131
 5.00 11500. -5.0  2.0   0.1661    0.2877    0.0134
 2.50 12000. -5.0  2.0   0.1820    0.2922    0.0141
 3.00 12000. -5.0  2.0   0.1715    0.2870    0.0135
 3.50 12000. -5.0  2.0   0.1666    0.2833    0.0131
 4.00 12000. -5.0  2.0   0.1636    0.2822    0.0130
 4.50 12000. -5.0  2.0   0.1612    0.2830    0.0131
 5.00 12000. -5.0  2.0   0.1591    0.2846    0.0135
 2.50 12500. -5.0  2.0   0.1771    0.2926    0.0146
 3.00 12500. -5.0  2.0   0.1662    0.2859    0.0139
 3.50 12500. -5.0  2.0   0.1609    0.2813    0.0132
 4.00 12500. -5.0  2.0   0.1578    0.2794    0.0130
 4.50 12500. -5.0  2.0   0.1553    0.2798    0.0130
 5.00 12500. -5.0  2.0   0.1531    0.2811    0.0134
 2.50 13000. -5.0  2.0   0.1725    0.2935    0.0152
 3.00 13000. -5.0  2.0   0.1612    0.2851    0.0143
 3.50 13000. -5.0  2.0   0.1557    0.2794    0.0134
 4.00 13000. -5.0  2.0   0.1528    0.2766    0.0130
 4.50 13000. -5.0  2.0   0.1504    0.2763    0.0130
 5.00 13000. -5.0  2.0   0.1479    0.2776    0.0133
 2.00 14000. -5.0  2.0   0.1975    0.3025    0.0152
 2.50 14000. -5.0  2.0   0.1651    0.2956    0.0163
 3.00 14000. -5.0  2.0   0.1528    0.2840    0.0151
 3.50 14000. -5.0  2.0   0.1474    0.2756    0.0138
 4.00 14000. -5.0  2.0   0.1442    0.2712    0.0131
 4.50 14000. -5.0  2.0   0.1419    0.2698    0.0129
 5.00 14000. -5.0  2.0   0.1394    0.2704    0.0131
 2.50 15000. -5.0  2.0   0.1589    0.2988    0.0174
 3.00 15000. -5.0  2.0   0.1456    0.2839    0.0160
 3.50 15000. -5.0  2.0   0.1401    0.2728    0.0143
 4.00 15000. -5.0  2.0   0.1372    0.2664    0.0132
 4.50 15000. -5.0  2.0   0.1349    0.2637    0.0128
 5.00 15000. -5.0  2.0   0.1324    0.2637    0.0128
 2.50 16000. -5.0  2.0   0.1539    0.3028    0.0186
 3.00 16000. -5.0  2.0   0.1387    0.2853    0.0169
 3.50 16000. -5.0  2.0   0.1332    0.2713    0.0148
 4.00 16000. -5.0  2.0   0.1310    0.2624    0.0134
 4.50 16000. -5.0  2.0   0.1288    0.2587    0.0127
 5.00 16000. -5.0  2.0   0.1264    0.2577    0.0126
 2.50 17000. -5.0  2.0   0.1503    0.3069    0.0197
 3.00 17000. -5.0  2.0   0.1323    0.2875    0.0181
 3.50 17000. -5.0  2.0   0.1270    0.2706    0.0155
 4.00 17000. -5.0  2.0   0.1250    0.2597    0.0137
 4.50 17000. -5.0  2.0   0.1234    0.2542    0.0128
 5.00 17000. -5.0  2.0   0.1214    0.2523    0.0125
 2.50 18000. -5.0  2.0   0.1491    0.3107    0.0207
 3.00 18000. -5.0  2.0   0.1265    0.2902    0.0195
 3.50 18000. -5.0  2.0   0.1206    0.2710    0.0164
 4.00 18000. -5.0  2.0   0.1193    0.2578    0.0141
 4.50 18000. -5.0  2.0   0.1182    0.2508    0.0129
 5.00 18000. -5.0  2.0   0.1166    0.2477    0.0125
 2.50 19000. -5.0  2.0   0.1510    0.3141    0.0213
 3.00 19000. -5.0  2.0   0.1215    0.2931    0.0209
 3.50 19000. -5.0  2.0   0.1146    0.2716    0.0175
 4.00 19000. -5.0  2.0   0.1133    0.2569    0.0148
 4.50 19000. -5.0  2.0   0.1129    0.2482    0.0132
 5.00 19000. -5.0  2.0   0.1118    0.2443    0.0125
 3.00 20000. -5.0  2.0   0.1181    0.2964    0.0223
 3.50 20000. -5.0  2.0   0.1092    0.2727    0.0187
 4.00 20000. -5.0  2.0   0.1078    0.2560    0.0156
 4.50 20000. -5.0  2.0   0.1073    0.2466    0.0137
 5.00 20000. -5.0  2.0   0.1070    0.2415    0.0129
 3.00 21000. -5.0  2.0   0.1155    0.3008    0.0237
 3.50 21000. -5.0  2.0   0.1046    0.2743    0.0201
 4.00 21000. -5.0  2.0   0.1024    0.2557    0.0166
 4.50 21000. -5.0  2.0   0.1022    0.2449    0.0144
 5.00 21000. -5.0  2.0   0.1018    0.2396    0.0133
 3.00 22000. -5.0  2.0   0.1139    0.3059    0.0249
 3.50 22000. -5.0  2.0   0.1004    0.2773    0.0216
 4.00 22000. -5.0  2.0   0.0975    0.2564    0.0177
 4.50 22000. -5.0  2.0   0.0974    0.2438    0.0152
 5.00 22000. -5.0  2.0   0.0973    0.2375    0.0139
 3.00 23000. -5.0  2.0   0.1138    0.3113    0.0259
 3.50 23000. -5.0  2.0   0.0965    0.2815    0.0231
 4.00 23000. -5.0  2.0   0.0932    0.2580    0.0190
 4.50 23000. -5.0  2.0   0.0928    0.2437    0.0161
 5.00 23000. -5.0  2.0   0.0924    0.2366    0.0146
 3.00 24000. -5.0  2.0   0.1146    0.3173    0.0264
 3.50 24000. -5.0  2.0   0.0930    0.2866    0.0246
 4.00 24000. -5.0  2.0   0.0887    0.2612    0.0204
 4.50 24000. -5.0  2.0   0.0881    0.2451    0.0172
 5.00 24000. -5.0  2.0   0.0880    0.2364    0.0154
 3.00 25000. -5.0  2.0   0.1155    0.3245    0.0265
 3.50 25000. -5.0  2.0   0.0898    0.2923    0.0259
 4.00 25000. -5.0  2.0   0.0845    0.2651    0.0218
 4.50 25000. -5.0  2.0   0.0837    0.2473    0.0184
 5.00 25000. -5.0  2.0   0.0837    0.2373    0.0163
 3.00 26000. -5.0  2.0   0.1117    0.3342    0.0267
 3.50 26000. -5.0  2.0   0.0868    0.2983    0.0270
 4.00 26000. -5.0  2.0   0.0805    0.2693    0.0230
 4.50 26000. -5.0  2.0   0.0793    0.2503    0.0194
 5.00 26000. -5.0  2.0   0.0795    0.2389    0.0172
 3.50 27000. -5.0  2.0   0.0832    0.3044    0.0279
 4.00 27000. -5.0  2.0   0.0763    0.2739    0.0240
 4.50 27000. -5.0  2.0   0.0754    0.2531    0.0204
 5.00 27000. -5.0  2.0   0.0753    0.2409    0.0180
 3.50 28000. -5.0  2.0   0.0778    0.3098    0.0287
 4.00 28000. -5.0  2.0   0.0723    0.2775    0.0248
 4.50 28000. -5.0  2.0   0.0712    0.2558    0.0210
 5.00 28000. -5.0  2.0   0.0715    0.2424    0.0185
 3.50 29000. -5.0  2.0   0.0698    0.3141    0.0296
 4.00 29000. -5.0  2.0   0.0678    0.2797    0.0253
 4.50 29000. -5.0  2.0   0.0676    0.2568    0.0213
 5.00 29000. -5.0  2.0   0.0679    0.2428    0.0186
 3.50 30000. -5.0  2.0   0.0612    0.3181    0.0308
 4.00 30000. -5.0  2.0   0.0625    0.2800    0.0255
 4.50 30000. -5.0  2.0   0.0637    0.2560    0.0211
 5.00 30000. -5.0  2.0   0.0646    0.2412    0.0183
 3.50 31000. -5.0  2.0   0.0520    0.3240    0.0323
 4.00 31000. -5.0  2.0   0.0564    0.2792    0.0257
 4.50 31000. -5.0  2.0   0.0598    0.2531    0.0207
 5.00 31000. -5.0  2.0   0.0620    0.2371    0.0176
 4.00 32000. -5.0  2.0   0.0496    0.2788    0.0262
 4.50 32000. -5.0  2.0   0.0561    0.2484    0.0202
 5.00 32000. -5.0  2.0   0.0593    0.2313    0.0166
 4.00 33000. -5.0  2.0   0.0416    0.2802    0.0272
 4.50 33000. -5.0  2.0   0.0513    0.2442    0.0199
 5.00 33000. -5.0  2.0   0.0564    0.2245    0.0156
 4.00 34000. -5.0  2.0   0.0318    0.2834    0.0287
 4.50 34000. -5.0  2.0   0.0457    0.2411    0.0199
 5.00 34000. -5.0  2.0   0.0536    0.2173    0.0149
 4.00 35000. -5.0  2.0   0.0219    0.2855    0.0307
 4.50 35000. -5.0  2.0   0.0385    0.2393    0.0202
 5.00 35000. -5.0  2.0   0.0492    0.2118    0.0143
 4.50 37500. -5.0  2.0   0.0197    0.2327    0.0226
 5.00 37500. -5.0  2.0   0.0350    0.1987    0.0140
 4.50 40000. -5.0  2.0   0.0094    0.2265    0.0250
 5.00 40000. -5.0  2.0   0.0234    0.1853    0.0147
 5.00 42500. -5.0  2.0   0.0171    0.1791    0.0158
 5.00 45000. -5.0  2.0   0.0140    0.1783    0.0167
 5.00 47500. -5.0  2.0   0.0127    0.1792    0.0174
 5.00 50000. -5.0  2.0   0.0119    0.1809    0.0180
 0.00  3500. -4.5  2.0   0.5774    0.0644    0.0004
 0.50  3500. -4.5  2.0   0.5364    0.1021    0.0006
 1.00  3500. -4.5  2.0   0.4524    0.1770    0.0012
 1.50  3500. -4.5  2.0   0.3796    0.2420    0.0022
 2.00  3500. -4.5  2.0   0.3384    0.2760    0.0035
 2.50  3500. -4.5  2.0   0.3289    0.2862    0.0039
 3.00  3500. -4.5  2.0   0.3352    0.2830    0.0037
 0.00  3750. -4.5  2.0   0.5643    0.0746    0.0009
 0.50  3750. -4.5  2.0   0.5380    0.0996    0.0009
 1.00  3750. -4.5  2.0   0.4968    0.1346    0.0015
 1.50  3750. -4.5  2.0   0.3992    0.2159    0.0036
 2.00  3750. -4.5  2.0   0.2750    0.3167    0.0084
 2.50  3750. -4.5  2.0   0.2010    0.3741    0.0143
 3.00  3750. -4.5  2.0   0.1749    0.3976    0.0172
 3.50  3750. -4.5  2.0   0.1872    0.4140    0.0122
 0.00  4000. -4.5  2.0   0.5716    0.0640    0.0016
 0.50  4000. -4.5  2.0   0.5393    0.0939    0.0018
 1.00  4000. -4.5  2.0   0.4965    0.1337    0.0022
 1.50  4000. -4.5  2.0   0.4449    0.1808    0.0030
 2.00  4000. -4.5  2.0   0.3664    0.2371    0.0062
 2.50  4000. -4.5  2.0   0.2283    0.3404    0.0153
 3.00  4000. -4.5  2.0   0.1236    0.4140    0.0301
 3.50  4000. -4.5  2.0   0.0724    0.4501    0.0423
 4.00  4000. -4.5  2.0   0.0471    0.4944    0.0467
 0.00  4250. -4.5  2.0   0.5827    0.0515    0.0021
 0.50  4250. -4.5  2.0   0.5495    0.0823    0.0024
 1.00  4250. -4.5  2.0   0.5010    0.1282    0.0030
 1.50  4250. -4.5  2.0   0.4484    0.1777    0.0039
 2.00  4250. -4.5  2.0   0.3937    0.2278    0.0056
 2.50  4250. -4.5  2.0   0.3373    0.2653    0.0081
 3.00  4250. -4.5  2.0   0.2263    0.3407    0.0193
 3.50  4250. -4.5  2.0   0.1214    0.4045    0.0363
 4.00  4250. -4.5  2.0   0.0590    0.4330    0.0554
 4.50  4250. -4.5  2.0   0.0310    0.4409    0.0692
 0.00  4500. -4.5  2.0   0.5796    0.0542    0.0019
 0.50  4500. -4.5  2.0   0.5473    0.0847    0.0023
 1.00  4500. -4.5  2.0   0.5013    0.1291    0.0029
 1.50  4500. -4.5  2.0   0.4458    0.1823    0.0043
 2.00  4500. -4.5  2.0   0.3912    0.2346    0.0062
 2.50  4500. -4.5  2.0   0.3409    0.2795    0.0095
 3.00  4500. -4.5  2.0   0.2842    0.3233    0.0155
 3.50  4500. -4.5  2.0   0.2234    0.3519    0.0225
 4.00  4500. -4.5  2.0   0.1352    0.3996    0.0373
 4.50  4500. -4.5  2.0   0.0729    0.4227    0.0543
 5.00  4500. -4.5  2.0   0.0326    0.4236    0.0766
 0.00  4750. -4.5  2.0   0.5633    0.0697    0.0017
 0.50  4750. -4.5  2.0   0.5324    0.0995    0.0021
 1.00  4750. -4.5  2.0   0.4928    0.1382    0.0028
 1.50  4750. -4.5  2.0   0.4460    0.1844    0.0042
 2.00  4750. -4.5  2.0   0.3934    0.2353    0.0066
 2.50  4750. -4.5  2.0   0.3476    0.2786    0.0093
 3.00  4750. -4.5  2.0   0.3071    0.3140    0.0130
 3.50  4750. -4.5  2.0   0.2623    0.3467    0.0192
 4.00  4750. -4.5  2.0   0.1896    0.3924    0.0336
 4.50  4750. -4.5  2.0   0.1455    0.4007    0.0369
 5.00  4750. -4.5  2.0   0.0909    0.4159    0.0493
 0.00  5000. -4.5  2.0   0.5370    0.0939    0.0018
 0.50  5000. -4.5  2.0   0.5126    0.1182    0.0021
 1.00  5000. -4.5  2.0   0.4782    0.1520    0.0031
 1.50  5000. -4.5  2.0   0.4389    0.1910    0.0045
 2.00  5000. -4.5  2.0   0.3956    0.2336    0.0065
 2.50  5000. -4.5  2.0   0.3548    0.2735    0.0088
 3.00  5000. -4.5  2.0   0.3175    0.3078    0.0116
 3.50  5000. -4.5  2.0   0.2848    0.3344    0.0154
 4.00  5000. -4.5  2.0   0.2434    0.3632    0.0221
 4.50  5000. -4.5  2.0   0.1911    0.3912    0.0329
 5.00  5000. -4.5  2.0   0.1194    0.4273    0.0530
 0.00  5250. -4.5  2.0   0.5066    0.1210    0.0022
 0.50  5250. -4.5  2.0   0.4887    0.1392    0.0026
 1.00  5250. -4.5  2.0   0.4625    0.1657    0.0034
 1.50  5250. -4.5  2.0   0.4284    0.1989    0.0050
 2.00  5250. -4.5  2.0   0.3938    0.2340    0.0064
 2.50  5250. -4.5  2.0   0.3592    0.2676    0.0081
 3.00  5250. -4.5  2.0   0.3287    0.2973    0.0095
 3.50  5250. -4.5  2.0   0.3003    0.3216    0.0119
 4.00  5250. -4.5  2.0   0.2690    0.3448    0.0161
 4.50  5250. -4.5  2.0   0.2293    0.3714    0.0227
 5.00  5250. -4.5  2.0   0.1784    0.4006    0.0333
 0.00  5500. -4.5  2.0   0.4678    0.1549    0.0030
 0.50  5500. -4.5  2.0   0.4576    0.1658    0.0036
 1.00  5500. -4.5  2.0   0.4402    0.1838    0.0044
 1.50  5500. -4.5  2.0   0.4153    0.2087    0.0056
 2.00  5500. -4.5  2.0   0.3883    0.2358    0.0066
 2.50  5500. -4.5  2.0   0.3596    0.2643    0.0077
 3.00  5500. -4.5  2.0   0.3326    0.2896    0.0088
 3.50  5500. -4.5  2.0   0.3110    0.3102    0.0095
 4.00  5500. -4.5  2.0   0.2858    0.3296    0.0121
 4.50  5500. -4.5  2.0   0.2549    0.3516    0.0162
 5.00  5500. -4.5  2.0   0.2173    0.3752    0.0228
 0.00  5750. -4.5  2.0   0.6001    0.0427    0.0002
 0.50  5750. -4.5  2.0   0.4282    0.1941    0.0034
 1.00  5750. -4.5  2.0   0.4126    0.2059    0.0056
 1.50  5750. -4.5  2.0   0.3987    0.2205    0.0063
 2.00  5750. -4.5  2.0   0.3788    0.2405    0.0070
 2.50  5750. -4.5  2.0   0.3554    0.2636    0.0077
 3.00  5750. -4.5  2.0   0.3359    0.2826    0.0079
 3.50  5750. -4.5  2.0   0.3146    0.3022    0.0084
 4.00  5750. -4.5  2.0   0.3012    0.3141    0.0084
 4.50  5750. -4.5  2.0   0.2717    0.3358    0.0121
 5.00  5750. -4.5  2.0   0.2412    0.3571    0.0159
 0.00  6000. -4.5  2.0   0.5745    0.0680    0.0002
 0.50  6000. -4.5  2.0   0.5718    0.0713    0.0001
 1.00  6000. -4.5  2.0   0.3926    0.2272    0.0042
 1.50  6000. -4.5  2.0   0.3765    0.2367    0.0070
 2.00  6000. -4.5  2.0   0.3646    0.2486    0.0075
 2.50  6000. -4.5  2.0   0.3474    0.2650    0.0079
 3.00  6000. -4.5  2.0   0.3323    0.2799    0.0077
 3.50  6000. -4.5  2.0   0.3136    0.2973    0.0079
 4.00  6000. -4.5  2.0   0.2972    0.3116    0.0084
 4.50  6000. -4.5  2.0   0.2839    0.3217    0.0091
 5.00  6000. -4.5  2.0   0.2465    0.3476    0.0140
 0.50  6250. -4.5  2.0   0.5448    0.0972    0.0001
 1.00  6250. -4.5  2.0   0.5412    0.0996    0.0001
 1.50  6250. -4.5  2.0   0.3795    0.2310    0.0058
 2.00  6250. -4.5  2.0   0.3478    0.2594    0.0072
 2.50  6250. -4.5  2.0   0.3397    0.2669    0.0073
 3.00  6250. -4.5  2.0   0.3282    0.2776    0.0071
 3.50  6250. -4.5  2.0   0.3154    0.2896    0.0069
 4.00  6250. -4.5  2.0   0.3019    0.3016    0.0070
 4.50  6250. -4.5  2.0   0.2842    0.3155    0.0082
 5.00  6250. -4.5  2.0   0.2612    0.3328    0.0104
 0.50  6500. -4.5  2.0   0.5248    0.1152    0.0002
 1.00  6500. -4.5  2.0   0.5135    0.1253    0.0001
 1.50  6500. -4.5  2.0   0.5103    0.1253    0.0001
 2.00  6500. -4.5  2.0   0.3462    0.2557    0.0067
 2.50  6500. -4.5  2.0   0.3201    0.2780    0.0077
 3.00  6500. -4.5  2.0   0.3164    0.2816    0.0072
 3.50  6500. -4.5  2.0   0.3095    0.2881    0.0067
 4.00  6500. -4.5  2.0   0.2998    0.2970    0.0065
 4.50  6500. -4.5  2.0   0.2884    0.3065    0.0067
 5.00  6500. -4.5  2.0   0.2716    0.3192    0.0079
 0.50  6750. -4.5  2.0   0.4928    0.1454    0.0003
 1.00  6750. -4.5  2.0   0.4911    0.1443    0.0003
 1.50  6750. -4.5  2.0   0.4809    0.1513    0.0002
 2.00  6750. -4.5  2.0   0.4797    0.1479    0.0001
 2.50  6750. -4.5  2.0   0.3187    0.2733    0.0074
 3.00  6750. -4.5  2.0   0.2997    0.2903    0.0075
 3.50  6750. -4.5  2.0   0.2981    0.2919    0.0069
 4.00  6750. -4.5  2.0   0.2926    0.2969    0.0065
 4.50  6750. -4.5  2.0   0.2855    0.3029    0.0064
 5.00  6750. -4.5  2.0   0.2736    0.3123    0.0068
 0.50  7000. -4.5  2.0   0.4511    0.1832    0.0006
 1.00  7000. -4.5  2.0   0.4568    0.1746    0.0006
 1.50  7000. -4.5  2.0   0.4577    0.1696    0.0005
 2.00  7000. -4.5  2.0   0.4495    0.1739    0.0002
 2.50  7000. -4.5  2.0   0.4502    0.1682    0.0001
 3.00  7000. -4.5  2.0   0.2940    0.2894    0.0077
 3.50  7000. -4.5  2.0   0.2830    0.2993    0.0072
 4.00  7000. -4.5  2.0   0.2813    0.3007    0.0067
 4.50  7000. -4.5  2.0   0.2783    0.3033    0.0064
 5.00  7000. -4.5  2.0   0.2715    0.3088    0.0064
 1.00  7250. -4.5  2.0   0.4141    0.2108    0.0013
 1.50  7250. -4.5  2.0   0.4223    0.1987    0.0011
 2.00  7250. -4.5  2.0   0.4252    0.1914    0.0008
 2.50  7250. -4.5  2.0   0.4197    0.1939    0.0003
 3.00  7250. -4.5  2.0   0.4218    0.1873    0.0002
 3.50  7250. -4.5  2.0   0.2711    0.3032    0.0082
 4.00  7250. -4.5  2.0   0.2665    0.3078    0.0073
 4.50  7250. -4.5  2.0   0.2669    0.3074    0.0068
 5.00  7250. -4.5  2.0   0.2620    0.3110    0.0067
 1.00  7500. -4.5  2.0   0.3742    0.2404    0.0025
 1.50  7500. -4.5  2.0   0.3794    0.2327    0.0023
 2.00  7500. -4.5  2.0   0.3904    0.2178    0.0018
 2.50  7500. -4.5  2.0   0.3945    0.2106    0.0011
 3.00  7500. -4.5  2.0   0.3911    0.2122    0.0005
 3.50  7500. -4.5  2.0   0.3940    0.2057    0.0003
 4.00  7500. -4.5  2.0   0.2577    0.3123    0.0070
 4.50  7500. -4.5  2.0   0.2525    0.3144    0.0074
 5.00  7500. -4.5  2.0   0.2502    0.3157    0.0072
 1.50  7750. -4.5  2.0   0.3407    0.2594    0.0039
 2.00  7750. -4.5  2.0   0.3487    0.2489    0.0033
 2.50  7750. -4.5  2.0   0.3617    0.2329    0.0025
 3.00  7750. -4.5  2.0   0.3662    0.2273    0.0015
 3.50  7750. -4.5  2.0   0.3644    0.2287    0.0008
 4.00  7750. -4.5  2.0   0.3672    0.2228    0.0005
 4.50  7750. -4.5  2.0   0.2377    0.3224    0.0080
 5.00  7750. -4.5  2.0   0.2366    0.3222    0.0078
 1.50  8000. -4.5  2.0   0.3112    0.2756    0.0057
 2.00  8000. -4.5  2.0   0.3132    0.2714    0.0053
 2.50  8000. -4.5  2.0   0.3235    0.2594    0.0043
 3.00  8000. -4.5  2.0   0.3378    0.2435    0.0032
 3.50  8000. -4.5  2.0   0.3399    0.2423    0.0020
 4.00  8000. -4.5  2.0   0.3377    0.2452    0.0011
 4.50  8000. -4.5  2.0   0.3410    0.2391    0.0007
 5.00  8000. -4.5  2.0   0.2200    0.3309    0.0089
 2.00  8250. -4.5  2.0   0.2862    0.2846    0.0072
 2.50  8250. -4.5  2.0   0.2921    0.2774    0.0064
 3.00  8250. -4.5  2.0   0.3039    0.2650    0.0051
 3.50  8250. -4.5  2.0   0.3166    0.2520    0.0038
 4.00  8250. -4.5  2.0   0.3143    0.2576    0.0023
 4.50  8250. -4.5  2.0   0.3142    0.2582    0.0014
 5.00  8250. -4.5  2.0   0.2091    0.3362    0.0091
 1.50  8500. -4.5  2.0   0.2780    0.2847    0.0084
 2.00  8500. -4.5  2.0   0.2670    0.2906    0.0087
 2.50  8500. -4.5  2.0   0.2677    0.2877    0.0082
 3.00  8500. -4.5  2.0   0.2754    0.2800    0.0071
 3.50  8500. -4.5  2.0   0.2878    0.2684    0.0057
 4.00  8500. -4.5  2.0   0.2964    0.2609    0.0043
 4.50  8500. -4.5  2.0   0.2919    0.2700    0.0027
 5.00  8500. -4.5  2.0   0.2898    0.2719    0.0018
 2.00  8750. -4.5  2.0   0.2544    0.2919    0.0097
 2.50  8750. -4.5  2.0   0.2501    0.2923    0.0095
 3.00  8750. -4.5  2.0   0.2536    0.2883    0.0087
 3.50  8750. -4.5  2.0   0.2623    0.2809    0.0075
 4.00  8750. -4.5  2.0   0.2732    0.2713    0.0062
 4.50  8750. -4.5  2.0   0.2749    0.2723    0.0047
 5.00  8750. -4.5  2.0   0.2691    0.2825    0.0031
 1.50  9000. -4.5  2.0   0.2689    0.2799    0.0092
 2.00  9000. -4.5  2.0   0.2458    0.2915    0.0103
 2.50  9000. -4.5  2.0   0.2379    0.2934    0.0105
 3.00  9000. -4.5  2.0   0.2376    0.2917    0.0099
 3.50  9000. -4.5  2.0   0.2427    0.2876    0.0090
 4.00  9000. -4.5  2.0   0.2516    0.2807    0.0079
 4.50  9000. -4.5  2.0   0.2627    0.2707    0.0066
 5.00  9000. -4.5  2.0   0.2748    0.2584    0.0056
 2.00  9250. -4.5  2.0   0.2399    0.2904    0.0107
 2.50  9250. -4.5  2.0   0.2280    0.2940    0.0110
 3.00  9250. -4.5  2.0   0.2259    0.2928    0.0108
 3.50  9250. -4.5  2.0   0.2279    0.2908    0.0101
 4.00  9250. -4.5  2.0   0.2338    0.2866    0.0094
 4.50  9250. -4.5  2.0   0.2418    0.2804    0.0083
 5.00  9250. -4.5  2.0   0.2519    0.2707    0.0071
 2.00  9500. -4.5  2.0   0.2350    0.2899    0.0109
 2.50  9500. -4.5  2.0   0.2212    0.2933    0.0114
 3.00  9500. -4.5  2.0   0.2166    0.2930    0.0113
 3.50  9500. -4.5  2.0   0.2169    0.2917    0.0110
 4.00  9500. -4.5  2.0   0.2201    0.2894    0.0104
 4.50  9500. -4.5  2.0   0.2251    0.2862    0.0096
 5.00  9500. -4.5  2.0   0.2330    0.2793    0.0086
 2.00  9750. -4.5  2.0   0.2308    0.2897    0.0111
 2.50  9750. -4.5  2.0   0.2157    0.2924    0.0117
 3.00  9750. -4.5  2.0   0.2091    0.2928    0.0117
 3.50  9750. -4.5  2.0   0.2076    0.2922    0.0115
 4.00  9750. -4.5  2.0   0.2092    0.2909    0.0112
 4.50  9750. -4.5  2.0   0.2122    0.2891    0.0107
 5.00  9750. -4.5  2.0   0.2172    0.2852    0.0099
 2.00 10000. -4.5  2.0   0.2268    0.2899    0.0114
 2.50 10000. -4.5  2.0   0.2107    0.2920    0.0120
 3.00 10000. -4.5  2.0   0.2031    0.2920    0.0120
 3.50 10000. -4.5  2.0   0.2005    0.2916    0.0119
 4.00 10000. -4.5  2.0   0.2006    0.2913    0.0117
 4.50 10000. -4.5  2.0   0.2022    0.2903    0.0114
 5.00 10000. -4.5  2.0   0.2050    0.2883    0.0109
 2.00 10500. -4.5  2.0   0.2200    0.2907    0.0119
 2.50 10500. -4.5  2.0   0.2019    0.2915    0.0124
 3.00 10500. -4.5  2.0   0.1934    0.2903    0.0124
 3.50 10500. -4.5  2.0   0.1892    0.2898    0.0124
 4.00 10500. -4.5  2.0   0.1875    0.2902    0.0124
 4.50 10500. -4.5  2.0   0.1870    0.2906    0.0124
 5.00 10500. -4.5  2.0   0.1872    0.2904    0.0123
 2.50 11000. -4.5  2.0   0.1946    0.2913    0.0130
 3.00 11000. -4.5  2.0   0.1851    0.2890    0.0128
 3.50 11000. -4.5  2.0   0.1804    0.2876    0.0127
 4.00 11000. -4.5  2.0   0.1776    0.2881    0.0127
 4.50 11000. -4.5  2.0   0.1763    0.2889    0.0129
 5.00 11000. -4.5  2.0   0.1749    0.2898    0.0130
 2.50 11500. -4.5  2.0   0.1880    0.2915    0.0135
 3.00 11500. -4.5  2.0   0.1780    0.2877    0.0131
 3.50 11500. -4.5  2.0   0.1729    0.2855    0.0129
 4.00 11500. -4.5  2.0   0.1699    0.2853    0.0129
 4.50 11500. -4.5  2.0   0.1679    0.2863    0.0131
 5.00 11500. -4.5  2.0   0.1662    0.2875    0.0134
 2.50 12000. -4.5  2.0   0.1822    0.2919    0.0141
 3.00 12000. -4.5  2.0   0.1718    0.2867    0.0135
 3.50 12000. -4.5  2.0   0.1666    0.2833    0.0130
 4.00 12000. -4.5  2.0   0.1636    0.2822    0.0129
 4.50 12000. -4.5  2.0   0.1611    0.2831    0.0131
 5.00 12000. -4.5  2.0   0.1590    0.2845    0.0135
 2.50 12500. -4.5  2.0   0.1771    0.2925    0.0146
 3.00 12500. -4.5  2.0   0.1662    0.2858    0.0139
 3.50 12500. -4.5  2.0   0.1609    0.2811    0.0132
 4.00 12500. -4.5  2.0   0.1578    0.2793    0.0130
 4.50 12500. -4.5  2.0   0.1552    0.2798    0.0130
 5.00 12500. -4.5  2.0   0.1531    0.2811    0.0134
 2.50 13000. -4.5  2.0   0.1726    0.2934    0.0152
 3.00 13000. -4.5  2.0   0.1613    0.2849    0.0142
 3.50 13000. -4.5  2.0   0.1559    0.2792    0.0134
 4.00 13000. -4.5  2.0   0.1527    0.2766    0.0130
 4.50 13000. -4.5  2.0   0.1503    0.2764    0.0130
 5.00 13000. -4.5  2.0   0.1480    0.2775    0.0133
 2.00 14000. -4.5  2.0   0.1975    0.3025    0.0152
 2.50 14000. -4.5  2.0   0.1652    0.2955    0.0163
 3.00 14000. -4.5  2.0   0.1529    0.2839    0.0151
 3.50 14000. -4.5  2.0   0.1474    0.2754    0.0138
 4.00 14000. -4.5  2.0   0.1442    0.2712    0.0131
 4.50 14000. -4.5  2.0   0.1418    0.2698    0.0129
 5.00 14000. -4.5  2.0   0.1392    0.2705    0.0130
 2.50 15000. -4.5  2.0   0.1590    0.2988    0.0174
 3.00 15000. -4.5  2.0   0.1456    0.2839    0.0159
 3.50 15000. -4.5  2.0   0.1400    0.2728    0.0142
 4.00 15000. -4.5  2.0   0.1371    0.2664    0.0132
 4.50 15000. -4.5  2.0   0.1349    0.2637    0.0128
 5.00 15000. -4.5  2.0   0.1323    0.2637    0.0128
 2.50 16000. -4.5  2.0   0.1539    0.3027    0.0186
 3.00 16000. -4.5  2.0   0.1387    0.2853    0.0169
 3.50 16000. -4.5  2.0   0.1333    0.2712    0.0148
 4.00 16000. -4.5  2.0   0.1310    0.2624    0.0134
 4.50 16000. -4.5  2.0   0.1289    0.2584    0.0127
 5.00 16000. -4.5  2.0   0.1264    0.2577    0.0126
 2.50 17000. -4.5  2.0   0.1503    0.3068    0.0197
 3.00 17000. -4.5  2.0   0.1322    0.2875    0.0181
 3.50 17000. -4.5  2.0   0.1269    0.2705    0.0155
 4.00 17000. -4.5  2.0   0.1249    0.2598    0.0136
 4.50 17000. -4.5  2.0   0.1235    0.2540    0.0127
 5.00 17000. -4.5  2.0   0.1215    0.2521    0.0125
 2.50 18000. -4.5  2.0   0.1490    0.3107    0.0207
 3.00 18000. -4.5  2.0   0.1264    0.2901    0.0195
 3.50 18000. -4.5  2.0   0.1205    0.2709    0.0164
 4.00 18000. -4.5  2.0   0.1193    0.2577    0.0141
 4.50 18000. -4.5  2.0   0.1182    0.2506    0.0129
 5.00 18000. -4.5  2.0   0.1166    0.2478    0.0124
 2.50 19000. -4.5  2.0   0.1509    0.3140    0.0213
 3.00 19000. -4.5  2.0   0.1215    0.2930    0.0209
 3.50 19000. -4.5  2.0   0.1147    0.2715    0.0175
 4.00 19000. -4.5  2.0   0.1134    0.2567    0.0148
 4.50 19000. -4.5  2.0   0.1129    0.2482    0.0132
 5.00 19000. -4.5  2.0   0.1118    0.2442    0.0125
 3.00 20000. -4.5  2.0   0.1178    0.2965    0.0223
 3.50 20000. -4.5  2.0   0.1093    0.2724    0.0187
 4.00 20000. -4.5  2.0   0.1077    0.2559    0.0156
 4.50 20000. -4.5  2.0   0.1073    0.2465    0.0137
 5.00 20000. -4.5  2.0   0.1071    0.2414    0.0129
 3.00 21000. -4.5  2.0   0.1153    0.3008    0.0237
 3.50 21000. -4.5  2.0   0.1046    0.2742    0.0201
 4.00 21000. -4.5  2.0   0.1024    0.2556    0.0166
 4.50 21000. -4.5  2.0   0.1023    0.2447    0.0144
 5.00 21000. -4.5  2.0   0.1019    0.2395    0.0133
 3.00 22000. -4.5  2.0   0.1137    0.3059    0.0249
 3.50 22000. -4.5  2.0   0.1003    0.2771    0.0216
 4.00 22000. -4.5  2.0   0.0977    0.2560    0.0177
 4.50 22000. -4.5  2.0   0.0973    0.2438    0.0152
 5.00 22000. -4.5  2.0   0.0973    0.2374    0.0139
 3.00 23000. -4.5  2.0   0.1134    0.3113    0.0259
 3.50 23000. -4.5  2.0   0.0965    0.2813    0.0231
 4.00 23000. -4.5  2.0   0.0931    0.2579    0.0190
 4.50 23000. -4.5  2.0   0.0927    0.2436    0.0161
 5.00 23000. -4.5  2.0   0.0926    0.2364    0.0146
 3.00 24000. -4.5  2.0   0.1143    0.3173    0.0264
 3.50 24000. -4.5  2.0   0.0929    0.2864    0.0246
 4.00 24000. -4.5  2.0   0.0885    0.2611    0.0204
 4.50 24000. -4.5  2.0   0.0882    0.2449    0.0172
 5.00 24000. -4.5  2.0   0.0881    0.2363    0.0154
 3.00 25000. -4.5  2.0   0.1153    0.3244    0.0265
 3.50 25000. -4.5  2.0   0.0897    0.2921    0.0259
 4.00 25000. -4.5  2.0   0.0843    0.2650    0.0217
 4.50 25000. -4.5  2.0   0.0838    0.2471    0.0184
 5.00 25000. -4.5  2.0   0.0837    0.2372    0.0163
 3.00 26000. -4.5  2.0   0.1119    0.3338    0.0267
 3.50 26000. -4.5  2.0   0.0868    0.2980    0.0270
 4.00 26000. -4.5  2.0   0.0802    0.2694    0.0230
 4.50 26000. -4.5  2.0   0.0795    0.2499    0.0195
 5.00 26000. -4.5  2.0   0.0793    0.2390    0.0172
 3.50 27000. -4.5  2.0   0.0831    0.3043    0.0279
 4.00 27000. -4.5  2.0   0.0761    0.2738    0.0240
 4.50 27000. -4.5  2.0   0.0751    0.2532    0.0203
 5.00 27000. -4.5  2.0   0.0753    0.2408    0.0179
 3.50 28000. -4.5  2.0   0.0777    0.3098    0.0287
 4.00 28000. -4.5  2.0   0.0721    0.2775    0.0248
 4.50 28000. -4.5  2.0   0.0711    0.2557    0.0210
 5.00 28000. -4.5  2.0   0.0714    0.2424    0.0184
 3.50 29000. -4.5  2.0   0.0697    0.3143    0.0296
 4.00 29000. -4.5  2.0   0.0681    0.2793    0.0252
 4.50 29000. -4.5  2.0   0.0674    0.2568    0.0212
 5.00 29000. -4.5  2.0   0.0678    0.2427    0.0185
 3.50 30000. -4.5  2.0   0.0615    0.3179    0.0308
 4.00 30000. -4.5  2.0   0.0625    0.2799    0.0254
 4.50 30000. -4.5  2.0   0.0636    0.2560    0.0211
 5.00 30000. -4.5  2.0   0.0649    0.2408    0.0183
 3.50 31000. -4.5  2.0   0.0519    0.3242    0.0323
 4.00 31000. -4.5  2.0   0.0564    0.2792    0.0257
 4.50 31000. -4.5  2.0   0.0600    0.2529    0.0207
 5.00 31000. -4.5  2.0   0.0620    0.2370    0.0176
 4.00 32000. -4.5  2.0   0.0496    0.2788    0.0262
 4.50 32000. -4.5  2.0   0.0559    0.2485    0.0202
 5.00 32000. -4.5  2.0   0.0592    0.2312    0.0166
 4.00 33000. -4.5  2.0   0.0415    0.2803    0.0272
 4.50 33000. -4.5  2.0   0.0515    0.2440    0.0199
 5.00 33000. -4.5  2.0   0.0566    0.2242    0.0156
 4.00 34000. -4.5  2.0   0.0320    0.2832    0.0287
 4.50 34000. -4.5  2.0   0.0458    0.2410    0.0199
 5.00 34000. -4.5  2.0   0.0535    0.2174    0.0148
 4.00 35000. -4.5  2.0   0.0221    0.2855    0.0307
 4.50 35000. -4.5  2.0   0.0388    0.2391    0.0203
 5.00 35000. -4.5  2.0   0.0492    0.2118    0.0143
 4.50 37500. -4.5  2.0   0.0195    0.2330    0.0226
 5.00 37500. -4.5  2.0   0.0350    0.1987    0.0140
 4.50 40000. -4.5  2.0   0.0093    0.2267    0.0250
 5.00 40000. -4.5  2.0   0.0234    0.1854    0.0147
 5.00 42500. -4.5  2.0   0.0172    0.1791    0.0158
 5.00 45000. -4.5  2.0   0.0141    0.1783    0.0167
 5.00 47500. -4.5  2.0   0.0127    0.1793    0.0174
 5.00 50000. -4.5  2.0   0.0116    0.1813    0.0180
 0.00  3500. -4.0  2.0   0.6777    0.1671    0.0030
 0.50  3500. -4.0  2.0   0.5785    0.2416    0.0101
 1.00  3500. -4.0  2.0   0.4472    0.3326    0.0210
 1.50  3500. -4.0  2.0   0.3494    0.3893    0.0280
 2.00  3500. -4.0  2.0   0.2899    0.4105    0.0312
 2.50  3500. -4.0  2.0   0.2621    0.4049    0.0305
 3.00  3500. -4.0  2.0   0.2560    0.3839    0.0269
 0.00  3750. -4.0  2.0   0.5399    0.2214    0.0226
 0.50  3750. -4.0  2.0   0.5102    0.2240    0.0233
 1.00  3750. -4.0  2.0   0.4733    0.2219    0.0191
 1.50  3750. -4.0  2.0   0.3980    0.2522    0.0121
 2.00  3750. -4.0  2.0   0.2952    0.3166    0.0104
 2.50  3750. -4.0  2.0   0.2306    0.3597    0.0140
 3.00  3750. -4.0  2.0   0.2101    0.3694    0.0158
 3.50  3750. -4.0  2.0   0.2045    0.3627    0.0167
 0.00  4000. -4.0  2.0   0.5740    0.0688    0.0021
 0.50  4000. -4.0  2.0   0.5458    0.0945    0.0023
 1.00  4000. -4.0  2.0   0.5090    0.1281    0.0025
 1.50  4000. -4.0  2.0   0.4654    0.1672    0.0029
 2.00  4000. -4.0  2.0   0.3855    0.2254    0.0060
 2.50  4000. -4.0  2.0   0.2644    0.3198    0.0128
 3.00  4000. -4.0  2.0   0.1776    0.3819    0.0220
 3.50  4000. -4.0  2.0   0.1417    0.4039    0.0277
 4.00  4000. -4.0  2.0   0.1373    0.4048    0.0279
 4.50  4000. -4.0  2.0   0.8425   -0.0340    0.0005
 0.00  4250. -4.0  2.0   0.5838    0.0507    0.0021
 0.50  4250. -4.0  2.0   0.5512    0.0809    0.0024
 1.00  4250. -4.0  2.0   0.5035    0.1265    0.0028
 1.50  4250. -4.0  2.0   0.4535    0.1741    0.0036
 2.00  4250. -4.0  2.0   0.4010    0.2233    0.0050
 2.50  4250. -4.0  2.0   0.3424    0.2664    0.0077
 3.00  4250. -4.0  2.0   0.2376    0.3377    0.0178
 3.50  4250. -4.0  2.0   0.1334    0.4039    0.0337
 4.00  4250. -4.0  2.0   0.0748    0.4348    0.0481
 0.00  4500. -4.0  2.0   0.5803    0.0536    0.0019
 0.50  4500. -4.0  2.0   0.5487    0.0834    0.0023
 1.00  4500. -4.0  2.0   0.5040    0.1266    0.0028
 1.50  4500. -4.0  2.0   0.4503    0.1784    0.0041
 2.00  4500. -4.0  2.0   0.4013    0.2250    0.0059
 2.50  4500. -4.0  2.0   0.3481    0.2740    0.0087
 3.00  4500. -4.0  2.0   0.3074    0.3017    0.0108
 3.50  4500. -4.0  2.0   0.2293    0.3499    0.0213
 4.00  4500. -4.0  2.0   0.1427    0.3972    0.0353
 4.50  4500. -4.0  2.0   0.0740    0.4317    0.0542
 5.00  4500. -4.0  2.0   0.0355    0.4417    0.0718
 0.00  4750. -4.0  2.0   0.5635    0.0695    0.0017
 0.50  4750. -4.0  2.0   0.5325    0.0993    0.0021
 1.00  4750. -4.0  2.0   0.4954    0.1359    0.0027
 1.50  4750. -4.0  2.0   0.4470    0.1832    0.0042
 2.00  4750. -4.0  2.0   0.3956    0.2330    0.0065
 2.50  4750. -4.0  2.0   0.3511    0.2752    0.0090
 3.00  4750. -4.0  2.0   0.3137    0.3108    0.0109
 3.50  4750. -4.0  2.0   0.2717    0.3406    0.0164
 4.00  4750. -4.0  2.0   0.2201    0.3645    0.0238
 4.50  4750. -4.0  2.0   0.1538    0.3948    0.0336
 5.00  4750. -4.0  2.0   0.0958    0.4164    0.0472
 0.00  5000. -4.0  2.0   0.5369    0.0940    0.0018
 0.50  5000. -4.0  2.0   0.5143    0.1169    0.0020
 1.00  5000. -4.0  2.0   0.4783    0.1518    0.0031
 1.50  5000. -4.0  2.0   0.4394    0.1903    0.0045
 2.00  5000. -4.0  2.0   0.3960    0.2329    0.0066
 2.50  5000. -4.0  2.0   0.3562    0.2720    0.0085
 3.00  5000. -4.0  2.0   0.3194    0.3057    0.0114
 3.50  5000. -4.0  2.0   0.2884    0.3312    0.0147
 4.00  5000. -4.0  2.0   0.2473    0.3605    0.0207
 4.50  5000. -4.0  2.0   0.1941    0.3911    0.0308
 5.00  5000. -4.0  2.0   0.1565    0.3991    0.0329
 0.00  5250. -4.0  2.0   0.5068    0.1209    0.0022
 0.50  5250. -4.0  2.0   0.4888    0.1391    0.0027
 1.00  5250. -4.0  2.0   0.4626    0.1654    0.0035
 1.50  5250. -4.0  2.0   0.4291    0.1981    0.0051
 2.00  5250. -4.0  2.0   0.3935    0.2338    0.0065
 2.50  5250. -4.0  2.0   0.3602    0.2668    0.0081
 3.00  5250. -4.0  2.0   0.3296    0.2960    0.0096
 3.50  5250. -4.0  2.0   0.3002    0.3211    0.0121
 4.00  5250. -4.0  2.0   0.2780    0.3376    0.0144
 4.50  5250. -4.0  2.0   0.2389    0.3627    0.0206
 5.00  5250. -4.0  2.0   0.1802    0.4006    0.0319
 0.00  5500. -4.0  2.0   0.4674    0.1554    0.0030
 0.50  5500. -4.0  2.0   0.4579    0.1658    0.0036
 1.00  5500. -4.0  2.0   0.4396    0.1844    0.0045
 1.50  5500. -4.0  2.0   0.4156    0.2081    0.0056
 2.00  5500. -4.0  2.0   0.3887    0.2352    0.0066
 2.50  5500. -4.0  2.0   0.3603    0.2632    0.0077
 3.00  5500. -4.0  2.0   0.3346    0.2876    0.0086
 3.50  5500. -4.0  2.0   0.3120    0.3091    0.0095
 4.00  5500. -4.0  2.0   0.2869    0.3285    0.0120
 4.50  5500. -4.0  2.0   0.2565    0.3495    0.0164
 5.00  5500. -4.0  2.0   0.2192    0.3734    0.0224
 0.00  5750. -4.0  2.0   0.6000    0.0430    0.0002
 0.50  5750. -4.0  2.0   0.4280    0.1943    0.0034
 1.00  5750. -4.0  2.0   0.4132    0.2052    0.0056
 1.50  5750. -4.0  2.0   0.3993    0.2196    0.0063
 2.00  5750. -4.0  2.0   0.3794    0.2395    0.0071
 2.50  5750. -4.0  2.0   0.3575    0.2611    0.0075
 3.00  5750. -4.0  2.0   0.3373    0.2805    0.0079
 3.50  5750. -4.0  2.0   0.3153    0.3008    0.0084
 4.00  5750. -4.0  2.0   0.2969    0.3163    0.0093
 4.50  5750. -4.0  2.0   0.2729    0.3340    0.0120
 5.00  5750. -4.0  2.0   0.2425    0.3552    0.0158
 0.00  6000. -4.0  2.0   0.5750    0.0675    0.0002
 0.50  6000. -4.0  2.0   0.5718    0.0715    0.0001
 1.00  6000. -4.0  2.0   0.4165    0.2006    0.0046
 1.50  6000. -4.0  2.0   0.3770    0.2357    0.0070
 2.00  6000. -4.0  2.0   0.3650    0.2479    0.0075
 2.50  6000. -4.0  2.0   0.3505    0.2618    0.0075
 3.00  6000. -4.0  2.0   0.3341    0.2774    0.0075
 3.50  6000. -4.0  2.0   0.3181    0.2924    0.0074
 4.00  6000. -4.0  2.0   0.3051    0.3044    0.0073
 4.50  6000. -4.0  2.0   0.2853    0.3198    0.0089
 5.00  6000. -4.0  2.0   0.2592    0.3389    0.0117
 0.50  6250. -4.0  2.0   0.5448    0.0972    0.0001
 1.00  6250. -4.0  2.0   0.5415    0.0994    0.0001
 1.50  6250. -4.0  2.0   0.3809    0.2294    0.0055
 2.00  6250. -4.0  2.0   0.3488    0.2584    0.0071
 2.50  6250. -4.0  2.0   0.3415    0.2651    0.0070
 3.00  6250. -4.0  2.0   0.3274    0.2774    0.0073
 3.50  6250. -4.0  2.0   0.3176    0.2865    0.0068
 4.00  6250. -4.0  2.0   0.3038    0.2995    0.0068
 4.50  6250. -4.0  2.0   0.2921    0.3090    0.0070
 5.00  6250. -4.0  2.0   0.2682    0.3267    0.0093
 0.50  6500. -4.0  2.0   0.5251    0.1150    0.0002
 1.00  6500. -4.0  2.0   0.5132    0.1256    0.0001
 1.50  6500. -4.0  2.0   0.5100    0.1255    0.0001
 2.00  6500. -4.0  2.0   0.3472    0.2548    0.0065
 2.50  6500. -4.0  2.0   0.3209    0.2769    0.0076
 3.00  6500. -4.0  2.0   0.3173    0.2801    0.0072
 3.50  6500. -4.0  2.0   0.3104    0.2863    0.0067
 4.00  6500. -4.0  2.0   0.3005    0.2960    0.0064
 4.50  6500. -4.0  2.0   0.2912    0.3041    0.0064
 5.00  6500. -4.0  2.0   0.2748    0.3166    0.0075
 0.50  6750. -4.0  2.0   0.4930    0.1452    0.0003
 1.00  6750. -4.0  2.0   0.4912    0.1442    0.0003
 1.50  6750. -4.0  2.0   0.4807    0.1515    0.0002
 2.00  6750. -4.0  2.0   0.4798    0.1478    0.0001
 2.50  6750. -4.0  2.0   0.3189    0.2730    0.0074
 3.00  6750. -4.0  2.0   0.3005    0.2891    0.0075
 3.50  6750. -4.0  2.0   0.2984    0.2908    0.0070
 4.00  6750. -4.0  2.0   0.2930    0.2956    0.0065
 4.50  6750. -4.0  2.0   0.2874    0.3013    0.0061
 5.00  6750. -4.0  2.0   0.2759    0.3103    0.0065
 0.50  7000. -4.0  2.0   0.4514    0.1829    0.0007
 1.00  7000. -4.0  2.0   0.4541    0.1775    0.0006
 1.50  7000. -4.0  2.0   0.4580    0.1693    0.0005
 2.00  7000. -4.0  2.0   0.4501    0.1733    0.0002
 2.50  7000. -4.0  2.0   0.4505    0.1679    0.0002
 3.00  7000. -4.0  2.0   0.2943    0.2888    0.0078
 3.50  7000. -4.0  2.0   0.2833    0.2988    0.0073
 4.00  7000. -4.0  2.0   0.2817    0.3001    0.0068
 4.50  7000. -4.0  2.0   0.2802    0.3017    0.0062
 5.00  7000. -4.0  2.0   0.2720    0.3080    0.0063
 1.00  7250. -4.0  2.0   0.4142    0.2107    0.0014
 1.50  7250. -4.0  2.0   0.4224    0.1987    0.0012
 2.00  7250. -4.0  2.0   0.4253    0.1913    0.0008
 2.50  7250. -4.0  2.0   0.4200    0.1936    0.0003
 3.00  7250. -4.0  2.0   0.4222    0.1868    0.0002
 3.50  7250. -4.0  2.0   0.2715    0.3029    0.0081
 4.00  7250. -4.0  2.0   0.2672    0.3071    0.0073
 4.50  7250. -4.0  2.0   0.2688    0.3058    0.0066
 5.00  7250. -4.0  2.0   0.2649    0.3087    0.0064
 1.00  7500. -4.0  2.0   0.3742    0.2404    0.0025
 1.50  7500. -4.0  2.0   0.3793    0.2328    0.0023
 2.00  7500. -4.0  2.0   0.3902    0.2181    0.0018
 2.50  7500. -4.0  2.0   0.3944    0.2106    0.0012
 3.00  7500. -4.0  2.0   0.3915    0.2118    0.0005
 3.50  7500. -4.0  2.0   0.3944    0.2052    0.0003
 4.00  7500. -4.0  2.0   0.2590    0.3113    0.0069
 4.50  7500. -4.0  2.0   0.2538    0.3133    0.0073
 5.00  7500. -4.0  2.0   0.2528    0.3137    0.0069
 1.50  7750. -4.0  2.0   0.3406    0.2595    0.0039
 2.00  7750. -4.0  2.0   0.3486    0.2490    0.0034
 2.50  7750. -4.0  2.0   0.3617    0.2328    0.0025
 3.00  7750. -4.0  2.0   0.3663    0.2270    0.0016
 3.50  7750. -4.0  2.0   0.3641    0.2289    0.0008
 4.00  7750. -4.0  2.0   0.3672    0.2227    0.0005
 4.50  7750. -4.0  2.0   0.2391    0.3213    0.0079
 5.00  7750. -4.0  2.0   0.2384    0.3210    0.0075
 1.50  8000. -4.0  2.0   0.3109    0.2759    0.0057
 2.00  8000. -4.0  2.0   0.3131    0.2716    0.0053
 2.50  8000. -4.0  2.0   0.3236    0.2593    0.0043
 3.00  8000. -4.0  2.0   0.3373    0.2440    0.0032
 3.50  8000. -4.0  2.0   0.3401    0.2418    0.0020
 4.00  8000. -4.0  2.0   0.3379    0.2449    0.0011
 4.50  8000. -4.0  2.0   0.3408    0.2393    0.0007
 5.00  8000. -4.0  2.0   0.2215    0.3298    0.0087
 2.00  8250. -4.0  2.0   0.2861    0.2848    0.0072
 2.50  8250. -4.0  2.0   0.2918    0.2776    0.0064
 3.00  8250. -4.0  2.0   0.3038    0.2651    0.0051
 3.50  8250. -4.0  2.0   0.3162    0.2523    0.0038
 4.00  8250. -4.0  2.0   0.3140    0.2578    0.0024
 4.50  8250. -4.0  2.0   0.3141    0.2582    0.0014
 5.00  8250. -4.0  2.0   0.2097    0.3356    0.0090
 1.50  8500. -4.0  2.0   0.2782    0.2845    0.0084
 2.00  8500. -4.0  2.0   0.2672    0.2904    0.0087
 2.50  8500. -4.0  2.0   0.2675    0.2879    0.0082
 3.00  8500. -4.0  2.0   0.2751    0.2803    0.0071
 3.50  8500. -4.0  2.0   0.2873    0.2689    0.0057
 4.00  8500. -4.0  2.0   0.2965    0.2607    0.0043
 4.50  8500. -4.0  2.0   0.2918    0.2699    0.0027
 5.00  8500. -4.0  2.0   0.2897    0.2719    0.0019
 2.00  8750. -4.0  2.0   0.2545    0.2918    0.0097
 2.50  8750. -4.0  2.0   0.2498    0.2925    0.0096
 3.00  8750. -4.0  2.0   0.2537    0.2882    0.0088
 3.50  8750. -4.0  2.0   0.2624    0.2807    0.0076
 4.00  8750. -4.0  2.0   0.2732    0.2712    0.0063
 4.50  8750. -4.0  2.0   0.2750    0.2720    0.0047
 5.00  8750. -4.0  2.0   0.2689    0.2825    0.0031
 1.50  9000. -4.0  2.0   0.2689    0.2799    0.0092
 2.00  9000. -4.0  2.0   0.2459    0.2915    0.0103
 2.50  9000. -4.0  2.0   0.2374    0.2938    0.0105
 3.00  9000. -4.0  2.0   0.2379    0.2915    0.0100
 3.50  9000. -4.0  2.0   0.2428    0.2874    0.0091
 4.00  9000. -4.0  2.0   0.2515    0.2806    0.0080
 4.50  9000. -4.0  2.0   0.2623    0.2710    0.0067
 5.00  9000. -4.0  2.0   0.2745    0.2585    0.0056
 2.00  9250. -4.0  2.0   0.2400    0.2904    0.0107
 2.50  9250. -4.0  2.0   0.2282    0.2938    0.0111
 3.00  9250. -4.0  2.0   0.2255    0.2931    0.0108
 3.50  9250. -4.0  2.0   0.2280    0.2906    0.0102
 4.00  9250. -4.0  2.0   0.2338    0.2864    0.0094
 4.50  9250. -4.0  2.0   0.2414    0.2807    0.0083
 5.00  9250. -4.0  2.0   0.2516    0.2708    0.0071
 2.00  9500. -4.0  2.0   0.2350    0.2899    0.0110
 2.50  9500. -4.0  2.0   0.2212    0.2932    0.0115
 3.00  9500. -4.0  2.0   0.2164    0.2931    0.0114
 3.50  9500. -4.0  2.0   0.2166    0.2919    0.0109
 4.00  9500. -4.0  2.0   0.2201    0.2893    0.0104
 4.50  9500. -4.0  2.0   0.2249    0.2863    0.0096
 5.00  9500. -4.0  2.0   0.2326    0.2795    0.0086
 2.00  9750. -4.0  2.0   0.2309    0.2896    0.0112
 2.50  9750. -4.0  2.0   0.2155    0.2926    0.0117
 3.00  9750. -4.0  2.0   0.2092    0.2926    0.0117
 3.50  9750. -4.0  2.0   0.2077    0.2920    0.0115
 4.00  9750. -4.0  2.0   0.2091    0.2908    0.0111
 4.50  9750. -4.0  2.0   0.2122    0.2890    0.0107
 5.00  9750. -4.0  2.0   0.2172    0.2850    0.0099
 2.00 10000. -4.0  2.0   0.2269    0.2899    0.0114
 2.50 10000. -4.0  2.0   0.2106    0.2920    0.0120
 3.00 10000. -4.0  2.0   0.2028    0.2921    0.0120
 3.50 10000. -4.0  2.0   0.2003    0.2917    0.0119
 4.00 10000. -4.0  2.0   0.2005    0.2912    0.0117
 4.50 10000. -4.0  2.0   0.2022    0.2901    0.0114
 5.00 10000. -4.0  2.0   0.2048    0.2882    0.0109
 2.00 10500. -4.0  2.0   0.2197    0.2909    0.0119
 2.50 10500. -4.0  2.0   0.2018    0.2915    0.0125
 3.00 10500. -4.0  2.0   0.1932    0.2903    0.0124
 3.50 10500. -4.0  2.0   0.1890    0.2899    0.0124
 4.00 10500. -4.0  2.0   0.1875    0.2901    0.0124
 4.50 10500. -4.0  2.0   0.1874    0.2901    0.0124
 5.00 10500. -4.0  2.0   0.1874    0.2900    0.0123
 2.50 11000. -4.0  2.0   0.1942    0.2916    0.0129
 3.00 11000. -4.0  2.0   0.1851    0.2888    0.0128
 3.50 11000. -4.0  2.0   0.1802    0.2877    0.0126
 4.00 11000. -4.0  2.0   0.1778    0.2877    0.0127
 4.50 11000. -4.0  2.0   0.1762    0.2888    0.0128
 5.00 11000. -4.0  2.0   0.1751    0.2895    0.0130
 2.50 11500. -4.0  2.0   0.1876    0.2916    0.0135
 3.00 11500. -4.0  2.0   0.1779    0.2877    0.0131
 3.50 11500. -4.0  2.0   0.1730    0.2853    0.0128
 4.00 11500. -4.0  2.0   0.1701    0.2849    0.0128
 4.50 11500. -4.0  2.0   0.1680    0.2860    0.0130
 5.00 11500. -4.0  2.0   0.1662    0.2874    0.0133
 2.50 12000. -4.0  2.0   0.1819    0.2920    0.0140
 3.00 12000. -4.0  2.0   0.1716    0.2865    0.0135
 3.50 12000. -4.0  2.0   0.1664    0.2832    0.0130
 4.00 12000. -4.0  2.0   0.1637    0.2819    0.0129
 4.50 12000. -4.0  2.0   0.1611    0.2829    0.0130
 5.00 12000. -4.0  2.0   0.1591    0.2844    0.0134
 2.50 12500. -4.0  2.0   0.1770    0.2924    0.0146
 3.00 12500. -4.0  2.0   0.1662    0.2855    0.0138
 3.50 12500. -4.0  2.0   0.1610    0.2809    0.0132
 4.00 12500. -4.0  2.0   0.1578    0.2792    0.0129
 4.50 12500. -4.0  2.0   0.1554    0.2795    0.0130
 5.00 12500. -4.0  2.0   0.1532    0.2809    0.0134
 2.50 13000. -4.0  2.0   0.1726    0.2932    0.0152
 3.00 13000. -4.0  2.0   0.1612    0.2848    0.0142
 3.50 13000. -4.0  2.0   0.1559    0.2789    0.0134
 4.00 13000. -4.0  2.0   0.1527    0.2763    0.0130
 4.50 13000. -4.0  2.0   0.1503    0.2762    0.0130
 5.00 13000. -4.0  2.0   0.1479    0.2774    0.0132
 2.00 14000. -4.0  2.0   0.1974    0.3024    0.0152
 2.50 14000. -4.0  2.0   0.1651    0.2954    0.0163
 3.00 14000. -4.0  2.0   0.1528    0.2838    0.0150
 3.50 14000. -4.0  2.0   0.1474    0.2752    0.0138
 4.00 14000. -4.0  2.0   0.1443    0.2709    0.0131
 4.50 14000. -4.0  2.0   0.1419    0.2695    0.0129
 5.00 14000. -4.0  2.0   0.1393    0.2703    0.0130
 2.50 15000. -4.0  2.0   0.1591    0.2985    0.0174
 3.00 15000. -4.0  2.0   0.1456    0.2837    0.0159
 3.50 15000. -4.0  2.0   0.1401    0.2724    0.0142
 4.00 15000. -4.0  2.0   0.1372    0.2661    0.0132
 4.50 15000. -4.0  2.0   0.1350    0.2635    0.0127
 5.00 15000. -4.0  2.0   0.1324    0.2634    0.0128
 2.50 16000. -4.0  2.0   0.1537    0.3027    0.0186
 3.00 16000. -4.0  2.0   0.1387    0.2850    0.0169
 3.50 16000. -4.0  2.0   0.1333    0.2710    0.0148
 4.00 16000. -4.0  2.0   0.1310    0.2622    0.0133
 4.50 16000. -4.0  2.0   0.1289    0.2583    0.0127
 5.00 16000. -4.0  2.0   0.1264    0.2576    0.0126
 2.50 17000. -4.0  2.0   0.1502    0.3068    0.0197
 3.00 17000. -4.0  2.0   0.1322    0.2874    0.0181
 3.50 17000. -4.0  2.0   0.1270    0.2703    0.0155
 4.00 17000. -4.0  2.0   0.1249    0.2595    0.0136
 4.50 17000. -4.0  2.0   0.1235    0.2538    0.0127
 5.00 17000. -4.0  2.0   0.1214    0.2520    0.0124
 2.50 18000. -4.0  2.0   0.1489    0.3107    0.0207
 3.00 18000. -4.0  2.0   0.1263    0.2901    0.0195
 3.50 18000. -4.0  2.0   0.1205    0.2708    0.0164
 4.00 18000. -4.0  2.0   0.1193    0.2575    0.0141
 4.50 18000. -4.0  2.0   0.1182    0.2505    0.0129
 5.00 18000. -4.0  2.0   0.1167    0.2475    0.0124
 2.50 19000. -4.0  2.0   0.1507    0.3141    0.0213
 3.00 19000. -4.0  2.0   0.1214    0.2930    0.0209
 3.50 19000. -4.0  2.0   0.1147    0.2712    0.0175
 4.00 19000. -4.0  2.0   0.1133    0.2565    0.0147
 4.50 19000. -4.0  2.0   0.1129    0.2480    0.0132
 5.00 19000. -4.0  2.0   0.1119    0.2440    0.0125
 3.00 20000. -4.0  2.0   0.1177    0.2964    0.0223
 3.50 20000. -4.0  2.0   0.1091    0.2724    0.0187
 4.00 20000. -4.0  2.0   0.1077    0.2557    0.0156
 4.50 20000. -4.0  2.0   0.1073    0.2463    0.0137
 5.00 20000. -4.0  2.0   0.1070    0.2413    0.0128
 3.00 21000. -4.0  2.0   0.1152    0.3007    0.0237
 3.50 21000. -4.0  2.0   0.1044    0.2740    0.0201
 4.00 21000. -4.0  2.0   0.1023    0.2554    0.0165
 4.50 21000. -4.0  2.0   0.1023    0.2445    0.0144
 5.00 21000. -4.0  2.0   0.1019    0.2392    0.0133
 3.00 22000. -4.0  2.0   0.1136    0.3057    0.0249
 3.50 22000. -4.0  2.0   0.1002    0.2770    0.0216
 4.00 22000. -4.0  2.0   0.0977    0.2557    0.0177
 4.50 22000. -4.0  2.0   0.0973    0.2435    0.0151
 5.00 22000. -4.0  2.0   0.0972    0.2373    0.0139
 3.00 23000. -4.0  2.0   0.1131    0.3112    0.0259
 3.50 23000. -4.0  2.0   0.0962    0.2812    0.0231
 4.00 23000. -4.0  2.0   0.0931    0.2575    0.0190
 4.50 23000. -4.0  2.0   0.0927    0.2434    0.0161
 5.00 23000. -4.0  2.0   0.0924    0.2363    0.0146
 3.00 24000. -4.0  2.0   0.1139    0.3172    0.0265
 3.50 24000. -4.0  2.0   0.0927    0.2861    0.0246
 4.00 24000. -4.0  2.0   0.0884    0.2608    0.0203
 4.50 24000. -4.0  2.0   0.0882    0.2446    0.0172
 5.00 24000. -4.0  2.0   0.0879    0.2362    0.0154
 3.00 25000. -4.0  2.0   0.1150    0.3242    0.0266
 3.50 25000. -4.0  2.0   0.0896    0.2917    0.0259
 4.00 25000. -4.0  2.0   0.0843    0.2645    0.0217
 4.50 25000. -4.0  2.0   0.0837    0.2468    0.0183
 5.00 25000. -4.0  2.0   0.0837    0.2369    0.0163
 3.00 26000. -4.0  2.0   0.1115    0.3339    0.0268
 3.50 26000. -4.0  2.0   0.0866    0.2977    0.0270
 4.00 26000. -4.0  2.0   0.0801    0.2689    0.0229
 4.50 26000. -4.0  2.0   0.0794    0.2496    0.0194
 5.00 26000. -4.0  2.0   0.0795    0.2385    0.0172
 3.50 27000. -4.0  2.0   0.0830    0.3040    0.0279
 4.00 27000. -4.0  2.0   0.0762    0.2732    0.0240
 4.50 27000. -4.0  2.0   0.0753    0.2526    0.0203
 5.00 27000. -4.0  2.0   0.0752    0.2405    0.0179
 3.50 28000. -4.0  2.0   0.0776    0.3096    0.0287
 4.00 28000. -4.0  2.0   0.0721    0.2770    0.0247
 4.50 28000. -4.0  2.0   0.0713    0.2551    0.0209
 5.00 28000. -4.0  2.0   0.0714    0.2419    0.0184
 3.50 29000. -4.0  2.0   0.0695    0.3143    0.0295
 4.00 29000. -4.0  2.0   0.0678    0.2793    0.0252
 4.50 29000. -4.0  2.0   0.0675    0.2563    0.0212
 5.00 29000. -4.0  2.0   0.0676    0.2426    0.0185
 3.50 30000. -4.0  2.0   0.0614    0.3180    0.0308
 4.00 30000. -4.0  2.0   0.0624    0.2798    0.0254
 4.50 30000. -4.0  2.0   0.0640    0.2553    0.0211
 5.00 30000. -4.0  2.0   0.0648    0.2406    0.0182
 3.50 31000. -4.0  2.0   0.0522    0.3240    0.0323
 4.00 31000. -4.0  2.0   0.0564    0.2792    0.0257
 4.50 31000. -4.0  2.0   0.0601    0.2526    0.0207
 5.00 31000. -4.0  2.0   0.0622    0.2367    0.0175
 4.00 32000. -4.0  2.0   0.0498    0.2787    0.0263
 4.50 32000. -4.0  2.0   0.0558    0.2486    0.0202
 5.00 32000. -4.0  2.0   0.0594    0.2310    0.0166
 4.00 33000. -4.0  2.0   0.0415    0.2805    0.0272
 4.50 33000. -4.0  2.0   0.0515    0.2440    0.0199
 5.00 33000. -4.0  2.0   0.0565    0.2243    0.0156
 4.00 34000. -4.0  2.0   0.0319    0.2835    0.0287
 4.50 34000. -4.0  2.0   0.0458    0.2411    0.0199
 5.00 34000. -4.0  2.0   0.0535    0.2174    0.0149
 4.00 35000. -4.0  2.0   0.0217    0.2860    0.0308
 4.50 35000. -4.0  2.0   0.0387    0.2393    0.0203
 5.00 35000. -4.0  2.0   0.0492    0.2119    0.0143
 4.50 37500. -4.0  2.0   0.0199    0.2328    0.0227
 5.00 37500. -4.0  2.0   0.0350    0.1989    0.0141
 4.50 40000. -4.0  2.0   0.0093    0.2270    0.0252
 5.00 40000. -4.0  2.0   0.0235    0.1855    0.0148
 5.00 42500. -4.0  2.0   0.0167    0.1799    0.0159
 5.00 45000. -4.0  2.0   0.0140    0.1787    0.0168
 5.00 47500. -4.0  2.0   0.0126    0.1798    0.0175
 5.00 50000. -4.0  2.0   0.0114    0.1819    0.0181
 0.00  3500. -3.5  2.0   0.6280    0.0217    0.0005
 0.50  3500. -3.5  2.0   0.6132    0.0370    0.0005
 1.00  3500. -3.5  2.0   0.5270    0.1150    0.0012
 1.50  3500. -3.5  2.0   0.4068    0.2221    0.0030
 2.00  3500. -3.5  2.0   0.3183    0.2979    0.0064
 2.50  3500. -3.5  2.0   0.2649    0.3442    0.0107
 3.00  3500. -3.5  2.0   0.2449    0.3685    0.0125
 3.50  3500. -3.5  2.0   0.2476    0.3763    0.0123
 0.00  3750. -3.5  2.0   0.5913    0.0544    0.0007
 0.50  3750. -3.5  2.0   0.5892    0.0604    0.0004
 1.00  3750. -3.5  2.0   0.5827    0.0726    0.0001
 1.50  3750. -3.5  2.0   0.4957    0.1487    0.0011
 2.00  3750. -3.5  2.0   0.3576    0.2666    0.0042
 2.50  3750. -3.5  2.0   0.2522    0.3537    0.0109
 3.00  3750. -3.5  2.0   0.1965    0.4000    0.0183
 3.50  3750. -3.5  2.0   0.1736    0.4206    0.0234
 4.00  3750. -3.5  2.0   0.1682    0.4415    0.0241
 0.00  4000. -3.5  2.0   0.5798    0.0594    0.0015
 0.50  4000. -3.5  2.0   0.5547    0.0850    0.0015
 1.00  4000. -3.5  2.0   0.5260    0.1163    0.0013
 1.50  4000. -3.5  2.0   0.4925    0.1543    0.0011
 2.00  4000. -3.5  2.0   0.4222    0.2134    0.0028
 2.50  4000. -3.5  2.0   0.2961    0.3146    0.0089
 3.00  4000. -3.5  2.0   0.1794    0.4099    0.0211
 3.50  4000. -3.5  2.0   0.1200    0.4578    0.0326
 4.00  4000. -3.5  2.0   0.0996    0.4783    0.0390
 4.50  4000. -3.5  2.0   0.1182    0.4531    0.0433
 0.00  4250. -3.5  2.0   0.5801    0.0546    0.0018
 0.50  4250. -3.5  2.0   0.5535    0.0803    0.0021
 1.00  4250. -3.5  2.0   0.5099    0.1228    0.0024
 1.50  4250. -3.5  2.0   0.4605    0.1722    0.0029
 2.00  4250. -3.5  2.0   0.4110    0.2226    0.0038
 2.50  4250. -3.5  2.0   0.3570    0.2655    0.0060
 3.00  4250. -3.5  2.0   0.2568    0.3397    0.0150
 3.50  4250. -3.5  2.0   0.1309    0.4501    0.0339
 4.00  4250. -3.5  2.0   0.0678    0.4917    0.0508
 4.50  4250. -3.5  2.0   0.0389    0.5195    0.0588
 0.00  4500. -3.5  2.0   0.5802    0.0535    0.0020
 0.50  4500. -3.5  2.0   0.5502    0.0824    0.0021
 1.00  4500. -3.5  2.0   0.5075    0.1233    0.0027
 1.50  4500. -3.5  2.0   0.4547    0.1749    0.0037
 2.00  4500. -3.5  2.0   0.4045    0.2239    0.0052
 2.50  4500. -3.5  2.0   0.3566    0.2695    0.0075
 3.00  4500. -3.5  2.0   0.3148    0.3001    0.0101
 3.50  4500. -3.5  2.0   0.2420    0.3475    0.0193
 4.00  4500. -3.5  2.0   0.1584    0.3949    0.0314
 4.50  4500. -3.5  2.0   0.0968    0.4233    0.0451
 5.00  4500. -3.5  2.0   0.0505    0.4548    0.0623
 0.00  4750. -3.5  2.0   0.5622    0.0704    0.0018
 0.50  4750. -3.5  2.0   0.5336    0.0981    0.0021
 1.00  4750. -3.5  2.0   0.4961    0.1350    0.0027
 1.50  4750. -3.5  2.0   0.4496    0.1805    0.0040
 2.00  4750. -3.5  2.0   0.4029    0.2260    0.0057
 2.50  4750. -3.5  2.0   0.3613    0.2662    0.0075
 3.00  4750. -3.5  2.0   0.3165    0.3062    0.0114
 3.50  4750. -3.5  2.0   0.2793    0.3368    0.0143
 4.00  4750. -3.5  2.0   0.2292    0.3602    0.0212
 4.50  4750. -3.5  2.0   0.1579    0.3976    0.0336
 5.00  4750. -3.5  2.0   0.0740    0.4543    0.0596
 0.00  5000. -3.5  2.0   0.5377    0.0930    0.0019
 0.50  5000. -3.5  2.0   0.5140    0.1166    0.0022
 1.00  5000. -3.5  2.0   0.4801    0.1504    0.0030
 1.50  5000. -3.5  2.0   0.4416    0.1879    0.0044
 2.00  5000. -3.5  2.0   0.4008    0.2282    0.0061
 2.50  5000. -3.5  2.0   0.3602    0.2680    0.0082
 3.00  5000. -3.5  2.0   0.3258    0.2995    0.0104
 3.50  5000. -3.5  2.0   0.2938    0.3257    0.0139
 4.00  5000. -3.5  2.0   0.2524    0.3554    0.0197
 4.50  5000. -3.5  2.0   0.1975    0.3887    0.0302
 5.00  5000. -3.5  2.0   0.1365    0.4251    0.0424
 0.00  5250. -3.5  2.0   0.5060    0.1210    0.0024
 0.50  5250. -3.5  2.0   0.4888    0.1387    0.0029
 1.00  5250. -3.5  2.0   0.4617    0.1663    0.0036
 1.50  5250. -3.5  2.0   0.4304    0.1970    0.0049
 2.00  5250. -3.5  2.0   0.3973    0.2296    0.0063
 2.50  5250. -3.5  2.0   0.3637    0.2628    0.0077
 3.00  5250. -3.5  2.0   0.3343    0.2909    0.0091
 3.50  5250. -3.5  2.0   0.3064    0.3148    0.0112
 4.00  5250. -3.5  2.0   0.2767    0.3377    0.0148
 4.50  5250. -3.5  2.0   0.2382    0.3632    0.0204
 5.00  5250. -3.5  2.0   0.1874    0.3948    0.0297
 0.00  5500. -3.5  2.0   0.4640    0.1581    0.0033
 0.50  5500. -3.5  2.0   0.4593    0.1634    0.0038
 1.00  5500. -3.5  2.0   0.4414    0.1817    0.0046
 1.50  5500. -3.5  2.0   0.4161    0.2072    0.0057
 2.00  5500. -3.5  2.0   0.3904    0.2326    0.0067
 2.50  5500. -3.5  2.0   0.3629    0.2597    0.0077
 3.00  5500. -3.5  2.0   0.3382    0.2842    0.0083
 3.50  5500. -3.5  2.0   0.3165    0.3042    0.0091
 4.00  5500. -3.5  2.0   0.2911    0.3240    0.0114
 4.50  5500. -3.5  2.0   0.2617    0.3442    0.0152
 5.00  5500. -3.5  2.0   0.2284    0.3638    0.0205
 0.00  5750. -3.5  2.0   0.5465    0.0814    0.0019
 0.50  5750. -3.5  2.0   0.4193    0.1978    0.0051
 1.00  5750. -3.5  2.0   0.4136    0.2040    0.0057
 1.50  5750. -3.5  2.0   0.4001    0.2180    0.0064
 2.00  5750. -3.5  2.0   0.3811    0.2367    0.0072
 2.50  5750. -3.5  2.0   0.3586    0.2583    0.0078
 3.00  5750. -3.5  2.0   0.3390    0.2780    0.0077
 3.50  5750. -3.5  2.0   0.3219    0.2944    0.0076
 4.00  5750. -3.5  2.0   0.3014    0.3108    0.0089
 4.50  5750. -3.5  2.0   0.2768    0.3299    0.0114
 5.00  5750. -3.5  2.0   0.2462    0.3509    0.0154
 0.00  6000. -3.5  2.0   0.5524    0.0840    0.0005
 0.50  6000. -3.5  2.0   0.5201    0.1039    0.0024
 1.00  6000. -3.5  2.0   0.3938    0.2176    0.0063
 1.50  6000. -3.5  2.0   0.3775    0.2340    0.0073
 2.00  6000. -3.5  2.0   0.3661    0.2452    0.0077
 2.50  6000. -3.5  2.0   0.3516    0.2593    0.0077
 3.00  6000. -3.5  2.0   0.3385    0.2727    0.0071
 3.50  6000. -3.5  2.0   0.3228    0.2874    0.0070
 4.00  6000. -3.5  2.0   0.3079    0.3004    0.0072
 4.50  6000. -3.5  2.0   0.2897    0.3148    0.0083
 5.00  6000. -3.5  2.0   0.2615    0.3352    0.0115
 0.50  6250. -3.5  2.0   0.5220    0.1128    0.0006
 1.00  6250. -3.5  2.0   0.4797    0.1411    0.0027
 1.50  6250. -3.5  2.0   0.3560    0.2449    0.0095
 2.00  6250. -3.5  2.0   0.3484    0.2567    0.0076
 2.50  6250. -3.5  2.0   0.3415    0.2630    0.0074
 3.00  6250. -3.5  2.0   0.3285    0.2752    0.0074
 3.50  6250. -3.5  2.0   0.3187    0.2848    0.0067
 4.00  6250. -3.5  2.0   0.3065    0.2956    0.0067
 4.50  6250. -3.5  2.0   0.2943    0.3051    0.0070
 5.00  6250. -3.5  2.0   0.2729    0.3212    0.0088
 0.50  6500. -3.5  2.0   0.5179    0.1216    0.0002
 1.00  6500. -3.5  2.0   0.4880    0.1424    0.0008
 1.50  6500. -3.5  2.0   0.4469    0.1643    0.0038
 2.00  6500. -3.5  2.0   0.3322    0.2610    0.0100
 2.50  6500. -3.5  2.0   0.3213    0.2750    0.0079
 3.00  6500. -3.5  2.0   0.3176    0.2788    0.0073
 3.50  6500. -3.5  2.0   0.3130    0.2831    0.0066
 4.00  6500. -3.5  2.0   0.3046    0.2906    0.0063
 4.50  6500. -3.5  2.0   0.2940    0.3000    0.0063
 5.00  6500. -3.5  2.0   0.2772    0.3130    0.0074
 0.50  6750. -3.5  2.0   0.4927    0.1457    0.0003
 1.00  6750. -3.5  2.0   0.4839    0.1506    0.0004
 1.50  6750. -3.5  2.0   0.4523    0.1705    0.0011
 2.00  6750. -3.5  2.0   0.4101    0.1909    0.0046
 2.50  6750. -3.5  2.0   0.3076    0.2780    0.0098
 3.00  6750. -3.5  2.0   0.3010    0.2879    0.0075
 3.50  6750. -3.5  2.0   0.3006    0.2884    0.0068
 4.00  6750. -3.5  2.0   0.2962    0.2922    0.0063
 4.50  6750. -3.5  2.0   0.2893    0.2980    0.0061
 5.00  6750. -3.5  2.0   0.2777    0.3070    0.0066
 0.50  7000. -3.5  2.0   0.4511    0.1833    0.0007
 1.00  7000. -3.5  2.0   0.4567    0.1749    0.0007
 1.50  7000. -3.5  2.0   0.4496    0.1765    0.0007
 2.00  7000. -3.5  2.0   0.4169    0.1959    0.0015
 2.50  7000. -3.5  2.0   0.3664    0.2237    0.0057
 3.00  7000. -3.5  2.0   0.2823    0.2951    0.0099
 3.50  7000. -3.5  2.0   0.2851    0.2964    0.0072
 4.00  7000. -3.5  2.0   0.2844    0.2968    0.0067
 4.50  7000. -3.5  2.0   0.2816    0.2990    0.0062
 5.00  7000. -3.5  2.0   0.2742    0.3046    0.0063
 0.50  7250. -3.5  2.0   0.4108    0.2155    0.0014
 1.00  7250. -3.5  2.0   0.4142    0.2109    0.0014
 1.50  7250. -3.5  2.0   0.4220    0.1991    0.0012
 2.00  7250. -3.5  2.0   0.4165    0.1987    0.0010
 2.50  7250. -3.5  2.0   0.3812    0.2198    0.0022
 3.00  7250. -3.5  2.0   0.3258    0.2525    0.0071
 3.50  7250. -3.5  2.0   0.2688    0.3015    0.0095
 4.00  7250. -3.5  2.0   0.2687    0.3049    0.0073
 4.50  7250. -3.5  2.0   0.2698    0.3039    0.0066
 5.00  7250. -3.5  2.0   0.2664    0.3061    0.0063
 1.00  7500. -3.5  2.0   0.3746    0.2401    0.0026
 1.50  7500. -3.5  2.0   0.3796    0.2327    0.0024
 2.00  7500. -3.5  2.0   0.3902    0.2182    0.0019
 2.50  7500. -3.5  2.0   0.3840    0.2192    0.0015
 3.00  7500. -3.5  2.0   0.3439    0.2448    0.0032
 3.50  7500. -3.5  2.0   0.2833    0.2802    0.0100
 4.00  7500. -3.5  2.0   0.2537    0.3128    0.0080
 4.50  7500. -3.5  2.0   0.2545    0.3118    0.0073
 5.00  7500. -3.5  2.0   0.2543    0.3114    0.0068
 1.50  7750. -3.5  2.0   0.3407    0.2595    0.0040
 2.00  7750. -3.5  2.0   0.3487    0.2489    0.0034
 2.50  7750. -3.5  2.0   0.3611    0.2334    0.0026
 3.00  7750. -3.5  2.0   0.3519    0.2386    0.0022
 3.50  7750. -3.5  2.0   0.3058    0.2689    0.0050
 4.00  7750. -3.5  2.0   0.2447    0.3117    0.0100
 4.50  7750. -3.5  2.0   0.2387    0.3205    0.0080
 5.00  7750. -3.5  2.0   0.2391    0.3192    0.0076
 1.50  8000. -3.5  2.0   0.3112    0.2757    0.0058
 2.00  8000. -3.5  2.0   0.3129    0.2718    0.0054
 2.50  8000. -3.5  2.0   0.3234    0.2595    0.0044
 3.00  8000. -3.5  2.0   0.3369    0.2443    0.0033
 3.50  8000. -3.5  2.0   0.3198    0.2580    0.0030
 4.00  8000. -3.5  2.0   0.2648    0.2977    0.0066
 4.50  8000. -3.5  2.0   0.2155    0.3308    0.0113
 5.00  8000. -3.5  2.0   0.2223    0.3282    0.0086
 1.50  8250. -3.5  2.0   0.2907    0.2833    0.0074
 2.00  8250. -3.5  2.0   0.2861    0.2848    0.0073
 2.50  8250. -3.5  2.0   0.2916    0.2779    0.0065
 3.00  8250. -3.5  2.0   0.3032    0.2656    0.0051
 3.50  8250. -3.5  2.0   0.3154    0.2530    0.0039
 4.00  8250. -3.5  2.0   0.2860    0.2785    0.0043
 4.50  8250. -3.5  2.0   0.2270    0.3223    0.0087
 5.00  8250. -3.5  2.0   0.2016    0.3373    0.0112
 1.50  8500. -3.5  2.0   0.2783    0.2846    0.0084
 2.00  8500. -3.5  2.0   0.2673    0.2904    0.0088
 2.50  8500. -3.5  2.0   0.2675    0.2879    0.0083
 3.00  8500. -3.5  2.0   0.2749    0.2804    0.0071
 3.50  8500. -3.5  2.0   0.2870    0.2690    0.0058
 4.00  8500. -3.5  2.0   0.2931    0.2637    0.0045
 4.50  8500. -3.5  2.0   0.2500    0.3012    0.0058
 5.00  8500. -3.5  2.0   0.1985    0.3367    0.0108
 2.00  8750. -3.5  2.0   0.2546    0.2918    0.0098
 2.50  8750. -3.5  2.0   0.2500    0.2925    0.0096
 3.00  8750. -3.5  2.0   0.2535    0.2884    0.0088
 3.50  8750. -3.5  2.0   0.2622    0.2808    0.0077
 4.00  8750. -3.5  2.0   0.2726    0.2716    0.0063
 4.50  8750. -3.5  2.0   0.2661    0.2795    0.0052
 5.00  8750. -3.5  2.0   0.2153    0.3222    0.0078
 1.50  9000. -3.5  2.0   0.2690    0.2800    0.0092
 2.00  9000. -3.5  2.0   0.2460    0.2914    0.0104
 2.50  9000. -3.5  2.0   0.2376    0.2937    0.0105
 3.00  9000. -3.5  2.0   0.2377    0.2916    0.0100
 3.50  9000. -3.5  2.0   0.2427    0.2873    0.0092
 4.00  9000. -3.5  2.0   0.2514    0.2806    0.0080
 4.50  9000. -3.5  2.0   0.2621    0.2710    0.0067
 5.00  9000. -3.5  2.0   0.2741    0.2586    0.0056
 2.00  9250. -3.5  2.0   0.2398    0.2907    0.0108
 2.50  9250. -3.5  2.0   0.2282    0.2939    0.0111
 3.00  9250. -3.5  2.0   0.2255    0.2932    0.0108
 3.50  9250. -3.5  2.0   0.2278    0.2907    0.0102
 4.00  9250. -3.5  2.0   0.2336    0.2865    0.0094
 4.50  9250. -3.5  2.0   0.2415    0.2804    0.0083
 5.00  9250. -3.5  2.0   0.2514    0.2707    0.0071
 2.00  9500. -3.5  2.0   0.2352    0.2898    0.0110
 2.50  9500. -3.5  2.0   0.2215    0.2930    0.0115
 3.00  9500. -3.5  2.0   0.2162    0.2934    0.0114
 3.50  9500. -3.5  2.0   0.2165    0.2919    0.0110
 4.00  9500. -3.5  2.0   0.2198    0.2895    0.0105
 4.50  9500. -3.5  2.0   0.2247    0.2863    0.0097
 5.00  9500. -3.5  2.0   0.2324    0.2794    0.0086
 2.00  9750. -3.5  2.0   0.2308    0.2897    0.0112
 2.50  9750. -3.5  2.0   0.2155    0.2926    0.0118
 3.00  9750. -3.5  2.0   0.2091    0.2927    0.0118
 3.50  9750. -3.5  2.0   0.2076    0.2920    0.0116
 4.00  9750. -3.5  2.0   0.2089    0.2909    0.0112
 4.50  9750. -3.5  2.0   0.2120    0.2889    0.0107
 5.00  9750. -3.5  2.0   0.2170    0.2850    0.0099
 2.00 10000. -3.5  2.0   0.2269    0.2899    0.0115
 2.50 10000. -3.5  2.0   0.2106    0.2921    0.0120
 3.00 10000. -3.5  2.0   0.2032    0.2917    0.0121
 3.50 10000. -3.5  2.0   0.2003    0.2916    0.0119
 4.00 10000. -3.5  2.0   0.2006    0.2910    0.0117
 4.50 10000. -3.5  2.0   0.2021    0.2900    0.0115
 5.00 10000. -3.5  2.0   0.2047    0.2880    0.0109
 2.00 10500. -3.5  2.0   0.2196    0.2909    0.0120
 2.50 10500. -3.5  2.0   0.2016    0.2917    0.0125
 3.00 10500. -3.5  2.0   0.1931    0.2903    0.0125
 3.50 10500. -3.5  2.0   0.1890    0.2897    0.0124
 4.00 10500. -3.5  2.0   0.1873    0.2901    0.0124
 4.50 10500. -3.5  2.0   0.1873    0.2899    0.0124
 5.00 10500. -3.5  2.0   0.1872    0.2899    0.0123
 2.50 11000. -3.5  2.0   0.1942    0.2914    0.0130
 3.00 11000. -3.5  2.0   0.1848    0.2890    0.0128
 3.50 11000. -3.5  2.0   0.1801    0.2876    0.0126
 4.00 11000. -3.5  2.0   0.1776    0.2877    0.0127
 4.50 11000. -3.5  2.0   0.1762    0.2886    0.0128
 5.00 11000. -3.5  2.0   0.1750    0.2893    0.0130
 2.50 11500. -3.5  2.0   0.1875    0.2914    0.0135
 3.00 11500. -3.5  2.0   0.1778    0.2874    0.0131
 3.50 11500. -3.5  2.0   0.1727    0.2853    0.0128
 4.00 11500. -3.5  2.0   0.1700    0.2848    0.0128
 4.50 11500. -3.5  2.0   0.1679    0.2858    0.0130
 5.00 11500. -3.5  2.0   0.1662    0.2870    0.0133
 2.50 12000. -3.5  2.0   0.1819    0.2916    0.0141
 3.00 12000. -3.5  2.0   0.1714    0.2864    0.0135
 3.50 12000. -3.5  2.0   0.1664    0.2828    0.0130
 4.00 12000. -3.5  2.0   0.1635    0.2817    0.0128
 4.50 12000. -3.5  2.0   0.1612    0.2825    0.0130
 5.00 12000. -3.5  2.0   0.1591    0.2840    0.0134
 2.50 12500. -3.5  2.0   0.1768    0.2921    0.0146
 3.00 12500. -3.5  2.0   0.1660    0.2852    0.0138
 3.50 12500. -3.5  2.0   0.1608    0.2806    0.0132
 4.00 12500. -3.5  2.0   0.1578    0.2788    0.0129
 4.50 12500. -3.5  2.0   0.1554    0.2791    0.0130
 5.00 12500. -3.5  2.0   0.1532    0.2806    0.0133
 2.50 13000. -3.5  2.0   0.1723    0.2929    0.0151
 3.00 13000. -3.5  2.0   0.1613    0.2841    0.0142
 3.50 13000. -3.5  2.0   0.1558    0.2785    0.0133
 4.00 13000. -3.5  2.0   0.1528    0.2758    0.0129
 4.50 13000. -3.5  2.0   0.1503    0.2757    0.0129
 5.00 13000. -3.5  2.0   0.1479    0.2771    0.0132
 2.00 14000. -3.5  2.0   0.1972    0.3023    0.0152
 2.50 14000. -3.5  2.0   0.1649    0.2951    0.0163
 3.00 14000. -3.5  2.0   0.1528    0.2832    0.0150
 3.50 14000. -3.5  2.0   0.1474    0.2746    0.0137
 4.00 14000. -3.5  2.0   0.1445    0.2702    0.0130
 4.50 14000. -3.5  2.0   0.1419    0.2690    0.0128
 5.00 14000. -3.5  2.0   0.1394    0.2698    0.0129
 2.50 15000. -3.5  2.0   0.1588    0.2984    0.0174
 3.00 15000. -3.5  2.0   0.1456    0.2833    0.0159
 3.50 15000. -3.5  2.0   0.1401    0.2720    0.0141
 4.00 15000. -3.5  2.0   0.1372    0.2656    0.0131
 4.50 15000. -3.5  2.0   0.1350    0.2630    0.0127
 5.00 15000. -3.5  2.0   0.1325    0.2630    0.0127
 2.50 16000. -3.5  2.0   0.1538    0.3025    0.0186
 3.00 16000. -3.5  2.0   0.1386    0.2849    0.0169
 3.50 16000. -3.5  2.0   0.1334    0.2706    0.0147
 4.00 16000. -3.5  2.0   0.1311    0.2617    0.0133
 4.50 16000. -3.5  2.0   0.1290    0.2578    0.0126
 5.00 16000. -3.5  2.0   0.1265    0.2571    0.0125
 2.50 17000. -3.5  2.0   0.1500    0.3069    0.0197
 3.00 17000. -3.5  2.0   0.1322    0.2871    0.0181
 3.50 17000. -3.5  2.0   0.1270    0.2700    0.0154
 4.00 17000. -3.5  2.0   0.1250    0.2591    0.0136
 4.50 17000. -3.5  2.0   0.1235    0.2535    0.0126
 5.00 17000. -3.5  2.0   0.1215    0.2516    0.0124
 2.50 18000. -3.5  2.0   0.1489    0.3106    0.0207
 3.00 18000. -3.5  2.0   0.1263    0.2898    0.0195
 3.50 18000. -3.5  2.0   0.1206    0.2704    0.0163
 4.00 18000. -3.5  2.0   0.1193    0.2572    0.0140
 4.50 18000. -3.5  2.0   0.1183    0.2501    0.0128
 5.00 18000. -3.5  2.0   0.1167    0.2472    0.0124
 2.50 19000. -3.5  2.0   0.1505    0.3142    0.0214
 3.00 19000. -3.5  2.0   0.1214    0.2928    0.0209
 3.50 19000. -3.5  2.0   0.1146    0.2710    0.0175
 4.00 19000. -3.5  2.0   0.1132    0.2563    0.0147
 4.50 19000. -3.5  2.0   0.1130    0.2476    0.0131
 5.00 19000. -3.5  2.0   0.1118    0.2438    0.0125
 3.00 20000. -3.5  2.0   0.1176    0.2963    0.0223
 3.50 20000. -3.5  2.0   0.1092    0.2720    0.0187
 4.00 20000. -3.5  2.0   0.1077    0.2554    0.0155
 4.50 20000. -3.5  2.0   0.1074    0.2459    0.0136
 5.00 20000. -3.5  2.0   0.1070    0.2409    0.0128
 3.00 21000. -3.5  2.0   0.1149    0.3006    0.0237
 3.50 21000. -3.5  2.0   0.1044    0.2737    0.0201
 4.00 21000. -3.5  2.0   0.1024    0.2550    0.0165
 4.50 21000. -3.5  2.0   0.1023    0.2441    0.0143
 5.00 21000. -3.5  2.0   0.1019    0.2389    0.0132
 3.00 22000. -3.5  2.0   0.1131    0.3058    0.0250
 3.50 22000. -3.5  2.0   0.1000    0.2767    0.0216
 4.00 22000. -3.5  2.0   0.0976    0.2554    0.0176
 4.50 22000. -3.5  2.0   0.0973    0.2431    0.0151
 5.00 22000. -3.5  2.0   0.0972    0.2369    0.0138
 3.00 23000. -3.5  2.0   0.1127    0.3112    0.0260
 3.50 23000. -3.5  2.0   0.0961    0.2808    0.0231
 4.00 23000. -3.5  2.0   0.0929    0.2573    0.0189
 4.50 23000. -3.5  2.0   0.0928    0.2429    0.0160
 5.00 23000. -3.5  2.0   0.0925    0.2358    0.0145
 3.00 24000. -3.5  2.0   0.1135    0.3170    0.0266
 3.50 24000. -3.5  2.0   0.0924    0.2859    0.0246
 4.00 24000. -3.5  2.0   0.0885    0.2602    0.0203
 4.50 24000. -3.5  2.0   0.0881    0.2441    0.0171
 5.00 24000. -3.5  2.0   0.0879    0.2357    0.0153
 3.00 25000. -3.5  2.0   0.1146    0.3239    0.0267
 3.50 25000. -3.5  2.0   0.0892    0.2914    0.0259
 4.00 25000. -3.5  2.0   0.0841    0.2641    0.0217
 4.50 25000. -3.5  2.0   0.0836    0.2464    0.0182
 5.00 25000. -3.5  2.0   0.0837    0.2364    0.0162
 3.00 26000. -3.5  2.0   0.1115    0.3334    0.0268
 3.50 26000. -3.5  2.0   0.0861    0.2974    0.0270
 4.00 26000. -3.5  2.0   0.0801    0.2682    0.0229
 4.50 26000. -3.5  2.0   0.0792    0.2492    0.0193
 5.00 26000. -3.5  2.0   0.0793    0.2381    0.0171
 3.50 27000. -3.5  2.0   0.0827    0.3035    0.0279
 4.00 27000. -3.5  2.0   0.0760    0.2727    0.0239
 4.50 27000. -3.5  2.0   0.0752    0.2520    0.0202
 5.00 27000. -3.5  2.0   0.0752    0.2399    0.0178
 3.50 28000. -3.5  2.0   0.0777    0.3090    0.0287
 4.00 28000. -3.5  2.0   0.0720    0.2764    0.0247
 4.50 28000. -3.5  2.0   0.0711    0.2546    0.0208
 5.00 28000. -3.5  2.0   0.0716    0.2412    0.0183
 3.50 29000. -3.5  2.0   0.0699    0.3137    0.0296
 4.00 29000. -3.5  2.0   0.0678    0.2787    0.0251
 4.50 29000. -3.5  2.0   0.0674    0.2558    0.0211
 5.00 29000. -3.5  2.0   0.0677    0.2419    0.0184
 3.50 30000. -3.5  2.0   0.0616    0.3178    0.0309
 4.00 30000. -3.5  2.0   0.0625    0.2795    0.0254
 4.50 30000. -3.5  2.0   0.0641    0.2548    0.0210
 5.00 30000. -3.5  2.0   0.0649    0.2401    0.0181
 3.50 31000. -3.5  2.0   0.0519    0.3245    0.0323
 4.00 31000. -3.5  2.0   0.0565    0.2789    0.0257
 4.50 31000. -3.5  2.0   0.0600    0.2524    0.0207
 5.00 31000. -3.5  2.0   0.0622    0.2363    0.0175
 4.00 32000. -3.5  2.0   0.0495    0.2790    0.0263
 4.50 32000. -3.5  2.0   0.0561    0.2482    0.0202
 5.00 32000. -3.5  2.0   0.0593    0.2309    0.0166
 4.00 33000. -3.5  2.0   0.0416    0.2806    0.0273
 4.50 33000. -3.5  2.0   0.0514    0.2443    0.0199
 5.00 33000. -3.5  2.0   0.0565    0.2242    0.0156
 4.00 34000. -3.5  2.0   0.0318    0.2839    0.0288
 4.50 34000. -3.5  2.0   0.0460    0.2411    0.0200
 5.00 34000. -3.5  2.0   0.0535    0.2175    0.0149
 4.00 35000. -3.5  2.0   0.0217    0.2864    0.0309
 4.50 35000. -3.5  2.0   0.0384    0.2398    0.0204
 5.00 35000. -3.5  2.0   0.0494    0.2119    0.0144
 4.50 37500. -3.5  2.0   0.0196    0.2336    0.0228
 5.00 37500. -3.5  2.0   0.0348    0.1993    0.0142
 4.50 40000. -3.5  2.0   0.0092    0.2279    0.0254
 5.00 40000. -3.5  2.0   0.0232    0.1862    0.0150
 5.00 42500. -3.5  2.0   0.0167    0.1805    0.0161
 5.00 45000. -3.5  2.0   0.0136    0.1799    0.0171
 5.00 47500. -3.5  2.0   0.0124    0.1808    0.0178
 5.00 50000. -3.5  2.0   0.0113    0.1828    0.0184
 0.00  3500. -3.0  2.0   0.6757   -0.0156    0.0008
 0.50  3500. -3.0  2.0   0.6894   -0.0252    0.0007
 1.00  3500. -3.0  2.0   0.6099    0.0465    0.0016
 1.50  3500. -3.0  2.0   0.4495    0.1921    0.0039
 2.00  3500. -3.0  2.0   0.3173    0.3069    0.0090
 2.50  3500. -3.0  2.0   0.2414    0.3725    0.0156
 3.00  3500. -3.0  2.0   0.2099    0.4092    0.0196
 3.50  3500. -3.0  2.0   0.2066    0.4180    0.0212
 4.00  3500. -3.0  2.0   0.2235    0.4173    0.0192
 0.00  3750. -3.0  2.0   0.6314    0.0233    0.0006
 0.50  3750. -3.0  2.0   0.6462    0.0161    0.0002
 1.00  3750. -3.0  2.0   0.6581    0.0133    0.0001
 1.50  3750. -3.0  2.0   0.6034    0.0669    0.0001
 2.00  3750. -3.0  2.0   0.4605    0.1916    0.0022
 2.50  3750. -3.0  2.0   0.3099    0.3161    0.0094
 3.00  3750. -3.0  2.0   0.2190    0.3868    0.0199
 3.50  3750. -3.0  2.0   0.1663    0.4394    0.0302
 4.00  3750. -3.0  2.0   0.1509    0.4597    0.0334
 4.50  3750. -3.0  2.0   0.5086    0.1107    0.0066
 5.00  3750. -3.0  2.0   0.1956    0.4694    0.0041
 0.00  4000. -3.0  2.0   0.5975    0.0483    0.0013
 0.50  4000. -3.0  2.0   0.5873    0.0635    0.0009
 1.00  4000. -3.0  2.0   0.5723    0.0868    0.0004
 1.50  4000. -3.0  2.0   0.5557    0.1140    0.0002
 2.00  4000. -3.0  2.0   0.5054    0.1645    0.0003
 2.50  4000. -3.0  2.0   0.3934    0.2661    0.0031
 3.00  4000. -3.0  2.0   0.2639    0.3611    0.0122
 3.50  4000. -3.0  2.0   0.1795    0.4229    0.0252
 4.00  4000. -3.0  2.0   0.1400    0.4482    0.0357
 4.50  4000. -3.0  2.0   0.1274    0.4559    0.0409
 5.00  4000. -3.0  2.0   0.1287    0.4608    0.0418
 0.00  4250. -3.0  2.0   0.5878    0.0498    0.0020
 0.50  4250. -3.0  2.0   0.5614    0.0770    0.0019
 1.00  4250. -3.0  2.0   0.5242    0.1174    0.0018
 1.50  4250. -3.0  2.0   0.4847    0.1634    0.0017
 2.00  4250. -3.0  2.0   0.4464    0.2094    0.0018
 2.50  4250. -3.0  2.0   0.4040    0.2581    0.0026
 3.00  4250. -3.0  2.0   0.3187    0.3176    0.0086
 3.50  4250. -3.0  2.0   0.2078    0.4031    0.0214
 4.00  4250. -3.0  2.0   0.1309    0.4570    0.0364
 4.50  4250. -3.0  2.0   0.1022    0.4644    0.0427
 5.00  4250. -3.0  2.0   0.0942    0.4696    0.0461
 0.00  4500. -3.0  2.0   0.5822    0.0523    0.0020
 0.50  4500. -3.0  2.0   0.5527    0.0808    0.0022
 1.00  4500. -3.0  2.0   0.5108    0.1225    0.0026
 1.50  4500. -3.0  2.0   0.4613    0.1730    0.0033
 2.00  4500. -3.0  2.0   0.4155    0.2210    0.0045
 2.50  4500. -3.0  2.0   0.3738    0.2654    0.0059
 3.00  4500. -3.0  2.0   0.3314    0.3071    0.0087
 3.50  4500. -3.0  2.0   0.2760    0.3380    0.0139
 4.00  4500. -3.0  2.0   0.1884    0.3998    0.0270
 4.50  4500. -3.0  2.0   0.1194    0.4409    0.0412
 5.00  4500. -3.0  2.0   0.0807    0.4601    0.0506
 0.00  4750. -3.0  2.0   0.5646    0.0685    0.0018
 0.50  4750. -3.0  2.0   0.5351    0.0969    0.0022
 1.00  4750. -3.0  2.0   0.4971    0.1343    0.0028
 1.50  4750. -3.0  2.0   0.4523    0.1789    0.0040
 2.00  4750. -3.0  2.0   0.4028    0.2278    0.0058
 2.50  4750. -3.0  2.0   0.3637    0.2667    0.0075
 3.00  4750. -3.0  2.0   0.3281    0.3003    0.0099
 3.50  4750. -3.0  2.0   0.2863    0.3355    0.0145
 4.00  4750. -3.0  2.0   0.2409    0.3687    0.0188
 4.50  4750. -3.0  2.0   0.1799    0.3941    0.0278
 5.00  4750. -3.0  2.0   0.1217    0.4179    0.0409
 0.00  5000. -3.0  2.0   0.5389    0.0920    0.0020
 0.50  5000. -3.0  2.0   0.5153    0.1156    0.0022
 1.50  5000. -3.0  2.0   0.4426    0.1874    0.0044
 2.00  5000. -3.0  2.0   0.4019    0.2279    0.0060
 2.50  5000. -3.0  2.0   0.3632    0.2654    0.0079
 3.00  5000. -3.0  2.0   0.3306    0.2962    0.0096
 3.50  5000. -3.0  2.0   0.2997    0.3217    0.0127
 4.00  5000. -3.0  2.0   0.2618    0.3502    0.0174
 4.50  5000. -3.0  2.0   0.2102    0.3841    0.0260
 5.00  5000. -3.0  2.0   0.1513    0.4199    0.0374
 0.00  5250. -3.0  2.0   0.5059    0.1212    0.0025
 0.50  5250. -3.0  2.0   0.4901    0.1379    0.0028
 1.00  5250. -3.0  2.0   0.4640    0.1639    0.0036
 1.50  5250. -3.0  2.0   0.4310    0.1963    0.0051
 2.00  5250. -3.0  2.0   0.3968    0.2302    0.0065
 2.50  5250. -3.0  2.0   0.3642    0.2625    0.0077
 3.00  5250. -3.0  2.0   0.3349    0.2908    0.0090
 3.50  5250. -3.0  2.0   0.3089    0.3130    0.0108
 4.00  5250. -3.0  2.0   0.2802    0.3340    0.0141
 4.50  5250. -3.0  2.0   0.2456    0.3569    0.0188
 5.00  5250. -3.0  2.0   0.2137    0.3782    0.0197
 0.00  5500. -3.0  2.0   0.4668    0.1556    0.0034
 0.50  5500. -3.0  2.0   0.4575    0.1660    0.0039
 1.00  5500. -3.0  2.0   0.4405    0.1835    0.0046
 1.50  5500. -3.0  2.0   0.4168    0.2069    0.0057
 2.00  5500. -3.0  2.0   0.3900    0.2334    0.0067
 2.50  5500. -3.0  2.0   0.3621    0.2609    0.0076
 3.00  5500. -3.0  2.0   0.3369    0.2848    0.0084
 3.50  5500. -3.0  2.0   0.3162    0.3045    0.0089
 4.00  5500. -3.0  2.0   0.2925    0.3226    0.0111
 4.50  5500. -3.0  2.0   0.2633    0.3432    0.0148
 5.00  5500. -3.0  2.0   0.2281    0.3662    0.0199
 0.00  5750. -3.0  2.0   0.5494    0.0808    0.0017
 0.50  5750. -3.0  2.0   0.4207    0.1971    0.0051
 1.00  5750. -3.0  2.0   0.4135    0.2051    0.0059
 1.50  5750. -3.0  2.0   0.4002    0.2189    0.0065
 2.00  5750. -3.0  2.0   0.3798    0.2383    0.0074
 2.50  5750. -3.0  2.0   0.3575    0.2599    0.0079
 3.00  5750. -3.0  2.0   0.3388    0.2787    0.0078
 3.50  5750. -3.0  2.0   0.3200    0.2961    0.0078
 4.00  5750. -3.0  2.0   0.3008    0.3118    0.0089
 4.50  5750. -3.0  2.0   0.2770    0.3291    0.0114
 5.00  5750. -3.0  2.0   0.2473    0.3500    0.0151
 0.00  6000. -3.0  2.0   0.5538    0.0833    0.0005
 0.50  6000. -3.0  2.0   0.5156    0.1120    0.0020
 1.00  6000. -3.0  2.0   0.3979    0.2121    0.0076
 1.50  6000. -3.0  2.0   0.3767    0.2356    0.0074
 2.00  6000. -3.0  2.0   0.3647    0.2470    0.0079
 2.50  6000. -3.0  2.0   0.3500    0.2614    0.0079
 3.00  6000. -3.0  2.0   0.3351    0.2760    0.0075
 3.50  6000. -3.0  2.0   0.3201    0.2900    0.0072
 4.00  6000. -3.0  2.0   0.3045    0.3037    0.0076
 4.50  6000. -3.0  2.0   0.2862    0.3180    0.0089
 5.00  6000. -3.0  2.0   0.2609    0.3357    0.0117
 0.50  6250. -3.0  2.0   0.5228    0.1126    0.0006
 1.00  6250. -3.0  2.0   0.4842    0.1400    0.0023
 1.50  6250. -3.0  2.0   0.3679    0.2347    0.0091
 2.00  6250. -3.0  2.0   0.3482    0.2580    0.0076
 2.50  6250. -3.0  2.0   0.3410    0.2645    0.0074
 3.00  6250. -3.0  2.0   0.3300    0.2748    0.0071
 3.50  6250. -3.0  2.0   0.3180    0.2854    0.0069
 4.00  6250. -3.0  2.0   0.3059    0.2963    0.0067
 4.50  6250. -3.0  2.0   0.2918    0.3076    0.0073
 5.00  6250. -3.0  2.0   0.2706    0.3234    0.0092
 0.50  6500. -3.0  2.0   0.5182    0.1215    0.0003
 1.00  6500. -3.0  2.0   0.4880    0.1432    0.0008
 1.50  6500. -3.0  2.0   0.4443    0.1707    0.0033
 2.00  6500. -3.0  2.0   0.3470    0.2500    0.0091
 2.50  6500. -3.0  2.0   0.3197    0.2773    0.0082
 3.00  6500. -3.0  2.0   0.3172    0.2798    0.0074
 3.50  6500. -3.0  2.0   0.3108    0.2853    0.0069
 4.00  6500. -3.0  2.0   0.3024    0.2929    0.0064
 4.50  6500. -3.0  2.0   0.2932    0.3007    0.0063
 5.00  6500. -3.0  2.0   0.2772    0.3126    0.0074
 0.50  6750. -3.0  2.0   0.4929    0.1457    0.0004
 1.00  6750. -3.0  2.0   0.4843    0.1507    0.0004
 1.50  6750. -3.0  2.0   0.4529    0.1712    0.0011
 2.00  6750. -3.0  2.0   0.4117    0.1932    0.0041
 2.50  6750. -3.0  2.0   0.3173    0.2716    0.0092
 3.00  6750. -3.0  2.0   0.3006    0.2889    0.0076
 3.50  6750. -3.0  2.0   0.2988    0.2899    0.0071
 4.00  6750. -3.0  2.0   0.2942    0.2939    0.0065
 4.50  6750. -3.0  2.0   0.2894    0.2981    0.0061
 5.00  6750. -3.0  2.0   0.2778    0.3069    0.0065
 0.50  7000. -3.0  2.0   0.4515    0.1831    0.0007
 1.00  7000. -3.0  2.0   0.4567    0.1751    0.0008
 1.50  7000. -3.0  2.0   0.4495    0.1773    0.0007
 2.00  7000. -3.0  2.0   0.4184    0.1957    0.0015
 2.50  7000. -3.0  2.0   0.3694    0.2230    0.0054
 3.00  7000. -3.0  2.0   0.2883    0.2912    0.0094
 3.50  7000. -3.0  2.0   0.2834    0.2981    0.0074
 4.00  7000. -3.0  2.0   0.2825    0.2984    0.0069
 4.50  7000. -3.0  2.0   0.2813    0.2995    0.0061
 5.00  7000. -3.0  2.0   0.2736    0.3051    0.0063
 0.50  7250. -3.0  2.0   0.4110    0.2155    0.0015
 1.00  7250. -3.0  2.0   0.4139    0.2113    0.0015
 1.50  7250. -3.0  2.0   0.4218    0.1996    0.0013
 2.00  7250. -3.0  2.0   0.4166    0.1993    0.0011
 2.50  7250. -3.0  2.0   0.3832    0.2191    0.0021
 3.00  7250. -3.0  2.0   0.3256    0.2543    0.0070
 3.50  7250. -3.0  2.0   0.2661    0.3050    0.0094
 4.00  7250. -3.0  2.0   0.2672    0.3063    0.0075
 4.50  7250. -3.0  2.0   0.2698    0.3041    0.0065
 5.00  7250. -3.0  2.0   0.2658    0.3065    0.0063
 1.00  7500. -3.0  2.0   0.3750    0.2399    0.0026
 1.50  7500. -3.0  2.0   0.3800    0.2325    0.0024
 2.00  7500. -3.0  2.0   0.3901    0.2186    0.0020
 2.50  7500. -3.0  2.0   0.3850    0.2188    0.0015
 3.00  7500. -3.0  2.0   0.3469    0.2427    0.0032
 3.50  7500. -3.0  2.0   0.2841    0.2877    0.0076
 4.00  7500. -3.0  2.0   0.2538    0.3133    0.0079
 4.50  7500. -3.0  2.0   0.2547    0.3119    0.0073
 5.00  7500. -3.0  2.0   0.2545    0.3113    0.0067
 1.50  7750. -3.0  2.0   0.3409    0.2595    0.0041
 2.00  7750. -3.0  2.0   0.3485    0.2493    0.0035
 2.50  7750. -3.0  2.0   0.3607    0.2340    0.0027
 3.00  7750. -3.0  2.0   0.3525    0.2387    0.0021
 3.50  7750. -3.0  2.0   0.3072    0.2696    0.0046
 4.00  7750. -3.0  2.0   0.2434    0.3147    0.0098
 4.50  7750. -3.0  2.0   0.2388    0.3208    0.0080
 5.00  7750. -3.0  2.0   0.2385    0.3198    0.0077
 1.50  8000. -3.0  2.0   0.3116    0.2755    0.0059
 2.00  8000. -3.0  2.0   0.3135    0.2714    0.0055
 2.50  8000. -3.0  2.0   0.3233    0.2597    0.0045
 3.00  8000. -3.0  2.0   0.3365    0.2448    0.0034
 3.50  8000. -3.0  2.0   0.3205    0.2579    0.0029
 4.00  8000. -3.0  2.0   0.2676    0.2954    0.0064
 4.50  8000. -3.0  2.0   0.2166    0.3303    0.0112
 5.00  8000. -3.0  2.0   0.2213    0.3291    0.0088
 1.50  8250. -3.0  2.0   0.2915    0.2828    0.0074
 2.00  8250. -3.0  2.0   0.2868    0.2844    0.0074
 2.50  8250. -3.0  2.0   0.2921    0.2776    0.0066
 3.00  8250. -3.0  2.0   0.3034    0.2655    0.0053
 3.50  8250. -3.0  2.0   0.3151    0.2533    0.0040
 4.00  8250. -3.0  2.0   0.2874    0.2782    0.0040
 4.50  8250. -3.0  2.0   0.2301    0.3199    0.0082
 5.00  8250. -3.0  2.0   0.2002    0.3390    0.0113
 1.50  8500. -3.0  2.0   0.2790    0.2842    0.0085
 2.00  8500. -3.0  2.0   0.2674    0.2906    0.0088
 2.50  8500. -3.0  2.0   0.2676    0.2881    0.0084
 3.00  8500. -3.0  2.0   0.2751    0.2804    0.0073
 3.50  8500. -3.0  2.0   0.2870    0.2690    0.0059
 4.00  8500. -3.0  2.0   0.2938    0.2629    0.0046
 4.50  8500. -3.0  2.0   0.2522    0.2998    0.0055
 5.00  8500. -3.0  2.0   0.2009    0.3365    0.0100
 1.50  8750. -3.0  2.0   0.2727    0.2821    0.0090
 2.00  8750. -3.0  2.0   0.2553    0.2914    0.0099
 2.50  8750. -3.0  2.0   0.2501    0.2925    0.0097
 3.00  8750. -3.0  2.0   0.2533    0.2886    0.0089
 3.50  8750. -3.0  2.0   0.2620    0.2810    0.0077
 4.00  8750. -3.0  2.0   0.2724    0.2716    0.0064
 4.50  8750. -3.0  2.0   0.2675    0.2780    0.0052
 5.00  8750. -3.0  2.0   0.2150    0.3217    0.0080
 1.50  9000. -3.0  2.0   0.2697    0.2797    0.0092
 2.00  9000. -3.0  2.0   0.2465    0.2912    0.0104
 2.50  9000. -3.0  2.0   0.2376    0.2938    0.0106
 3.00  9000. -3.0  2.0   0.2376    0.2917    0.0101
 3.50  9000. -3.0  2.0   0.2422    0.2877    0.0092
 4.00  9000. -3.0  2.0   0.2510    0.2807    0.0081
 4.50  9000. -3.0  2.0   0.2620    0.2708    0.0068
 5.00  9000. -3.0  2.0   0.2736    0.2587    0.0057
 2.00  9250. -3.0  2.0   0.2401    0.2907    0.0108
 2.50  9250. -3.0  2.0   0.2284    0.2939    0.0112
 3.00  9250. -3.0  2.0   0.2256    0.2930    0.0109
 3.50  9250. -3.0  2.0   0.2277    0.2906    0.0103
 4.00  9250. -3.0  2.0   0.2334    0.2865    0.0095
 4.50  9250. -3.0  2.0   0.2411    0.2805    0.0084
 5.00  9250. -3.0  2.0   0.2511    0.2707    0.0072
 2.00  9500. -3.0  2.0   0.2351    0.2903    0.0110
 2.50  9500. -3.0  2.0   0.2214    0.2933    0.0116
 3.00  9500. -3.0  2.0   0.2164    0.2932    0.0114
 3.50  9500. -3.0  2.0   0.2166    0.2916    0.0111
 4.00  9500. -3.0  2.0   0.2199    0.2892    0.0105
 4.50  9500. -3.0  2.0   0.2243    0.2864    0.0097
 5.00  9500. -3.0  2.0   0.2323    0.2793    0.0087
 2.00  9750. -3.0  2.0   0.2308    0.2900    0.0113
 2.50  9750. -3.0  2.0   0.2154    0.2929    0.0118
 3.00  9750. -3.0  2.0   0.2090    0.2928    0.0119
 3.50  9750. -3.0  2.0   0.2076    0.2919    0.0116
 4.00  9750. -3.0  2.0   0.2088    0.2907    0.0112
 4.50  9750. -3.0  2.0   0.2117    0.2889    0.0107
 5.00  9750. -3.0  2.0   0.2167    0.2849    0.0100
 2.00 10000. -3.0  2.0   0.2266    0.2904    0.0115
 2.50 10000. -3.0  2.0   0.2103    0.2925    0.0121
 3.00 10000. -3.0  2.0   0.2029    0.2921    0.0121
 3.50 10000. -3.0  2.0   0.2001    0.2917    0.0120
 4.00 10000. -3.0  2.0   0.2005    0.2909    0.0118
 4.50 10000. -3.0  2.0   0.2018    0.2900    0.0115
 5.00 10000. -3.0  2.0   0.2046    0.2879    0.0110
 2.00 10500. -3.0  2.0   0.2190    0.2916    0.0120
 2.50 10500. -3.0  2.0   0.2012    0.2921    0.0125
 3.00 10500. -3.0  2.0   0.1930    0.2904    0.0125
 3.50 10500. -3.0  2.0   0.1889    0.2898    0.0124
 4.00 10500. -3.0  2.0   0.1874    0.2898    0.0124
 4.50 10500. -3.0  2.0   0.1871    0.2899    0.0124
 5.00 10500. -3.0  2.0   0.1870    0.2897    0.0123
 2.50 11000. -3.0  2.0   0.1936    0.2917    0.0131
 3.00 11000. -3.0  2.0   0.1847    0.2889    0.0129
 3.50 11000. -3.0  2.0   0.1801    0.2875    0.0127
 4.00 11000. -3.0  2.0   0.1777    0.2874    0.0127
 4.50 11000. -3.0  2.0   0.1763    0.2882    0.0128
 5.00 11000. -3.0  2.0   0.1748    0.2891    0.0130
 2.50 11500. -3.0  2.0   0.1870    0.2916    0.0136
 3.00 11500. -3.0  2.0   0.1775    0.2875    0.0132
 3.50 11500. -3.0  2.0   0.1728    0.2849    0.0129
 4.00 11500. -3.0  2.0   0.1700    0.2844    0.0128
 4.50 11500. -3.0  2.0   0.1680    0.2854    0.0130
 5.00 11500. -3.0  2.0   0.1663    0.2866    0.0133
 2.50 12000. -3.0  2.0   0.1812    0.2918    0.0142
 3.00 12000. -3.0  2.0   0.1711    0.2862    0.0135
 3.50 12000. -3.0  2.0   0.1663    0.2825    0.0130
 4.00 12000. -3.0  2.0   0.1636    0.2813    0.0129
 4.50 12000. -3.0  2.0   0.1614    0.2820    0.0130
 5.00 12000. -3.0  2.0   0.1592    0.2835    0.0133
 2.50 12500. -3.0  2.0   0.1764    0.2918    0.0147
 3.00 12500. -3.0  2.0   0.1659    0.2847    0.0139
 3.50 12500. -3.0  2.0   0.1606    0.2802    0.0132
 4.00 12500. -3.0  2.0   0.1576    0.2784    0.0129
 4.50 12500. -3.0  2.0   0.1554    0.2786    0.0129
 5.00 12500. -3.0  2.0   0.1533    0.2799    0.0133
 2.50 13000. -3.0  2.0   0.1721    0.2923    0.0152
 3.00 13000. -3.0  2.0   0.1609    0.2837    0.0142
 3.50 13000. -3.0  2.0   0.1558    0.2777    0.0133
 4.00 13000. -3.0  2.0   0.1528    0.2752    0.0129
 4.50 13000. -3.0  2.0   0.1504    0.2750    0.0128
 5.00 13000. -3.0  2.0   0.1481    0.2764    0.0131
 2.00 14000. -3.0  2.0   0.1971    0.3018    0.0153
 2.50 14000. -3.0  2.0   0.1647    0.2945    0.0163
 3.00 14000. -3.0  2.0   0.1527    0.2823    0.0150
 3.50 14000. -3.0  2.0   0.1473    0.2739    0.0136
 4.00 14000. -3.0  2.0   0.1444    0.2693    0.0129
 4.50 14000. -3.0  2.0   0.1419    0.2682    0.0127
 5.00 14000. -3.0  2.0   0.1396    0.2690    0.0128
 2.50 15000. -3.0  2.0   0.1589    0.2976    0.0174
 3.00 15000. -3.0  2.0   0.1455    0.2825    0.0159
 3.50 15000. -3.0  2.0   0.1402    0.2710    0.0141
 4.00 15000. -3.0  2.0   0.1373    0.2646    0.0130
 4.50 15000. -3.0  2.0   0.1351    0.2620    0.0125
 5.00 15000. -3.0  2.0   0.1325    0.2622    0.0125
 2.50 16000. -3.0  2.0   0.1537    0.3019    0.0186
 3.00 16000. -3.0  2.0   0.1387    0.2840    0.0169
 3.50 16000. -3.0  2.0   0.1334    0.2696    0.0146
 4.00 16000. -3.0  2.0   0.1312    0.2607    0.0132
 4.50 16000. -3.0  2.0   0.1291    0.2568    0.0125
 5.00 16000. -3.0  2.0   0.1266    0.2562    0.0124
 2.50 17000. -3.0  2.0   0.1502    0.3062    0.0198
 3.00 17000. -3.0  2.0   0.1323    0.2864    0.0181
 3.50 17000. -3.0  2.0   0.1271    0.2691    0.0154
 4.00 17000. -3.0  2.0   0.1252    0.2582    0.0135
 4.50 17000. -3.0  2.0   0.1237    0.2526    0.0125
 5.00 17000. -3.0  2.0   0.1217    0.2508    0.0123
 2.50 18000. -3.0  2.0   0.1492    0.3100    0.0208
 3.00 18000. -3.0  2.0   0.1265    0.2891    0.0195
 3.50 18000. -3.0  2.0   0.1207    0.2697    0.0163
 4.00 18000. -3.0  2.0   0.1194    0.2564    0.0140
 4.50 18000. -3.0  2.0   0.1185    0.2493    0.0127
 5.00 18000. -3.0  2.0   0.1169    0.2464    0.0122
 2.50 19000. -3.0  2.0   0.1504    0.3140    0.0214
 3.00 19000. -3.0  2.0   0.1215    0.2922    0.0209
 3.50 19000. -3.0  2.0   0.1148    0.2702    0.0175
 4.00 19000. -3.0  2.0   0.1135    0.2554    0.0147
 4.50 19000. -3.0  2.0   0.1131    0.2469    0.0131
 5.00 19000. -3.0  2.0   0.1120    0.2431    0.0124
 3.00 20000. -3.0  2.0   0.1177    0.2958    0.0224
 3.50 20000. -3.0  2.0   0.1092    0.2715    0.0187
 4.00 20000. -3.0  2.0   0.1078    0.2547    0.0155
 4.50 20000. -3.0  2.0   0.1076    0.2452    0.0136
 5.00 20000. -3.0  2.0   0.1071    0.2403    0.0127
 3.00 21000. -3.0  2.0   0.1146    0.3005    0.0238
 3.50 21000. -3.0  2.0   0.1044    0.2732    0.0201
 4.00 21000. -3.0  2.0   0.1024    0.2544    0.0165
 4.50 21000. -3.0  2.0   0.1024    0.2435    0.0142
 5.00 21000. -3.0  2.0   0.1021    0.2383    0.0132
 3.00 22000. -3.0  2.0   0.1125    0.3059    0.0251
 3.50 22000. -3.0  2.0   0.0999    0.2764    0.0216
 4.00 22000. -3.0  2.0   0.0976    0.2549    0.0176
 4.50 22000. -3.0  2.0   0.0974    0.2425    0.0150
 5.00 22000. -3.0  2.0   0.0973    0.2363    0.0137
 3.00 23000. -3.0  2.0   0.1120    0.3111    0.0262
 3.50 23000. -3.0  2.0   0.0957    0.2806    0.0232
 4.00 23000. -3.0  2.0   0.0928    0.2569    0.0189
 4.50 23000. -3.0  2.0   0.0928    0.2423    0.0160
 5.00 23000. -3.0  2.0   0.0926    0.2352    0.0144
 3.00 24000. -3.0  2.0   0.1126    0.3170    0.0268
 3.50 24000. -3.0  2.0   0.0919    0.2856    0.0247
 4.00 24000. -3.0  2.0   0.0881    0.2599    0.0203
 4.50 24000. -3.0  2.0   0.0881    0.2436    0.0171
 5.00 24000. -3.0  2.0   0.0882    0.2349    0.0153
 3.00 25000. -3.0  2.0   0.1138    0.3236    0.0268
 3.50 25000. -3.0  2.0   0.0885    0.2911    0.0260
 4.00 25000. -3.0  2.0   0.0838    0.2636    0.0217
 4.50 25000. -3.0  2.0   0.0835    0.2458    0.0182
 5.00 25000. -3.0  2.0   0.0838    0.2358    0.0162
 3.00 26000. -3.0  2.0   0.1110    0.3332    0.0270
 3.50 26000. -3.0  2.0   0.0854    0.2970    0.0271
 4.00 26000. -3.0  2.0   0.0794    0.2680    0.0229
 4.50 26000. -3.0  2.0   0.0789    0.2487    0.0192
 5.00 26000. -3.0  2.0   0.0795    0.2373    0.0171
 3.00 27000. -3.0  2.0   0.1029    0.3429    0.0277
 3.50 27000. -3.0  2.0   0.0822    0.3029    0.0279
 4.00 27000. -3.0  2.0   0.0759    0.2717    0.0239
 4.50 27000. -3.0  2.0   0.0747    0.2515    0.0201
 5.00 27000. -3.0  2.0   0.0751    0.2394    0.0177
 3.50 28000. -3.0  2.0   0.0774    0.3084    0.0287
 4.00 28000. -3.0  2.0   0.0717    0.2757    0.0246
 4.50 28000. -3.0  2.0   0.0708    0.2539    0.0207
 5.00 28000. -3.0  2.0   0.0713    0.2406    0.0182
 3.50 29000. -3.0  2.0   0.0698    0.3135    0.0296
 4.00 29000. -3.0  2.0   0.0677    0.2779    0.0251
 4.50 29000. -3.0  2.0   0.0674    0.2549    0.0210
 5.00 29000. -3.0  2.0   0.0676    0.2412    0.0183
 3.50 30000. -3.0  2.0   0.0618    0.3177    0.0309
 4.00 30000. -3.0  2.0   0.0625    0.2789    0.0254
 4.50 30000. -3.0  2.0   0.0637    0.2544    0.0209
 5.00 30000. -3.0  2.0   0.0649    0.2393    0.0180
 3.50 31000. -3.0  2.0   0.0524    0.3242    0.0323
 4.00 31000. -3.0  2.0   0.0565    0.2787    0.0257
 4.50 31000. -3.0  2.0   0.0599    0.2519    0.0206
 5.00 31000. -3.0  2.0   0.0621    0.2357    0.0174
 4.00 32000. -3.0  2.0   0.0500    0.2786    0.0263
 4.50 32000. -3.0  2.0   0.0559    0.2482    0.0202
 5.00 32000. -3.0  2.0   0.0594    0.2304    0.0165
 4.00 33000. -3.0  2.0   0.0419    0.2805    0.0273
 4.50 33000. -3.0  2.0   0.0518    0.2438    0.0200
 5.00 33000. -3.0  2.0   0.0567    0.2240    0.0157
 4.00 34000. -3.0  2.0   0.0321    0.2839    0.0289
 4.50 34000. -3.0  2.0   0.0461    0.2411    0.0200
 5.00 34000. -3.0  2.0   0.0536    0.2174    0.0149
 4.00 35000. -3.0  2.0   0.0218    0.2868    0.0311
 4.50 35000. -3.0  2.0   0.0388    0.2397    0.0205
 5.00 35000. -3.0  2.0   0.0495    0.2119    0.0145
 4.50 37500. -3.0  2.0   0.0195    0.2343    0.0231
 5.00 37500. -3.0  2.0   0.0348    0.1998    0.0143
 4.50 40000. -3.0  2.0   0.0088    0.2290    0.0257
 5.00 40000. -3.0  2.0   0.0231    0.1871    0.0153
 5.00 42500. -3.0  2.0   0.0164    0.1817    0.0165
 5.00 45000. -3.0  2.0   0.0131    0.1814    0.0175
 5.00 47500. -3.0  2.0   0.0117    0.1826    0.0183
 5.00 50000. -3.0  2.0   0.0104    0.1848    0.0189
 0.00  3500. -2.5  2.0   0.7307   -0.0546    0.0017
 0.50  3500. -2.5  2.0   0.7679   -0.0834    0.0015
 1.00  3500. -2.5  2.0   0.7157   -0.0344    0.0025
 1.50  3500. -2.5  2.0   0.5290    0.1271    0.0060
 2.00  3500. -2.5  2.0   0.3402    0.3050    0.0120
 2.50  3500. -2.5  2.0   0.2332    0.3961    0.0221
 3.00  3500. -2.5  2.0   0.1876    0.4498    0.0278
 3.50  3500. -2.5  2.0   0.1788    0.4633    0.0306
 4.00  3500. -2.5  2.0   0.1905    0.4625    0.0291
 0.00  3750. -2.5  2.0   0.6869   -0.0184    0.0006
 0.50  3750. -2.5  2.0   0.7141   -0.0352    0.0003
 1.00  3750. -2.5  2.0   0.7308   -0.0398    0.0002
 1.50  3750. -2.5  2.0   0.7140   -0.0159    0.0002
 2.00  3750. -2.5  2.0   0.5897    0.0938    0.0014
 2.50  3750. -2.5  2.0   0.3940    0.2576    0.0089
 3.00  3750. -2.5  2.0   0.2489    0.3747    0.0224
 3.50  3750. -2.5  2.0   0.1711    0.4455    0.0354
 4.00  3750. -2.5  2.0   0.1445    0.4681    0.0414
 4.50  3750. -2.5  2.0   0.1431    0.4771    0.0417
 0.00  4000. -2.5  2.0   0.6350    0.0234    0.0009
 0.50  4000. -2.5  2.0   0.6384    0.0293    0.0003
 1.00  4000. -2.5  2.0   0.6375    0.0422    0.0000
 1.50  4000. -2.5  2.0   0.6308    0.0621    0.0003
 2.00  4000. -2.5  2.0   0.6103    0.0923    0.0004
 2.50  4000. -2.5  2.0   0.5314    0.1643    0.0002
 3.00  4000. -2.5  2.0   0.3880    0.2775    0.0061
 3.50  4000. -2.5  2.0   0.2611    0.3678    0.0187
 4.00  4000. -2.5  2.0   0.1891    0.4064    0.0303
 4.50  4000. -2.5  2.0   0.1486    0.4292    0.0390
 0.00  4250. -2.5  2.0   0.6012    0.0436    0.0017
 0.50  4250. -2.5  2.0   0.5848    0.0656    0.0013
 1.00  4250. -2.5  2.0   0.5593    0.1001    0.0008
 1.50  4250. -2.5  2.0   0.5333    0.1378    0.0005
 2.00  4250. -2.5  2.0   0.5107    0.1733    0.0004
 2.50  4250. -2.5  2.0   0.4872    0.2051    0.0004
 3.00  4250. -2.5  2.0   0.4266    0.2592    0.0018
 3.50  4250. -2.5  2.0   0.3268    0.3347    0.0081
 4.00  4250. -2.5  2.0   0.2275    0.4020    0.0206
 4.50  4250. -2.5  2.0   0.1656    0.4354    0.0322
 5.00  4250. -2.5  2.0   0.1371    0.4453    0.0386
 0.00  4500. -2.5  2.0   0.5858    0.0509    0.0020
 0.50  4500. -2.5  2.0   0.5593    0.0784    0.0020
 1.00  4500. -2.5  2.0   0.5241    0.1171    0.0020
 1.50  4500. -2.5  2.0   0.4817    0.1652    0.0023
 2.00  4500. -2.5  2.0   0.4456    0.2099    0.0026
 2.50  4500. -2.5  2.0   0.4154    0.2477    0.0031
 3.00  4500. -2.5  2.0   0.3880    0.2801    0.0039
 3.50  4500. -2.5  2.0   0.3448    0.3168    0.0065
 4.00  4500. -2.5  2.0   0.2664    0.3713    0.0147
 4.50  4500. -2.5  2.0   0.1916    0.4186    0.0258
 5.00  4500. -2.5  2.0   0.1426    0.4358    0.0348
 0.00  4750. -2.5  2.0   0.5642    0.0693    0.0019
 0.50  4750. -2.5  2.0   0.5382    0.0953    0.0020
 1.00  4750. -2.5  2.0   0.5032    0.1305    0.0025
 1.50  4750. -2.5  2.0   0.4606    0.1741    0.0035
 2.00  4750. -2.5  2.0   0.4176    0.2194    0.0047
 2.50  4750. -2.5  2.0   0.3839    0.2566    0.0057
 3.00  4750. -2.5  2.0   0.3535    0.2888    0.0071
 3.50  4750. -2.5  2.0   0.3216    0.3219    0.0095
 4.00  4750. -2.5  2.0   0.2844    0.3561    0.0120
 4.50  4750. -2.5  2.0   0.2239    0.3870    0.0205
 5.00  4750. -2.5  2.0   0.1628    0.4232    0.0308
 0.00  5000. -2.5  2.0   0.5391    0.0922    0.0020
 0.50  5000. -2.5  2.0   0.5159    0.1151    0.0023
 1.00  5000. -2.5  2.0   0.4840    0.1467    0.0030
 1.50  5000. -2.5  2.0   0.4474    0.1830    0.0042
 2.00  5000. -2.5  2.0   0.4076    0.2234    0.0055
 2.50  5000. -2.5  2.0   0.3712    0.2595    0.0071
 3.00  5000. -2.5  2.0   0.3416    0.2893    0.0083
 3.50  5000. -2.5  2.0   0.3136    0.3140    0.0106
 4.00  5000. -2.5  2.0   0.2845    0.3361    0.0134
 4.50  5000. -2.5  2.0   0.2403    0.3726    0.0188
 5.00  5000. -2.5  2.0   0.1836    0.4108    0.0281
 0.00  5250. -2.5  2.0   0.5061    0.1210    0.0026
 0.50  5250. -2.5  2.0   0.4889    0.1387    0.0030
 1.00  5250. -2.5  2.0   0.4633    0.1645    0.0037
 1.50  5250. -2.5  2.0   0.4333    0.1947    0.0047
 2.00  5250. -2.5  2.0   0.4004    0.2269    0.0061
 2.50  5250. -2.5  2.0   0.3687    0.2585    0.0073
 3.00  5250. -2.5  2.0   0.3404    0.2856    0.0083
 3.50  5250. -2.5  2.0   0.3175    0.3061    0.0095
 4.00  5250. -2.5  2.0   0.2909    0.3267    0.0121
 4.50  5250. -2.5  2.0   0.2617    0.3449    0.0156
 5.00  5250. -2.5  2.0   0.2155    0.3791    0.0220
 0.00  5500. -2.5  2.0   0.4645    0.1581    0.0035
 0.50  5500. -2.5  2.0   0.4580    0.1650    0.0040
 1.00  5500. -2.5  2.0   0.4411    0.1831    0.0047
 1.50  5500. -2.5  2.0   0.4181    0.2054    0.0058
 2.00  5500. -2.5  2.0   0.3922    0.2305    0.0068
 2.50  5500. -2.5  2.0   0.3651    0.2569    0.0076
 3.00  5500. -2.5  2.0   0.3429    0.2789    0.0078
 3.50  5500. -2.5  2.0   0.3203    0.3001    0.0085
 4.00  5500. -2.5  2.0   0.3015    0.3133    0.0100
 4.50  5500. -2.5  2.0   0.2709    0.3368    0.0133
 5.00  5500. -2.5  2.0   0.2412    0.3542    0.0169
 0.00  5750. -2.5  2.0   0.5479    0.0828    0.0018
 0.50  5750. -2.5  2.0   0.4192    0.1990    0.0051
 1.00  5750. -2.5  2.0   0.4131    0.2050    0.0060
 1.50  5750. -2.5  2.0   0.4000    0.2181    0.0067
 2.00  5750. -2.5  2.0   0.3812    0.2361    0.0074
 2.50  5750. -2.5  2.0   0.3609    0.2559    0.0077
 3.00  5750. -2.5  2.0   0.3412    0.2751    0.0077
 3.50  5750. -2.5  2.0   0.3249    0.2905    0.0076
 4.00  5750. -2.5  2.0   0.3090    0.3038    0.0080
 4.50  5750. -2.5  2.0   0.2819    0.3242    0.0108
 5.00  5750. -2.5  2.0   0.2535    0.3436    0.0142
 0.00  6000. -2.5  2.0   0.5532    0.0844    0.0006
 0.50  6000. -2.5  2.0   0.5211    0.1076    0.0020
 1.00  6000. -2.5  2.0   0.4071    0.2052    0.0066
 1.50  6000. -2.5  2.0   0.3770    0.2348    0.0075
 2.00  6000. -2.5  2.0   0.3667    0.2448    0.0079
 2.50  6000. -2.5  2.0   0.3525    0.2581    0.0079
 3.00  6000. -2.5  2.0   0.3395    0.2710    0.0073
 3.50  6000. -2.5  2.0   0.3202    0.2893    0.0075
 4.00  6000. -2.5  2.0   0.3065    0.3012    0.0076
 4.50  6000. -2.5  2.0   0.2885    0.3152    0.0088
 5.00  6000. -2.5  2.0   0.2668    0.3288    0.0109
 0.50  6250. -2.5  2.0   0.5219    0.1140    0.0007
 1.00  6250. -2.5  2.0   0.4822    0.1421    0.0026
 1.50  6250. -2.5  2.0   0.3762    0.2292    0.0081
 2.00  6250. -2.5  2.0   0.3474    0.2575    0.0081
 2.50  6250. -2.5  2.0   0.3410    0.2632    0.0078
 3.00  6250. -2.5  2.0   0.3310    0.2723    0.0074
 3.50  6250. -2.5  2.0   0.3207    0.2817    0.0069
 4.00  6250. -2.5  2.0   0.3088    0.2919    0.0068
 4.50  6250. -2.5  2.0   0.2926    0.3064    0.0073
 5.00  6250. -2.5  2.0   0.2721    0.3213    0.0090
 0.50  6500. -2.5  2.0   0.5174    0.1227    0.0003
 1.00  6500. -2.5  2.0   0.4871    0.1447    0.0009
 1.50  6500. -2.5  2.0   0.4446    0.1709    0.0035
 2.00  6500. -2.5  2.0   0.3466    0.2506    0.0092
 2.50  6500. -2.5  2.0   0.3206    0.2756    0.0084
 3.00  6500. -2.5  2.0   0.3176    0.2782    0.0078
 3.50  6500. -2.5  2.0   0.3128    0.2826    0.0070
 4.00  6500. -2.5  2.0   0.3043    0.2896    0.0066
 4.50  6500. -2.5  2.0   0.2932    0.3002    0.0064
 5.00  6500. -2.5  2.0   0.2779    0.3114    0.0073
 0.50  6750. -2.5  2.0   0.4919    0.1469    0.0005
 1.00  6750. -2.5  2.0   0.4834    0.1520    0.0005
 1.50  6750. -2.5  2.0   0.4524    0.1726    0.0012
 2.00  6750. -2.5  2.0   0.4077    0.1965    0.0046
 2.50  6750. -2.5  2.0   0.3153    0.2720    0.0101
 3.00  6750. -2.5  2.0   0.3003    0.2882    0.0081
 3.50  6750. -2.5  2.0   0.2987    0.2902    0.0072
 4.00  6750. -2.5  2.0   0.2938    0.2939    0.0067
 4.50  6750. -2.5  2.0   0.2892    0.2978    0.0062
 5.00  6750. -2.5  2.0   0.2782    0.3058    0.0066
 0.50  7000. -2.5  2.0   0.4511    0.1837    0.0008
 1.00  7000. -2.5  2.0   0.4556    0.1766    0.0009
 1.50  7000. -2.5  2.0   0.4489    0.1784    0.0008
 2.00  7000. -2.5  2.0   0.4176    0.1971    0.0017
 2.50  7000. -2.5  2.0   0.3687    0.2244    0.0056
 3.00  7000. -2.5  2.0   0.2887    0.2914    0.0095
 3.50  7000. -2.5  2.0   0.2832    0.2985    0.0076
 4.00  7000. -2.5  2.0   0.2819    0.2987    0.0071
 4.50  7000. -2.5  2.0   0.2812    0.2990    0.0063
 5.00  7000. -2.5  2.0   0.2739    0.3041    0.0063
 0.50  7250. -2.5  2.0   0.4111    0.2155    0.0016
 1.00  7250. -2.5  2.0   0.4137    0.2118    0.0016
 1.50  7250. -2.5  2.0   0.4212    0.2006    0.0015
 2.00  7250. -2.5  2.0   0.4160    0.2005    0.0012
 2.50  7250. -2.5  2.0   0.3829    0.2202    0.0023
 3.00  7250. -2.5  2.0   0.3262    0.2544    0.0072
 3.50  7250. -2.5  2.0   0.2660    0.3047    0.0098
 4.00  7250. -2.5  2.0   0.2670    0.3064    0.0077
 4.50  7250. -2.5  2.0   0.2689    0.3042    0.0068
 5.00  7250. -2.5  2.0   0.2663    0.3055    0.0064
 0.50  7500. -2.5  2.0   0.3755    0.2386    0.0027
 1.00  7500. -2.5  2.0   0.3754    0.2398    0.0028
 1.50  7500. -2.5  2.0   0.3798    0.2331    0.0026
 2.00  7500. -2.5  2.0   0.3896    0.2195    0.0021
 2.50  7500. -2.5  2.0   0.3846    0.2197    0.0017
 3.00  7500. -2.5  2.0   0.3466    0.2436    0.0034
 3.50  7500. -2.5  2.0   0.2838    0.2876    0.0080
 4.00  7500. -2.5  2.0   0.2531    0.3135    0.0084
 4.50  7500. -2.5  2.0   0.2537    0.3122    0.0075
 5.00  7500. -2.5  2.0   0.2535    0.3114    0.0070
 1.00  7750. -2.5  2.0   0.3431    0.2592    0.0042
 1.50  7750. -2.5  2.0   0.3418    0.2590    0.0042
 2.00  7750. -2.5  2.0   0.3495    0.2488    0.0037
 2.50  7750. -2.5  2.0   0.3607    0.2344    0.0029
 3.00  7750. -2.5  2.0   0.3527    0.2389    0.0023
 3.50  7750. -2.5  2.0   0.3074    0.2696    0.0048
 4.00  7750. -2.5  2.0   0.2459    0.3130    0.0097
 4.50  7750. -2.5  2.0   0.2392    0.3201    0.0082
 5.00  7750. -2.5  2.0   0.2393    0.3186    0.0077
 1.50  8000. -2.5  2.0   0.3121    0.2754    0.0060
 2.00  8000. -2.5  2.0   0.3135    0.2718    0.0056
 2.50  8000. -2.5  2.0   0.3232    0.2602    0.0047
 3.00  8000. -2.5  2.0   0.3361    0.2454    0.0036
 3.50  8000. -2.5  2.0   0.3210    0.2576    0.0031
 4.00  8000. -2.5  2.0   0.2679    0.2955    0.0065
 4.50  8000. -2.5  2.0   0.2172    0.3302    0.0111
 5.00  8000. -2.5  2.0   0.2218    0.3283    0.0088
 1.50  8250. -2.5  2.0   0.2917    0.2830    0.0075
 2.00  8250. -2.5  2.0   0.2867    0.2850    0.0075
 2.50  8250. -2.5  2.0   0.2917    0.2784    0.0067
 3.00  8250. -2.5  2.0   0.3026    0.2666    0.0055
 3.50  8250. -2.5  2.0   0.3146    0.2538    0.0042
 4.00  8250. -2.5  2.0   0.2876    0.2780    0.0041
 4.50  8250. -2.5  2.0   0.2306    0.3197    0.0082
 5.00  8250. -2.5  2.0   0.2001    0.3386    0.0114
 1.50  8500. -2.5  2.0   0.2794    0.2842    0.0085
 2.00  8500. -2.5  2.0   0.2676    0.2909    0.0090
 2.50  8500. -2.5  2.0   0.2676    0.2885    0.0086
 3.00  8500. -2.5  2.0   0.2746    0.2812    0.0074
 3.50  8500. -2.5  2.0   0.2865    0.2696    0.0061
 4.00  8500. -2.5  2.0   0.2932    0.2634    0.0047
 4.50  8500. -2.5  2.0   0.2533    0.2988    0.0056
 5.00  8500. -2.5  2.0   0.2014    0.3355    0.0102
 2.00  8750. -2.5  2.0   0.2554    0.2917    0.0099
 2.50  8750. -2.5  2.0   0.2505    0.2925    0.0099
 3.00  8750. -2.5  2.0   0.2533    0.2889    0.0091
 3.50  8750. -2.5  2.0   0.2618    0.2813    0.0079
 4.00  8750. -2.5  2.0   0.2718    0.2722    0.0066
 4.50  8750. -2.5  2.0   0.2676    0.2777    0.0053
 5.00  8750. -2.5  2.0   0.2158    0.3208    0.0081
 2.00  9000. -2.5  2.0   0.2476    0.2906    0.0106
 2.50  9000. -2.5  2.0   0.2388    0.2929    0.0108
 3.00  9000. -2.5  2.0   0.2380    0.2915    0.0103
 3.50  9000. -2.5  2.0   0.2422    0.2878    0.0094
 4.00  9000. -2.5  2.0   0.2507    0.2810    0.0083
 4.50  9000. -2.5  2.0   0.2610    0.2715    0.0070
 5.00  9000. -2.5  2.0   0.2728    0.2592    0.0058
 2.00  9250. -2.5  2.0   0.2413    0.2900    0.0109
 2.50  9250. -2.5  2.0   0.2295    0.2931    0.0113
 3.00  9250. -2.5  2.0   0.2262    0.2925    0.0111
 3.50  9250. -2.5  2.0   0.2279    0.2904    0.0105
 4.00  9250. -2.5  2.0   0.2330    0.2868    0.0097
 4.50  9250. -2.5  2.0   0.2410    0.2804    0.0086
 5.00  9250. -2.5  2.0   0.2507    0.2708    0.0074
 2.00  9500. -2.5  2.0   0.2359    0.2899    0.0111
 2.50  9500. -2.5  2.0   0.2222    0.2928    0.0117
 3.00  9500. -2.5  2.0   0.2171    0.2926    0.0116
 3.50  9500. -2.5  2.0   0.2167    0.2914    0.0112
 4.00  9500. -2.5  2.0   0.2197    0.2892    0.0106
 4.50  9500. -2.5  2.0   0.2245    0.2859    0.0099
 5.00  9500. -2.5  2.0   0.2317    0.2794    0.0088
 2.00  9750. -2.5  2.0   0.2315    0.2898    0.0114
 2.50  9750. -2.5  2.0   0.2162    0.2925    0.0119
 3.00  9750. -2.5  2.0   0.2094    0.2925    0.0119
 3.50  9750. -2.5  2.0   0.2078    0.2916    0.0117
 4.00  9750. -2.5  2.0   0.2090    0.2903    0.0113
 4.50  9750. -2.5  2.0   0.2118    0.2884    0.0108
 5.00  9750. -2.5  2.0   0.2166    0.2846    0.0101
 2.00 10000. -2.5  2.0   0.2271    0.2902    0.0117
 2.50 10000. -2.5  2.0   0.2110    0.2921    0.0122
 3.00 10000. -2.5  2.0   0.2032    0.2920    0.0122
 3.50 10000. -2.5  2.0   0.2006    0.2911    0.0121
 4.00 10000. -2.5  2.0   0.2005    0.2905    0.0118
 4.50 10000. -2.5  2.0   0.2020    0.2894    0.0115
 5.00 10000. -2.5  2.0   0.2047    0.2873    0.0110
 2.00 10500. -2.5  2.0   0.2193    0.2914    0.0122
 2.50 10500. -2.5  2.0   0.2017    0.2918    0.0127
 3.00 10500. -2.5  2.0   0.1929    0.2907    0.0126
 3.50 10500. -2.5  2.0   0.1889    0.2897    0.0125
 4.00 10500. -2.5  2.0   0.1874    0.2895    0.0125
 4.50 10500. -2.5  2.0   0.1871    0.2894    0.0124
 5.00 10500. -2.5  2.0   0.1870    0.2892    0.0123
 2.50 11000. -2.5  2.0   0.1936    0.2918    0.0133
 3.00 11000. -2.5  2.0   0.1845    0.2891    0.0130
 3.50 11000. -2.5  2.0   0.1800    0.2874    0.0128
 4.00 11000. -2.5  2.0   0.1778    0.2871    0.0128
 4.50 11000. -2.5  2.0   0.1761    0.2880    0.0128
 5.00 11000. -2.5  2.0   0.1748    0.2886    0.0130
 2.50 11500. -2.5  2.0   0.1869    0.2914    0.0138
 3.00 11500. -2.5  2.0   0.1772    0.2875    0.0133
 3.50 11500. -2.5  2.0   0.1726    0.2848    0.0130
 4.00 11500. -2.5  2.0   0.1698    0.2843    0.0129
 4.50 11500. -2.5  2.0   0.1678    0.2852    0.0130
 5.00 11500. -2.5  2.0   0.1662    0.2862    0.0133
 2.50 12000. -2.5  2.0   0.1810    0.2913    0.0144
 3.00 12000. -2.5  2.0   0.1709    0.2858    0.0137
 3.50 12000. -2.5  2.0   0.1659    0.2824    0.0131
 4.00 12000. -2.5  2.0   0.1632    0.2811    0.0129
 4.50 12000. -2.5  2.0   0.1611    0.2818    0.0130
 5.00 12000. -2.5  2.0   0.1591    0.2830    0.0133
 2.50 12500. -2.5  2.0   0.1760    0.2914    0.0150
 3.00 12500. -2.5  2.0   0.1654    0.2843    0.0140
 3.50 12500. -2.5  2.0   0.1603    0.2797    0.0133
 4.00 12500. -2.5  2.0   0.1574    0.2779    0.0129
 4.50 12500. -2.5  2.0   0.1556    0.2779    0.0130
 5.00 12500. -2.5  2.0   0.1533    0.2794    0.0132
 2.50 13000. -2.5  2.0   0.1716    0.2920    0.0155
 3.00 13000. -2.5  2.0   0.1604    0.2831    0.0143
 3.50 13000. -2.5  2.0   0.1555    0.2771    0.0134
 4.00 13000. -2.5  2.0   0.1526    0.2744    0.0129
 4.50 13000. -2.5  2.0   0.1504    0.2743    0.0128
 5.00 13000. -2.5  2.0   0.1481    0.2757    0.0131
 2.00 14000. -2.5  2.0   0.1972    0.3011    0.0155
 2.50 14000. -2.5  2.0   0.1645    0.2936    0.0165
 3.00 14000. -2.5  2.0   0.1526    0.2812    0.0151
 3.50 14000. -2.5  2.0   0.1472    0.2726    0.0137
 4.00 14000. -2.5  2.0   0.1442    0.2682    0.0128
 4.50 14000. -2.5  2.0   0.1420    0.2670    0.0126
 5.00 14000. -2.5  2.0   0.1397    0.2679    0.0127
 2.50 15000. -2.5  2.0   0.1589    0.2965    0.0175
 3.00 15000. -2.5  2.0   0.1455    0.2811    0.0159
 3.50 15000. -2.5  2.0   0.1402    0.2694    0.0141
 4.00 15000. -2.5  2.0   0.1374    0.2629    0.0129
 4.50 15000. -2.5  2.0   0.1352    0.2605    0.0124
 5.00 15000. -2.5  2.0   0.1327    0.2608    0.0124
 2.50 16000. -2.5  2.0   0.1539    0.3008    0.0186
 3.00 16000. -2.5  2.0   0.1389    0.2824    0.0169
 3.50 16000. -2.5  2.0   0.1337    0.2678    0.0145
 4.00 16000. -2.5  2.0   0.1315    0.2587    0.0130
 4.50 16000. -2.5  2.0   0.1295    0.2550    0.0123
 5.00 16000. -2.5  2.0   0.1270    0.2545    0.0122
 2.50 17000. -2.5  2.0   0.1502    0.3053    0.0198
 3.00 17000. -2.5  2.0   0.1325    0.2849    0.0180
 3.50 17000. -2.5  2.0   0.1275    0.2673    0.0153
 4.00 17000. -2.5  2.0   0.1257    0.2562    0.0133
 4.50 17000. -2.5  2.0   0.1241    0.2507    0.0123
 5.00 17000. -2.5  2.0   0.1220    0.2490    0.0121
 2.50 18000. -2.5  2.0   0.1492    0.3093    0.0208
 3.00 18000. -2.5  2.0   0.1265    0.2880    0.0194
 3.50 18000. -2.5  2.0   0.1210    0.2680    0.0162
 4.00 18000. -2.5  2.0   0.1200    0.2545    0.0138
 4.50 18000. -2.5  2.0   0.1188    0.2476    0.0125
 5.00 18000. -2.5  2.0   0.1172    0.2448    0.0121
 2.50 19000. -2.5  2.0   0.1503    0.3136    0.0215
 3.00 19000. -2.5  2.0   0.1216    0.2912    0.0208
 3.50 19000. -2.5  2.0   0.1152    0.2686    0.0173
 4.00 19000. -2.5  2.0   0.1139    0.2538    0.0145
 4.50 19000. -2.5  2.0   0.1134    0.2454    0.0129
 5.00 19000. -2.5  2.0   0.1125    0.2414    0.0122
 3.00 20000. -2.5  2.0   0.1177    0.2950    0.0224
 3.50 20000. -2.5  2.0   0.1096    0.2700    0.0186
 4.00 20000. -2.5  2.0   0.1084    0.2530    0.0154
 4.50 20000. -2.5  2.0   0.1079    0.2437    0.0134
 5.00 20000. -2.5  2.0   0.1075    0.2390    0.0126
 3.00 21000. -2.5  2.0   0.1144    0.2999    0.0239
 3.50 21000. -2.5  2.0   0.1046    0.2721    0.0201
 4.00 21000. -2.5  2.0   0.1028    0.2531    0.0164
 4.50 21000. -2.5  2.0   0.1029    0.2421    0.0141
 5.00 21000. -2.5  2.0   0.1025    0.2370    0.0130
 3.00 22000. -2.5  2.0   0.1121    0.3055    0.0252
 3.50 22000. -2.5  2.0   0.0998    0.2756    0.0216
 4.00 22000. -2.5  2.0   0.0979    0.2538    0.0175
 4.50 22000. -2.5  2.0   0.0978    0.2413    0.0149
 5.00 22000. -2.5  2.0   0.0978    0.2350    0.0137
 3.00 23000. -2.5  2.0   0.1111    0.3110    0.0264
 3.50 23000. -2.5  2.0   0.0954    0.2800    0.0232
 4.00 23000. -2.5  2.0   0.0930    0.2559    0.0189
 4.50 23000. -2.5  2.0   0.0929    0.2414    0.0159
 5.00 23000. -2.5  2.0   0.0929    0.2342    0.0144
 3.00 24000. -2.5  2.0   0.1114    0.3168    0.0271
 3.50 24000. -2.5  2.0   0.0913    0.2852    0.0248
 4.00 24000. -2.5  2.0   0.0880    0.2592    0.0203
 4.50 24000. -2.5  2.0   0.0882    0.2427    0.0170
 5.00 24000. -2.5  2.0   0.0884    0.2341    0.0152
 3.00 25000. -2.5  2.0   0.1128    0.3231    0.0272
 3.50 25000. -2.5  2.0   0.0878    0.2905    0.0262
 4.00 25000. -2.5  2.0   0.0835    0.2629    0.0217
 4.50 25000. -2.5  2.0   0.0835    0.2449    0.0182
 5.00 25000. -2.5  2.0   0.0839    0.2350    0.0161
 3.00 26000. -2.5  2.0   0.1106    0.3324    0.0271
 3.50 26000. -2.5  2.0   0.0847    0.2959    0.0272
 4.00 26000. -2.5  2.0   0.0792    0.2668    0.0229
 4.50 26000. -2.5  2.0   0.0790    0.2477    0.0192
 5.00 26000. -2.5  2.0   0.0795    0.2366    0.0170
 3.50 27000. -2.5  2.0   0.0817    0.3017    0.0280
 4.00 27000. -2.5  2.0   0.0754    0.2705    0.0239
 4.50 27000. -2.5  2.0   0.0747    0.2502    0.0201
 5.00 27000. -2.5  2.0   0.0753    0.2382    0.0177
 3.50 28000. -2.5  2.0   0.0775    0.3070    0.0288
 4.00 28000. -2.5  2.0   0.0716    0.2741    0.0246
 4.50 28000. -2.5  2.0   0.0708    0.2523    0.0206
 5.00 28000. -2.5  2.0   0.0713    0.2395    0.0181
 3.50 29000. -2.5  2.0   0.0703    0.3125    0.0296
 4.00 29000. -2.5  2.0   0.0678    0.2763    0.0251
 4.50 29000. -2.5  2.0   0.0675    0.2532    0.0209
 5.00 29000. -2.5  2.0   0.0679    0.2396    0.0182
 3.50 30000. -2.5  2.0   0.0623    0.3173    0.0308
 4.00 30000. -2.5  2.0   0.0627    0.2779    0.0254
 4.50 30000. -2.5  2.0   0.0642    0.2527    0.0209
 5.00 30000. -2.5  2.0   0.0651    0.2379    0.0179
 3.50 31000. -2.5  2.0   0.0527    0.3244    0.0323
 4.00 31000. -2.5  2.0   0.0569    0.2780    0.0257
 4.50 31000. -2.5  2.0   0.0601    0.2510    0.0205
 5.00 31000. -2.5  2.0   0.0623    0.2346    0.0173
 4.00 32000. -2.5  2.0   0.0501    0.2786    0.0263
 4.50 32000. -2.5  2.0   0.0563    0.2475    0.0202
 5.00 32000. -2.5  2.0   0.0594    0.2298    0.0165
 4.00 33000. -2.5  2.0   0.0425    0.2802    0.0273
 4.50 33000. -2.5  2.0   0.0519    0.2437    0.0199
 5.00 33000. -2.5  2.0   0.0569    0.2235    0.0156
 4.00 34000. -2.5  2.0   0.0323    0.2842    0.0290
 4.50 34000. -2.5  2.0   0.0463    0.2411    0.0200
 5.00 34000. -2.5  2.0   0.0538    0.2172    0.0150
 4.00 35000. -2.5  2.0   0.0219    0.2875    0.0312
 4.50 35000. -2.5  2.0   0.0389    0.2400    0.0205
 5.00 35000. -2.5  2.0   0.0496    0.2119    0.0145
 4.50 37500. -2.5  2.0   0.0193    0.2353    0.0234
 5.00 37500. -2.5  2.0   0.0350    0.2002    0.0145
 4.50 40000. -2.5  2.0   0.0089    0.2299    0.0261
 5.00 40000. -2.5  2.0   0.0226    0.1885    0.0156
 5.00 42500. -2.5  2.0   0.0162    0.1829    0.0169
 5.00 45000. -2.5  2.0   0.0131    0.1824    0.0179
 5.00 47500. -2.5  2.0   0.0112    0.1840    0.0187
 5.00 50000. -2.5  2.0   0.0099    0.1861    0.0195
 0.00  3500. -2.0  2.0   0.7901   -0.0921    0.0032
 0.50  3500. -2.0  2.0   0.8306   -0.1207    0.0027
 1.00  3500. -2.0  2.0   0.8217   -0.1071    0.0032
 1.50  3500. -2.0  2.0   0.6567    0.0408    0.0073
 2.00  3500. -2.0  2.0   0.4106    0.2481    0.0151
 2.50  3500. -2.0  2.0   0.2630    0.3613    0.0264
 3.00  3500. -2.0  2.0   0.1953    0.4233    0.0354
 3.50  3500. -2.0  2.0   0.1710    0.4273    0.0413
 4.00  3500. -2.0  2.0   0.1862    0.4054    0.0377
 4.50  3500. -2.0  2.0   0.1925    0.4673    0.0369
 5.00  3500. -2.0  2.0   0.2251    0.4350    0.0294
 0.00  3750. -2.0  2.0   0.7486   -0.0613    0.0010
 0.50  3750. -2.0  2.0   0.7758   -0.0762    0.0006
 1.00  3750. -2.0  2.0   0.7918   -0.0794    0.0004
 1.50  3750. -2.0  2.0   0.7933   -0.0686    0.0004
 2.00  3750. -2.0  2.0   0.7159    0.0011    0.0012
 2.50  3750. -2.0  2.0   0.5132    0.1717    0.0087
 3.00  3750. -2.0  2.0   0.3142    0.3233    0.0202
 3.50  3750. -2.0  2.0   0.2153    0.3694    0.0317
 4.00  3750. -2.0  2.0   0.1721    0.4068    0.0375
 4.50  3750. -2.0  2.0   0.1488    0.4226    0.0439
 5.00  3750. -2.0  2.0   0.1571    0.4017    0.0380
 0.00  4000. -2.0  2.0   0.6892   -0.0125    0.0006
 0.50  4000. -2.0  2.0   0.6978   -0.0087    0.0002
 1.00  4000. -2.0  2.0   0.7002    0.0014    0.0001
 1.50  4000. -2.0  2.0   0.6956    0.0182    0.0003
 2.00  4000. -2.0  2.0   0.6908    0.0336    0.0005
 2.50  4000. -2.0  2.0   0.6542    0.0722    0.0002
 3.00  4000. -2.0  2.0   0.5350    0.1667    0.0030
 3.50  4000. -2.0  2.0   0.3613    0.2988    0.0149
 4.00  4000. -2.0  2.0   0.2369    0.3826    0.0279
 4.50  4000. -2.0  2.0   0.1816    0.3820    0.0329
 5.00  4000. -2.0  2.0   0.1444    0.4444    0.0438
 0.00  4250. -2.0  2.0   0.6296    0.0310    0.0012
 0.50  4250. -2.0  2.0   0.6229    0.0482    0.0006
 1.00  4250. -2.0  2.0   0.6110    0.0727    0.0002
 1.50  4250. -2.0  2.0   0.5962    0.1000    0.0001
 2.00  4250. -2.0  2.0   0.5857    0.1221    0.0001
 2.50  4250. -2.0  2.0   0.5763    0.1400    0.0001
 3.00  4250. -2.0  2.0   0.5489    0.1687    0.0001
 3.50  4250. -2.0  2.0   0.4724    0.2295    0.0021
 4.00  4250. -2.0  2.0   0.3546    0.3124    0.0111
 4.50  4250. -2.0  2.0   0.2464    0.3841    0.0243
 5.00  4250. -2.0  2.0   0.1790    0.4221    0.0353
 0.00  4500. -2.0  2.0   0.5950    0.0491    0.0018
 0.50  4500. -2.0  2.0   0.5753    0.0748    0.0015
 1.00  4500. -2.0  2.0   0.5466    0.1119    0.0013
 1.50  4500. -2.0  2.0   0.5195    0.1500    0.0011
 2.00  4500. -2.0  2.0   0.4977    0.1834    0.0010
 2.50  4500. -2.0  2.0   0.4832    0.2076    0.0009
 3.00  4500. -2.0  2.0   0.4713    0.2261    0.0009
 3.50  4500. -2.0  2.0   0.4489    0.2500    0.0013
 4.00  4500. -2.0  2.0   0.3967    0.2871    0.0040
 4.50  4500. -2.0  2.0   0.3107    0.3528    0.0113
 5.00  4500. -2.0  2.0   0.2331    0.3901    0.0218
 0.00  4750. -2.0  2.0   0.5683    0.0678    0.0019
 0.50  4750. -2.0  2.0   0.5440    0.0937    0.0020
 1.00  4750. -2.0  2.0   0.5111    0.1295    0.0023
 1.50  4750. -2.0  2.0   0.4761    0.1697    0.0028
 2.00  4750. -2.0  2.0   0.4426    0.2103    0.0033
 2.50  4750. -2.0  2.0   0.4182    0.2433    0.0035
 3.00  4750. -2.0  2.0   0.4013    0.2672    0.0036
 3.50  4750. -2.0  2.0   0.3850    0.2877    0.0041
 4.00  4750. -2.0  2.0   0.3606    0.3132    0.0050
 4.50  4750. -2.0  2.0   0.3158    0.3439    0.0085
 5.00  4750. -2.0  2.0   0.2560    0.3831    0.0155
 0.00  5000. -2.0  2.0   0.5399    0.0923    0.0021
 0.50  5000. -2.0  2.0   0.5176    0.1148    0.0024
 1.00  5000. -2.0  2.0   0.4875    0.1454    0.0030
 1.50  5000. -2.0  2.0   0.4525    0.1817    0.0040
 2.00  5000. -2.0  2.0   0.4174    0.2189    0.0050
 2.50  5000. -2.0  2.0   0.3895    0.2498    0.0057
 3.00  5000. -2.0  2.0   0.3675    0.2749    0.0062
 3.50  5000. -2.0  2.0   0.3488    0.2955    0.0071
 4.00  5000. -2.0  2.0   0.3266    0.3174    0.0085
 4.50  5000. -2.0  2.0   0.2968    0.3385    0.0109
 5.00  5000. -2.0  2.0   0.2558    0.3641    0.0153
 0.00  5250. -2.0  2.0   0.5062    0.1215    0.0027
 0.50  5250. -2.0  2.0   0.4904    0.1379    0.0031
 1.00  5250. -2.0  2.0   0.4652    0.1633    0.0039
 1.50  5250. -2.0  2.0   0.4355    0.1933    0.0048
 2.00  5250. -2.0  2.0   0.4047    0.2239    0.0060
 2.50  5250. -2.0  2.0   0.3766    0.2525    0.0067
 3.00  5250. -2.0  2.0   0.3532    0.2761    0.0073
 3.50  5250. -2.0  2.0   0.3342    0.2944    0.0080
 4.00  5250. -2.0  2.0   0.3139    0.3120    0.0094
 4.50  5250. -2.0  2.0   0.2974    0.3282    0.0096
 5.00  5250. -2.0  2.0   0.2557    0.3551    0.0146
 0.00  5500. -2.0  2.0   0.4661    0.1566    0.0037
 0.50  5500. -2.0  2.0   0.4581    0.1651    0.0042
 1.00  5500. -2.0  2.0   0.4411    0.1832    0.0049
 1.50  5500. -2.0  2.0   0.4187    0.2051    0.0059
 2.00  5500. -2.0  2.0   0.3943    0.2288    0.0068
 2.50  5500. -2.0  2.0   0.3694    0.2533    0.0074
 3.00  5500. -2.0  2.0   0.3486    0.2741    0.0075
 3.50  5500. -2.0  2.0   0.3264    0.2953    0.0080
 4.00  5500. -2.0  2.0   0.3078    0.3104    0.0092
 4.50  5500. -2.0  2.0   0.2851    0.3269    0.0113
 5.00  5500. -2.0  2.0   0.2571    0.3460    0.0146
 0.00  5750. -2.0  2.0   0.5457    0.0852    0.0020
 0.50  5750. -2.0  2.0   0.4436    0.1754    0.0049
 1.00  5750. -2.0  2.0   0.4132    0.2054    0.0061
 1.50  5750. -2.0  2.0   0.4008    0.2178    0.0068
 2.00  5750. -2.0  2.0   0.3817    0.2358    0.0076
 2.50  5750. -2.0  2.0   0.3630    0.2541    0.0078
 3.00  5750. -2.0  2.0   0.3425    0.2748    0.0078
 3.50  5750. -2.0  2.0   0.3229    0.2924    0.0080
 4.00  5750. -2.0  2.0   0.3137    0.2995    0.0077
 4.50  5750. -2.0  2.0   0.2887    0.3189    0.0100
 5.00  5750. -2.0  2.0   0.2638    0.3358    0.0126
 0.00  6000. -2.0  2.0   0.5515    0.0866    0.0007
 0.50  6000. -2.0  2.0   0.5210    0.1084    0.0021
 1.00  6000. -2.0  2.0   0.4064    0.2061    0.0069
 1.50  6000. -2.0  2.0   0.3761    0.2366    0.0077
 2.00  6000. -2.0  2.0   0.3657    0.2461    0.0081
 2.50  6000. -2.0  2.0   0.3522    0.2584    0.0082
 3.00  6000. -2.0  2.0   0.3397    0.2706    0.0075
 3.50  6000. -2.0  2.0   0.3265    0.2826    0.0073
 4.00  6000. -2.0  2.0   0.3088    0.2986    0.0076
 4.50  6000. -2.0  2.0   0.2969    0.3065    0.0080
 5.00  6000. -2.0  2.0   0.2699    0.3268    0.0107
 0.50  6250. -2.0  2.0   0.5198    0.1169    0.0008
 1.00  6250. -2.0  2.0   0.4786    0.1461    0.0029
 1.50  6250. -2.0  2.0   0.3752    0.2311    0.0084
 2.00  6250. -2.0  2.0   0.3457    0.2596    0.0085
 2.50  6250. -2.0  2.0   0.3404    0.2641    0.0082
 3.00  6250. -2.0  2.0   0.3302    0.2732    0.0078
 3.50  6250. -2.0  2.0   0.3192    0.2841    0.0072
 4.00  6250. -2.0  2.0   0.3073    0.2940    0.0070
 4.50  6250. -2.0  2.0   0.2952    0.3035    0.0073
 5.00  6250. -2.0  2.0   0.2755    0.3175    0.0088
 0.50  6500. -2.0  2.0   0.5156    0.1253    0.0005
 1.00  6500. -2.0  2.0   0.4858    0.1475    0.0010
 1.50  6500. -2.0  2.0   0.4493    0.1668    0.0039
 2.00  6500. -2.0  2.0   0.3415    0.2530    0.0108
 2.50  6500. -2.0  2.0   0.3187    0.2778    0.0090
 3.00  6500. -2.0  2.0   0.3160    0.2799    0.0082
 3.50  6500. -2.0  2.0   0.3121    0.2834    0.0074
 4.00  6500. -2.0  2.0   0.3050    0.2888    0.0070
 4.50  6500. -2.0  2.0   0.2943    0.2986    0.0067
 5.00  6500. -2.0  2.0   0.2793    0.3095    0.0075
 0.50  6750. -2.0  2.0   0.4893    0.1501    0.0006
 1.00  6750. -2.0  2.0   0.4813    0.1550    0.0007
 1.50  6750. -2.0  2.0   0.4506    0.1757    0.0014
 2.00  6750. -2.0  2.0   0.4022    0.2034    0.0050
 2.50  6750. -2.0  2.0   0.3164    0.2708    0.0108
 3.00  6750. -2.0  2.0   0.2980    0.2919    0.0084
 3.50  6750. -2.0  2.0   0.2985    0.2898    0.0077
 4.00  6750. -2.0  2.0   0.2956    0.2914    0.0071
 4.50  6750. -2.0  2.0   0.2903    0.2952    0.0066
 5.00  6750. -2.0  2.0   0.2784    0.3050    0.0069
 0.50  7000. -2.0  2.0   0.4493    0.1857    0.0010
 1.00  7000. -2.0  2.0   0.4535    0.1793    0.0010
 1.50  7000. -2.0  2.0   0.4467    0.1815    0.0010
 2.00  7000. -2.0  2.0   0.4155    0.2006    0.0019
 2.50  7000. -2.0  2.0   0.3677    0.2269    0.0058
 3.00  7000. -2.0  2.0   0.2874    0.2933    0.0099
 3.50  7000. -2.0  2.0   0.2816    0.3002    0.0081
 4.00  7000. -2.0  2.0   0.2805    0.2999    0.0076
 4.50  7000. -2.0  2.0   0.2804    0.2995    0.0067
 5.00  7000. -2.0  2.0   0.2739    0.3036    0.0066
 0.50  7250. -2.0  2.0   0.4062    0.2203    0.0016
 1.00  7250. -2.0  2.0   0.4082    0.2175    0.0017
 1.50  7250. -2.0  2.0   0.4151    0.2074    0.0016
 2.00  7250. -2.0  2.0   0.4104    0.2070    0.0014
 2.50  7250. -2.0  2.0   0.3771    0.2272    0.0025
 3.00  7250. -2.0  2.0   0.3222    0.2597    0.0074
 3.50  7250. -2.0  2.0   0.2622    0.3097    0.0100
 4.00  7250. -2.0  2.0   0.2621    0.3113    0.0081
 4.50  7250. -2.0  2.0   0.2642    0.3088    0.0071
 5.00  7250. -2.0  2.0   0.2623    0.3092    0.0066
 0.50  7500. -2.0  2.0   0.3715    0.2423    0.0027
 1.00  7500. -2.0  2.0   0.3706    0.2446    0.0028
 1.50  7500. -2.0  2.0   0.3745    0.2387    0.0027
 2.00  7500. -2.0  2.0   0.3839    0.2258    0.0023
 2.50  7500. -2.0  2.0   0.3793    0.2259    0.0019
 3.00  7500. -2.0  2.0   0.3421    0.2493    0.0036
 3.50  7500. -2.0  2.0   0.2780    0.2928    0.0087
 4.00  7500. -2.0  2.0   0.2474    0.3184    0.0091
 4.50  7500. -2.0  2.0   0.2488    0.3169    0.0079
 5.00  7500. -2.0  2.0   0.2493    0.3153    0.0072
 1.00  7750. -2.0  2.0   0.3403    0.2622    0.0042
 1.50  7750. -2.0  2.0   0.3383    0.2628    0.0043
 2.00  7750. -2.0  2.0   0.3450    0.2537    0.0039
 2.50  7750. -2.0  2.0   0.3554    0.2403    0.0031
 3.00  7750. -2.0  2.0   0.3472    0.2446    0.0027
 3.50  7750. -2.0  2.0   0.3026    0.2743    0.0052
 4.00  7750. -2.0  2.0   0.2396    0.3190    0.0103
 4.50  7750. -2.0  2.0   0.2346    0.3239    0.0085
 5.00  7750. -2.0  2.0   0.2352    0.3216    0.0080
 1.00  8000. -2.0  2.0   0.3189    0.2707    0.0057
 1.50  8000. -2.0  2.0   0.3091    0.2787    0.0060
 2.00  8000. -2.0  2.0   0.3114    0.2744    0.0057
 2.50  8000. -2.0  2.0   0.3200    0.2639    0.0049
 3.00  8000. -2.0  2.0   0.3315    0.2504    0.0038
 3.50  8000. -2.0  2.0   0.3157    0.2627    0.0035
 4.00  8000. -2.0  2.0   0.2624    0.2999    0.0072
 4.50  8000. -2.0  2.0   0.2154    0.3315    0.0112
 5.00  8000. -2.0  2.0   0.2183    0.3309    0.0090
 1.50  8250. -2.0  2.0   0.2891    0.2862    0.0075
 2.00  8250. -2.0  2.0   0.2837    0.2885    0.0076
 2.50  8250. -2.0  2.0   0.2881    0.2824    0.0069
 3.00  8250. -2.0  2.0   0.2987    0.2707    0.0057
 3.50  8250. -2.0  2.0   0.3099    0.2586    0.0044
 4.00  8250. -2.0  2.0   0.2835    0.2817    0.0045
 4.50  8250. -2.0  2.0   0.2254    0.3231    0.0092
 5.00  8250. -2.0  2.0   0.1974    0.3397    0.0120
 1.50  8500. -2.0  2.0   0.2771    0.2872    0.0085
 2.00  8500. -2.0  2.0   0.2652    0.2941    0.0091
 2.50  8500. -2.0  2.0   0.2647    0.2921    0.0088
 3.00  8500. -2.0  2.0   0.2713    0.2849    0.0076
 3.50  8500. -2.0  2.0   0.2820    0.2742    0.0063
 4.00  8500. -2.0  2.0   0.2888    0.2675    0.0050
 4.50  8500. -2.0  2.0   0.2485    0.3023    0.0061
 5.00  8500. -2.0  2.0   0.1979    0.3389    0.0104
 2.00  8750. -2.0  2.0   0.2530    0.2948    0.0100
 2.50  8750. -2.0  2.0   0.2477    0.2960    0.0101
 3.00  8750. -2.0  2.0   0.2498    0.2930    0.0093
 3.50  8750. -2.0  2.0   0.2580    0.2855    0.0081
 4.00  8750. -2.0  2.0   0.2678    0.2761    0.0067
 4.50  8750. -2.0  2.0   0.2637    0.2809    0.0056
 5.00  8750. -2.0  2.0   0.2139    0.3229    0.0081
 2.00  9000. -2.0  2.0   0.2481    0.2909    0.0107
 2.50  9000. -2.0  2.0   0.2386    0.2938    0.0110
 3.00  9000. -2.0  2.0   0.2380    0.2921    0.0106
 3.50  9000. -2.0  2.0   0.2422    0.2884    0.0098
 4.00  9000. -2.0  2.0   0.2502    0.2817    0.0086
 4.50  9000. -2.0  2.0   0.2604    0.2720    0.0072
 5.00  9000. -2.0  2.0   0.2716    0.2600    0.0061
 2.00  9250. -2.0  2.0   0.2417    0.2903    0.0110
 2.50  9250. -2.0  2.0   0.2298    0.2932    0.0115
 3.00  9250. -2.0  2.0   0.2260    0.2929    0.0113
 3.50  9250. -2.0  2.0   0.2277    0.2907    0.0108
 4.00  9250. -2.0  2.0   0.2328    0.2870    0.0100
 4.50  9250. -2.0  2.0   0.2404    0.2809    0.0088
 5.00  9250. -2.0  2.0   0.2498    0.2713    0.0076
 2.00  9500. -2.0  2.0   0.2364    0.2900    0.0113
 2.50  9500. -2.0  2.0   0.2228    0.2926    0.0118
 3.00  9500. -2.0  2.0   0.2173    0.2925    0.0118
 3.50  9500. -2.0  2.0   0.2168    0.2911    0.0114
 4.00  9500. -2.0  2.0   0.2195    0.2892    0.0109
 4.50  9500. -2.0  2.0   0.2243    0.2860    0.0101
 5.00  9500. -2.0  2.0   0.2315    0.2794    0.0091
 2.00  9750. -2.0  2.0   0.2316    0.2903    0.0115
 2.50  9750. -2.0  2.0   0.2168    0.2923    0.0121
 3.00  9750. -2.0  2.0   0.2100    0.2920    0.0121
 3.50  9750. -2.0  2.0   0.2079    0.2912    0.0119
 4.00  9750. -2.0  2.0   0.2089    0.2899    0.0116
 4.50  9750. -2.0  2.0   0.2115    0.2883    0.0111
 5.00  9750. -2.0  2.0   0.2164    0.2845    0.0103
 2.00 10000. -2.0  2.0   0.2267    0.2911    0.0118
 2.50 10000. -2.0  2.0   0.2112    0.2923    0.0124
 3.00 10000. -2.0  2.0   0.2039    0.2914    0.0124
 3.50 10000. -2.0  2.0   0.2008    0.2907    0.0122
 4.00 10000. -2.0  2.0   0.2007    0.2897    0.0120
 4.50 10000. -2.0  2.0   0.2016    0.2891    0.0117
 5.00 10000. -2.0  2.0   0.2042    0.2873    0.0112
 2.00 10500. -2.0  2.0   0.2186    0.2924    0.0125
 2.50 10500. -2.0  2.0   0.2012    0.2925    0.0129
 3.00 10500. -2.0  2.0   0.1936    0.2902    0.0129
 3.50 10500. -2.0  2.0   0.1897    0.2889    0.0127
 4.00 10500. -2.0  2.0   0.1880    0.2885    0.0126
 4.50 10500. -2.0  2.0   0.1876    0.2882    0.0125
 5.00 10500. -2.0  2.0   0.1872    0.2882    0.0124
 2.50 11000. -2.0  2.0   0.1929    0.2924    0.0135
 3.00 11000. -2.0  2.0   0.1848    0.2888    0.0132
 3.50 11000. -2.0  2.0   0.1805    0.2868    0.0130
 4.00 11000. -2.0  2.0   0.1784    0.2861    0.0129
 4.50 11000. -2.0  2.0   0.1768    0.2867    0.0129
 5.00 11000. -2.0  2.0   0.1753    0.2872    0.0130
 2.50 11500. -2.0  2.0   0.1857    0.2922    0.0141
 3.00 11500. -2.0  2.0   0.1773    0.2871    0.0136
 3.50 11500. -2.0  2.0   0.1727    0.2845    0.0132
 4.00 11500. -2.0  2.0   0.1703    0.2835    0.0130
 4.50 11500. -2.0  2.0   0.1683    0.2842    0.0131
 5.00 11500. -2.0  2.0   0.1666    0.2850    0.0133
 2.50 12000. -2.0  2.0   0.1797    0.2920    0.0147
 3.00 12000. -2.0  2.0   0.1703    0.2857    0.0140
 3.50 12000. -2.0  2.0   0.1659    0.2818    0.0134
 4.00 12000. -2.0  2.0   0.1634    0.2804    0.0131
 4.50 12000. -2.0  2.0   0.1615    0.2808    0.0131
 5.00 12000. -2.0  2.0   0.1597    0.2818    0.0134
 2.50 12500. -2.0  2.0   0.1748    0.2918    0.0153
 3.00 12500. -2.0  2.0   0.1647    0.2841    0.0143
 3.50 12500. -2.0  2.0   0.1599    0.2792    0.0135
 4.00 12500. -2.0  2.0   0.1576    0.2769    0.0131
 4.50 12500. -2.0  2.0   0.1556    0.2771    0.0130
 5.00 12500. -2.0  2.0   0.1536    0.2783    0.0133
 2.50 13000. -2.0  2.0   0.1706    0.2919    0.0158
 3.00 13000. -2.0  2.0   0.1598    0.2825    0.0147
 3.50 13000. -2.0  2.0   0.1549    0.2764    0.0136
 4.00 13000. -2.0  2.0   0.1525    0.2734    0.0131
 4.50 13000. -2.0  2.0   0.1505    0.2732    0.0129
 5.00 13000. -2.0  2.0   0.1483    0.2746    0.0131
 2.00 14000. -2.0  2.0   0.1963    0.3015    0.0157
 2.50 14000. -2.0  2.0   0.1635    0.2936    0.0168
 3.00 14000. -2.0  2.0   0.1519    0.2804    0.0154
 3.50 14000. -2.0  2.0   0.1464    0.2717    0.0138
 4.00 14000. -2.0  2.0   0.1439    0.2668    0.0130
 4.50 14000. -2.0  2.0   0.1420    0.2655    0.0126
 5.00 14000. -2.0  2.0   0.1398    0.2664    0.0127
 2.50 15000. -2.0  2.0   0.1585    0.2958    0.0178
 3.00 15000. -2.0  2.0   0.1451    0.2798    0.0161
 3.50 15000. -2.0  2.0   0.1398    0.2678    0.0142
 4.00 15000. -2.0  2.0   0.1370    0.2612    0.0130
 4.50 15000. -2.0  2.0   0.1352    0.2585    0.0124
 5.00 15000. -2.0  2.0   0.1329    0.2587    0.0124
 2.50 16000. -2.0  2.0   0.1536    0.2999    0.0188
 3.00 16000. -2.0  2.0   0.1390    0.2805    0.0170
 3.50 16000. -2.0  2.0   0.1337    0.2657    0.0146
 4.00 16000. -2.0  2.0   0.1316    0.2564    0.0130
 4.50 16000. -2.0  2.0   0.1296    0.2525    0.0122
 5.00 16000. -2.0  2.0   0.1275    0.2517    0.0121
 2.50 17000. -2.0  2.0   0.1505    0.3041    0.0198
 3.00 17000. -2.0  2.0   0.1328    0.2828    0.0180
 3.50 17000. -2.0  2.0   0.1278    0.2648    0.0151
 4.00 17000. -2.0  2.0   0.1260    0.2534    0.0132
 4.50 17000. -2.0  2.0   0.1246    0.2477    0.0122
 5.00 17000. -2.0  2.0   0.1225    0.2462    0.0118
 2.50 18000. -2.0  2.0   0.1497    0.3081    0.0209
 3.00 18000. -2.0  2.0   0.1272    0.2857    0.0194
 3.50 18000. -2.0  2.0   0.1217    0.2652    0.0160
 4.00 18000. -2.0  2.0   0.1203    0.2518    0.0136
 4.50 18000. -2.0  2.0   0.1194    0.2445    0.0123
 5.00 18000. -2.0  2.0   0.1179    0.2417    0.0118
 2.50 19000. -2.0  2.0   0.1505    0.3130    0.0216
 3.00 19000. -2.0  2.0   0.1222    0.2892    0.0208
 3.50 19000. -2.0  2.0   0.1160    0.2658    0.0172
 4.00 19000. -2.0  2.0   0.1146    0.2508    0.0143
 4.50 19000. -2.0  2.0   0.1142    0.2423    0.0126
 5.00 19000. -2.0  2.0   0.1132    0.2385    0.0120
 3.00 20000. -2.0  2.0   0.1179    0.2937    0.0224
 3.50 20000. -2.0  2.0   0.1102    0.2677    0.0185
 4.00 20000. -2.0  2.0   0.1091    0.2502    0.0151
 4.50 20000. -2.0  2.0   0.1087    0.2409    0.0132
 5.00 20000. -2.0  2.0   0.1083    0.2362    0.0123
 3.00 21000. -2.0  2.0   0.1141    0.2991    0.0240
 3.50 21000. -2.0  2.0   0.1051    0.2701    0.0200
 4.00 21000. -2.0  2.0   0.1037    0.2504    0.0162
 4.50 21000. -2.0  2.0   0.1036    0.2395    0.0139
 5.00 21000. -2.0  2.0   0.1031    0.2345    0.0128
 3.00 22000. -2.0  2.0   0.1111    0.3052    0.0255
 3.50 22000. -2.0  2.0   0.1001    0.2738    0.0216
 4.00 22000. -2.0  2.0   0.0984    0.2517    0.0174
 4.50 22000. -2.0  2.0   0.0984    0.2390    0.0147
 5.00 22000. -2.0  2.0   0.0984    0.2328    0.0134
 3.00 23000. -2.0  2.0   0.1097    0.3110    0.0268
 3.50 23000. -2.0  2.0   0.0950    0.2789    0.0233
 4.00 23000. -2.0  2.0   0.0931    0.2542    0.0188
 4.50 23000. -2.0  2.0   0.0935    0.2394    0.0158
 5.00 23000. -2.0  2.0   0.0934    0.2323    0.0142
 3.00 24000. -2.0  2.0   0.1100    0.3165    0.0275
 3.50 24000. -2.0  2.0   0.0906    0.2841    0.0249
 4.00 24000. -2.0  2.0   0.0882    0.2575    0.0203
 4.50 24000. -2.0  2.0   0.0886    0.2410    0.0169
 5.00 24000. -2.0  2.0   0.0888    0.2325    0.0151
 3.00 25000. -2.0  2.0   0.1111    0.3231    0.0275
 3.50 25000. -2.0  2.0   0.0870    0.2892    0.0264
 4.00 25000. -2.0  2.0   0.0832    0.2615    0.0217
 4.50 25000. -2.0  2.0   0.0837    0.2434    0.0181
 5.00 25000. -2.0  2.0   0.0841    0.2336    0.0160
 3.00 26000. -2.0  2.0   0.1098    0.3321    0.0274
 3.50 26000. -2.0  2.0   0.0840    0.2945    0.0274
 4.00 26000. -2.0  2.0   0.0787    0.2654    0.0230
 4.50 26000. -2.0  2.0   0.0789    0.2462    0.0192
 5.00 26000. -2.0  2.0   0.0799    0.2349    0.0169
 3.50 27000. -2.0  2.0   0.0809    0.3004    0.0282
 4.00 27000. -2.0  2.0   0.0750    0.2689    0.0239
 4.50 27000. -2.0  2.0   0.0746    0.2487    0.0200
 5.00 27000. -2.0  2.0   0.0755    0.2366    0.0176
 3.50 28000. -2.0  2.0   0.0769    0.3062    0.0289
 4.00 28000. -2.0  2.0   0.0715    0.2720    0.0246
 4.50 28000. -2.0  2.0   0.0707    0.2505    0.0205
 5.00 28000. -2.0  2.0   0.0714    0.2378    0.0180
 3.50 29000. -2.0  2.0   0.0702    0.3120    0.0298
 4.00 29000. -2.0  2.0   0.0674    0.2749    0.0250
 4.50 29000. -2.0  2.0   0.0672    0.2515    0.0207
 5.00 29000. -2.0  2.0   0.0678    0.2379    0.0180
 4.00 30000. -2.0  2.0   0.0626    0.2768    0.0253
 4.50 30000. -2.0  2.0   0.0642    0.2510    0.0207
 5.00 30000. -2.0  2.0   0.0652    0.2361    0.0177
 4.00 31000. -2.0  2.0   0.0573    0.2772    0.0257
 4.50 31000. -2.0  2.0   0.0604    0.2496    0.0204
 5.00 31000. -2.0  2.0   0.0626    0.2330    0.0172
 4.00 32000. -2.0  2.0   0.0508    0.2780    0.0264
 4.50 32000. -2.0  2.0   0.0569    0.2464    0.0201
 5.00 32000. -2.0  2.0   0.0597    0.2287    0.0164
 4.50 33000. -2.0  2.0   0.0525    0.2431    0.0200
 5.00 33000. -2.0  2.0   0.0574    0.2226    0.0156
 4.50 34000. -2.0  2.0   0.0470    0.2408    0.0201
 5.00 34000. -2.0  2.0   0.0543    0.2168    0.0149
 4.50 35000. -2.0  2.0   0.0398    0.2399    0.0207
 5.00 35000. -2.0  2.0   0.0499    0.2120    0.0145
 4.50 37500. -2.0  2.0   0.0196    0.2364    0.0237
 5.00 37500. -2.0  2.0   0.0350    0.2014    0.0147
 4.50 40000. -2.0  2.0   0.0091    0.2312    0.0265
 5.00 40000. -2.0  2.0   0.0227    0.1896    0.0160
 5.00 42500. -2.0  2.0   0.0162    0.1841    0.0172
 5.00 45000. -2.0  2.0   0.0129    0.1835    0.0183
 5.00 47500. -2.0  2.0   0.0112    0.1848    0.0191
 5.00 50000. -2.0  2.0   0.0094    0.1871    0.0198
 0.00  3500. -1.5  2.0   0.8402   -0.1152    0.0054
 0.50  3500. -1.5  2.0   0.8735   -0.1358    0.0045
 1.00  3500. -1.5  2.0   0.8860   -0.1383    0.0038
 1.50  3500. -1.5  2.0   0.8112   -0.0672    0.0061
 2.00  3500. -1.5  2.0   0.5651    0.1537    0.0134
 2.50  3500. -1.5  2.0   0.3352    0.3567    0.0237
 3.00  3500. -1.5  2.0   0.2215    0.4480    0.0373
 3.50  3500. -1.5  2.0   0.1762    0.4796    0.0459
 4.00  3500. -1.5  2.0   0.1696    0.4797    0.0478
 4.50  3500. -1.5  2.0   0.1827    0.4741    0.0437
 5.00  3500. -1.5  2.0   0.2063    0.4561    0.0371
 0.00  3750. -1.5  2.0   0.7995   -0.0888    0.0020
 0.50  3750. -1.5  2.0   0.8212   -0.0986    0.0015
 1.00  3750. -1.5  2.0   0.8328   -0.0986    0.0011
 1.50  3750. -1.5  2.0   0.8305   -0.0854    0.0011
 2.00  3750. -1.5  2.0   0.8060   -0.0573    0.0017
 2.50  3750. -1.5  2.0   0.6568    0.0684    0.0077
 3.00  3750. -1.5  2.0   0.4128    0.2678    0.0203
 3.50  3750. -1.5  2.0   0.2479    0.3998    0.0354
 4.00  3750. -1.5  2.0   0.1807    0.4371    0.0442
 4.50  3750. -1.5  2.0   0.1484    0.4930    0.0490
 5.00  3750. -1.5  2.0   0.1513    0.4917    0.0466
 0.00  4000. -1.5  2.0   0.7381   -0.0389    0.0008
 0.50  4000. -1.5  2.0   0.7499   -0.0388    0.0004
 1.00  4000. -1.5  2.0   0.7573   -0.0346    0.0003
 1.50  4000. -1.5  2.0   0.7550   -0.0223    0.0004
 2.00  4000. -1.5  2.0   0.7463   -0.0062    0.0005
 2.50  4000. -1.5  2.0   0.7328    0.0119    0.0006
 3.00  4000. -1.5  2.0   0.6657    0.0656    0.0023
 3.50  4000. -1.5  2.0   0.4873    0.2067    0.0120
 4.00  4000. -1.5  2.0   0.3088    0.3384    0.0247
 4.50  4000. -1.5  2.0   0.2032    0.4151    0.0384
 5.00  4000. -1.5  2.0   0.1590    0.4438    0.0454
 0.00  4250. -1.5  2.0   0.6693    0.0136    0.0008
 0.50  4250. -1.5  2.0   0.6825    0.0140    0.0003
 1.00  4250. -1.5  2.0   0.6717    0.0363    0.0002
 1.50  4250. -1.5  2.0   0.6577    0.0605    0.0002
 2.00  4250. -1.5  2.0   0.6545    0.0713    0.0002
 2.50  4250. -1.5  2.0   0.6509    0.0801    0.0003
 3.00  4250. -1.5  2.0   0.6433    0.0904    0.0004
 3.50  4250. -1.5  2.0   0.6090    0.1202    0.0007
 4.00  4250. -1.5  2.0   0.4971    0.2035    0.0058
 4.50  4250. -1.5  2.0   0.3468    0.3136    0.0183
 5.00  4250. -1.5  2.0   0.2313    0.3917    0.0314
 0.00  4500. -1.5  2.0   0.6124    0.0490    0.0015
 0.50  4500. -1.5  2.0   0.5994    0.0728    0.0010
 1.00  4500. -1.5  2.0   0.5844    0.0996    0.0008
 1.50  4500. -1.5  2.0   0.5690    0.1264    0.0005
 2.00  4500. -1.5  2.0   0.5615    0.1438    0.0004
 2.50  4500. -1.5  2.0   0.5587    0.1534    0.0004
 3.00  4500. -1.5  2.0   0.5563    0.1601    0.0004
 3.50  4500. -1.5  2.0   0.5499    0.1685    0.0005
 4.00  4500. -1.5  2.0   0.5257    0.1901    0.0008
 4.50  4500. -1.5  2.0   0.4547    0.2440    0.0037
 5.00  4500. -1.5  2.0   0.3466    0.3130    0.0129
 0.00  4750. -1.5  2.0   0.5742    0.0696    0.0019
 0.50  4750. -1.5  2.0   0.5541    0.0958    0.0018
 1.00  4750. -1.5  2.0   0.5282    0.1295    0.0019
 1.50  4750. -1.5  2.0   0.5039    0.1636    0.0019
 2.00  4750. -1.5  2.0   0.4862    0.1908    0.0019
 2.50  4750. -1.5  2.0   0.4828    0.2040    0.0014
 3.00  4750. -1.5  2.0   0.4776    0.2153    0.0013
 3.50  4750. -1.5  2.0   0.4743    0.2225    0.0013
 4.00  4750. -1.5  2.0   0.4615    0.2368    0.0015
 4.50  4750. -1.5  2.0   0.4392    0.2586    0.0017
 5.00  4750. -1.5  2.0   0.3875    0.2930    0.0049
 0.00  5000. -1.5  2.0   0.5420    0.0933    0.0022
 0.50  5000. -1.5  2.0   0.5207    0.1168    0.0024
 1.00  5000. -1.5  2.0   0.4940    0.1462    0.0031
 1.50  5000. -1.5  2.0   0.4650    0.1796    0.0036
 2.00  5000. -1.5  2.0   0.4406    0.2102    0.0040
 2.50  5000. -1.5  2.0   0.4212    0.2362    0.0040
 3.00  5000. -1.5  2.0   0.4128    0.2522    0.0034
 3.50  5000. -1.5  2.0   0.4034    0.2654    0.0036
 4.00  5000. -1.5  2.0   0.4021    0.2713    0.0032
 4.50  5000. -1.5  2.0   0.3802    0.2922    0.0041
 5.00  5000. -1.5  2.0   0.3576    0.3141    0.0044
 0.00  5250. -1.5  2.0   0.5068    0.1228    0.0028
 0.50  5250. -1.5  2.0   0.4910    0.1398    0.0032
 1.00  5250. -1.5  2.0   0.4675    0.1639    0.0041
 1.50  5250. -1.5  2.0   0.4407    0.1917    0.0049
 2.00  5250. -1.5  2.0   0.4142    0.2198    0.0057
 2.50  5250. -1.5  2.0   0.3900    0.2479    0.0058
 3.00  5250. -1.5  2.0   0.3741    0.2666    0.0058
 3.50  5250. -1.5  2.0   0.3630    0.2811    0.0057
 4.00  5250. -1.5  2.0   0.3539    0.2919    0.0059
 4.50  5250. -1.5  2.0   0.3453    0.3028    0.0058
 5.00  5250. -1.5  2.0   0.3163    0.3275    0.0080
 0.00  5500. -1.5  2.0   0.4607    0.1624    0.0041
 0.50  5500. -1.5  2.0   0.4577    0.1671    0.0044
 1.00  5500. -1.5  2.0   0.4414    0.1838    0.0053
 1.50  5500. -1.5  2.0   0.4211    0.2042    0.0061
 2.00  5500. -1.5  2.0   0.3978    0.2274    0.0069
 2.50  5500. -1.5  2.0   0.3774    0.2483    0.0071
 3.00  5500. -1.5  2.0   0.3576    0.2698    0.0069
 3.50  5500. -1.5  2.0   0.3410    0.2865    0.0070
 4.00  5500. -1.5  2.0   0.3295    0.2973    0.0074
 4.50  5500. -1.5  2.0   0.3134    0.3112    0.0085
 5.00  5500. -1.5  2.0   0.3032    0.3212    0.0083
 0.00  5750. -1.5  2.0   0.5463    0.0858    0.0021
 0.50  5750. -1.5  2.0   0.4401    0.1786    0.0056
 1.00  5750. -1.5  2.0   0.4118    0.2074    0.0066
 1.50  5750. -1.5  2.0   0.4002    0.2192    0.0072
 2.00  5750. -1.5  2.0   0.3826    0.2361    0.0078
 2.50  5750. -1.5  2.0   0.3655    0.2527    0.0079
 3.00  5750. -1.5  2.0   0.3508    0.2675    0.0073
 3.50  5750. -1.5  2.0   0.3315    0.2863    0.0075
 4.00  5750. -1.5  2.0   0.3192    0.2969    0.0076
 4.50  5750. -1.5  2.0   0.3037    0.3089    0.0086
 5.00  5750. -1.5  2.0   0.2834    0.3242    0.0102
 0.00  6000. -1.5  2.0   0.5492    0.0905    0.0008
 0.50  6000. -1.5  2.0   0.5175    0.1141    0.0023
 1.00  6000. -1.5  2.0   0.4057    0.2080    0.0073
 1.50  6000. -1.5  2.0   0.3731    0.2392    0.0086
 2.00  6000. -1.5  2.0   0.3646    0.2475    0.0088
 2.50  6000. -1.5  2.0   0.3511    0.2606    0.0088
 3.00  6000. -1.5  2.0   0.3386    0.2733    0.0080
 3.50  6000. -1.5  2.0   0.3292    0.2809    0.0074
 4.00  6000. -1.5  2.0   0.3132    0.2953    0.0075
 4.50  6000. -1.5  2.0   0.2996    0.3054    0.0081
 5.00  6000. -1.5  2.0   0.2809    0.3185    0.0097
 0.50  6250. -1.5  2.0   0.5192    0.1196    0.0010
 1.00  6250. -1.5  2.0   0.4791    0.1469    0.0032
 1.50  6250. -1.5  2.0   0.3864    0.2150    0.0090
 2.00  6250. -1.5  2.0   0.3436    0.2622    0.0093
 2.50  6250. -1.5  2.0   0.3385    0.2665    0.0090
 3.00  6250. -1.5  2.0   0.3292    0.2748    0.0084
 3.50  6250. -1.5  2.0   0.3193    0.2848    0.0076
 4.00  6250. -1.5  2.0   0.3078    0.2936    0.0076
 4.50  6250. -1.5  2.0   0.2990    0.3004    0.0074
 5.00  6250. -1.5  2.0   0.2814    0.3127    0.0086
 0.50  6500. -1.5  2.0   0.5132    0.1285    0.0006
 1.00  6500. -1.5  2.0   0.4846    0.1508    0.0012
 1.50  6500. -1.5  2.0   0.4498    0.1699    0.0038
 2.00  6500. -1.5  2.0   0.3634    0.2336    0.0110
 2.50  6500. -1.5  2.0   0.3161    0.2812    0.0098
 3.00  6500. -1.5  2.0   0.3127    0.2851    0.0089
 3.50  6500. -1.5  2.0   0.3089    0.2880    0.0079
 4.00  6500. -1.5  2.0   0.3015    0.2934    0.0075
 4.50  6500. -1.5  2.0   0.2946    0.2986    0.0071
 5.00  6500. -1.5  2.0   0.2815    0.3077    0.0077
 0.50  6750. -1.5  2.0   0.4867    0.1532    0.0008
 1.00  6750. -1.5  2.0   0.4790    0.1585    0.0009
 1.50  6750. -1.5  2.0   0.4484    0.1798    0.0017
 2.00  6750. -1.5  2.0   0.4060    0.2030    0.0050
 2.50  6750. -1.5  2.0   0.3232    0.2633    0.0123
 3.00  6750. -1.5  2.0   0.2952    0.2956    0.0092
 3.50  6750. -1.5  2.0   0.2950    0.2947    0.0084
 4.00  6750. -1.5  2.0   0.2915    0.2965    0.0078
 4.50  6750. -1.5  2.0   0.2874    0.2992    0.0072
 5.00  6750. -1.5  2.0   0.2807    0.3020    0.0073
 0.50  7000. -1.5  2.0   0.4467    0.1886    0.0012
 1.00  7000. -1.5  2.0   0.4503    0.1834    0.0013
 1.50  7000. -1.5  2.0   0.4442    0.1855    0.0014
 2.00  7000. -1.5  2.0   0.4124    0.2048    0.0025
 2.50  7000. -1.5  2.0   0.3651    0.2297    0.0069
 3.00  7000. -1.5  2.0   0.2851    0.2917    0.0127
 3.50  7000. -1.5  2.0   0.2798    0.3024    0.0089
 4.00  7000. -1.5  2.0   0.2803    0.3006    0.0081
 4.50  7000. -1.5  2.0   0.2788    0.3005    0.0075
 5.00  7000. -1.5  2.0   0.2737    0.3031    0.0072
 0.50  7250. -1.5  2.0   0.4047    0.2218    0.0018
 1.00  7250. -1.5  2.0   0.4059    0.2205    0.0020
 1.50  7250. -1.5  2.0   0.4115    0.2121    0.0020
 2.00  7250. -1.5  2.0   0.4071    0.2118    0.0018
 2.50  7250. -1.5  2.0   0.3744    0.2312    0.0031
 3.00  7250. -1.5  2.0   0.3176    0.2646    0.0084
 3.50  7250. -1.5  2.0   0.2577    0.3115    0.0121
 4.00  7250. -1.5  2.0   0.2609    0.3125    0.0088
 4.50  7250. -1.5  2.0   0.2626    0.3098    0.0079
 5.00  7250. -1.5  2.0   0.2611    0.3095    0.0073
 0.50  7500. -1.5  2.0   0.3711    0.2428    0.0029
 1.00  7500. -1.5  2.0   0.3694    0.2461    0.0032
 1.50  7500. -1.5  2.0   0.3719    0.2421    0.0032
 2.00  7500. -1.5  2.0   0.3801    0.2308    0.0028
 2.50  7500. -1.5  2.0   0.3757    0.2305    0.0025
 3.00  7500. -1.5  2.0   0.3382    0.2539    0.0043
 3.50  7500. -1.5  2.0   0.2791    0.2923    0.0094
 4.00  7500. -1.5  2.0   0.2455    0.3171    0.0111
 4.50  7500. -1.5  2.0   0.2467    0.3185    0.0087
 5.00  7500. -1.5  2.0   0.2480    0.3159    0.0078
 1.00  7750. -1.5  2.0   0.3403    0.2626    0.0044
 1.50  7750. -1.5  2.0   0.3376    0.2639    0.0047
 2.00  7750. -1.5  2.0   0.3426    0.2567    0.0043
 2.50  7750. -1.5  2.0   0.3526    0.2439    0.0037
 3.00  7750. -1.5  2.0   0.3453    0.2476    0.0031
 3.50  7750. -1.5  2.0   0.3009    0.2778    0.0055
 4.00  7750. -1.5  2.0   0.2386    0.3182    0.0119
 4.50  7750. -1.5  2.0   0.2316    0.3269    0.0094
 5.00  7750. -1.5  2.0   0.2324    0.3242    0.0087
 1.00  8000. -1.5  2.0   0.3207    0.2698    0.0057
 1.50  8000. -1.5  2.0   0.3105    0.2780    0.0062
 2.00  8000. -1.5  2.0   0.3104    0.2759    0.0061
 2.50  8000. -1.5  2.0   0.3175    0.2667    0.0053
 3.00  8000. -1.5  2.0   0.3282    0.2541    0.0043
 3.50  8000. -1.5  2.0   0.3144    0.2647    0.0039
 4.00  8000. -1.5  2.0   0.2626    0.3006    0.0076
 4.50  8000. -1.5  2.0   0.2154    0.3350    0.0111
 5.00  8000. -1.5  2.0   0.2158    0.3333    0.0097
 1.50  8250. -1.5  2.0   0.2905    0.2859    0.0076
 2.00  8250. -1.5  2.0   0.2857    0.2877    0.0077
 2.50  8250. -1.5  2.0   0.2888    0.2825    0.0072
 3.00  8250. -1.5  2.0   0.2978    0.2719    0.0061
 3.50  8250. -1.5  2.0   0.3078    0.2608    0.0050
 4.00  8250. -1.5  2.0   0.2829    0.2828    0.0049
 4.50  8250. -1.5  2.0   0.2265    0.3229    0.0093
 5.00  8250. -1.5  2.0   0.1988    0.3407    0.0115
 1.50  8500. -1.5  2.0   0.2784    0.2876    0.0086
 2.00  8500. -1.5  2.0   0.2661    0.2948    0.0093
 2.50  8500. -1.5  2.0   0.2646    0.2934    0.0090
 3.00  8500. -1.5  2.0   0.2712    0.2857    0.0080
 3.50  8500. -1.5  2.0   0.2813    0.2752    0.0067
 4.00  8500. -1.5  2.0   0.2873    0.2687    0.0055
 4.50  8500. -1.5  2.0   0.2483    0.3026    0.0065
 5.00  8500. -1.5  2.0   0.1956    0.3402    0.0112
 2.00  8750. -1.5  2.0   0.2535    0.2965    0.0103
 2.50  8750. -1.5  2.0   0.2477    0.2980    0.0104
 3.00  8750. -1.5  2.0   0.2495    0.2947    0.0097
 3.50  8750. -1.5  2.0   0.2563    0.2877    0.0085
 4.00  8750. -1.5  2.0   0.2657    0.2781    0.0072
 4.50  8750. -1.5  2.0   0.2630    0.2811    0.0061
 5.00  8750. -1.5  2.0   0.2140    0.3226    0.0084
 2.00  9000. -1.5  2.0   0.2482    0.2927    0.0109
 2.50  9000. -1.5  2.0   0.2383    0.2963    0.0114
 3.00  9000. -1.5  2.0   0.2368    0.2953    0.0111
 3.50  9000. -1.5  2.0   0.2407    0.2911    0.0102
 4.00  9000. -1.5  2.0   0.2488    0.2836    0.0090
 4.50  9000. -1.5  2.0   0.2580    0.2741    0.0077
 5.00  9000. -1.5  2.0   0.2686    0.2624    0.0066
 2.00  9250. -1.5  2.0   0.2420    0.2915    0.0112
 2.50  9250. -1.5  2.0   0.2298    0.2950    0.0119
 3.00  9250. -1.5  2.0   0.2255    0.2952    0.0118
 3.50  9250. -1.5  2.0   0.2265    0.2934    0.0113
 4.00  9250. -1.5  2.0   0.2309    0.2898    0.0104
 4.50  9250. -1.5  2.0   0.2382    0.2831    0.0092
 5.00  9250. -1.5  2.0   0.2473    0.2733    0.0080
 2.00  9500. -1.5  2.0   0.2363    0.2915    0.0114
 2.50  9500. -1.5  2.0   0.2228    0.2939    0.0121
 3.00  9500. -1.5  2.0   0.2169    0.2939    0.0122
 3.50  9500. -1.5  2.0   0.2159    0.2931    0.0120
 4.00  9500. -1.5  2.0   0.2185    0.2909    0.0115
 4.50  9500. -1.5  2.0   0.2228    0.2877    0.0105
 5.00  9500. -1.5  2.0   0.2297    0.2809    0.0094
 2.00  9750. -1.5  2.0   0.2316    0.2915    0.0117
 2.50  9750. -1.5  2.0   0.2168    0.2933    0.0124
 3.00  9750. -1.5  2.0   0.2101    0.2926    0.0125
 3.50  9750. -1.5  2.0   0.2078    0.2916    0.0123
 4.00  9750. -1.5  2.0   0.2083    0.2907    0.0120
 4.50  9750. -1.5  2.0   0.2106    0.2894    0.0115
 5.00  9750. -1.5  2.0   0.2148    0.2859    0.0107
 2.00 10000. -1.5  2.0   0.2266    0.2922    0.0120
 2.50 10000. -1.5  2.0   0.2113    0.2931    0.0127
 3.00 10000. -1.5  2.0   0.2040    0.2919    0.0127
 3.50 10000. -1.5  2.0   0.2006    0.2908    0.0125
 4.00 10000. -1.5  2.0   0.1999    0.2902    0.0123
 4.50 10000. -1.5  2.0   0.2013    0.2891    0.0121
 5.00 10000. -1.5  2.0   0.2032    0.2879    0.0116
 2.00 10500. -1.5  2.0   0.2175    0.2939    0.0128
 2.50 10500. -1.5  2.0   0.2006    0.2937    0.0132
 3.00 10500. -1.5  2.0   0.1931    0.2909    0.0131
 3.50 10500. -1.5  2.0   0.1892    0.2892    0.0129
 4.00 10500. -1.5  2.0   0.1876    0.2882    0.0127
 4.50 10500. -1.5  2.0   0.1873    0.2875    0.0127
 5.00 10500. -1.5  2.0   0.1866    0.2878    0.0126
 2.50 11000. -1.5  2.0   0.1918    0.2936    0.0139
 3.00 11000. -1.5  2.0   0.1837    0.2898    0.0135
 3.50 11000. -1.5  2.0   0.1796    0.2876    0.0131
 4.00 11000. -1.5  2.0   0.1777    0.2863    0.0130
 4.50 11000. -1.5  2.0   0.1767    0.2857    0.0130
 5.00 11000. -1.5  2.0   0.1754    0.2859    0.0131
 2.50 11500. -1.5  2.0   0.1847    0.2928    0.0146
 3.00 11500. -1.5  2.0   0.1756    0.2883    0.0140
 3.50 11500. -1.5  2.0   0.1716    0.2851    0.0134
 4.00 11500. -1.5  2.0   0.1694    0.2838    0.0131
 4.50 11500. -1.5  2.0   0.1680    0.2835    0.0131
 5.00 11500. -1.5  2.0   0.1667    0.2837    0.0133
 2.50 12000. -1.5  2.0   0.1783    0.2925    0.0153
 3.00 12000. -1.5  2.0   0.1687    0.2864    0.0144
 3.50 12000. -1.5  2.0   0.1645    0.2823    0.0136
 4.00 12000. -1.5  2.0   0.1623    0.2806    0.0132
 4.50 12000. -1.5  2.0   0.1609    0.2805    0.0132
 5.00 12000. -1.5  2.0   0.1596    0.2808    0.0134
 2.50 12500. -1.5  2.0   0.1732    0.2922    0.0159
 3.00 12500. -1.5  2.0   0.1628    0.2846    0.0148
 3.50 12500. -1.5  2.0   0.1588    0.2790    0.0138
 4.00 12500. -1.5  2.0   0.1563    0.2771    0.0133
 4.50 12500. -1.5  2.0   0.1546    0.2771    0.0131
 5.00 12500. -1.5  2.0   0.1535    0.2773    0.0133
 2.50 13000. -1.5  2.0   0.1690    0.2923    0.0164
 3.00 13000. -1.5  2.0   0.1580    0.2827    0.0151
 3.50 13000. -1.5  2.0   0.1536    0.2760    0.0139
 4.00 13000. -1.5  2.0   0.1513    0.2730    0.0133
 4.50 13000. -1.5  2.0   0.1495    0.2729    0.0130
 5.00 13000. -1.5  2.0   0.1477    0.2740    0.0131
 2.00 14000. -1.5  2.0   0.1957    0.3018    0.0162
 2.50 14000. -1.5  2.0   0.1623    0.2936    0.0174
 3.00 14000. -1.5  2.0   0.1499    0.2805    0.0159
 3.50 14000. -1.5  2.0   0.1450    0.2709    0.0142
 4.00 14000. -1.5  2.0   0.1430    0.2657    0.0132
 4.50 14000. -1.5  2.0   0.1409    0.2646    0.0128
 5.00 14000. -1.5  2.0   0.1391    0.2654    0.0128
 2.50 15000. -1.5  2.0   0.1569    0.2963    0.0183
 3.00 15000. -1.5  2.0   0.1435    0.2795    0.0166
 3.50 15000. -1.5  2.0   0.1381    0.2672    0.0145
 4.00 15000. -1.5  2.0   0.1362    0.2596    0.0132
 4.50 15000. -1.5  2.0   0.1341    0.2571    0.0126
 5.00 15000. -1.5  2.0   0.1322    0.2572    0.0124
 2.50 16000. -1.5  2.0   0.1532    0.2994    0.0192
 3.00 16000. -1.5  2.0   0.1375    0.2802    0.0173
 3.50 16000. -1.5  2.0   0.1324    0.2645    0.0148
 4.00 16000. -1.5  2.0   0.1303    0.2549    0.0131
 4.50 16000. -1.5  2.0   0.1286    0.2506    0.0123
 5.00 16000. -1.5  2.0   0.1267    0.2497    0.0121
 2.50 17000. -1.5  2.0   0.1508    0.3031    0.0202
 3.00 17000. -1.5  2.0   0.1323    0.2815    0.0183
 3.50 17000. -1.5  2.0   0.1271    0.2629    0.0153
 4.00 17000. -1.5  2.0   0.1254    0.2511    0.0132
 4.50 17000. -1.5  2.0   0.1239    0.2453    0.0121
 5.00 17000. -1.5  2.0   0.1220    0.2436    0.0118
 2.50 18000. -1.5  2.0   0.1500    0.3076    0.0211
 3.00 18000. -1.5  2.0   0.1269    0.2843    0.0195
 3.50 18000. -1.5  2.0   0.1214    0.2630    0.0161
 4.00 18000. -1.5  2.0   0.1203    0.2488    0.0135
 4.50 18000. -1.5  2.0   0.1193    0.2415    0.0121
 5.00 18000. -1.5  2.0   0.1176    0.2388    0.0116
 2.50 19000. -1.5  2.0   0.1503    0.3133    0.0218
 3.00 19000. -1.5  2.0   0.1224    0.2875    0.0209
 3.50 19000. -1.5  2.0   0.1160    0.2635    0.0171
 4.00 19000. -1.5  2.0   0.1150    0.2475    0.0140
 4.50 19000. -1.5  2.0   0.1144    0.2388    0.0123
 5.00 19000. -1.5  2.0   0.1133    0.2351    0.0116
 3.00 20000. -1.5  2.0   0.1179    0.2924    0.0226
 3.50 20000. -1.5  2.0   0.1106    0.2653    0.0184
 4.00 20000. -1.5  2.0   0.1096    0.2470    0.0149
 4.50 20000. -1.5  2.0   0.1096    0.2368    0.0128
 5.00 20000. -1.5  2.0   0.1091    0.2321    0.0119
 3.00 21000. -1.5  2.0   0.1137    0.2985    0.0243
 3.50 21000. -1.5  2.0   0.1053    0.2681    0.0200
 4.00 21000. -1.5  2.0   0.1041    0.2475    0.0160
 4.50 21000. -1.5  2.0   0.1046    0.2356    0.0136
 5.00 21000. -1.5  2.0   0.1042    0.2305    0.0124
 3.00 22000. -1.5  2.0   0.1099    0.3052    0.0259
 3.50 22000. -1.5  2.0   0.1000    0.2723    0.0217
 4.00 22000. -1.5  2.0   0.0989    0.2490    0.0172
 4.50 22000. -1.5  2.0   0.0994    0.2355    0.0144
 5.00 22000. -1.5  2.0   0.0997    0.2288    0.0131
 3.00 23000. -1.5  2.0   0.1079    0.3113    0.0273
 3.50 23000. -1.5  2.0   0.0945    0.2775    0.0235
 4.00 23000. -1.5  2.0   0.0932    0.2521    0.0187
 4.50 23000. -1.5  2.0   0.0941    0.2365    0.0155
 5.00 23000. -1.5  2.0   0.0944    0.2290    0.0139
 3.00 24000. -1.5  2.0   0.1077    0.3172    0.0281
 3.50 24000. -1.5  2.0   0.0898    0.2827    0.0253
 4.00 24000. -1.5  2.0   0.0880    0.2555    0.0203
 4.50 24000. -1.5  2.0   0.0890    0.2384    0.0168
 5.00 24000. -1.5  2.0   0.0895    0.2296    0.0148
 3.00 25000. -1.5  2.0   0.1092    0.3237    0.0280
 3.50 25000. -1.5  2.0   0.0857    0.2881    0.0267
 4.00 25000. -1.5  2.0   0.0827    0.2595    0.0217
 4.50 25000. -1.5  2.0   0.0839    0.2409    0.0180
 5.00 25000. -1.5  2.0   0.0850    0.2307    0.0158
 3.00 26000. -1.5  2.0   0.1088    0.3324    0.0278
 3.50 26000. -1.5  2.0   0.0828    0.2932    0.0278
 4.00 26000. -1.5  2.0   0.0784    0.2631    0.0230
 4.50 26000. -1.5  2.0   0.0789    0.2438    0.0191
 5.00 26000. -1.5  2.0   0.0801    0.2327    0.0167
 3.50 27000. -1.5  2.0   0.0800    0.2992    0.0284
 4.00 27000. -1.5  2.0   0.0745    0.2666    0.0239
 4.50 27000. -1.5  2.0   0.0742    0.2464    0.0199
 5.00 27000. -1.5  2.0   0.0755    0.2344    0.0174
 3.50 28000. -1.5  2.0   0.0761    0.3057    0.0291
 4.00 28000. -1.5  2.0   0.0712    0.2697    0.0246
 4.50 28000. -1.5  2.0   0.0707    0.2479    0.0204
 5.00 28000. -1.5  2.0   0.0717    0.2352    0.0178
 3.50 29000. -1.5  2.0   0.0704    0.3116    0.0299
 4.00 29000. -1.5  2.0   0.0673    0.2731    0.0250
 4.50 29000. -1.5  2.0   0.0674    0.2489    0.0206
 5.00 29000. -1.5  2.0   0.0686    0.2349    0.0179
 3.50 30000. -1.5  2.0   0.0630    0.3175    0.0312
 4.00 30000. -1.5  2.0   0.0627    0.2755    0.0254
 4.50 30000. -1.5  2.0   0.0643    0.2489    0.0206
 5.00 30000. -1.5  2.0   0.0656    0.2336    0.0175
 3.50 31000. -1.5  2.0   0.0542    0.3252    0.0328
 4.00 31000. -1.5  2.0   0.0578    0.2764    0.0258
 4.50 31000. -1.5  2.0   0.0607    0.2480    0.0204
 5.00 31000. -1.5  2.0   0.0632    0.2308    0.0170
 4.00 32000. -1.5  2.0   0.0510    0.2783    0.0266
 4.50 32000. -1.5  2.0   0.0572    0.2455    0.0202
 5.00 32000. -1.5  2.0   0.0604    0.2269    0.0163
 4.00 33000. -1.5  2.0   0.0428    0.2816    0.0278
 4.50 33000. -1.5  2.0   0.0529    0.2428    0.0201
 5.00 33000. -1.5  2.0   0.0579    0.2217    0.0156
 4.00 34000. -1.5  2.0   0.0333    0.2859    0.0297
 4.50 34000. -1.5  2.0   0.0473    0.2412    0.0204
 5.00 34000. -1.5  2.0   0.0548    0.2164    0.0150
 4.00 35000. -1.5  2.0   0.0233    0.2897    0.0322
 4.50 35000. -1.5  2.0   0.0398    0.2413    0.0210
 5.00 35000. -1.5  2.0   0.0503    0.2123    0.0147
 4.50 37500. -1.5  2.0   0.0202    0.2383    0.0243
 5.00 37500. -1.5  2.0   0.0354    0.2031    0.0152
 4.50 40000. -1.5  2.0   0.0099    0.2329    0.0270
 5.00 40000. -1.5  2.0   0.0232    0.1914    0.0165
 5.00 42500. -1.5  2.0   0.0164    0.1860    0.0176
 5.00 45000. -1.5  2.0   0.0135    0.1847    0.0186
 5.00 47500. -1.5  2.0   0.0114    0.1861    0.0194
 5.00 50000. -1.5  2.0   0.0091    0.1886    0.0203
 0.00  3500. -1.0  2.0   0.8739   -0.1152    0.0087
 0.50  3500. -1.0  2.0   0.8961   -0.1278    0.0080
 1.00  3500. -1.0  2.0   0.9084   -0.1336    0.0072
 1.50  3500. -1.0  2.0   0.9059   -0.1290    0.0073
 2.00  3500. -1.0  2.0   0.7999   -0.0350    0.0100
 2.50  3500. -1.0  2.0   0.5371    0.2058    0.0129
 3.00  3500. -1.0  2.0   0.3404    0.3784    0.0209
 3.50  3500. -1.0  2.0   0.2422    0.4537    0.0310
 4.00  3500. -1.0  2.0   0.2060    0.4778    0.0359
 4.50  3500. -1.0  2.0   0.2010    0.4767    0.0367
 5.00  3500. -1.0  2.0   0.2137    0.4699    0.0329
 0.00  3750. -1.0  2.0   0.8257   -0.0851    0.0042
 0.50  3750. -1.0  2.0   0.8429   -0.0920    0.0038
 1.00  3750. -1.0  2.0   0.8446   -0.0845    0.0034
 1.50  3750. -1.0  2.0   0.8445   -0.0772    0.0032
 2.00  3750. -1.0  2.0   0.8397   -0.0685    0.0032
 2.50  3750. -1.0  2.0   0.7921   -0.0323    0.0060
 3.00  3750. -1.0  2.0   0.5860    0.1433    0.0146
 3.50  3750. -1.0  2.0   0.3501    0.3421    0.0266
 4.00  3750. -1.0  2.0   0.2252    0.4382    0.0398
 4.50  3750. -1.0  2.0   0.1750    0.4725    0.0471
 5.00  3750. -1.0  2.0   0.1630    0.4809    0.0476
 0.00  4000. -1.0  2.0   0.7652   -0.0400    0.0018
 0.50  4000. -1.0  2.0   0.7781   -0.0426    0.0015
 1.00  4000. -1.0  2.0   0.7801   -0.0352    0.0014
 1.50  4000. -1.0  2.0   0.7745   -0.0236    0.0016
 2.00  4000. -1.0  2.0   0.7702   -0.0146    0.0018
 2.50  4000. -1.0  2.0   0.7649   -0.0069    0.0020
 3.00  4000. -1.0  2.0   0.7492    0.0064    0.0026
 3.50  4000. -1.0  2.0   0.6285    0.0988    0.0085
 4.00  4000. -1.0  2.0   0.4131    0.2742    0.0209
 4.50  4000. -1.0  2.0   0.2574    0.3947    0.0346
 5.00  4000. -1.0  2.0   0.1844    0.4409    0.0440
 0.00  4250. -1.0  2.0   0.7014    0.0075    0.0012
 0.50  4250. -1.0  2.0   0.7024    0.0175    0.0010
 1.00  4250. -1.0  2.0   0.7098    0.0199    0.0009
 1.50  4250. -1.0  2.0   0.7030    0.0327    0.0010
 2.00  4250. -1.0  2.0   0.6969    0.0433    0.0011
 2.50  4250. -1.0  2.0   0.6928    0.0498    0.0012
 3.00  4250. -1.0  2.0   0.6895    0.0539    0.0014
 3.50  4250. -1.0  2.0   0.6827    0.0600    0.0014
 4.00  4250. -1.0  2.0   0.6192    0.1082    0.0037
 4.50  4250. -1.0  2.0   0.4616    0.2264    0.0131
 5.00  4250. -1.0  2.0   0.3018    0.3483    0.0259
 0.00  4500. -1.0  2.0   0.6382    0.0498    0.0014
 0.50  4500. -1.0  2.0   0.6304    0.0688    0.0012
 1.00  4500. -1.0  2.0   0.6240    0.0860    0.0010
 1.50  4500. -1.0  2.0   0.6212    0.0970    0.0010
 2.00  4500. -1.0  2.0   0.6210    0.1029    0.0010
 2.50  4500. -1.0  2.0   0.6165    0.1100    0.0011
 3.00  4500. -1.0  2.0   0.6167    0.1114    0.0012
 3.50  4500. -1.0  2.0   0.6146    0.1140    0.0012
 4.00  4500. -1.0  2.0   0.6036    0.1244    0.0012
 4.50  4500. -1.0  2.0   0.5867    0.1403    0.0011
 5.00  4500. -1.0  2.0   0.4639    0.2274    0.0081
 0.00  4750. -1.0  2.0   0.5847    0.0789    0.0020
 0.50  4750. -1.0  2.0   0.5723    0.1019    0.0018
 1.00  4750. -1.0  2.0   0.5557    0.1290    0.0017
 1.50  4750. -1.0  2.0   0.5495    0.1447    0.0015
 2.00  4750. -1.0  2.0   0.5455    0.1558    0.0014
 2.50  4750. -1.0  2.0   0.5384    0.1676    0.0014
 3.00  4750. -1.0  2.0   0.5392    0.1705    0.0013
 3.50  4750. -1.0  2.0   0.5405    0.1709    0.0013
 4.00  4750. -1.0  2.0   0.5403    0.1721    0.0013
 4.50  4750. -1.0  2.0   0.5340    0.1785    0.0013
 5.00  4750. -1.0  2.0   0.5109    0.1989    0.0014
 0.00  5000. -1.0  2.0   0.5463    0.0990    0.0023
 0.50  5000. -1.0  2.0   0.5281    0.1231    0.0026
 1.00  5000. -1.0  2.0   0.5057    0.1535    0.0030
 1.50  5000. -1.0  2.0   0.4862    0.1812    0.0032
 2.00  5000. -1.0  2.0   0.4734    0.2017    0.0030
 2.50  5000. -1.0  2.0   0.4683    0.2133    0.0026
 3.00  5000. -1.0  2.0   0.4683    0.2178    0.0023
 3.50  5000. -1.0  2.0   0.4692    0.2204    0.0021
 4.00  5000. -1.0  2.0   0.4696    0.2225    0.0020
 4.50  5000. -1.0  2.0   0.4701    0.2237    0.0018
 5.00  5000. -1.0  2.0   0.4602    0.2331    0.0019
 0.00  5250. -1.0  2.0   0.5076    0.1273    0.0030
 0.50  5250. -1.0  2.0   0.4943    0.1435    0.0035
 1.00  5250. -1.0  2.0   0.4728    0.1675    0.0044
 1.50  5250. -1.0  2.0   0.4494    0.1955    0.0051
 2.00  5250. -1.0  2.0   0.4306    0.2199    0.0053
 2.50  5250. -1.0  2.0   0.4173    0.2390    0.0050
 3.00  5250. -1.0  2.0   0.4119    0.2500    0.0042
 3.50  5250. -1.0  2.0   0.4097    0.2557    0.0038
 4.00  5250. -1.0  2.0   0.4092    0.2593    0.0035
 4.50  5250. -1.0  2.0   0.4055    0.2650    0.0034
 5.00  5250. -1.0  2.0   0.4029    0.2697    0.0031
 0.00  5500. -1.0  2.0   0.5942    0.0566    0.0006
 0.50  5500. -1.0  2.0   0.4576    0.1710    0.0049
 1.00  5500. -1.0  2.0   0.4410    0.1886    0.0061
 1.50  5500. -1.0  2.0   0.4249    0.2062    0.0065
 2.00  5500. -1.0  2.0   0.4049    0.2289    0.0071
 2.50  5500. -1.0  2.0   0.3864    0.2503    0.0070
 3.00  5500. -1.0  2.0   0.3758    0.2644    0.0063
 3.50  5500. -1.0  2.0   0.3693    0.2740    0.0056
 4.00  5500. -1.0  2.0   0.3615    0.2829    0.0057
 4.50  5500. -1.0  2.0   0.3517    0.2939    0.0061
 5.00  5500. -1.0  2.0   0.3436    0.3029    0.0062
 0.00  5750. -1.0  2.0   0.5895    0.0588    0.0007
 0.50  5750. -1.0  2.0   0.5841    0.0666    0.0008
 1.00  5750. -1.0  2.0   0.4104    0.2118    0.0072
 1.50  5750. -1.0  2.0   0.4001    0.2225    0.0079
 2.00  5750. -1.0  2.0   0.3837    0.2393    0.0085
 2.50  5750. -1.0  2.0   0.3683    0.2558    0.0083
 3.00  5750. -1.0  2.0   0.3553    0.2703    0.0076
 3.50  5750. -1.0  2.0   0.3465    0.2801    0.0069
 4.00  5750. -1.0  2.0   0.3379    0.2888    0.0068
 4.50  5750. -1.0  2.0   0.3270    0.2987    0.0073
 5.00  5750. -1.0  2.0   0.3201    0.3077    0.0066
 0.00  6000. -1.0  2.0   0.5635    0.0831    0.0007
 0.50  6000. -1.0  2.0   0.5578    0.0908    0.0007
 1.00  6000. -1.0  2.0   0.5529    0.0960    0.0009
 1.50  6000. -1.0  2.0   0.3707    0.2444    0.0093
 2.00  6000. -1.0  2.0   0.3633    0.2521    0.0096
 2.50  6000. -1.0  2.0   0.3520    0.2635    0.0092
 3.00  6000. -1.0  2.0   0.3412    0.2743    0.0085
 3.50  6000. -1.0  2.0   0.3324    0.2831    0.0077
 4.00  6000. -1.0  2.0   0.3222    0.2920    0.0075
 4.50  6000. -1.0  2.0   0.3126    0.2995    0.0077
 5.00  6000. -1.0  2.0   0.2983    0.3107    0.0087
 0.50  6250. -1.0  2.0   0.5326    0.1138    0.0007
 1.00  6250. -1.0  2.0   0.5251    0.1215    0.0009
 1.50  6250. -1.0  2.0   0.5216    0.1229    0.0011
 2.00  6250. -1.0  2.0   0.3407    0.2685    0.0098
 2.50  6250. -1.0  2.0   0.3352    0.2732    0.0097
 3.00  6250. -1.0  2.0   0.3277    0.2803    0.0090
 3.50  6250. -1.0  2.0   0.3203    0.2868    0.0082
 4.00  6250. -1.0  2.0   0.3116    0.2934    0.0079
 4.50  6250. -1.0  2.0   0.3032    0.2995    0.0078
 5.00  6250. -1.0  2.0   0.2905    0.3091    0.0083
 0.50  6500. -1.0  2.0   0.5131    0.1302    0.0009
 1.00  6500. -1.0  2.0   0.4998    0.1439    0.0009
 1.50  6500. -1.0  2.0   0.4926    0.1490    0.0010
 2.00  6500. -1.0  2.0   0.4905    0.1474    0.0012
 2.50  6500. -1.0  2.0   0.3126    0.2882    0.0104
 3.00  6500. -1.0  2.0   0.3108    0.2894    0.0097
 3.50  6500. -1.0  2.0   0.3069    0.2923    0.0089
 4.00  6500. -1.0  2.0   0.3012    0.2962    0.0082
 4.50  6500. -1.0  2.0   0.2940    0.3010    0.0080
 5.00  6500. -1.0  2.0   0.2830    0.3084    0.0084
 0.50  6750. -1.0  2.0   0.4816    0.1588    0.0011
 1.00  6750. -1.0  2.0   0.4797    0.1599    0.0012
 1.50  6750. -1.0  2.0   0.4659    0.1722    0.0011
 2.00  6750. -1.0  2.0   0.4608    0.1735    0.0012
 2.50  6750. -1.0  2.0   0.4600    0.1693    0.0013
 3.00  6750. -1.0  2.0   0.2919    0.3010    0.0104
 3.50  6750. -1.0  2.0   0.2917    0.2998    0.0096
 4.00  6750. -1.0  2.0   0.2888    0.3011    0.0088
 4.50  6750. -1.0  2.0   0.2844    0.3035    0.0083
 5.00  6750. -1.0  2.0   0.2772    0.3077    0.0082
 0.50  7000. -1.0  2.0   0.4433    0.1922    0.0015
 1.00  7000. -1.0  2.0   0.4458    0.1890    0.0017
 1.50  7000. -1.0  2.0   0.4457    0.1868    0.0017
 2.00  7000. -1.0  2.0   0.4341    0.1956    0.0014
 2.50  7000. -1.0  2.0   0.4301    0.1951    0.0013
 3.00  7000. -1.0  2.0   0.4308    0.1891    0.0013
 3.50  7000. -1.0  2.0   0.2744    0.3100    0.0103
 4.00  7000. -1.0  2.0   0.2743    0.3082    0.0095
 4.50  7000. -1.0  2.0   0.2731    0.3078    0.0087
 5.00  7000. -1.0  2.0   0.2694    0.3090    0.0083
 0.50  7250. -1.0  2.0   0.4066    0.2202    0.0022
 1.00  7250. -1.0  2.0   0.4062    0.2211    0.0025
 1.50  7250. -1.0  2.0   0.4105    0.2148    0.0026
 2.00  7250. -1.0  2.0   0.4121    0.2102    0.0024
 2.50  7250. -1.0  2.0   0.4023    0.2174    0.0018
 3.00  7250. -1.0  2.0   0.4002    0.2149    0.0015
 3.50  7250. -1.0  2.0   0.2657    0.3141    0.0103
 4.00  7250. -1.0  2.0   0.2577    0.3172    0.0104
 4.50  7250. -1.0  2.0   0.2590    0.3145    0.0094
 5.00  7250. -1.0  2.0   0.2584    0.3132    0.0087
 0.50  7500. -1.0  2.0   0.3744    0.2400    0.0033
 1.00  7500. -1.0  2.0   0.3715    0.2449    0.0037
 1.50  7500. -1.0  2.0   0.3717    0.2437    0.0039
 2.00  7500. -1.0  2.0   0.3780    0.2349    0.0036
 2.50  7500. -1.0  2.0   0.3810    0.2290    0.0030
 3.00  7500. -1.0  2.0   0.3728    0.2352    0.0021
 3.50  7500. -1.0  2.0   0.3721    0.2319    0.0017
 4.00  7500. -1.0  2.0   0.2454    0.3240    0.0107
 4.50  7500. -1.0  2.0   0.2433    0.3229    0.0102
 5.00  7500. -1.0  2.0   0.2438    0.3204    0.0094
 1.00  7750. -1.0  2.0   0.3441    0.2596    0.0049
 1.50  7750. -1.0  2.0   0.3393    0.2634    0.0054
 2.00  7750. -1.0  2.0   0.3424    0.2585    0.0052
 2.50  7750. -1.0  2.0   0.3502    0.2482    0.0046
 3.00  7750. -1.0  2.0   0.3525    0.2442    0.0037
 3.50  7750. -1.0  2.0   0.3468    0.2491    0.0026
 4.00  7750. -1.0  2.0   0.3461    0.2463    0.0020
 4.50  7750. -1.0  2.0   0.2331    0.3288    0.0100
 5.00  7750. -1.0  2.0   0.2298    0.3276    0.0101
 1.00  8000. -1.0  2.0   0.3256    0.2658    0.0061
 1.50  8000. -1.0  2.0   0.3141    0.2754    0.0068
 2.00  8000. -1.0  2.0   0.3123    0.2750    0.0069
 2.50  8000. -1.0  2.0   0.3176    0.2678    0.0063
 3.00  8000. -1.0  2.0   0.3261    0.2574    0.0054
 3.50  8000. -1.0  2.0   0.3269    0.2561    0.0042
 4.00  8000. -1.0  2.0   0.3202    0.2635    0.0029
 4.50  8000. -1.0  2.0   0.3207    0.2599    0.0023
 5.00  8000. -1.0  2.0   0.2140    0.3358    0.0111
 1.00  8250. -1.0  2.0   0.3176    0.2631    0.0071
 1.50  8250. -1.0  2.0   0.2964    0.2815    0.0079
 2.00  8250. -1.0  2.0   0.2892    0.2850    0.0084
 2.50  8250. -1.0  2.0   0.2899    0.2819    0.0080
 3.00  8250. -1.0  2.0   0.2968    0.2733    0.0071
 3.50  8250. -1.0  2.0   0.3054    0.2634    0.0060
 4.00  8250. -1.0  2.0   0.3028    0.2674    0.0046
 4.50  8250. -1.0  2.0   0.2965    0.2750    0.0033
 5.00  8250. -1.0  2.0   0.2947    0.2736    0.0027
 1.50  8500. -1.0  2.0   0.2846    0.2834    0.0089
 2.00  8500. -1.0  2.0   0.2722    0.2906    0.0096
 2.50  8500. -1.0  2.0   0.2694    0.2899    0.0095
 3.00  8500. -1.0  2.0   0.2732    0.2841    0.0088
 3.50  8500. -1.0  2.0   0.2805    0.2756    0.0077
 4.00  8500. -1.0  2.0   0.2864    0.2690    0.0065
 4.50  8500. -1.0  2.0   0.2790    0.2798    0.0049
 5.00  8500. -1.0  2.0   0.2748    0.2844    0.0037
 1.50  8750. -1.0  2.0   0.2776    0.2826    0.0093
 2.00  8750. -1.0  2.0   0.2591    0.2936    0.0106
 2.50  8750. -1.0  2.0   0.2538    0.2942    0.0107
 3.00  8750. -1.0  2.0   0.2539    0.2916    0.0102
 3.50  8750. -1.0  2.0   0.2595    0.2846    0.0093
 4.00  8750. -1.0  2.0   0.2663    0.2770    0.0080
 4.50  8750. -1.0  2.0   0.2682    0.2753    0.0068
 5.00  8750. -1.0  2.0   0.2578    0.2901    0.0051
 1.50  9000. -1.0  2.0   0.2736    0.2810    0.0095
 2.00  9000. -1.0  2.0   0.2500    0.2941    0.0112
 2.50  9000. -1.0  2.0   0.2401    0.2973    0.0117
 3.00  9000. -1.0  2.0   0.2379    0.2961    0.0115
 3.50  9000. -1.0  2.0   0.2408    0.2917    0.0107
 4.00  9000. -1.0  2.0   0.2472    0.2848    0.0095
 4.50  9000. -1.0  2.0   0.2549    0.2763    0.0084
 5.00  9000. -1.0  2.0   0.2636    0.2662    0.0074
 2.00  9250. -1.0  2.0   0.2433    0.2935    0.0115
 2.50  9250. -1.0  2.0   0.2307    0.2976    0.0123
 3.00  9250. -1.0  2.0   0.2263    0.2974    0.0124
 3.50  9250. -1.0  2.0   0.2261    0.2957    0.0118
 4.00  9250. -1.0  2.0   0.2300    0.2913    0.0110
 4.50  9250. -1.0  2.0   0.2359    0.2848    0.0099
 5.00  9250. -1.0  2.0   0.2434    0.2760    0.0087
 2.00  9500. -1.0  2.0   0.2373    0.2933    0.0117
 2.50  9500. -1.0  2.0   0.2230    0.2971    0.0126
 3.00  9500. -1.0  2.0   0.2170    0.2972    0.0128
 3.50  9500. -1.0  2.0   0.2152    0.2964    0.0126
 4.00  9500. -1.0  2.0   0.2174    0.2935    0.0121
 4.50  9500. -1.0  2.0   0.2210    0.2897    0.0111
 5.00  9500. -1.0  2.0   0.2271    0.2826    0.0100
 2.00  9750. -1.0  2.0   0.2315    0.2939    0.0120
 2.50  9750. -1.0  2.0   0.2168    0.2961    0.0129
 3.00  9750. -1.0  2.0   0.2095    0.2961    0.0131
 3.50  9750. -1.0  2.0   0.2068    0.2953    0.0130
 4.00  9750. -1.0  2.0   0.2069    0.2941    0.0127
 4.50  9750. -1.0  2.0   0.2089    0.2920    0.0121
 5.00  9750. -1.0  2.0   0.2125    0.2880    0.0112
 2.00 10000. -1.0  2.0   0.2262    0.2945    0.0123
 2.50 10000. -1.0  2.0   0.2106    0.2961    0.0131
 3.00 10000. -1.0  2.0   0.2033    0.2948    0.0132
 3.50 10000. -1.0  2.0   0.1997    0.2938    0.0132
 4.00 10000. -1.0  2.0   0.1989    0.2929    0.0131
 4.50 10000. -1.0  2.0   0.1995    0.2921    0.0128
 5.00 10000. -1.0  2.0   0.2010    0.2905    0.0122
 2.00 10500. -1.0  2.0   0.2166    0.2959    0.0132
 2.50 10500. -1.0  2.0   0.1997    0.2959    0.0137
 3.00 10500. -1.0  2.0   0.1921    0.2933    0.0135
 3.50 10500. -1.0  2.0   0.1886    0.2907    0.0134
 4.00 10500. -1.0  2.0   0.1870    0.2892    0.0132
 4.50 10500. -1.0  2.0   0.1863    0.2886    0.0133
 5.00 10500. -1.0  2.0   0.1851    0.2893    0.0132
 2.50 11000. -1.0  2.0   0.1901    0.2958    0.0145
 3.00 11000. -1.0  2.0   0.1820    0.2921    0.0140
 3.50 11000. -1.0  2.0   0.1787    0.2887    0.0136
 4.00 11000. -1.0  2.0   0.1774    0.2864    0.0134
 4.50 11000. -1.0  2.0   0.1759    0.2858    0.0133
 5.00 11000. -1.0  2.0   0.1745    0.2858    0.0134
 2.50 11500. -1.0  2.0   0.1822    0.2950    0.0152
 3.00 11500. -1.0  2.0   0.1735    0.2902    0.0145
 3.50 11500. -1.0  2.0   0.1699    0.2865    0.0139
 4.00 11500. -1.0  2.0   0.1684    0.2842    0.0135
 4.50 11500. -1.0  2.0   0.1675    0.2831    0.0134
 5.00 11500. -1.0  2.0   0.1664    0.2826    0.0135
 2.50 12000. -1.0  2.0   0.1757    0.2944    0.0159
 3.00 12000. -1.0  2.0   0.1662    0.2880    0.0150
 3.50 12000. -1.0  2.0   0.1627    0.2832    0.0141
 4.00 12000. -1.0  2.0   0.1609    0.2811    0.0136
 4.50 12000. -1.0  2.0   0.1600    0.2802    0.0134
 5.00 12000. -1.0  2.0   0.1591    0.2798    0.0135
 2.50 12500. -1.0  2.0   0.1705    0.2939    0.0165
 3.00 12500. -1.0  2.0   0.1606    0.2853    0.0155
 3.50 12500. -1.0  2.0   0.1562    0.2801    0.0143
 4.00 12500. -1.0  2.0   0.1546    0.2773    0.0137
 4.50 12500. -1.0  2.0   0.1537    0.2765    0.0134
 5.00 12500. -1.0  2.0   0.1525    0.2769    0.0134
 2.50 13000. -1.0  2.0   0.1665    0.2937    0.0171
 3.00 13000. -1.0  2.0   0.1554    0.2836    0.0158
 3.50 13000. -1.0  2.0   0.1512    0.2764    0.0145
 4.00 13000. -1.0  2.0   0.1491    0.2733    0.0137
 4.50 13000. -1.0  2.0   0.1481    0.2724    0.0133
 5.00 13000. -1.0  2.0   0.1468    0.2731    0.0133
 2.00 14000. -1.0  2.0   0.1950    0.3028    0.0167
 2.50 14000. -1.0  2.0   0.1600    0.2947    0.0182
 3.00 14000. -1.0  2.0   0.1475    0.2808    0.0166
 3.50 14000. -1.0  2.0   0.1422    0.2711    0.0148
 4.00 14000. -1.0  2.0   0.1403    0.2655    0.0136
 4.50 14000. -1.0  2.0   0.1389    0.2639    0.0131
 5.00 14000. -1.0  2.0   0.1376    0.2645    0.0130
 2.50 15000. -1.0  2.0   0.1552    0.2972    0.0191
 3.00 15000. -1.0  2.0   0.1412    0.2798    0.0174
 3.50 15000. -1.0  2.0   0.1359    0.2666    0.0152
 4.00 15000. -1.0  2.0   0.1335    0.2589    0.0137
 4.50 15000. -1.0  2.0   0.1322    0.2558    0.0129
 5.00 15000. -1.0  2.0   0.1305    0.2559    0.0127
 2.50 16000. -1.0  2.0   0.1523    0.2999    0.0199
 3.00 16000. -1.0  2.0   0.1354    0.2805    0.0181
 3.50 16000. -1.0  2.0   0.1302    0.2639    0.0155
 4.00 16000. -1.0  2.0   0.1282    0.2536    0.0136
 4.50 16000. -1.0  2.0   0.1268    0.2489    0.0126
 5.00 16000. -1.0  2.0   0.1252    0.2478    0.0122
 2.50 17000. -1.0  2.0   0.1505    0.3037    0.0207
 3.00 17000. -1.0  2.0   0.1307    0.2818    0.0190
 3.50 17000. -1.0  2.0   0.1250    0.2625    0.0159
 4.00 17000. -1.0  2.0   0.1236    0.2496    0.0136
 4.50 17000. -1.0  2.0   0.1224    0.2432    0.0124
 5.00 17000. -1.0  2.0   0.1206    0.2413    0.0119
 2.50 18000. -1.0  2.0   0.1499    0.3088    0.0214
 3.00 18000. -1.0  2.0   0.1261    0.2842    0.0201
 3.50 18000. -1.0  2.0   0.1203    0.2617    0.0166
 4.00 18000. -1.0  2.0   0.1186    0.2473    0.0138
 4.50 18000. -1.0  2.0   0.1180    0.2390    0.0123
 5.00 18000. -1.0  2.0   0.1166    0.2359    0.0117
 2.50 19000. -1.0  2.0   0.1498    0.3154    0.0220
 3.00 19000. -1.0  2.0   0.1217    0.2878    0.0214
 3.50 19000. -1.0  2.0   0.1152    0.2623    0.0174
 4.00 19000. -1.0  2.0   0.1144    0.2449    0.0142
 4.50 19000. -1.0  2.0   0.1138    0.2357    0.0124
 5.00 19000. -1.0  2.0   0.1130    0.2314    0.0116
 3.00 20000. -1.0  2.0   0.1167    0.2938    0.0230
 3.50 20000. -1.0  2.0   0.1100    0.2642    0.0187
 4.00 20000. -1.0  2.0   0.1091    0.2447    0.0150
 4.50 20000. -1.0  2.0   0.1092    0.2336    0.0127
 5.00 20000. -1.0  2.0   0.1085    0.2287    0.0117
 3.00 21000. -1.0  2.0   0.1119    0.3005    0.0247
 3.50 21000. -1.0  2.0   0.1046    0.2676    0.0202
 4.00 21000. -1.0  2.0   0.1039    0.2452    0.0160
 4.50 21000. -1.0  2.0   0.1042    0.2326    0.0134
 5.00 21000. -1.0  2.0   0.1043    0.2265    0.0121
 3.00 22000. -1.0  2.0   0.1073    0.3079    0.0265
 3.50 22000. -1.0  2.0   0.0987    0.2725    0.0220
 4.00 22000. -1.0  2.0   0.0986    0.2471    0.0172
 4.50 22000. -1.0  2.0   0.0994    0.2325    0.0142
 5.00 22000. -1.0  2.0   0.0994    0.2256    0.0127
 3.00 23000. -1.0  2.0   0.1043    0.3145    0.0281
 3.50 23000. -1.0  2.0   0.0923    0.2784    0.0239
 4.00 23000. -1.0  2.0   0.0929    0.2504    0.0188
 4.50 23000. -1.0  2.0   0.0942    0.2339    0.0154
 5.00 23000. -1.0  2.0   0.0946    0.2257    0.0135
 3.00 24000. -1.0  2.0   0.1049    0.3197    0.0288
 3.50 24000. -1.0  2.0   0.0871    0.2837    0.0258
 4.00 24000. -1.0  2.0   0.0869    0.2545    0.0204
 4.50 24000. -1.0  2.0   0.0889    0.2361    0.0166
 5.00 24000. -1.0  2.0   0.0899    0.2264    0.0145
 3.00 25000. -1.0  2.0   0.1076    0.3255    0.0287
 3.50 25000. -1.0  2.0   0.0832    0.2886    0.0273
 4.00 25000. -1.0  2.0   0.0813    0.2585    0.0219
 4.50 25000. -1.0  2.0   0.0836    0.2388    0.0179
 5.00 25000. -1.0  2.0   0.0849    0.2283    0.0155
 3.00 26000. -1.0  2.0   0.1080    0.3344    0.0282
 3.50 26000. -1.0  2.0   0.0808    0.2934    0.0283
 4.00 26000. -1.0  2.0   0.0764    0.2623    0.0232
 4.50 26000. -1.0  2.0   0.0783    0.2418    0.0190
 5.00 26000. -1.0  2.0   0.0801    0.2302    0.0165
 3.50 27000. -1.0  2.0   0.0788    0.2991    0.0289
 4.00 27000. -1.0  2.0   0.0735    0.2648    0.0241
 4.50 27000. -1.0  2.0   0.0740    0.2438    0.0198
 5.00 27000. -1.0  2.0   0.0754    0.2320    0.0171
 3.50 28000. -1.0  2.0   0.0757    0.3057    0.0295
 4.00 28000. -1.0  2.0   0.0704    0.2683    0.0247
 4.50 28000. -1.0  2.0   0.0707    0.2450    0.0203
 5.00 28000. -1.0  2.0   0.0718    0.2324    0.0175
 3.50 29000. -1.0  2.0   0.0704    0.3123    0.0303
 4.00 29000. -1.0  2.0   0.0668    0.2722    0.0251
 4.50 29000. -1.0  2.0   0.0675    0.2464    0.0205
 5.00 29000. -1.0  2.0   0.0687    0.2322    0.0176
 3.50 30000. -1.0  2.0   0.0633    0.3190    0.0316
 4.00 30000. -1.0  2.0   0.0628    0.2750    0.0256
 4.50 30000. -1.0  2.0   0.0645    0.2470    0.0205
 5.00 30000. -1.0  2.0   0.0661    0.2309    0.0173
 3.50 31000. -1.0  2.0   0.0551    0.3271    0.0333
 4.00 31000. -1.0  2.0   0.0580    0.2766    0.0262
 4.50 31000. -1.0  2.0   0.0611    0.2469    0.0204
 5.00 31000. -1.0  2.0   0.0635    0.2289    0.0169
 4.00 32000. -1.0  2.0   0.0511    0.2794    0.0271
 4.50 32000. -1.0  2.0   0.0574    0.2452    0.0203
 5.00 32000. -1.0  2.0   0.0610    0.2256    0.0163
 4.00 33000. -1.0  2.0   0.0429    0.2834    0.0285
 4.50 33000. -1.0  2.0   0.0529    0.2435    0.0205
 5.00 33000. -1.0  2.0   0.0583    0.2213    0.0158
 4.00 34000. -1.0  2.0   0.0340    0.2877    0.0304
 4.50 34000. -1.0  2.0   0.0471    0.2427    0.0209
 5.00 34000. -1.0  2.0   0.0550    0.2168    0.0154
 4.00 35000. -1.0  2.0   0.0242    0.2920    0.0329
 4.50 35000. -1.0  2.0   0.0402    0.2427    0.0217
 5.00 35000. -1.0  2.0   0.0509    0.2130    0.0152
 4.50 37500. -1.0  2.0   0.0207    0.2415    0.0251
 5.00 37500. -1.0  2.0   0.0355    0.2060    0.0160
 4.50 40000. -1.0  2.0   0.0111    0.2367    0.0278
 5.00 40000. -1.0  2.0   0.0233    0.1953    0.0173
 5.00 42500. -1.0  2.0   0.0169    0.1897    0.0183
 5.00 45000. -1.0  2.0   0.0137    0.1887    0.0192
 5.00 47500. -1.0  2.0   0.0113    0.1899    0.0201
 5.00 50000. -1.0  2.0   0.0082    0.1929    0.0211
 0.00  3500. -0.5  2.0   0.9026   -0.1218    0.0095
 0.50  3500. -0.5  2.0   0.9131   -0.1299    0.0097
 1.00  3500. -0.5  2.0   0.9145   -0.1317    0.0100
 1.50  3500. -0.5  2.0   0.9092   -0.1290    0.0104
 2.00  3500. -0.5  2.0   0.8955   -0.1195    0.0107
 2.50  3500. -0.5  2.0   0.8169   -0.0496    0.0110
 3.00  3500. -0.5  2.0   0.5840    0.1653    0.0105
 3.50  3500. -0.5  2.0   0.4008    0.3259    0.0140
 4.00  3500. -0.5  2.0   0.3047    0.4014    0.0199
 4.50  3500. -0.5  2.0   0.2726    0.4191    0.0222
 5.00  3500. -0.5  2.0   0.2534    0.4336    0.0242
 0.00  3750. -0.5  2.0   0.8507   -0.0820    0.0050
 0.50  3750. -0.5  2.0   0.8597   -0.0839    0.0050
 1.00  3750. -0.5  2.0   0.8623   -0.0821    0.0050
 1.50  3750. -0.5  2.0   0.8627   -0.0809    0.0049
 2.00  3750. -0.5  2.0   0.8615   -0.0809    0.0050
 2.50  3750. -0.5  2.0   0.8550   -0.0787    0.0051
 3.00  3750. -0.5  2.0   0.7882   -0.0246    0.0068
 3.50  3750. -0.5  2.0   0.5572    0.1763    0.0124
 4.00  3750. -0.5  2.0   0.3498    0.3515    0.0213
 4.50  3750. -0.5  2.0   0.2455    0.4279    0.0312
 5.00  3750. -0.5  2.0   0.2040    0.4541    0.0364
 0.00  4000. -0.5  2.0   0.7892   -0.0361    0.0027
 0.50  4000. -0.5  2.0   0.7970   -0.0360    0.0030
 1.00  4000. -0.5  2.0   0.7969   -0.0304    0.0034
 1.50  4000. -0.5  2.0   0.7946   -0.0247    0.0037
 2.00  4000. -0.5  2.0   0.7944   -0.0230    0.0041
 2.50  4000. -0.5  2.0   0.7922   -0.0211    0.0042
 3.00  4000. -0.5  2.0   0.7879   -0.0188    0.0041
 3.50  4000. -0.5  2.0   0.7489    0.0102    0.0052
 4.00  4000. -0.5  2.0   0.5691    0.1566    0.0123
 4.50  4000. -0.5  2.0   0.3632    0.3240    0.0234
 5.00  4000. -0.5  2.0   0.2434    0.4065    0.0342
 0.00  4250. -0.5  2.0   0.7219    0.0137    0.0019
 0.50  4250. -0.5  2.0   0.7255    0.0193    0.0020
 1.00  4250. -0.5  2.0   0.7246    0.0262    0.0023
 1.50  4250. -0.5  2.0   0.7285    0.0257    0.0026
 2.00  4250. -0.5  2.0   0.7270    0.0289    0.0029
 2.50  4250. -0.5  2.0   0.7288    0.0273    0.0031
 3.00  4250. -0.5  2.0   0.7286    0.0266    0.0032
 3.50  4250. -0.5  2.0   0.7259    0.0275    0.0032
 4.00  4250. -0.5  2.0   0.7056    0.0429    0.0035
 4.50  4250. -0.5  2.0   0.5821    0.1380    0.0085
 5.00  4250. -0.5  2.0   0.3999    0.2834    0.0192
 0.00  4500. -0.5  2.0   0.6584    0.0561    0.0020
 0.50  4500. -0.5  2.0   0.6572    0.0678    0.0020
 1.00  4500. -0.5  2.0   0.6551    0.0771    0.0022
 1.50  4500. -0.5  2.0   0.6584    0.0787    0.0024
 2.00  4500. -0.5  2.0   0.6577    0.0821    0.0025
 2.50  4500. -0.5  2.0   0.6595    0.0814    0.0026
 3.00  4500. -0.5  2.0   0.6625    0.0782    0.0026
 3.50  4500. -0.5  2.0   0.6646    0.0750    0.0025
 4.00  4500. -0.5  2.0   0.6632    0.0749    0.0024
 4.50  4500. -0.5  2.0   0.6520    0.0834    0.0024
 5.00  4500. -0.5  2.0   0.5714    0.1459    0.0053
 0.00  4750. -0.5  2.0   0.6105    0.0825    0.0020
 0.50  4750. -0.5  2.0   0.5931    0.1083    0.0024
 1.00  4750. -0.5  2.0   0.5957    0.1153    0.0023
 1.50  4750. -0.5  2.0   0.5896    0.1269    0.0026
 2.00  4750. -0.5  2.0   0.5888    0.1317    0.0027
 2.50  4750. -0.5  2.0   0.5885    0.1344    0.0027
 3.00  4750. -0.5  2.0   0.5915    0.1328    0.0026
 3.50  4750. -0.5  2.0   0.5993    0.1256    0.0025
 4.00  4750. -0.5  2.0   0.6020    0.1225    0.0023
 4.50  4750. -0.5  2.0   0.5993    0.1243    0.0022
 5.00  4750. -0.5  2.0   0.5908    0.1309    0.0021
 0.00  5000. -0.5  2.0   0.5505    0.1159    0.0031
 0.50  5000. -0.5  2.0   0.5401    0.1369    0.0032
 1.00  5000. -0.5  2.0   0.5310    0.1546    0.0034
 1.50  5000. -0.5  2.0   0.5291    0.1642    0.0031
 2.00  5000. -0.5  2.0   0.5244    0.1741    0.0031
 2.50  5000. -0.5  2.0   0.5189    0.1825    0.0031
 3.00  5000. -0.5  2.0   0.5229    0.1814    0.0029
 3.50  5000. -0.5  2.0   0.5307    0.1758    0.0027
 4.00  5000. -0.5  2.0   0.5344    0.1732    0.0026
 4.50  5000. -0.5  2.0   0.5341    0.1742    0.0025
 5.00  5000. -0.5  2.0   0.5332    0.1750    0.0023
 0.00  5250. -0.5  2.0   0.5052    0.1426    0.0039
 0.50  5250. -0.5  2.0   0.4953    0.1591    0.0044
 1.00  5250. -0.5  2.0   0.4826    0.1775    0.0051
 1.50  5250. -0.5  2.0   0.4705    0.1964    0.0052
 2.00  5250. -0.5  2.0   0.4588    0.2139    0.0051
 2.50  5250. -0.5  2.0   0.4587    0.2195    0.0044
 3.00  5250. -0.5  2.0   0.4632    0.2194    0.0038
 3.50  5250. -0.5  2.0   0.4677    0.2177    0.0034
 4.00  5250. -0.5  2.0   0.4718    0.2157    0.0033
 4.50  5250. -0.5  2.0   0.4718    0.2174    0.0032
 5.00  5250. -0.5  2.0   0.4698    0.2207    0.0030
 0.00  5500. -0.5  2.0   0.4663    0.1678    0.0056
 0.50  5500. -0.5  2.0   0.4540    0.1839    0.0061
 1.00  5500. -0.5  2.0   0.4449    0.1973    0.0068
 1.50  5500. -0.5  2.0   0.4323    0.2135    0.0073
 2.00  5500. -0.5  2.0   0.4207    0.2295    0.0072
 2.50  5500. -0.5  2.0   0.4166    0.2389    0.0063
 3.00  5500. -0.5  2.0   0.4109    0.2492    0.0055
 3.50  5500. -0.5  2.0   0.4137    0.2500    0.0047
 4.00  5500. -0.5  2.0   0.4170    0.2492    0.0045
 4.50  5500. -0.5  2.0   0.4167    0.2516    0.0043
 5.00  5500. -0.5  2.0   0.4138    0.2563    0.0042
 0.00  5750. -0.5  2.0   0.5444    0.0987    0.0028
 0.50  5750. -0.5  2.0   0.4403    0.1905    0.0067
 1.00  5750. -0.5  2.0   0.4062    0.2232    0.0086
 1.50  5750. -0.5  2.0   0.3992    0.2322    0.0092
 2.00  5750. -0.5  2.0   0.3903    0.2436    0.0091
 2.50  5750. -0.5  2.0   0.3799    0.2570    0.0086
 3.00  5750. -0.5  2.0   0.3750    0.2651    0.0074
 3.50  5750. -0.5  2.0   0.3732    0.2700    0.0064
 4.00  5750. -0.5  2.0   0.3741    0.2716    0.0059
 4.50  5750. -0.5  2.0   0.3732    0.2742    0.0057
 5.00  5750. -0.5  2.0   0.3700    0.2791    0.0056
 0.00  6000. -0.5  2.0   0.5432    0.1037    0.0015
 0.50  6000. -0.5  2.0   0.5159    0.1252    0.0031
 1.00  6000. -0.5  2.0   0.4327    0.1940    0.0079
 1.50  6000. -0.5  2.0   0.3703    0.2529    0.0099
 2.00  6000. -0.5  2.0   0.3668    0.2574    0.0098
 2.50  6000. -0.5  2.0   0.3590    0.2658    0.0095
 3.00  6000. -0.5  2.0   0.3494    0.2751    0.0092
 3.50  6000. -0.5  2.0   0.3443    0.2818    0.0081
 4.00  6000. -0.5  2.0   0.3431    0.2844    0.0073
 4.50  6000. -0.5  2.0   0.3394    0.2887    0.0071
 5.00  6000. -0.5  2.0   0.3345    0.2946    0.0071
 0.50  6250. -0.5  2.0   0.5118    0.1337    0.0018
 1.00  6250. -0.5  2.0   0.4760    0.1589    0.0043
 1.50  6250. -0.5  2.0   0.4091    0.2084    0.0103
 2.00  6250. -0.5  2.0   0.3349    0.2779    0.0119
 2.50  6250. -0.5  2.0   0.3329    0.2803    0.0113
 3.00  6250. -0.5  2.0   0.3266    0.2865    0.0106
 3.50  6250. -0.5  2.0   0.3228    0.2909    0.0094
 4.00  6250. -0.5  2.0   0.3212    0.2923    0.0084
 4.50  6250. -0.5  2.0   0.3162    0.2964    0.0082
 5.00  6250. -0.5  2.0   0.3105    0.3017    0.0081
 0.50  6500. -0.5  2.0   0.5040    0.1412    0.0014
 1.00  6500. -0.5  2.0   0.4768    0.1649    0.0023
 1.50  6500. -0.5  2.0   0.4395    0.1891    0.0052
 2.00  6500. -0.5  2.0   0.3620    0.2462    0.0119
 2.50  6500. -0.5  2.0   0.3065    0.2969    0.0127
 3.00  6500. -0.5  2.0   0.3064    0.2972    0.0117
 3.50  6500. -0.5  2.0   0.3058    0.2970    0.0106
 4.00  6500. -0.5  2.0   0.3047    0.2974    0.0096
 4.50  6500. -0.5  2.0   0.2984    0.3028    0.0090
 5.00  6500. -0.5  2.0   0.2935    0.3063    0.0088
 0.50  6750. -0.5  2.0   0.4740    0.1675    0.0015
 1.00  6750. -0.5  2.0   0.4706    0.1711    0.0019
 1.50  6750. -0.5  2.0   0.4415    0.1938    0.0029
 2.00  6750. -0.5  2.0   0.4014    0.2157    0.0067
 2.50  6750. -0.5  2.0   0.3397    0.2531    0.0144
 3.00  6750. -0.5  2.0   0.2864    0.3085    0.0127
 3.50  6750. -0.5  2.0   0.2878    0.3068    0.0115
 4.00  6750. -0.5  2.0   0.2883    0.3055    0.0104
 4.50  6750. -0.5  2.0   0.2851    0.3067    0.0098
 5.00  6750. -0.5  2.0   0.2810    0.3087    0.0094
 0.50  7000. -0.5  2.0   0.4385    0.1974    0.0019
 1.00  7000. -0.5  2.0   0.4398    0.1967    0.0023
 1.50  7000. -0.5  2.0   0.4370    0.1980    0.0026
 2.00  7000. -0.5  2.0   0.4059    0.2203    0.0038
 2.50  7000. -0.5  2.0   0.3600    0.2458    0.0083
 3.00  7000. -0.5  2.0   0.2936    0.2883    0.0160
 3.50  7000. -0.5  2.0   0.2701    0.3171    0.0122
 4.00  7000. -0.5  2.0   0.2715    0.3143    0.0112
 4.50  7000. -0.5  2.0   0.2705    0.3131    0.0106
 5.00  7000. -0.5  2.0   0.2685    0.3131    0.0099
 0.50  7250. -0.5  2.0   0.4003    0.2266    0.0026
 1.00  7250. -0.5  2.0   0.3981    0.2301    0.0031
 1.50  7250. -0.5  2.0   0.4010    0.2266    0.0033
 2.00  7250. -0.5  2.0   0.3996    0.2256    0.0033
 2.50  7250. -0.5  2.0   0.3681    0.2475    0.0045
 3.00  7250. -0.5  2.0   0.3218    0.2728    0.0092
 3.50  7250. -0.5  2.0   0.2553    0.3249    0.0137
 4.00  7250. -0.5  2.0   0.2498    0.3283    0.0122
 4.50  7250. -0.5  2.0   0.2502    0.3259    0.0114
 5.00  7250. -0.5  2.0   0.2511    0.3237    0.0104
 0.50  7500. -0.5  2.0   0.3699    0.2446    0.0036
 1.00  7500. -0.5  2.0   0.3651    0.2519    0.0043
 1.50  7500. -0.5  2.0   0.3638    0.2531    0.0047
 2.00  7500. -0.5  2.0   0.3681    0.2475    0.0046
 2.50  7500. -0.5  2.0   0.3668    0.2463    0.0042
 3.00  7500. -0.5  2.0   0.3318    0.2698    0.0058
 3.50  7500. -0.5  2.0   0.2762    0.3051    0.0110
 4.00  7500. -0.5  2.0   0.2338    0.3361    0.0136
 4.50  7500. -0.5  2.0   0.2348    0.3330    0.0123
 5.00  7500. -0.5  2.0   0.2349    0.3316    0.0114
 1.00  7750. -0.5  2.0   0.3403    0.2639    0.0054
 1.50  7750. -0.5  2.0   0.3329    0.2708    0.0062
 2.00  7750. -0.5  2.0   0.3335    0.2693    0.0063
 2.50  7750. -0.5  2.0   0.3391    0.2622    0.0058
 3.00  7750. -0.5  2.0   0.3371    0.2621    0.0051
 3.50  7750. -0.5  2.0   0.2970    0.2904    0.0071
 4.00  7750. -0.5  2.0   0.2398    0.3262    0.0130
 4.50  7750. -0.5  2.0   0.2168    0.3423    0.0138
 5.00  7750. -0.5  2.0   0.2203    0.3391    0.0120
 1.00  8000. -0.5  2.0   0.3242    0.2679    0.0063
 1.50  8000. -0.5  2.0   0.3105    0.2799    0.0074
 2.00  8000. -0.5  2.0   0.3061    0.2823    0.0079
 2.50  8000. -0.5  2.0   0.3083    0.2788    0.0076
 3.00  8000. -0.5  2.0   0.3151    0.2708    0.0068
 3.50  8000. -0.5  2.0   0.3089    0.2754    0.0060
 4.00  8000. -0.5  2.0   0.2631    0.3086    0.0087
 4.50  8000. -0.5  2.0   0.2126    0.3427    0.0133
 5.00  8000. -0.5  2.0   0.2047    0.3467    0.0129
 1.00  8250. -0.5  2.0   0.3167    0.2652    0.0070
 1.50  8250. -0.5  2.0   0.2946    0.2843    0.0082
 2.00  8250. -0.5  2.0   0.2853    0.2896    0.0091
 2.50  8250. -0.5  2.0   0.2844    0.2880    0.0091
 3.00  8250. -0.5  2.0   0.2883    0.2827    0.0084
 3.50  8250. -0.5  2.0   0.2945    0.2757    0.0075
 4.00  8250. -0.5  2.0   0.2795    0.2897    0.0068
 4.50  8250. -0.5  2.0   0.2270    0.3295    0.0104
 5.00  8250. -0.5  2.0   0.1885    0.3519    0.0151
 1.00  8500. -0.5  2.0   0.3193    0.2564    0.0070
 1.50  8500. -0.5  2.0   0.2847    0.2852    0.0088
 2.00  8500. -0.5  2.0   0.2698    0.2940    0.0100
 2.50  8500. -0.5  2.0   0.2650    0.2945    0.0103
 3.00  8500. -0.5  2.0   0.2660    0.2911    0.0099
 3.50  8500. -0.5  2.0   0.2708    0.2851    0.0090
 4.00  8500. -0.5  2.0   0.2758    0.2796    0.0080
 4.50  8500. -0.5  2.0   0.2494    0.3049    0.0078
 5.00  8500. -0.5  2.0   0.1967    0.3441    0.0122
 1.50  8750. -0.5  2.0   0.2785    0.2845    0.0091
 2.00  8750. -0.5  2.0   0.2591    0.2958    0.0106
 2.50  8750. -0.5  2.0   0.2509    0.2981    0.0112
 3.00  8750. -0.5  2.0   0.2490    0.2963    0.0110
 3.50  8750. -0.5  2.0   0.2515    0.2917    0.0103
 4.00  8750. -0.5  2.0   0.2565    0.2855    0.0093
 4.50  8750. -0.5  2.0   0.2570    0.2849    0.0083
 5.00  8750. -0.5  2.0   0.2172    0.3222    0.0093
 1.50  9000. -0.5  2.0   0.2768    0.2811    0.0095
 2.00  9000. -0.5  2.0   0.2527    0.2947    0.0113
 2.50  9000. -0.5  2.0   0.2430    0.2971    0.0121
 3.00  9000. -0.5  2.0   0.2392    0.2961    0.0121
 3.50  9000. -0.5  2.0   0.2395    0.2930    0.0115
 4.00  9000. -0.5  2.0   0.2425    0.2881    0.0107
 4.50  9000. -0.5  2.0   0.2480    0.2815    0.0097
 5.00  9000. -0.5  2.0   0.2543    0.2742    0.0087
 2.00  9250. -0.5  2.0   0.2456    0.2953    0.0116
 2.50  9250. -0.5  2.0   0.2325    0.2995    0.0125
 3.00  9250. -0.5  2.0   0.2286    0.2977    0.0127
 3.50  9250. -0.5  2.0   0.2271    0.2957    0.0124
 4.00  9250. -0.5  2.0   0.2284    0.2923    0.0117
 4.50  9250. -0.5  2.0   0.2322    0.2868    0.0108
 5.00  9250. -0.5  2.0   0.2370    0.2804    0.0099
 2.00  9500. -0.5  2.0   0.2390    0.2961    0.0120
 2.50  9500. -0.5  2.0   0.2250    0.2998    0.0129
 3.00  9500. -0.5  2.0   0.2188    0.2991    0.0133
 3.50  9500. -0.5  2.0   0.2162    0.2976    0.0132
 4.00  9500. -0.5  2.0   0.2173    0.2942    0.0126
 4.50  9500. -0.5  2.0   0.2190    0.2906    0.0118
 5.00  9500. -0.5  2.0   0.2224    0.2853    0.0110
 2.00  9750. -0.5  2.0   0.2325    0.2972    0.0123
 2.50  9750. -0.5  2.0   0.2175    0.3005    0.0133
 3.00  9750. -0.5  2.0   0.2106    0.2996    0.0137
 3.50  9750. -0.5  2.0   0.2076    0.2979    0.0136
 4.00  9750. -0.5  2.0   0.2068    0.2959    0.0133
 4.50  9750. -0.5  2.0   0.2071    0.2938    0.0127
 5.00  9750. -0.5  2.0   0.2102    0.2888    0.0120
 2.00 10000. -0.5  2.0   0.2265    0.2980    0.0128
 2.50 10000. -0.5  2.0   0.2111    0.3003    0.0137
 3.00 10000. -0.5  2.0   0.2037    0.2994    0.0139
 3.50 10000. -0.5  2.0   0.2002    0.2976    0.0139
 4.00 10000. -0.5  2.0   0.1991    0.2956    0.0138
 4.50 10000. -0.5  2.0   0.1989    0.2939    0.0134
 5.00 10000. -0.5  2.0   0.1992    0.2918    0.0128
 2.00 10500. -0.5  2.0   0.2153    0.2996    0.0138
 2.50 10500. -0.5  2.0   0.1988    0.3002    0.0145
 3.00 10500. -0.5  2.0   0.1914    0.2979    0.0144
 3.50 10500. -0.5  2.0   0.1879    0.2954    0.0143
 4.00 10500. -0.5  2.0   0.1862    0.2936    0.0142
 4.50 10500. -0.5  2.0   0.1850    0.2926    0.0141
 5.00 10500. -0.5  2.0   0.1839    0.2920    0.0140
 2.50 11000. -0.5  2.0   0.1882    0.2995    0.0153
 3.00 11000. -0.5  2.0   0.1803    0.2961    0.0149
 3.50 11000. -0.5  2.0   0.1775    0.2924    0.0145
 4.00 11000. -0.5  2.0   0.1760    0.2901    0.0142
 4.50 11000. -0.5  2.0   0.1747    0.2891    0.0142
 5.00 11000. -0.5  2.0   0.1728    0.2890    0.0142
 2.50 11500. -0.5  2.0   0.1798    0.2981    0.0161
 3.00 11500. -0.5  2.0   0.1712    0.2934    0.0154
 3.50 11500. -0.5  2.0   0.1681    0.2893    0.0147
 4.00 11500. -0.5  2.0   0.1670    0.2867    0.0142
 4.50 11500. -0.5  2.0   0.1664    0.2851    0.0140
 5.00 11500. -0.5  2.0   0.1648    0.2847    0.0141
 2.50 12000. -0.5  2.0   0.1732    0.2969    0.0168
 3.00 12000. -0.5  2.0   0.1636    0.2904    0.0159
 3.50 12000. -0.5  2.0   0.1600    0.2858    0.0150
 4.00 12000. -0.5  2.0   0.1589    0.2831    0.0143
 4.50 12000. -0.5  2.0   0.1586    0.2815    0.0140
 5.00 12000. -0.5  2.0   0.1578    0.2807    0.0140
 2.50 12500. -0.5  2.0   0.1678    0.2962    0.0175
 3.00 12500. -0.5  2.0   0.1573    0.2877    0.0163
 3.50 12500. -0.5  2.0   0.1535    0.2816    0.0152
 4.00 12500. -0.5  2.0   0.1522    0.2786    0.0144
 4.50 12500. -0.5  2.0   0.1517    0.2775    0.0140
 5.00 12500. -0.5  2.0   0.1513    0.2769    0.0139
 2.50 13000. -0.5  2.0   0.1634    0.2962    0.0180
 3.00 13000. -0.5  2.0   0.1522    0.2854    0.0167
 3.50 13000. -0.5  2.0   0.1479    0.2779    0.0153
 4.00 13000. -0.5  2.0   0.1465    0.2739    0.0144
 4.50 13000. -0.5  2.0   0.1459    0.2729    0.0139
 5.00 13000. -0.5  2.0   0.1450    0.2732    0.0137
 2.00 14000. -0.5  2.0   0.1947    0.3045    0.0172
 2.50 14000. -0.5  2.0   0.1571    0.2972    0.0191
 3.00 14000. -0.5  2.0   0.1439    0.2827    0.0176
 3.50 14000. -0.5  2.0   0.1389    0.2718    0.0157
 4.00 14000. -0.5  2.0   0.1372    0.2657    0.0144
 4.50 14000. -0.5  2.0   0.1361    0.2638    0.0137
 5.00 14000. -0.5  2.0   0.1351    0.2642    0.0134
 2.50 15000. -0.5  2.0   0.1530    0.2994    0.0200
 3.00 15000. -0.5  2.0   0.1378    0.2816    0.0184
 3.50 15000. -0.5  2.0   0.1324    0.2673    0.0161
 4.00 15000. -0.5  2.0   0.1303    0.2587    0.0144
 4.50 15000. -0.5  2.0   0.1287    0.2554    0.0135
 5.00 15000. -0.5  2.0   0.1275    0.2551    0.0131
 2.50 16000. -0.5  2.0   0.1515    0.3015    0.0208
 3.00 16000. -0.5  2.0   0.1328    0.2819    0.0192
 3.50 16000. -0.5  2.0   0.1270    0.2645    0.0164
 4.00 16000. -0.5  2.0   0.1249    0.2534    0.0144
 4.50 16000. -0.5  2.0   0.1235    0.2481    0.0132
 5.00 16000. -0.5  2.0   0.1221    0.2467    0.0127
 2.50 17000. -0.5  2.0   0.1508    0.3054    0.0214
 3.00 17000. -0.5  2.0   0.1286    0.2833    0.0201
 3.50 17000. -0.5  2.0   0.1224    0.2629    0.0169
 4.00 17000. -0.5  2.0   0.1205    0.2493    0.0144
 4.50 17000. -0.5  2.0   0.1194    0.2421    0.0130
 5.00 17000. -0.5  2.0   0.1178    0.2396    0.0124
 2.50 18000. -0.5  2.0   0.1508    0.3110    0.0219
 3.00 18000. -0.5  2.0   0.1248    0.2858    0.0211
 3.50 18000. -0.5  2.0   0.1177    0.2627    0.0175
 4.00 18000. -0.5  2.0   0.1161    0.2468    0.0147
 4.50 18000. -0.5  2.0   0.1153    0.2378    0.0129
 5.00 18000. -0.5  2.0   0.1141    0.2339    0.0121
 2.50 19000. -0.5  2.0   0.1504    0.3189    0.0223
 3.00 19000. -0.5  2.0   0.1209    0.2902    0.0223
 3.50 19000. -0.5  2.0   0.1134    0.2633    0.0184
 4.00 19000. -0.5  2.0   0.1116    0.2452    0.0150
 4.50 19000. -0.5  2.0   0.1116    0.2342    0.0129
 5.00 19000. -0.5  2.0   0.1105    0.2295    0.0119
 3.00 20000. -0.5  2.0   0.1159    0.2969    0.0239
 3.50 20000. -0.5  2.0   0.1085    0.2658    0.0196
 4.00 20000. -0.5  2.0   0.1074    0.2445    0.0157
 4.50 20000. -0.5  2.0   0.1070    0.2326    0.0132
 5.00 20000. -0.5  2.0   0.1068    0.2262    0.0120
 3.00 21000. -0.5  2.0   0.1098    0.3052    0.0256
 3.50 21000. -0.5  2.0   0.1030    0.2699    0.0210
 4.00 21000. -0.5  2.0   0.1030    0.2451    0.0166
 4.50 21000. -0.5  2.0   0.1031    0.2311    0.0137
 5.00 21000. -0.5  2.0   0.1032    0.2237    0.0123
 3.00 22000. -0.5  2.0   0.1044    0.3132    0.0277
 3.50 22000. -0.5  2.0   0.0965    0.2757    0.0229
 4.00 22000. -0.5  2.0   0.0974    0.2479    0.0178
 4.50 22000. -0.5  2.0   0.0987    0.2313    0.0145
 5.00 22000. -0.5  2.0   0.0992    0.2226    0.0128
 3.00 23000. -0.5  2.0   0.1016    0.3196    0.0292
 3.50 23000. -0.5  2.0   0.0897    0.2819    0.0249
 4.00 23000. -0.5  2.0   0.0912    0.2520    0.0194
 4.50 23000. -0.5  2.0   0.0935    0.2331    0.0156
 5.00 23000. -0.5  2.0   0.0944    0.2232    0.0136
 3.00 24000. -0.5  2.0   0.1030    0.3245    0.0297
 3.50 24000. -0.5  2.0   0.0843    0.2869    0.0268
 4.00 24000. -0.5  2.0   0.0847    0.2563    0.0210
 4.50 24000. -0.5  2.0   0.0877    0.2361    0.0168
 5.00 24000. -0.5  2.0   0.0898    0.2244    0.0145
 3.00 25000. -0.5  2.0   0.1070    0.3297    0.0293
 3.50 25000. -0.5  2.0   0.0803    0.2917    0.0283
 4.00 25000. -0.5  2.0   0.0790    0.2600    0.0225
 4.50 25000. -0.5  2.0   0.0819    0.2393    0.0181
 5.00 25000. -0.5  2.0   0.0844    0.2269    0.0154
 3.00 26000. -0.5  2.0   0.1087    0.3381    0.0285
 3.50 26000. -0.5  2.0   0.0788    0.2959    0.0292
 4.00 26000. -0.5  2.0   0.0748    0.2627    0.0238
 4.50 26000. -0.5  2.0   0.0768    0.2416    0.0192
 5.00 26000. -0.5  2.0   0.0791    0.2293    0.0163
 3.50 27000. -0.5  2.0   0.0780    0.3011    0.0296
 4.00 27000. -0.5  2.0   0.0720    0.2652    0.0246
 4.50 27000. -0.5  2.0   0.0725    0.2433    0.0199
 5.00 27000. -0.5  2.0   0.0746    0.2306    0.0170
 3.50 28000. -0.5  2.0   0.0749    0.3083    0.0301
 4.00 28000. -0.5  2.0   0.0694    0.2687    0.0251
 4.50 28000. -0.5  2.0   0.0697    0.2441    0.0204
 5.00 28000. -0.5  2.0   0.0710    0.2308    0.0174
 3.50 29000. -0.5  2.0   0.0700    0.3154    0.0309
 4.00 29000. -0.5  2.0   0.0668    0.2723    0.0256
 4.50 29000. -0.5  2.0   0.0672    0.2453    0.0206
 5.00 29000. -0.5  2.0   0.0684    0.2303    0.0174
 3.50 30000. -0.5  2.0   0.0638    0.3225    0.0322
 4.00 30000. -0.5  2.0   0.0630    0.2756    0.0262
 4.50 30000. -0.5  2.0   0.0645    0.2464    0.0207
 5.00 30000. -0.5  2.0   0.0664    0.2290    0.0173
 3.50 31000. -0.5  2.0   0.0554    0.3320    0.0338
 4.00 31000. -0.5  2.0   0.0572    0.2792    0.0268
 4.50 31000. -0.5  2.0   0.0615    0.2467    0.0208
 5.00 31000. -0.5  2.0   0.0639    0.2278    0.0169
 4.00 32000. -0.5  2.0   0.0506    0.2826    0.0279
 4.50 32000. -0.5  2.0   0.0574    0.2462    0.0209
 5.00 32000. -0.5  2.0   0.0611    0.2256    0.0166
 4.00 33000. -0.5  2.0   0.0425    0.2873    0.0293
 4.50 33000. -0.5  2.0   0.0528    0.2455    0.0211
 5.00 33000. -0.5  2.0   0.0582    0.2222    0.0162
 4.00 34000. -0.5  2.0   0.0332    0.2927    0.0314
 4.50 34000. -0.5  2.0   0.0467    0.2457    0.0217
 5.00 34000. -0.5  2.0   0.0545    0.2189    0.0159
 4.00 35000. -0.5  2.0   0.0241    0.2974    0.0340
 4.50 35000. -0.5  2.0   0.0393    0.2468    0.0227
 5.00 35000. -0.5  2.0   0.0500    0.2162    0.0159
 4.50 37500. -0.5  2.0   0.0211    0.2464    0.0263
 5.00 37500. -0.5  2.0   0.0354    0.2101    0.0170
 4.50 40000. -0.5  2.0   0.0122    0.2436    0.0289
 5.00 40000. -0.5  2.0   0.0239    0.2013    0.0184
 5.00 42500. -0.5  2.0   0.0179    0.1968    0.0195
 5.00 45000. -0.5  2.0   0.0140    0.1967    0.0205
 5.00 47500. -0.5  2.0   0.0106    0.1986    0.0215
 5.00 50000. -0.5  2.0   0.0070    0.2017    0.0228
 0.00  3500. -0.3  2.0   0.9027   -0.1043    0.0132
 0.50  3500. -0.3  2.0   0.9093   -0.1087    0.0147
 1.00  3500. -0.3  2.0   0.9097   -0.1139    0.0143
 1.50  3500. -0.3  2.0   0.9057   -0.1139    0.0148
 2.00  3500. -0.3  2.0   0.8942   -0.1070    0.0151
 2.50  3500. -0.3  2.0   0.8618   -0.0767    0.0165
 3.00  3500. -0.3  2.0   0.7118    0.0605    0.0130
 3.50  3500. -0.3  2.0   0.5062    0.2458    0.0113
 4.00  3500. -0.3  2.0   0.3763    0.3515    0.0147
 4.50  3500. -0.3  2.0   0.3118    0.3994    0.0183
 5.00  3500. -0.3  2.0   0.2847    0.4151    0.0206
 0.00  3750. -0.3  2.0   0.8468   -0.0631    0.0077
 0.50  3750. -0.3  2.0   0.8547   -0.0657    0.0075
 1.00  3750. -0.3  2.0   0.8602   -0.0690    0.0075
 1.50  3750. -0.3  2.0   0.8643   -0.0746    0.0070
 2.00  3750. -0.3  2.0   0.8649   -0.0782    0.0069
 2.50  3750. -0.3  2.0   0.8622   -0.0807    0.0068
 3.00  3750. -0.3  2.0   0.8372   -0.0641    0.0070
 3.50  3750. -0.3  2.0   0.6717    0.0821    0.0092
 4.00  3750. -0.3  2.0   0.4371    0.2862    0.0143
 4.50  3750. -0.3  2.0   0.2973    0.3954    0.0235
 5.00  3750. -0.3  2.0   0.2357    0.4372    0.0300
 0.00  4000. -0.3  2.0   0.7878   -0.0226    0.0048
 0.50  4000. -0.3  2.0   0.7919   -0.0202    0.0052
 1.00  4000. -0.3  2.0   0.7942   -0.0182    0.0056
 1.50  4000. -0.3  2.0   0.7952   -0.0169    0.0059
 2.00  4000. -0.3  2.0   0.7953   -0.0173    0.0057
 2.50  4000. -0.3  2.0   0.7953   -0.0187    0.0056
 3.00  4000. -0.3  2.0   0.7940   -0.0206    0.0052
 3.50  4000. -0.3  2.0   0.7775   -0.0106    0.0051
 4.00  4000. -0.3  2.0   0.6431    0.1002    0.0090
 4.50  4000. -0.3  2.0   0.4269    0.2792    0.0178
 5.00  4000. -0.3  2.0   0.2807    0.3910    0.0292
 0.00  4250. -0.3  2.0   0.7285    0.0181    0.0032
 0.50  4250. -0.3  2.0   0.7270    0.0267    0.0035
 1.00  4250. -0.3  2.0   0.7320    0.0263    0.0039
 1.50  4250. -0.3  2.0   0.7325    0.0277    0.0041
 2.00  4250. -0.3  2.0   0.7319    0.0291    0.0042
 2.50  4250. -0.3  2.0   0.7340    0.0266    0.0044
 3.00  4250. -0.3  2.0   0.7341    0.0252    0.0044
 3.50  4250. -0.3  2.0   0.7320    0.0251    0.0043
 4.00  4250. -0.3  2.0   0.7223    0.0311    0.0041
 4.50  4250. -0.3  2.0   0.6286    0.1053    0.0071
 5.00  4250. -0.3  2.0   0.4495    0.2489    0.0158
 0.00  4500. -0.3  2.0   0.6685    0.0575    0.0027
 0.50  4500. -0.3  2.0   0.6640    0.0697    0.0030
 1.00  4500. -0.3  2.0   0.6654    0.0745    0.0032
 1.50  4500. -0.3  2.0   0.6658    0.0782    0.0034
 2.00  4500. -0.3  2.0   0.6686    0.0759    0.0035
 2.50  4500. -0.3  2.0   0.6709    0.0740    0.0035
 3.00  4500. -0.3  2.0   0.6735    0.0705    0.0034
 3.50  4500. -0.3  2.0   0.6750    0.0676    0.0033
 4.00  4500. -0.3  2.0   0.6738    0.0669    0.0032
 4.50  4500. -0.3  2.0   0.6681    0.0704    0.0031
 5.00  4500. -0.3  2.0   0.6075    0.1186    0.0048
 0.00  4750. -0.3  2.0   0.6072    0.0967    0.0029
 0.50  4750. -0.3  2.0   0.6067    0.1068    0.0031
 1.00  4750. -0.3  2.0   0.6061    0.1147    0.0032
 1.50  4750. -0.3  2.0   0.6041    0.1203    0.0034
 2.00  4750. -0.3  2.0   0.6015    0.1253    0.0035
 2.50  4750. -0.3  2.0   0.6047    0.1235    0.0034
 3.00  4750. -0.3  2.0   0.6090    0.1196    0.0033
 3.50  4750. -0.3  2.0   0.6126    0.1157    0.0032
 4.00  4750. -0.3  2.0   0.6145    0.1130    0.0030
 4.50  4750. -0.3  2.0   0.6151    0.1112    0.0028
 5.00  4750. -0.3  2.0   0.6105    0.1145    0.0026
 0.00  5000. -0.3  2.0   0.5551    0.1250    0.0033
 0.50  5000. -0.3  2.0   0.5479    0.1411    0.0037
 1.00  5000. -0.3  2.0   0.5477    0.1506    0.0035
 1.50  5000. -0.3  2.0   0.5419    0.1614    0.0037
 2.00  5000. -0.3  2.0   0.5374    0.1693    0.0037
 2.50  5000. -0.3  2.0   0.5407    0.1685    0.0036
 3.00  5000. -0.3  2.0   0.5436    0.1672    0.0035
 3.50  5000. -0.3  2.0   0.5486    0.1631    0.0033
 4.00  5000. -0.3  2.0   0.5528    0.1594    0.0031
 4.50  5000. -0.3  2.0   0.5553    0.1570    0.0030
 5.00  5000. -0.3  2.0   0.5554    0.1565    0.0028
 0.00  5250. -0.3  2.0   0.5075    0.1518    0.0037
 0.50  5250. -0.3  2.0   0.5041    0.1635    0.0041
 1.00  5250. -0.3  2.0   0.4961    0.1785    0.0045
 1.50  5250. -0.3  2.0   0.4831    0.1960    0.0052
 2.00  5250. -0.3  2.0   0.4832    0.2016    0.0047
 2.50  5250. -0.3  2.0   0.4794    0.2086    0.0044
 3.00  5250. -0.3  2.0   0.4819    0.2088    0.0040
 3.50  5250. -0.3  2.0   0.4863    0.2062    0.0038
 4.00  5250. -0.3  2.0   0.4924    0.2018    0.0036
 4.50  5250. -0.3  2.0   0.4946    0.2008    0.0035
 5.00  5250. -0.3  2.0   0.4944    0.2017    0.0033
 0.00  5500. -0.3  2.0   0.5993    0.0638    0.0014
 0.50  5500. -0.3  2.0   0.4535    0.1914    0.0066
 1.00  5500. -0.3  2.0   0.4450    0.2048    0.0075
 1.50  5500. -0.3  2.0   0.4367    0.2178    0.0076
 2.00  5500. -0.3  2.0   0.4256    0.2339    0.0075
 2.50  5500. -0.3  2.0   0.4234    0.2417    0.0065
 3.00  5500. -0.3  2.0   0.4276    0.2420    0.0054
 3.50  5500. -0.3  2.0   0.4307    0.2411    0.0049
 4.00  5500. -0.3  2.0   0.4368    0.2377    0.0044
 4.50  5500. -0.3  2.0   0.4397    0.2363    0.0043
 5.00  5500. -0.3  2.0   0.4369    0.2404    0.0042
 0.00  5750. -0.3  2.0   0.5784    0.0788    0.0014
 0.50  5750. -0.3  2.0   0.5708    0.0905    0.0016
 1.00  5750. -0.3  2.0   0.4035    0.2307    0.0095
 1.50  5750. -0.3  2.0   0.3998    0.2377    0.0098
 2.00  5750. -0.3  2.0   0.3972    0.2457    0.0086
 2.50  5750. -0.3  2.0   0.3877    0.2572    0.0086
 3.00  5750. -0.3  2.0   0.3854    0.2638    0.0073
 3.50  5750. -0.3  2.0   0.3859    0.2661    0.0064
 4.00  5750. -0.3  2.0   0.3910    0.2639    0.0056
 4.50  5750. -0.3  2.0   0.3913    0.2646    0.0055
 5.00  5750. -0.3  2.0   0.3908    0.2671    0.0053
 0.00  6000. -0.3  2.0   0.5525    0.0996    0.0013
 0.50  6000. -0.3  2.0   0.5451    0.1113    0.0015
 1.00  6000. -0.3  2.0   0.5402    0.1180    0.0019
 1.50  6000. -0.3  2.0   0.3665    0.2600    0.0110
 2.00  6000. -0.3  2.0   0.3645    0.2642    0.0107
 2.50  6000. -0.3  2.0   0.3563    0.2730    0.0107
 3.00  6000. -0.3  2.0   0.3533    0.2782    0.0093
 3.50  6000. -0.3  2.0   0.3517    0.2823    0.0081
 4.00  6000. -0.3  2.0   0.3530    0.2829    0.0072
 4.50  6000. -0.3  2.0   0.3514    0.2851    0.0070
 5.00  6000. -0.3  2.0   0.3489    0.2888    0.0068
 0.50  6250. -0.3  2.0   0.5213    0.1302    0.0016
 1.00  6250. -0.3  2.0   0.5115    0.1422    0.0018
 1.50  6250. -0.3  2.0   0.5045    0.1486    0.0021
 2.00  6250. -0.3  2.0   0.3333    0.2846    0.0122
 2.50  6250. -0.3  2.0   0.3312    0.2867    0.0119
 3.00  6250. -0.3  2.0   0.3278    0.2904    0.0110
 3.50  6250. -0.3  2.0   0.3262    0.2930    0.0097
 4.00  6250. -0.3  2.0   0.3260    0.2938    0.0086
 4.50  6250. -0.3  2.0   0.3223    0.2973    0.0083
 5.00  6250. -0.3  2.0   0.3186    0.3011    0.0082
 0.50  6500. -0.3  2.0   0.5019    0.1443    0.0018
 1.00  6500. -0.3  2.0   0.4889    0.1596    0.0019
 1.50  6500. -0.3  2.0   0.4788    0.1697    0.0021
 2.00  6500. -0.3  2.0   0.4744    0.1716    0.0023
 2.50  6500. -0.3  2.0   0.3054    0.3031    0.0129
 3.00  6500. -0.3  2.0   0.3049    0.3029    0.0122
 3.50  6500. -0.3  2.0   0.3041    0.3034    0.0110
 4.00  6500. -0.3  2.0   0.3035    0.3034    0.0100
 4.50  6500. -0.3  2.0   0.2991    0.3065    0.0095
 5.00  6500. -0.3  2.0   0.2956    0.3092    0.0092
 0.50  6750. -0.3  2.0   0.4700    0.1717    0.0018
 1.00  6750. -0.3  2.0   0.4691    0.1737    0.0023
 1.50  6750. -0.3  2.0   0.4555    0.1876    0.0023
 2.00  6750. -0.3  2.0   0.4448    0.1963    0.0023
 2.50  6750. -0.3  2.0   0.4410    0.1961    0.0025
 3.00  6750. -0.3  2.0   0.2835    0.3157    0.0130
 3.50  6750. -0.3  2.0   0.2825    0.3148    0.0124
 4.00  6750. -0.3  2.0   0.2831    0.3133    0.0113
 4.50  6750. -0.3  2.0   0.2803    0.3141    0.0106
 5.00  6750. -0.3  2.0   0.2779    0.3149    0.0101
 0.50  7000. -0.3  2.0   0.4360    0.2000    0.0022
 1.00  7000. -0.3  2.0   0.4361    0.2010    0.0027
 1.50  7000. -0.3  2.0   0.4273    0.2090    0.0030
 2.00  7000. -0.3  2.0   0.4236    0.2113    0.0028
 2.50  7000. -0.3  2.0   0.4128    0.2189    0.0026
 3.00  7000. -0.3  2.0   0.4112    0.2156    0.0027
 3.50  7000. -0.3  2.0   0.2643    0.3252    0.0131
 4.00  7000. -0.3  2.0   0.2643    0.3231    0.0123
 4.50  7000. -0.3  2.0   0.2632    0.3219    0.0116
 5.00  7000. -0.3  2.0   0.2623    0.3211    0.0108
 0.50  7250. -0.3  2.0   0.4027    0.2245    0.0029
 1.00  7250. -0.3  2.0   0.3995    0.2293    0.0035
 1.50  7250. -0.3  2.0   0.4011    0.2275    0.0038
 2.00  7250. -0.3  2.0   0.4027    0.2242    0.0038
 2.50  7250. -0.3  2.0   0.3900    0.2347    0.0033
 3.00  7250. -0.3  2.0   0.3818    0.2389    0.0030
 3.50  7250. -0.3  2.0   0.3794    0.2361    0.0029
 4.00  7250. -0.3  2.0   0.2467    0.3323    0.0134
 4.50  7250. -0.3  2.0   0.2454    0.3306    0.0128
 5.00  7250. -0.3  2.0   0.2459    0.3286    0.0117
 0.50  7500. -0.3  2.0   0.3728    0.2421    0.0039
 1.00  7500. -0.3  2.0   0.3672    0.2504    0.0047
 1.50  7500. -0.3  2.0   0.3644    0.2534    0.0052
 2.00  7500. -0.3  2.0   0.3671    0.2496    0.0052
 2.50  7500. -0.3  2.0   0.3689    0.2456    0.0048
 3.00  7500. -0.3  2.0   0.3579    0.2546    0.0039
 3.50  7500. -0.3  2.0   0.3518    0.2569    0.0034
 4.00  7500. -0.3  2.0   0.2377    0.3377    0.0127
 4.50  7500. -0.3  2.0   0.2285    0.3395    0.0137
 5.00  7500. -0.3  2.0   0.2287    0.3369    0.0128
 1.00  7750. -0.3  2.0   0.3433    0.2617    0.0057
 1.50  7750. -0.3  2.0   0.3344    0.2702    0.0067
 2.00  7750. -0.3  2.0   0.3331    0.2707    0.0070
 2.50  7750. -0.3  2.0   0.3375    0.2649    0.0066
 3.00  7750. -0.3  2.0   0.3389    0.2617    0.0058
 3.50  7750. -0.3  2.0   0.3290    0.2703    0.0046
 4.00  7750. -0.3  2.0   0.3242    0.2711    0.0039
 4.50  7750. -0.3  2.0   0.2166    0.3457    0.0137
 5.00  7750. -0.3  2.0   0.2136    0.3444    0.0134
 1.00  8000. -0.3  2.0   0.3284    0.2646    0.0065
 1.50  8000. -0.3  2.0   0.3133    0.2779    0.0079
 2.00  8000. -0.3  2.0   0.3069    0.2824    0.0086
 2.50  8000. -0.3  2.0   0.3077    0.2803    0.0085
 3.00  8000. -0.3  2.0   0.3123    0.2744    0.0078
 3.50  8000. -0.3  2.0   0.3118    0.2737    0.0067
 4.00  8000. -0.3  2.0   0.3014    0.2838    0.0052
 4.50  8000. -0.3  2.0   0.2971    0.2848    0.0044
 5.00  8000. -0.3  2.0   0.1994    0.3512    0.0140
 1.00  8250. -0.3  2.0   0.3211    0.2616    0.0071
 1.50  8250. -0.3  2.0   0.2988    0.2810    0.0085
 2.00  8250. -0.3  2.0   0.2882    0.2875    0.0096
 2.50  8250. -0.3  2.0   0.2850    0.2879    0.0099
 3.00  8250. -0.3  2.0   0.2862    0.2851    0.0094
 3.50  8250. -0.3  2.0   0.2901    0.2800    0.0086
 4.00  8250. -0.3  2.0   0.2867    0.2836    0.0073
 4.50  8250. -0.3  2.0   0.2758    0.2953    0.0058
 5.00  8250. -0.3  2.0   0.2728    0.2948    0.0050
 1.00  8500. -0.3  2.0   0.3241    0.2525    0.0071
 1.50  8500. -0.3  2.0   0.2888    0.2822    0.0090
 2.00  8500. -0.3  2.0   0.2734    0.2912    0.0103
 2.50  8500. -0.3  2.0   0.2671    0.2926    0.0109
 3.00  8500. -0.3  2.0   0.2664    0.2905    0.0107
 3.50  8500. -0.3  2.0   0.2689    0.2863    0.0100
 4.00  8500. -0.3  2.0   0.2713    0.2827    0.0091
 4.50  8500. -0.3  2.0   0.2627    0.2930    0.0077
 5.00  8500. -0.3  2.0   0.2534    0.3031    0.0063
 1.50  8750. -0.3  2.0   0.2831    0.2812    0.0093
 2.00  8750. -0.3  2.0   0.2630    0.2930    0.0109
 2.50  8750. -0.3  2.0   0.2538    0.2956    0.0116
 3.00  8750. -0.3  2.0   0.2504    0.2945    0.0117
 3.50  8750. -0.3  2.0   0.2506    0.2913    0.0111
 4.00  8750. -0.3  2.0   0.2528    0.2871    0.0104
 4.50  8750. -0.3  2.0   0.2525    0.2862    0.0095
 5.00  8750. -0.3  2.0   0.2399    0.3024    0.0080
 1.50  9000. -0.3  2.0   0.2779    0.2813    0.0095
 2.00  9000. -0.3  2.0   0.2547    0.2941    0.0113
 2.50  9000. -0.3  2.0   0.2431    0.2977    0.0122
 3.00  9000. -0.3  2.0   0.2383    0.2968    0.0124
 3.50  9000. -0.3  2.0   0.2367    0.2945    0.0120
 4.00  9000. -0.3  2.0   0.2377    0.2904    0.0114
 4.50  9000. -0.3  2.0   0.2394    0.2864    0.0106
 5.00  9000. -0.3  2.0   0.2431    0.2806    0.0099
 2.00  9250. -0.3  2.0   0.2465    0.2960    0.0116
 2.50  9250. -0.3  2.0   0.2346    0.2988    0.0127
 3.00  9250. -0.3  2.0   0.2281    0.2986    0.0130
 3.50  9250. -0.3  2.0   0.2258    0.2963    0.0128
 4.00  9250. -0.3  2.0   0.2251    0.2933    0.0123
 4.50  9250. -0.3  2.0   0.2258    0.2894    0.0116
 5.00  9250. -0.3  2.0   0.2276    0.2844    0.0109
 2.00  9500. -0.3  2.0   0.2394    0.2975    0.0119
 2.50  9500. -0.3  2.0   0.2255    0.3010    0.0130
 3.00  9500. -0.3  2.0   0.2189    0.3000    0.0135
 3.50  9500. -0.3  2.0   0.2167    0.2971    0.0134
 4.00  9500. -0.3  2.0   0.2152    0.2947    0.0131
 4.50  9500. -0.3  2.0   0.2148    0.2915    0.0125
 5.00  9500. -0.3  2.0   0.2148    0.2874    0.0118
 2.00  9750. -0.3  2.0   0.2330    0.2985    0.0124
 2.50  9750. -0.3  2.0   0.2181    0.3018    0.0134
 3.00  9750. -0.3  2.0   0.2112    0.3006    0.0138
 3.50  9750. -0.3  2.0   0.2074    0.2987    0.0138
 4.00  9750. -0.3  2.0   0.2058    0.2961    0.0137
 4.50  9750. -0.3  2.0   0.2054    0.2928    0.0132
 5.00  9750. -0.3  2.0   0.2042    0.2898    0.0126
 2.00 10000. -0.3  2.0   0.2264    0.2998    0.0129
 2.50 10000. -0.3  2.0   0.2108    0.3028    0.0138
 3.00 10000. -0.3  2.0   0.2038    0.3011    0.0141
 3.50 10000. -0.3  2.0   0.2001    0.2988    0.0141
 4.00 10000. -0.3  2.0   0.1983    0.2963    0.0140
 4.50 10000. -0.3  2.0   0.1966    0.2942    0.0138
 5.00 10000. -0.3  2.0   0.1947    0.2919    0.0133
 2.00 10500. -0.3  2.0   0.2152    0.3010    0.0140
 2.50 10500. -0.3  2.0   0.1981    0.3028    0.0147
 3.00 10500. -0.3  2.0   0.1906    0.3008    0.0147
 3.50 10500. -0.3  2.0   0.1872    0.2981    0.0146
 4.00 10500. -0.3  2.0   0.1854    0.2955    0.0145
 4.50 10500. -0.3  2.0   0.1837    0.2935    0.0144
 5.00 10500. -0.3  2.0   0.1812    0.2920    0.0142
 2.50 11000. -0.3  2.0   0.1871    0.3017    0.0156
 3.00 11000. -0.3  2.0   0.1789    0.2991    0.0153
 3.50 11000. -0.3  2.0   0.1758    0.2958    0.0149
 4.00 11000. -0.3  2.0   0.1747    0.2928    0.0146
 4.50 11000. -0.3  2.0   0.1735    0.2908    0.0146
 5.00 11000. -0.3  2.0   0.1708    0.2899    0.0146
 2.50 11500. -0.3  2.0   0.1785    0.3001    0.0165
 3.00 11500. -0.3  2.0   0.1694    0.2960    0.0159
 3.50 11500. -0.3  2.0   0.1660    0.2925    0.0151
 4.00 11500. -0.3  2.0   0.1654    0.2892    0.0147
 4.50 11500. -0.3  2.0   0.1647    0.2871    0.0145
 5.00 11500. -0.3  2.0   0.1627    0.2860    0.0145
 2.50 12000. -0.3  2.0   0.1717    0.2986    0.0172
 3.00 12000. -0.3  2.0   0.1615    0.2927    0.0163
 3.50 12000. -0.3  2.0   0.1578    0.2883    0.0154
 4.00 12000. -0.3  2.0   0.1568    0.2853    0.0147
 4.50 12000. -0.3  2.0   0.1568    0.2831    0.0144
 5.00 12000. -0.3  2.0   0.1554    0.2821    0.0143
 2.50 12500. -0.3  2.0   0.1665    0.2977    0.0178
 3.00 12500. -0.3  2.0   0.1552    0.2896    0.0168
 3.50 12500. -0.3  2.0   0.1511    0.2837    0.0155
 4.00 12500. -0.3  2.0   0.1500    0.2804    0.0147
 4.50 12500. -0.3  2.0   0.1497    0.2787    0.0143
 5.00 12500. -0.3  2.0   0.1488    0.2780    0.0142
 2.50 13000. -0.3  2.0   0.1622    0.2975    0.0184
 3.00 13000. -0.3  2.0   0.1500    0.2872    0.0171
 3.50 13000. -0.3  2.0   0.1454    0.2797    0.0157
 4.00 13000. -0.3  2.0   0.1440    0.2756    0.0147
 4.50 13000. -0.3  2.0   0.1437    0.2739    0.0142
 5.00 13000. -0.3  2.0   0.1429    0.2737    0.0140
 2.00 14000. -0.3  2.0   0.1954    0.3046    0.0174
 2.50 14000. -0.3  2.0   0.1562    0.2981    0.0195
 3.00 14000. -0.3  2.0   0.1422    0.2838    0.0180
 3.50 14000. -0.3  2.0   0.1366    0.2731    0.0161
 4.00 14000. -0.3  2.0   0.1345    0.2670    0.0147
 4.50 14000. -0.3  2.0   0.1334    0.2647    0.0140
 5.00 14000. -0.3  2.0   0.1328    0.2643    0.0137
 2.50 15000. -0.3  2.0   0.1527    0.2998    0.0204
 3.00 15000. -0.3  2.0   0.1364    0.2825    0.0189
 3.50 15000. -0.3  2.0   0.1303    0.2683    0.0165
 4.00 15000. -0.3  2.0   0.1278    0.2595    0.0147
 4.50 15000. -0.3  2.0   0.1263    0.2558    0.0138
 5.00 15000. -0.3  2.0   0.1250    0.2551    0.0134
 2.50 16000. -0.3  2.0   0.1516    0.3020    0.0211
 3.00 16000. -0.3  2.0   0.1319    0.2826    0.0197
 3.50 16000. -0.3  2.0   0.1251    0.2654    0.0169
 4.00 16000. -0.3  2.0   0.1226    0.2540    0.0147
 4.50 16000. -0.3  2.0   0.1210    0.2485    0.0135
 5.00 16000. -0.3  2.0   0.1194    0.2466    0.0130
 2.50 17000. -0.3  2.0   0.1514    0.3062    0.0216
 3.00 17000. -0.3  2.0   0.1282    0.2838    0.0206
 3.50 17000. -0.3  2.0   0.1205    0.2640    0.0174
 4.00 17000. -0.3  2.0   0.1180    0.2503    0.0148
 4.50 17000. -0.3  2.0   0.1166    0.2427    0.0133
 5.00 17000. -0.3  2.0   0.1149    0.2398    0.0127
 2.50 18000. -0.3  2.0   0.1514    0.3125    0.0220
 3.00 18000. -0.3  2.0   0.1247    0.2866    0.0216
 3.50 18000. -0.3  2.0   0.1167    0.2632    0.0181
 4.00 18000. -0.3  2.0   0.1140    0.2475    0.0151
 4.50 18000. -0.3  2.0   0.1127    0.2385    0.0132
 5.00 18000. -0.3  2.0   0.1114    0.2339    0.0124
 2.50 19000. -0.3  2.0   0.1510    0.3208    0.0224
 3.00 19000. -0.3  2.0   0.1209    0.2915    0.0228
 3.50 19000. -0.3  2.0   0.1128    0.2640    0.0189
 4.00 19000. -0.3  2.0   0.1105    0.2454    0.0154
 4.50 19000. -0.3  2.0   0.1094    0.2347    0.0133
 5.00 19000. -0.3  2.0   0.1082    0.2293    0.0122
 3.00 20000. -0.3  2.0   0.1155    0.2990    0.0243
 3.50 20000. -0.3  2.0   0.1082    0.2667    0.0201
 4.00 20000. -0.3  2.0   0.1064    0.2450    0.0161
 4.50 20000. -0.3  2.0   0.1058    0.2324    0.0136
 5.00 20000. -0.3  2.0   0.1049    0.2259    0.0123
 3.00 21000. -0.3  2.0   0.1092    0.3077    0.0262
 3.50 21000. -0.3  2.0   0.1024    0.2716    0.0216
 4.00 21000. -0.3  2.0   0.1018    0.2463    0.0170
 4.50 21000. -0.3  2.0   0.1021    0.2311    0.0141
 5.00 21000. -0.3  2.0   0.1014    0.2237    0.0125
 3.00 22000. -0.3  2.0   0.1033    0.3161    0.0282
 3.50 22000. -0.3  2.0   0.0956    0.2779    0.0235
 4.00 22000. -0.3  2.0   0.0962    0.2496    0.0182
 4.50 22000. -0.3  2.0   0.0975    0.2319    0.0148
 5.00 22000. -0.3  2.0   0.0975    0.2228    0.0129
 3.00 23000. -0.3  2.0   0.1012    0.3219    0.0297
 3.50 23000. -0.3  2.0   0.0886    0.2841    0.0255
 4.00 23000. -0.3  2.0   0.0899    0.2538    0.0198
 4.50 23000. -0.3  2.0   0.0923    0.2342    0.0159
 5.00 23000. -0.3  2.0   0.0933    0.2233    0.0137
 3.00 24000. -0.3  2.0   0.1029    0.3270    0.0300
 3.50 24000. -0.3  2.0   0.0831    0.2890    0.0274
 4.00 24000. -0.3  2.0   0.0836    0.2579    0.0215
 4.50 24000. -0.3  2.0   0.0864    0.2374    0.0171
 5.00 24000. -0.3  2.0   0.0884    0.2251    0.0146
 3.00 25000. -0.3  2.0   0.1073    0.3323    0.0294
 3.50 25000. -0.3  2.0   0.0795    0.2935    0.0288
 4.00 25000. -0.3  2.0   0.0780    0.2614    0.0230
 4.50 25000. -0.3  2.0   0.0807    0.2404    0.0183
 5.00 25000. -0.3  2.0   0.0832    0.2276    0.0156
 3.00 26000. -0.3  2.0   0.1096    0.3403    0.0285
 3.50 26000. -0.3  2.0   0.0784    0.2976    0.0296
 4.00 26000. -0.3  2.0   0.0737    0.2641    0.0242
 4.50 26000. -0.3  2.0   0.0754    0.2428    0.0194
 5.00 26000. -0.3  2.0   0.0779    0.2299    0.0164
 3.50 27000. -0.3  2.0   0.0774    0.3031    0.0300
 4.00 27000. -0.3  2.0   0.0713    0.2664    0.0249
 4.50 27000. -0.3  2.0   0.0712    0.2442    0.0201
 5.00 27000. -0.3  2.0   0.0735    0.2310    0.0171
 3.50 28000. -0.3  2.0   0.0750    0.3098    0.0305
 4.00 28000. -0.3  2.0   0.0692    0.2695    0.0255
 4.50 28000. -0.3  2.0   0.0688    0.2448    0.0205
 5.00 28000. -0.3  2.0   0.0700    0.2312    0.0174
 3.50 29000. -0.3  2.0   0.0706    0.3168    0.0313
 4.00 29000. -0.3  2.0   0.0666    0.2733    0.0259
 4.50 29000. -0.3  2.0   0.0666    0.2459    0.0208
 5.00 29000. -0.3  2.0   0.0675    0.2305    0.0175
 3.50 30000. -0.3  2.0   0.0638    0.3251    0.0324
 4.00 30000. -0.3  2.0   0.0627    0.2770    0.0265
 4.50 30000. -0.3  2.0   0.0638    0.2473    0.0209
 5.00 30000. -0.3  2.0   0.0656    0.2294    0.0173
 3.50 31000. -0.3  2.0   0.0558    0.3347    0.0341
 4.00 31000. -0.3  2.0   0.0570    0.2807    0.0272
 4.50 31000. -0.3  2.0   0.0608    0.2477    0.0210
 5.00 31000. -0.3  2.0   0.0630    0.2285    0.0170
 4.00 32000. -0.3  2.0   0.0503    0.2846    0.0283
 4.50 32000. -0.3  2.0   0.0572    0.2472    0.0212
 5.00 32000. -0.3  2.0   0.0610    0.2257    0.0168
 4.00 33000. -0.3  2.0   0.0421    0.2898    0.0299
 4.50 33000. -0.3  2.0   0.0519    0.2474    0.0215
 5.00 33000. -0.3  2.0   0.0575    0.2234    0.0164
 4.00 34000. -0.3  2.0   0.0331    0.2952    0.0321
 4.50 34000. -0.3  2.0   0.0462    0.2475    0.0222
 5.00 34000. -0.3  2.0   0.0539    0.2204    0.0163
 4.00 35000. -0.3  2.0   0.0239    0.3002    0.0346
 4.50 35000. -0.3  2.0   0.0390    0.2487    0.0233
 5.00 35000. -0.3  2.0   0.0495    0.2178    0.0163
 4.50 37500. -0.3  2.0   0.0212    0.2489    0.0269
 5.00 37500. -0.3  2.0   0.0348    0.2126    0.0175
 4.50 40000. -0.3  2.0   0.0129    0.2469    0.0295
 5.00 40000. -0.3  2.0   0.0238    0.2045    0.0190
 5.00 42500. -0.3  2.0   0.0183    0.2004    0.0201
 5.00 45000. -0.3  2.0   0.0148    0.2004    0.0211
 5.00 47500. -0.3  2.0   0.0111    0.2025    0.0223
 5.00 50000. -0.3  2.0   0.0074    0.2055    0.0236
 0.00  3500. -0.2  2.0   0.9034   -0.0983    0.0150
 0.50  3500. -0.2  2.0   0.9070   -0.1021    0.0161
 1.00  3500. -0.2  2.0   0.9035   -0.1018    0.0170
 1.50  3500. -0.2  2.0   0.8951   -0.0969    0.0182
 2.00  3500. -0.2  2.0   0.8854   -0.0921    0.0186
 2.50  3500. -0.2  2.0   0.8636   -0.0758    0.0183
 3.00  3500. -0.2  2.0   0.7555    0.0209    0.0146
 3.50  3500. -0.2  2.0   0.5572    0.2017    0.0108
 4.00  3500. -0.2  2.0   0.4123    0.3239    0.0131
 4.50  3500. -0.2  2.0   0.3344    0.3828    0.0168
 5.00  3500. -0.2  2.0   0.2997    0.4038    0.0191
 0.00  3750. -0.2  2.0   0.8480   -0.0580    0.0082
 0.50  3750. -0.2  2.0   0.8555   -0.0615    0.0082
 1.00  3750. -0.2  2.0   0.8609   -0.0662    0.0082
 1.50  3750. -0.2  2.0   0.8634   -0.0709    0.0082
 2.00  3750. -0.2  2.0   0.8654   -0.0768    0.0081
 2.50  3750. -0.2  2.0   0.8622   -0.0796    0.0081
 3.00  3750. -0.2  2.0   0.8463   -0.0714    0.0079
 3.50  3750. -0.2  2.0   0.7187    0.0392    0.0088
 4.00  3750. -0.2  2.0   0.4887    0.2439    0.0116
 4.50  3750. -0.2  2.0   0.3314    0.3716    0.0191
 5.00  3750. -0.2  2.0   0.2568    0.4231    0.0260
 0.00  4000. -0.2  2.0   0.7891   -0.0176    0.0055
 0.50  4000. -0.2  2.0   0.7942   -0.0192    0.0053
 1.00  4000. -0.2  2.0   0.7956   -0.0148    0.0063
 1.50  4000. -0.2  2.0   0.7969   -0.0154    0.0064
 2.00  4000. -0.2  2.0   0.7980   -0.0172    0.0063
 2.50  4000. -0.2  2.0   0.7982   -0.0196    0.0060
 3.00  4000. -0.2  2.0   0.7977   -0.0231    0.0056
 3.50  4000. -0.2  2.0   0.7869   -0.0187    0.0052
 4.00  4000. -0.2  2.0   0.6769    0.0712    0.0077
 4.50  4000. -0.2  2.0   0.4645    0.2509    0.0148
 5.00  4000. -0.2  2.0   0.3055    0.3739    0.0255
 0.00  4250. -0.2  2.0   0.7258    0.0265    0.0039
 0.50  4250. -0.2  2.0   0.7300    0.0287    0.0043
 1.00  4250. -0.2  2.0   0.7349    0.0275    0.0045
 1.50  4250. -0.2  2.0   0.7342    0.0300    0.0048
 2.00  4250. -0.2  2.0   0.7358    0.0285    0.0049
 2.50  4250. -0.2  2.0   0.7374    0.0260    0.0050
 3.00  4250. -0.2  2.0   0.7379    0.0238    0.0050
 3.50  4250. -0.2  2.0   0.7366    0.0224    0.0048
 4.00  4250. -0.2  2.0   0.7291    0.0261    0.0045
 4.50  4250. -0.2  2.0   0.6502    0.0896    0.0064
 5.00  4250. -0.2  2.0   0.4758    0.2307    0.0141
 0.00  4500. -0.2  2.0   0.6689    0.0623    0.0031
 0.50  4500. -0.2  2.0   0.6679    0.0705    0.0035
 1.00  4500. -0.2  2.0   0.6678    0.0764    0.0037
 1.50  4500. -0.2  2.0   0.6700    0.0765    0.0040
 2.00  4500. -0.2  2.0   0.6726    0.0750    0.0041
 2.50  4500. -0.2  2.0   0.6757    0.0718    0.0040
 3.00  4500. -0.2  2.0   0.6791    0.0672    0.0039
 3.50  4500. -0.2  2.0   0.6808    0.0637    0.0038
 4.00  4500. -0.2  2.0   0.6802    0.0622    0.0036
 4.50  4500. -0.2  2.0   0.6753    0.0646    0.0035
 5.00  4500. -0.2  2.0   0.6237    0.1063    0.0047
 0.00  4750. -0.2  2.0   0.6098    0.0995    0.0032
 0.50  4750. -0.2  2.0   0.6082    0.1099    0.0035
 1.00  4750. -0.2  2.0   0.6047    0.1194    0.0037
 1.50  4750. -0.2  2.0   0.6092    0.1188    0.0039
 2.00  4750. -0.2  2.0   0.6081    0.1220    0.0040
 2.50  4750. -0.2  2.0   0.6117    0.1193    0.0039
 3.00  4750. -0.2  2.0   0.6164    0.1148    0.0037
 3.50  4750. -0.2  2.0   0.6198    0.1108    0.0035
 4.00  4750. -0.2  2.0   0.6232    0.1062    0.0033
 4.50  4750. -0.2  2.0   0.6231    0.1048    0.0031
 5.00  4750. -0.2  2.0   0.6195    0.1069    0.0029
 0.00  5000. -0.2  2.0   0.5551    0.1301    0.0037
 0.50  5000. -0.2  2.0   0.5504    0.1442    0.0041
 1.00  5000. -0.2  2.0   0.5533    0.1502    0.0038
 1.50  5000. -0.2  2.0   0.5485    0.1590    0.0041
 2.00  5000. -0.2  2.0   0.5458    0.1650    0.0041
 2.50  5000. -0.2  2.0   0.5488    0.1636    0.0040
 3.00  5000. -0.2  2.0   0.5533    0.1607    0.0038
 3.50  5000. -0.2  2.0   0.5583    0.1563    0.0037
 4.00  5000. -0.2  2.0   0.5627    0.1520    0.0035
 4.50  5000. -0.2  2.0   0.5660    0.1485    0.0033
 5.00  5000. -0.2  2.0   0.5661    0.1479    0.0030
 0.00  5250. -0.2  2.0   0.5084    0.1552    0.0041
 0.50  5250. -0.2  2.0   0.5055    0.1671    0.0045
 1.00  5250. -0.2  2.0   0.4995    0.1806    0.0048
 1.50  5250. -0.2  2.0   0.4932    0.1918    0.0051
 2.00  5250. -0.2  2.0   0.4905    0.1992    0.0048
 2.50  5250. -0.2  2.0   0.4887    0.2034    0.0047
 3.00  5250. -0.2  2.0   0.4914    0.2033    0.0042
 3.50  5250. -0.2  2.0   0.4978    0.1984    0.0040
 4.00  5250. -0.2  2.0   0.5033    0.1940    0.0039
 4.50  5250. -0.2  2.0   0.5072    0.1910    0.0037
 5.00  5250. -0.2  2.0   0.5073    0.1916    0.0035
 0.00  5500. -0.2  2.0   0.5990    0.0673    0.0017
 0.50  5500. -0.2  2.0   0.4529    0.1961    0.0070
 1.00  5500. -0.2  2.0   0.4464    0.2075    0.0079
 1.50  5500. -0.2  2.0   0.4410    0.2185    0.0078
 2.00  5500. -0.2  2.0   0.4316    0.2332    0.0076
 2.50  5500. -0.2  2.0   0.4311    0.2386    0.0065
 3.00  5500. -0.2  2.0   0.4367    0.2374    0.0055
 3.50  5500. -0.2  2.0   0.4423    0.2342    0.0049
 4.00  5500. -0.2  2.0   0.4481    0.2304    0.0045
 4.50  5500. -0.2  2.0   0.4523    0.2277    0.0044
 5.00  5500. -0.2  2.0   0.4506    0.2306    0.0042
 0.00  5750. -0.2  2.0   0.5771    0.0823    0.0015
 0.50  5750. -0.2  2.0   0.5729    0.0908    0.0019
 1.00  5750. -0.2  2.0   0.4080    0.2322    0.0087
 1.50  5750. -0.2  2.0   0.4004    0.2403    0.0102
 2.00  5750. -0.2  2.0   0.3947    0.2503    0.0098
 2.50  5750. -0.2  2.0   0.3932    0.2562    0.0086
 3.00  5750. -0.2  2.0   0.3924    0.2611    0.0074
 3.50  5750. -0.2  2.0   0.3953    0.2614    0.0063
 4.00  5750. -0.2  2.0   0.4008    0.2588    0.0056
 4.50  5750. -0.2  2.0   0.4038    0.2571    0.0054
 5.00  5750. -0.2  2.0   0.4035    0.2589    0.0052
 0.00  6000. -0.2  2.0   0.5518    0.1018    0.0015
 0.50  6000. -0.2  2.0   0.5441    0.1141    0.0017
 1.00  6000. -0.2  2.0   0.5398    0.1203    0.0021
 1.50  6000. -0.2  2.0   0.3667    0.2626    0.0113
 2.00  6000. -0.2  2.0   0.3654    0.2662    0.0111
 2.50  6000. -0.2  2.0   0.3598    0.2729    0.0108
 3.00  6000. -0.2  2.0   0.3583    0.2773    0.0094
 3.50  6000. -0.2  2.0   0.3579    0.2804    0.0082
 4.00  6000. -0.2  2.0   0.3610    0.2795    0.0072
 4.50  6000. -0.2  2.0   0.3616    0.2801    0.0069
 5.00  6000. -0.2  2.0   0.3599    0.2829    0.0067
 0.50  6250. -0.2  2.0   0.5210    0.1316    0.0018
 1.00  6250. -0.2  2.0   0.5109    0.1444    0.0020
 1.50  6250. -0.2  2.0   0.5066    0.1483    0.0024
 2.00  6250. -0.2  2.0   0.3340    0.2865    0.0126
 2.50  6250. -0.2  2.0   0.3325    0.2879    0.0123
 3.00  6250. -0.2  2.0   0.3308    0.2905    0.0113
 3.50  6250. -0.2  2.0   0.3301    0.2927    0.0098
 4.00  6250. -0.2  2.0   0.3309    0.2929    0.0087
 4.50  6250. -0.2  2.0   0.3297    0.2945    0.0083
 5.00  6250. -0.2  2.0   0.3274    0.2973    0.0081
 0.50  6500. -0.2  2.0   0.5010    0.1460    0.0019
 1.00  6500. -0.2  2.0   0.4886    0.1610    0.0021
 1.50  6500. -0.2  2.0   0.4779    0.1723    0.0023
 2.00  6500. -0.2  2.0   0.4741    0.1740    0.0026
 2.50  6500. -0.2  2.0   0.3065    0.3044    0.0133
 3.00  6500. -0.2  2.0   0.3061    0.3040    0.0126
 3.50  6500. -0.2  2.0   0.3067    0.3035    0.0114
 4.00  6500. -0.2  2.0   0.3068    0.3032    0.0102
 4.50  6500. -0.2  2.0   0.3043    0.3051    0.0097
 5.00  6500. -0.2  2.0   0.3017    0.3074    0.0093
 0.50  6750. -0.2  2.0   0.4695    0.1727    0.0020
 1.00  6750. -0.2  2.0   0.4684    0.1753    0.0025
 1.50  6750. -0.2  2.0   0.4555    0.1888    0.0025
 2.00  6750. -0.2  2.0   0.4437    0.1990    0.0025
 2.50  6750. -0.2  2.0   0.4417    0.1973    0.0028
 3.00  6750. -0.2  2.0   0.2850    0.3165    0.0134
 3.50  6750. -0.2  2.0   0.2839    0.3155    0.0128
 4.00  6750. -0.2  2.0   0.2853    0.3135    0.0117
 4.50  6750. -0.2  2.0   0.2837    0.3134    0.0110
 5.00  6750. -0.2  2.0   0.2824    0.3139    0.0103
 0.50  7000. -0.2  2.0   0.4358    0.2005    0.0023
 1.00  7000. -0.2  2.0   0.4356    0.2021    0.0028
 1.50  7000. -0.2  2.0   0.4360    0.2014    0.0032
 2.00  7000. -0.2  2.0   0.4232    0.2132    0.0030
 2.50  7000. -0.2  2.0   0.4119    0.2215    0.0029
 3.00  7000. -0.2  2.0   0.4100    0.2190    0.0029
 3.50  7000. -0.2  2.0   0.2661    0.3257    0.0135
 4.00  7000. -0.2  2.0   0.2662    0.3233    0.0128
 4.50  7000. -0.2  2.0   0.2655    0.3219    0.0121
 5.00  7000. -0.2  2.0   0.2656    0.3208    0.0111
 0.50  7250. -0.2  2.0   0.4031    0.2245    0.0030
 1.00  7250. -0.2  2.0   0.3997    0.2298    0.0037
 1.50  7250. -0.2  2.0   0.4009    0.2287    0.0040
 2.00  7250. -0.2  2.0   0.4030    0.2252    0.0040
 2.50  7250. -0.2  2.0   0.3905    0.2358    0.0036
 3.00  7250. -0.2  2.0   0.3812    0.2414    0.0032
 3.50  7250. -0.2  2.0   0.3803    0.2377    0.0031
 4.00  7250. -0.2  2.0   0.2488    0.3323    0.0138
 4.50  7250. -0.2  2.0   0.2476    0.3305    0.0133
 5.00  7250. -0.2  2.0   0.2490    0.3283    0.0121
 0.50  7500. -0.2  2.0   0.3731    0.2420    0.0040
 1.00  7500. -0.2  2.0   0.3677    0.2505    0.0049
 1.50  7500. -0.2  2.0   0.3643    0.2543    0.0054
 2.00  7500. -0.2  2.0   0.3670    0.2509    0.0055
 2.50  7500. -0.2  2.0   0.3691    0.2470    0.0050
 3.00  7500. -0.2  2.0   0.3588    0.2557    0.0042
 3.50  7500. -0.2  2.0   0.3518    0.2592    0.0036
 4.00  7500. -0.2  2.0   0.3512    0.2548    0.0034
 4.50  7500. -0.2  2.0   0.2311    0.3394    0.0141
 5.00  7500. -0.2  2.0   0.2319    0.3365    0.0132
 1.00  7750. -0.2  2.0   0.3439    0.2617    0.0059
 1.50  7750. -0.2  2.0   0.3344    0.2710    0.0070
 2.00  7750. -0.2  2.0   0.3331    0.2717    0.0073
 2.50  7750. -0.2  2.0   0.3370    0.2668    0.0069
 3.00  7750. -0.2  2.0   0.3396    0.2630    0.0061
 3.50  7750. -0.2  2.0   0.3292    0.2725    0.0048
 4.00  7750. -0.2  2.0   0.3242    0.2740    0.0041
 4.50  7750. -0.2  2.0   0.2209    0.3448    0.0138
 5.00  7750. -0.2  2.0   0.2172    0.3438    0.0138
 1.00  8000. -0.2  2.0   0.3292    0.2642    0.0067
 1.50  8000. -0.2  2.0   0.3138    0.2780    0.0081
 2.00  8000. -0.2  2.0   0.3070    0.2832    0.0089
 2.50  8000. -0.2  2.0   0.3076    0.2817    0.0088
 3.00  8000. -0.2  2.0   0.3123    0.2762    0.0081
 3.50  8000. -0.2  2.0   0.3130    0.2750    0.0070
 4.00  8000. -0.2  2.0   0.3025    0.2856    0.0055
 4.50  8000. -0.2  2.0   0.2982    0.2871    0.0046
 5.00  8000. -0.2  2.0   0.2043    0.3501    0.0142
 1.00  8250. -0.2  2.0   0.3225    0.2607    0.0072
 1.50  8250. -0.2  2.0   0.3000    0.2804    0.0087
 2.00  8250. -0.2  2.0   0.2883    0.2880    0.0099
 2.50  8250. -0.2  2.0   0.2846    0.2892    0.0102
 3.00  8250. -0.2  2.0   0.2863    0.2865    0.0098
 3.50  8250. -0.2  2.0   0.2908    0.2816    0.0090
 4.00  8250. -0.2  2.0   0.2882    0.2850    0.0076
 4.50  8250. -0.2  2.0   0.2775    0.2971    0.0060
 5.00  8250. -0.2  2.0   0.2739    0.2977    0.0053
 1.00  8500. -0.2  2.0   0.3246    0.2523    0.0071
 1.50  8500. -0.2  2.0   0.2903    0.2813    0.0091
 2.00  8500. -0.2  2.0   0.2747    0.2904    0.0105
 2.50  8500. -0.2  2.0   0.2677    0.2927    0.0112
 3.00  8500. -0.2  2.0   0.2671    0.2909    0.0110
 3.50  8500. -0.2  2.0   0.2692    0.2878    0.0104
 4.00  8500. -0.2  2.0   0.2727    0.2840    0.0095
 4.50  8500. -0.2  2.0   0.2652    0.2939    0.0080
 5.00  8500. -0.2  2.0   0.2556    0.3054    0.0065
 1.50  8750. -0.2  2.0   0.2839    0.2811    0.0093
 2.00  8750. -0.2  2.0   0.2640    0.2927    0.0110
 2.50  8750. -0.2  2.0   0.2546    0.2954    0.0118
 3.00  8750. -0.2  2.0   0.2511    0.2945    0.0119
 3.50  8750. -0.2  2.0   0.2511    0.2920    0.0115
 4.00  8750. -0.2  2.0   0.2540    0.2880    0.0107
 4.50  8750. -0.2  2.0   0.2547    0.2873    0.0098
 5.00  8750. -0.2  2.0   0.2423    0.3043    0.0081
 1.50  9000. -0.2  2.0   0.2788    0.2812    0.0095
 2.00  9000. -0.2  2.0   0.2556    0.2940    0.0114
 2.50  9000. -0.2  2.0   0.2441    0.2975    0.0124
 3.00  9000. -0.2  2.0   0.2393    0.2966    0.0126
 3.50  9000. -0.2  2.0   0.2376    0.2945    0.0123
 4.00  9000. -0.2  2.0   0.2386    0.2912    0.0117
 4.50  9000. -0.2  2.0   0.2418    0.2868    0.0109
 5.00  9000. -0.2  2.0   0.2471    0.2810    0.0101
 2.00  9250. -0.2  2.0   0.2477    0.2958    0.0117
 2.50  9250. -0.2  2.0   0.2352    0.2991    0.0128
 3.00  9250. -0.2  2.0   0.2294    0.2982    0.0132
 3.50  9250. -0.2  2.0   0.2265    0.2965    0.0130
 4.00  9250. -0.2  2.0   0.2265    0.2933    0.0125
 4.50  9250. -0.2  2.0   0.2281    0.2895    0.0118
 5.00  9250. -0.2  2.0   0.2312    0.2848    0.0110
 2.00  9500. -0.2  2.0   0.2405    0.2975    0.0120
 2.50  9500. -0.2  2.0   0.2272    0.3003    0.0132
 3.00  9500. -0.2  2.0   0.2208    0.2993    0.0135
 3.50  9500. -0.2  2.0   0.2175    0.2974    0.0136
 4.00  9500. -0.2  2.0   0.2165    0.2947    0.0132
 4.50  9500. -0.2  2.0   0.2163    0.2920    0.0126
 5.00  9500. -0.2  2.0   0.2179    0.2879    0.0119
 2.00  9750. -0.2  2.0   0.2338    0.2987    0.0125
 2.50  9750. -0.2  2.0   0.2196    0.3015    0.0136
 3.00  9750. -0.2  2.0   0.2125    0.3005    0.0140
 3.50  9750. -0.2  2.0   0.2087    0.2986    0.0140
 4.00  9750. -0.2  2.0   0.2078    0.2956    0.0137
 4.50  9750. -0.2  2.0   0.2068    0.2934    0.0133
 5.00  9750. -0.2  2.0   0.2072    0.2901    0.0127
 2.00 10000. -0.2  2.0   0.2269    0.3003    0.0130
 2.50 10000. -0.2  2.0   0.2122    0.3026    0.0140
 3.00 10000. -0.2  2.0   0.2051    0.3012    0.0143
 3.50 10000. -0.2  2.0   0.2014    0.2989    0.0143
 4.00 10000. -0.2  2.0   0.1997    0.2964    0.0142
 4.50 10000. -0.2  2.0   0.1982    0.2945    0.0139
 5.00 10000. -0.2  2.0   0.1984    0.2914    0.0134
 2.00 10500. -0.2  2.0   0.2153    0.3017    0.0141
 2.50 10500. -0.2  2.0   0.1984    0.3036    0.0149
 3.00 10500. -0.2  2.0   0.1915    0.3014    0.0150
 3.50 10500. -0.2  2.0   0.1884    0.2985    0.0148
 4.00 10500. -0.2  2.0   0.1867    0.2959    0.0146
 4.50 10500. -0.2  2.0   0.1852    0.2940    0.0145
 5.00 10500. -0.2  2.0   0.1834    0.2927    0.0143
 2.50 11000. -0.2  2.0   0.1871    0.3027    0.0158
 3.00 11000. -0.2  2.0   0.1796    0.2997    0.0156
 3.50 11000. -0.2  2.0   0.1765    0.2967    0.0152
 4.00 11000. -0.2  2.0   0.1755    0.2939    0.0148
 4.50 11000. -0.2  2.0   0.1743    0.2921    0.0147
 5.00 11000. -0.2  2.0   0.1724    0.2911    0.0147
 2.50 11500. -0.2  2.0   0.1785    0.3007    0.0167
 3.00 11500. -0.2  2.0   0.1699    0.2964    0.0162
 3.50 11500. -0.2  2.0   0.1668    0.2929    0.0155
 4.00 11500. -0.2  2.0   0.1658    0.2904    0.0149
 4.50 11500. -0.2  2.0   0.1654    0.2884    0.0147
 5.00 11500. -0.2  2.0   0.1643    0.2872    0.0148
 2.50 12000. -0.2  2.0   0.1713    0.2995    0.0174
 3.00 12000. -0.2  2.0   0.1618    0.2931    0.0166
 3.50 12000. -0.2  2.0   0.1584    0.2884    0.0157
 4.00 12000. -0.2  2.0   0.1577    0.2857    0.0150
 4.50 12000. -0.2  2.0   0.1573    0.2842    0.0146
 5.00 12000. -0.2  2.0   0.1569    0.2830    0.0145
 2.50 12500. -0.2  2.0   0.1664    0.2982    0.0180
 3.00 12500. -0.2  2.0   0.1553    0.2900    0.0170
 3.50 12500. -0.2  2.0   0.1515    0.2838    0.0158
 4.00 12500. -0.2  2.0   0.1502    0.2810    0.0150
 4.50 12500. -0.2  2.0   0.1501    0.2796    0.0145
 5.00 12500. -0.2  2.0   0.1500    0.2788    0.0144
 2.50 13000. -0.2  2.0   0.1618    0.2982    0.0186
 3.00 13000. -0.2  2.0   0.1501    0.2874    0.0174
 3.50 13000. -0.2  2.0   0.1457    0.2797    0.0160
 4.00 13000. -0.2  2.0   0.1442    0.2760    0.0150
 4.50 13000. -0.2  2.0   0.1438    0.2747    0.0144
 5.00 13000. -0.2  2.0   0.1437    0.2743    0.0142
 2.00 14000. -0.2  2.0   0.1956    0.3050    0.0175
 2.50 14000. -0.2  2.0   0.1559    0.2989    0.0197
 3.00 14000. -0.2  2.0   0.1419    0.2844    0.0183
 3.50 14000. -0.2  2.0   0.1364    0.2734    0.0164
 4.00 14000. -0.2  2.0   0.1344    0.2672    0.0150
 4.50 14000. -0.2  2.0   0.1340    0.2645    0.0142
 5.00 14000. -0.2  2.0   0.1332    0.2648    0.0138
 2.50 15000. -0.2  2.0   0.1528    0.3003    0.0206
 3.00 15000. -0.2  2.0   0.1361    0.2829    0.0191
 3.50 15000. -0.2  2.0   0.1297    0.2688    0.0167
 4.00 15000. -0.2  2.0   0.1279    0.2594    0.0150
 4.50 15000. -0.2  2.0   0.1267    0.2555    0.0140
 5.00 15000. -0.2  2.0   0.1255    0.2551    0.0135
 2.50 16000. -0.2  2.0   0.1517    0.3026    0.0213
 3.00 16000. -0.2  2.0   0.1317    0.2829    0.0199
 3.50 16000. -0.2  2.0   0.1248    0.2656    0.0171
 4.00 16000. -0.2  2.0   0.1226    0.2540    0.0150
 4.50 16000. -0.2  2.0   0.1212    0.2483    0.0137
 5.00 16000. -0.2  2.0   0.1199    0.2465    0.0132
 2.50 17000. -0.2  2.0   0.1516    0.3069    0.0217
 3.00 17000. -0.2  2.0   0.1280    0.2844    0.0209
 3.50 17000. -0.2  2.0   0.1204    0.2640    0.0177
 4.00 17000. -0.2  2.0   0.1180    0.2502    0.0151
 4.50 17000. -0.2  2.0   0.1170    0.2423    0.0136
 5.00 17000. -0.2  2.0   0.1153    0.2396    0.0129
 2.50 18000. -0.2  2.0   0.1517    0.3134    0.0220
 3.00 18000. -0.2  2.0   0.1245    0.2874    0.0218
 3.50 18000. -0.2  2.0   0.1166    0.2635    0.0184
 4.00 18000. -0.2  2.0   0.1141    0.2473    0.0153
 4.50 18000. -0.2  2.0   0.1128    0.2382    0.0135
 5.00 18000. -0.2  2.0   0.1116    0.2339    0.0126
 2.50 19000. -0.2  2.0   0.1509    0.3224    0.0224
 3.00 19000. -0.2  2.0   0.1205    0.2929    0.0230
 3.50 19000. -0.2  2.0   0.1126    0.2647    0.0192
 4.00 19000. -0.2  2.0   0.1103    0.2456    0.0157
 4.50 19000. -0.2  2.0   0.1095    0.2345    0.0135
 5.00 19000. -0.2  2.0   0.1082    0.2294    0.0124
 3.00 20000. -0.2  2.0   0.1151    0.3006    0.0245
 3.50 20000. -0.2  2.0   0.1076    0.2680    0.0204
 4.00 20000. -0.2  2.0   0.1061    0.2457    0.0164
 4.50 20000. -0.2  2.0   0.1061    0.2322    0.0138
 5.00 20000. -0.2  2.0   0.1052    0.2258    0.0125
 3.00 21000. -0.2  2.0   0.1084    0.3097    0.0264
 3.50 21000. -0.2  2.0   0.1018    0.2732    0.0219
 4.00 21000. -0.2  2.0   0.1019    0.2467    0.0173
 4.50 21000. -0.2  2.0   0.1024    0.2311    0.0143
 5.00 21000. -0.2  2.0   0.1021    0.2231    0.0127
 3.00 22000. -0.2  2.0   0.1029    0.3177    0.0284
 3.50 22000. -0.2  2.0   0.0949    0.2795    0.0238
 4.00 22000. -0.2  2.0   0.0962    0.2502    0.0185
 4.50 22000. -0.2  2.0   0.0979    0.2320    0.0151
 5.00 22000. -0.2  2.0   0.0984    0.2223    0.0132
 3.00 23000. -0.2  2.0   0.1010    0.3233    0.0299
 3.50 23000. -0.2  2.0   0.0878    0.2857    0.0258
 4.00 23000. -0.2  2.0   0.0895    0.2550    0.0201
 4.50 23000. -0.2  2.0   0.0926    0.2344    0.0161
 5.00 23000. -0.2  2.0   0.0942    0.2229    0.0139
 3.00 24000. -0.2  2.0   0.1034    0.3279    0.0301
 3.50 24000. -0.2  2.0   0.0821    0.2907    0.0277
 4.00 24000. -0.2  2.0   0.0831    0.2591    0.0217
 4.50 24000. -0.2  2.0   0.0869    0.2375    0.0173
 5.00 24000. -0.2  2.0   0.0894    0.2247    0.0148
 3.00 25000. -0.2  2.0   0.1079    0.3333    0.0294
 3.50 25000. -0.2  2.0   0.0792    0.2946    0.0290
 4.00 25000. -0.2  2.0   0.0772    0.2627    0.0232
 4.50 25000. -0.2  2.0   0.0807    0.2408    0.0185
 5.00 25000. -0.2  2.0   0.0840    0.2273    0.0157
 3.00 26000. -0.2  2.0   0.1107    0.3409    0.0284
 3.50 26000. -0.2  2.0   0.0785    0.2984    0.0297
 4.00 26000. -0.2  2.0   0.0733    0.2650    0.0243
 4.50 26000. -0.2  2.0   0.0758    0.2428    0.0196
 5.00 26000. -0.2  2.0   0.0787    0.2296    0.0166
 3.50 27000. -0.2  2.0   0.0778    0.3038    0.0301
 4.00 27000. -0.2  2.0   0.0710    0.2672    0.0250
 4.50 27000. -0.2  2.0   0.0716    0.2442    0.0203
 5.00 27000. -0.2  2.0   0.0740    0.2309    0.0172
 3.50 28000. -0.2  2.0   0.0754    0.3105    0.0306
 4.00 28000. -0.2  2.0   0.0690    0.2703    0.0256
 4.50 28000. -0.2  2.0   0.0690    0.2450    0.0207
 5.00 28000. -0.2  2.0   0.0708    0.2307    0.0175
 3.50 29000. -0.2  2.0   0.0709    0.3178    0.0313
 4.00 29000. -0.2  2.0   0.0664    0.2741    0.0260
 4.50 29000. -0.2  2.0   0.0669    0.2460    0.0209
 5.00 29000. -0.2  2.0   0.0681    0.2302    0.0175
 3.50 30000. -0.2  2.0   0.0638    0.3266    0.0325
 4.00 30000. -0.2  2.0   0.0629    0.2776    0.0266
 4.50 30000. -0.2  2.0   0.0644    0.2472    0.0210
 5.00 30000. -0.2  2.0   0.0661    0.2293    0.0174
 3.50 31000. -0.2  2.0   0.0559    0.3365    0.0342
 4.00 31000. -0.2  2.0   0.0571    0.2815    0.0274
 4.50 31000. -0.2  2.0   0.0611    0.2480    0.0211
 5.00 31000. -0.2  2.0   0.0636    0.2283    0.0171
 4.00 32000. -0.2  2.0   0.0504    0.2856    0.0285
 4.50 32000. -0.2  2.0   0.0575    0.2476    0.0214
 5.00 32000. -0.2  2.0   0.0616    0.2258    0.0169
 4.00 33000. -0.2  2.0   0.0418    0.2913    0.0301
 4.50 33000. -0.2  2.0   0.0524    0.2477    0.0218
 5.00 33000. -0.2  2.0   0.0586    0.2231    0.0166
 4.00 34000. -0.2  2.0   0.0326    0.2970    0.0324
 4.50 34000. -0.2  2.0   0.0459    0.2487    0.0224
 5.00 34000. -0.2  2.0   0.0544    0.2207    0.0165
 4.00 35000. -0.2  2.0   0.0240    0.3016    0.0350
 4.50 35000. -0.2  2.0   0.0383    0.2504    0.0235
 5.00 35000. -0.2  2.0   0.0499    0.2184    0.0166
 4.50 37500. -0.2  2.0   0.0210    0.2505    0.0272
 5.00 37500. -0.2  2.0   0.0350    0.2135    0.0178
 4.50 40000. -0.2  2.0   0.0129    0.2490    0.0297
 5.00 40000. -0.2  2.0   0.0240    0.2060    0.0193
 5.00 42500. -0.2  2.0   0.0185    0.2025    0.0203
 5.00 45000. -0.2  2.0   0.0149    0.2028    0.0214
 5.00 47500. -0.2  2.0   0.0108    0.2052    0.0225
 5.00 50000. -0.2  2.0   0.0066    0.2086    0.0238
 0.00  3500. -0.1  2.0   0.9107   -0.1057    0.0137
 0.50  3500. -0.1  2.0   0.9133   -0.1111    0.0142
 1.00  3500. -0.1  2.0   0.9090   -0.1118    0.0145
 1.50  3500. -0.1  2.0   0.8997   -0.1088    0.0146
 2.00  3500. -0.1  2.0   0.8871   -0.1029    0.0143
 2.50  3500. -0.1  2.0   0.8687   -0.0906    0.0136
 3.00  3500. -0.1  2.0   0.7991   -0.0272    0.0116
 3.50  3500. -0.1  2.0   0.6138    0.1461    0.0089
 4.00  3500. -0.1  2.0   0.4525    0.2876    0.0106
 4.50  3500. -0.1  2.0   0.3620    0.3601    0.0140
 5.00  3500. -0.1  2.0   0.3198    0.3896    0.0163
 0.00  3750. -0.1  2.0   0.8525   -0.0585    0.0078
 0.50  3750. -0.1  2.0   0.8612   -0.0647    0.0078
 1.00  3750. -0.1  2.0   0.8657   -0.0698    0.0078
 1.50  3750. -0.1  2.0   0.8683   -0.0757    0.0078
 2.00  3750. -0.1  2.0   0.8687   -0.0813    0.0078
 2.50  3750. -0.1  2.0   0.8653   -0.0844    0.0077
 3.00  3750. -0.1  2.0   0.8529   -0.0794    0.0076
 3.50  3750. -0.1  2.0   0.7639   -0.0021    0.0076
 4.00  3750. -0.1  2.0   0.5448    0.1945    0.0093
 4.50  3750. -0.1  2.0   0.3677    0.3420    0.0156
 5.00  3750. -0.1  2.0   0.2794    0.4072    0.0223
 0.00  4000. -0.1  2.0   0.7903   -0.0135    0.0055
 0.50  4000. -0.1  2.0   0.7953   -0.0136    0.0060
 1.00  4000. -0.1  2.0   0.7969   -0.0126    0.0064
 1.50  4000. -0.1  2.0   0.7990   -0.0143    0.0066
 2.00  4000. -0.1  2.0   0.8008   -0.0174    0.0065
 2.50  4000. -0.1  2.0   0.8018   -0.0215    0.0061
 3.00  4000. -0.1  2.0   0.8019   -0.0262    0.0056
 3.50  4000. -0.1  2.0   0.7943   -0.0250    0.0052
 4.00  4000. -0.1  2.0   0.7094    0.0451    0.0063
 4.50  4000. -0.1  2.0   0.5054    0.2186    0.0118
 5.00  4000. -0.1  2.0   0.3335    0.3545    0.0217
 0.00  4250. -0.1  2.0   0.7296    0.0279    0.0041
 0.50  4250. -0.1  2.0   0.7337    0.0300    0.0045
 1.00  4250. -0.1  2.0   0.7338    0.0331    0.0049
 1.50  4250. -0.1  2.0   0.7364    0.0317    0.0052
 2.00  4250. -0.1  2.0   0.7389    0.0289    0.0054
 2.50  4250. -0.1  2.0   0.7402    0.0263    0.0054
 3.00  4250. -0.1  2.0   0.7412    0.0232    0.0054
 3.50  4250. -0.1  2.0   0.7405    0.0210    0.0051
 4.00  4250. -0.1  2.0   0.7347    0.0227    0.0047
 4.50  4250. -0.1  2.0   0.6690    0.0757    0.0059
 5.00  4250. -0.1  2.0   0.5020    0.2124    0.0123
 0.00  4500. -0.1  2.0   0.6713    0.0652    0.0035
 0.50  4500. -0.1  2.0   0.6734    0.0706    0.0040
 1.00  4500. -0.1  2.0   0.6710    0.0775    0.0043
 1.50  4500. -0.1  2.0   0.6724    0.0784    0.0045
 2.00  4500. -0.1  2.0   0.6751    0.0763    0.0045
 2.50  4500. -0.1  2.0   0.6800    0.0707    0.0044
 3.00  4500. -0.1  2.0   0.6837    0.0657    0.0043
 3.50  4500. -0.1  2.0   0.6859    0.0615    0.0042
 4.00  4500. -0.1  2.0   0.6853    0.0597    0.0040
 4.50  4500. -0.1  2.0   0.6815    0.0607    0.0038
 5.00  4500. -0.1  2.0   0.6371    0.0970    0.0046
 0.00  4750. -0.1  2.0   0.6137    0.1009    0.0035
 0.50  4750. -0.1  2.0   0.6132    0.1100    0.0038
 1.00  4750. -0.1  2.0   0.6101    0.1183    0.0042
 1.50  4750. -0.1  2.0   0.6105    0.1214    0.0044
 2.00  4750. -0.1  2.0   0.6120    0.1217    0.0045
 2.50  4750. -0.1  2.0   0.6167    0.1178    0.0043
 3.00  4750. -0.1  2.0   0.6214    0.1130    0.0041
 3.50  4750. -0.1  2.0   0.6263    0.1072    0.0039
 4.00  4750. -0.1  2.0   0.6289    0.1031    0.0036
 4.50  4750. -0.1  2.0   0.6301    0.1001    0.0034
 5.00  4750. -0.1  2.0   0.6272    0.1013    0.0032
 0.00  5000. -0.1  2.0   0.5564    0.1339    0.0042
 0.50  5000. -0.1  2.0   0.5530    0.1466    0.0045
 1.00  5000. -0.1  2.0   0.5538    0.1530    0.0046
 1.50  5000. -0.1  2.0   0.5514    0.1601    0.0047
 2.00  5000. -0.1  2.0   0.5481    0.1658    0.0047
 2.50  5000. -0.1  2.0   0.5536    0.1623    0.0045
 3.00  5000. -0.1  2.0   0.5588    0.1582    0.0043
 3.50  5000. -0.1  2.0   0.5648    0.1527    0.0041
 4.00  5000. -0.1  2.0   0.5700    0.1476    0.0038
 4.50  5000. -0.1  2.0   0.5721    0.1451    0.0035
 5.00  5000. -0.1  2.0   0.5727    0.1438    0.0033
 0.00  5250. -0.1  2.0   0.5023    0.1634    0.0052
 0.50  5250. -0.1  2.0   0.5003    0.1748    0.0056
 1.00  5250. -0.1  2.0   0.4955    0.1870    0.0060
 1.50  5250. -0.1  2.0   0.4955    0.1936    0.0056
 2.00  5250. -0.1  2.0   0.4911    0.2013    0.0056
 2.50  5250. -0.1  2.0   0.4946    0.2010    0.0051
 3.00  5250. -0.1  2.0   0.4987    0.1989    0.0047
 3.50  5250. -0.1  2.0   0.5056    0.1935    0.0044
 4.00  5250. -0.1  2.0   0.5114    0.1890    0.0042
 4.50  5250. -0.1  2.0   0.5142    0.1870    0.0040
 5.00  5250. -0.1  2.0   0.5151    0.1866    0.0038
 0.00  5500. -0.1  2.0   0.4952    0.1518    0.0064
 0.50  5500. -0.1  2.0   0.4527    0.2000    0.0074
 1.00  5500. -0.1  2.0   0.4496    0.2094    0.0079
 1.50  5500. -0.1  2.0   0.4448    0.2204    0.0078
 2.00  5500. -0.1  2.0   0.4404    0.2291    0.0075
 2.50  5500. -0.1  2.0   0.4397    0.2342    0.0067
 3.00  5500. -0.1  2.0   0.4434    0.2338    0.0058
 3.50  5500. -0.1  2.0   0.4508    0.2290    0.0052
 4.00  5500. -0.1  2.0   0.4566    0.2250    0.0049
 4.50  5500. -0.1  2.0   0.4604    0.2227    0.0047
 5.00  5500. -0.1  2.0   0.4604    0.2239    0.0045
 0.00  5750. -0.1  2.0   0.5451    0.1063    0.0034
 0.50  5750. -0.1  2.0   0.4864    0.1574    0.0071
 1.00  5750. -0.1  2.0   0.4048    0.2361    0.0100
 1.50  5750. -0.1  2.0   0.4038    0.2410    0.0102
 2.00  5750. -0.1  2.0   0.3986    0.2501    0.0098
 2.50  5750. -0.1  2.0   0.3962    0.2570    0.0088
 3.00  5750. -0.1  2.0   0.3974    0.2593    0.0077
 3.50  5750. -0.1  2.0   0.4018    0.2582    0.0066
 4.00  5750. -0.1  2.0   0.4070    0.2554    0.0060
 4.50  5750. -0.1  2.0   0.4118    0.2523    0.0057
 5.00  5750. -0.1  2.0   0.4113    0.2544    0.0055
 0.00  6000. -0.1  2.0   0.5400    0.1126    0.0020
 0.50  6000. -0.1  2.0   0.5118    0.1361    0.0040
 1.00  6000. -0.1  2.0   0.4653    0.1687    0.0090
 1.50  6000. -0.1  2.0   0.3658    0.2650    0.0119
 2.00  6000. -0.1  2.0   0.3638    0.2688    0.0120
 2.50  6000. -0.1  2.0   0.3627    0.2726    0.0110
 3.00  6000. -0.1  2.0   0.3614    0.2769    0.0098
 3.50  6000. -0.1  2.0   0.3617    0.2789    0.0087
 4.00  6000. -0.1  2.0   0.3650    0.2780    0.0077
 4.50  6000. -0.1  2.0   0.3689    0.2763    0.0071
 5.00  6000. -0.1  2.0   0.3677    0.2788    0.0069
 0.50  6250. -0.1  2.0   0.5079    0.1431    0.0024
 1.00  6250. -0.1  2.0   0.4751    0.1674    0.0049
 1.50  6250. -0.1  2.0   0.4250    0.2020    0.0105
 2.00  6250. -0.1  2.0   0.3324    0.2872    0.0138
 2.50  6250. -0.1  2.0   0.3322    0.2888    0.0131
 3.00  6250. -0.1  2.0   0.3317    0.2905    0.0120
 3.50  6250. -0.1  2.0   0.3310    0.2930    0.0106
 4.00  6250. -0.1  2.0   0.3329    0.2929    0.0094
 4.50  6250. -0.1  2.0   0.3347    0.2925    0.0086
 5.00  6250. -0.1  2.0   0.3327    0.2953    0.0084
 0.50  6500. -0.1  2.0   0.4987    0.1489    0.0022
 1.00  6500. -0.1  2.0   0.4743    0.1729    0.0030
 1.50  6500. -0.1  2.0   0.4384    0.1958    0.0062
 2.00  6500. -0.1  2.0   0.3800    0.2339    0.0131
 2.50  6500. -0.1  2.0   0.3046    0.3047    0.0147
 3.00  6500. -0.1  2.0   0.3053    0.3046    0.0137
 3.50  6500. -0.1  2.0   0.3062    0.3045    0.0122
 4.00  6500. -0.1  2.0   0.3081    0.3036    0.0107
 4.50  6500. -0.1  2.0   0.3081    0.3039    0.0099
 5.00  6500. -0.1  2.0   0.3056    0.3062    0.0096
 0.50  6750. -0.1  2.0   0.4673    0.1752    0.0022
 1.00  6750. -0.1  2.0   0.4657    0.1785    0.0027
 1.50  6750. -0.1  2.0   0.4391    0.2015    0.0038
 2.00  6750. -0.1  2.0   0.4011    0.2232    0.0075
 2.50  6750. -0.1  2.0   0.3433    0.2573    0.0151
 3.00  6750. -0.1  2.0   0.2824    0.3177    0.0148
 3.50  6750. -0.1  2.0   0.2842    0.3161    0.0134
 4.00  6750. -0.1  2.0   0.2865    0.3138    0.0121
 4.50  6750. -0.1  2.0   0.2864    0.3129    0.0113
 5.00  6750. -0.1  2.0   0.2846    0.3139    0.0107
 0.50  7000. -0.1  2.0   0.4346    0.2017    0.0025
 1.00  7000. -0.1  2.0   0.4338    0.2042    0.0031
 1.50  7000. -0.1  2.0   0.4325    0.2055    0.0035
 2.00  7000. -0.1  2.0   0.4040    0.2276    0.0047
 2.50  7000. -0.1  2.0   0.3629    0.2496    0.0090
 3.00  7000. -0.1  2.0   0.2922    0.3006    0.0156
 3.50  7000. -0.1  2.0   0.2648    0.3266    0.0144
 4.00  7000. -0.1  2.0   0.2664    0.3241    0.0133
 4.50  7000. -0.1  2.0   0.2668    0.3219    0.0125
 5.00  7000. -0.1  2.0   0.2669    0.3210    0.0116
 0.50  7250. -0.1  2.0   0.4029    0.2249    0.0031
 1.00  7250. -0.1  2.0   0.3988    0.2309    0.0039
 1.50  7250. -0.1  2.0   0.3998    0.2303    0.0043
 2.00  7250. -0.1  2.0   0.4006    0.2286    0.0043
 2.50  7250. -0.1  2.0   0.3692    0.2513    0.0056
 3.00  7250. -0.1  2.0   0.3237    0.2756    0.0107
 3.50  7250. -0.1  2.0   0.2575    0.3190    0.0182
 4.00  7250. -0.1  2.0   0.2481    0.3335    0.0143
 4.50  7250. -0.1  2.0   0.2479    0.3309    0.0138
 5.00  7250. -0.1  2.0   0.2493    0.3287    0.0126
 0.50  7500. -0.1  2.0   0.3731    0.2424    0.0041
 1.00  7500. -0.1  2.0   0.3672    0.2513    0.0050
 1.50  7500. -0.1  2.0   0.3630    0.2561    0.0057
 2.00  7500. -0.1  2.0   0.3655    0.2532    0.0058
 2.50  7500. -0.1  2.0   0.3666    0.2504    0.0055
 3.00  7500. -0.1  2.0   0.3333    0.2738    0.0069
 3.50  7500. -0.1  2.0   0.2803    0.3054    0.0127
 4.00  7500. -0.1  2.0   0.2325    0.3404    0.0161
 4.50  7500. -0.1  2.0   0.2305    0.3400    0.0148
 5.00  7500. -0.1  2.0   0.2316    0.3371    0.0138
 1.00  7750. -0.1  2.0   0.3440    0.2620    0.0060
 1.50  7750. -0.1  2.0   0.3341    0.2718    0.0072
 2.00  7750. -0.1  2.0   0.3318    0.2736    0.0076
 2.50  7750. -0.1  2.0   0.3352    0.2695    0.0072
 3.00  7750. -0.1  2.0   0.3355    0.2677    0.0066
 3.50  7750. -0.1  2.0   0.2974    0.2953    0.0083
 4.00  7750. -0.1  2.0   0.2436    0.3261    0.0148
 4.50  7750. -0.1  2.0   0.2117    0.3473    0.0171
 5.00  7750. -0.1  2.0   0.2158    0.3452    0.0145
 1.00  8000. -0.1  2.0   0.3299    0.2639    0.0068
 1.50  8000. -0.1  2.0   0.3139    0.2784    0.0083
 2.00  8000. -0.1  2.0   0.3067    0.2841    0.0092
 2.50  8000. -0.1  2.0   0.3061    0.2839    0.0092
 3.00  8000. -0.1  2.0   0.3102    0.2793    0.0085
 3.50  8000. -0.1  2.0   0.3063    0.2819    0.0076
 4.00  8000. -0.1  2.0   0.2629    0.3132    0.0102
 4.50  8000. -0.1  2.0   0.2108    0.3456    0.0159
 5.00  8000. -0.1  2.0   0.2004    0.3520    0.0155
 1.00  8250. -0.1  2.0   0.3233    0.2603    0.0072
 1.50  8250. -0.1  2.0   0.3002    0.2806    0.0088
 2.00  8250. -0.1  2.0   0.2882    0.2886    0.0101
 2.50  8250. -0.1  2.0   0.2838    0.2906    0.0106
 3.00  8250. -0.1  2.0   0.2848    0.2887    0.0103
 3.50  8250. -0.1  2.0   0.2890    0.2843    0.0095
 4.00  8250. -0.1  2.0   0.2784    0.2941    0.0086
 4.50  8250. -0.1  2.0   0.2278    0.3322    0.0120
 5.00  8250. -0.1  2.0   0.1889    0.3541    0.0169
 1.00  8500. -0.1  2.0   0.3255    0.2520    0.0071
 1.50  8500. -0.1  2.0   0.2913    0.2809    0.0092
 2.00  8500. -0.1  2.0   0.2748    0.2908    0.0107
 2.50  8500. -0.1  2.0   0.2680    0.2929    0.0114
 3.00  8500. -0.1  2.0   0.2659    0.2925    0.0114
 3.50  8500. -0.1  2.0   0.2674    0.2900    0.0109
 4.00  8500. -0.1  2.0   0.2703    0.2870    0.0101
 4.50  8500. -0.1  2.0   0.2487    0.3075    0.0097
 5.00  8500. -0.1  2.0   0.1970    0.3463    0.0139
 1.50  8750. -0.1  2.0   0.2852    0.2806    0.0094
 2.00  8750. -0.1  2.0   0.2652    0.2920    0.0111
 2.50  8750. -0.1  2.0   0.2551    0.2952    0.0120
 3.00  8750. -0.1  2.0   0.2506    0.2952    0.0122
 3.50  8750. -0.1  2.0   0.2503    0.2930    0.0119
 4.00  8750. -0.1  2.0   0.2527    0.2896    0.0112
 4.50  8750. -0.1  2.0   0.2525    0.2898    0.0104
 5.00  8750. -0.1  2.0   0.2175    0.3227    0.0111
 1.50  9000. -0.1  2.0   0.2797    0.2811    0.0094
 2.00  9000. -0.1  2.0   0.2564    0.2940    0.0114
 2.50  9000. -0.1  2.0   0.2446    0.2975    0.0125
 3.00  9000. -0.1  2.0   0.2392    0.2969    0.0128
 3.50  9000. -0.1  2.0   0.2370    0.2951    0.0126
 4.00  9000. -0.1  2.0   0.2374    0.2924    0.0121
 4.50  9000. -0.1  2.0   0.2398    0.2888    0.0114
 5.00  9000. -0.1  2.0   0.2445    0.2838    0.0106
 2.00  9250. -0.1  2.0   0.2490    0.2955    0.0117
 2.50  9250. -0.1  2.0   0.2359    0.2992    0.0129
 3.00  9250. -0.1  2.0   0.2295    0.2986    0.0133
 3.50  9250. -0.1  2.0   0.2263    0.2968    0.0132
 4.00  9250. -0.1  2.0   0.2254    0.2942    0.0128
 4.50  9250. -0.1  2.0   0.2259    0.2913    0.0121
 5.00  9250. -0.1  2.0   0.2289    0.2868    0.0115
 2.00  9500. -0.1  2.0   0.2412    0.2977    0.0121
 2.50  9500. -0.1  2.0   0.2273    0.3012    0.0132
 3.00  9500. -0.1  2.0   0.2209    0.3000    0.0137
 3.50  9500. -0.1  2.0   0.2175    0.2977    0.0138
 4.00  9500. -0.1  2.0   0.2161    0.2951    0.0134
 4.50  9500. -0.1  2.0   0.2152    0.2928    0.0129
 5.00  9500. -0.1  2.0   0.2163    0.2890    0.0123
 2.00  9750. -0.1  2.0   0.2339    0.2996    0.0125
 2.50  9750. -0.1  2.0   0.2196    0.3026    0.0136
 3.00  9750. -0.1  2.0   0.2128    0.3012    0.0140
 3.50  9750. -0.1  2.0   0.2096    0.2984    0.0141
 4.00  9750. -0.1  2.0   0.2077    0.2959    0.0139
 4.50  9750. -0.1  2.0   0.2065    0.2935    0.0135
 5.00  9750. -0.1  2.0   0.2060    0.2908    0.0130
 2.00 10000. -0.1  2.0   0.2269    0.3012    0.0131
 2.50 10000. -0.1  2.0   0.2120    0.3040    0.0140
 3.00 10000. -0.1  2.0   0.2053    0.3021    0.0144
 3.50 10000. -0.1  2.0   0.2020    0.2992    0.0144
 4.00 10000. -0.1  2.0   0.2000    0.2966    0.0143
 4.50 10000. -0.1  2.0   0.1990    0.2939    0.0140
 5.00 10000. -0.1  2.0   0.1974    0.2920    0.0136
 2.00 10500. -0.1  2.0   0.2152    0.3026    0.0142
 2.50 10500. -0.1  2.0   0.1984    0.3048    0.0151
 3.00 10500. -0.1  2.0   0.1914    0.3027    0.0151
 3.50 10500. -0.1  2.0   0.1886    0.2995    0.0149
 4.00 10500. -0.1  2.0   0.1871    0.2964    0.0148
 4.50 10500. -0.1  2.0   0.1854    0.2943    0.0146
 5.00 10500. -0.1  2.0   0.1835    0.2926    0.0145
 2.50 11000. -0.1  2.0   0.1870    0.3038    0.0160
 3.00 11000. -0.1  2.0   0.1796    0.3008    0.0158
 3.50 11000. -0.1  2.0   0.1767    0.2978    0.0154
 4.00 11000. -0.1  2.0   0.1757    0.2949    0.0151
 4.50 11000. -0.1  2.0   0.1747    0.2927    0.0149
 5.00 11000. -0.1  2.0   0.1728    0.2912    0.0149
 2.50 11500. -0.1  2.0   0.1780    0.3019    0.0169
 3.00 11500. -0.1  2.0   0.1693    0.2979    0.0164
 3.50 11500. -0.1  2.0   0.1663    0.2944    0.0157
 4.00 11500. -0.1  2.0   0.1657    0.2916    0.0152
 4.50 11500. -0.1  2.0   0.1651    0.2897    0.0149
 5.00 11500. -0.1  2.0   0.1640    0.2883    0.0150
 2.50 12000. -0.1  2.0   0.1713    0.3000    0.0176
 3.00 12000. -0.1  2.0   0.1614    0.2939    0.0169
 3.50 12000. -0.1  2.0   0.1578    0.2898    0.0160
 4.00 12000. -0.1  2.0   0.1570    0.2871    0.0153
 4.50 12000. -0.1  2.0   0.1568    0.2856    0.0149
 5.00 12000. -0.1  2.0   0.1564    0.2843    0.0148
 2.50 12500. -0.1  2.0   0.1659    0.2991    0.0182
 3.00 12500. -0.1  2.0   0.1551    0.2905    0.0173
 3.50 12500. -0.1  2.0   0.1507    0.2851    0.0161
 4.00 12500. -0.1  2.0   0.1497    0.2820    0.0153
 4.50 12500. -0.1  2.0   0.1496    0.2807    0.0148
 5.00 12500. -0.1  2.0   0.1493    0.2801    0.0146
 2.50 13000. -0.1  2.0   0.1618    0.2987    0.0188
 3.00 13000. -0.1  2.0   0.1495    0.2883    0.0176
 3.50 13000. -0.1  2.0   0.1451    0.2805    0.0162
 4.00 13000. -0.1  2.0   0.1435    0.2768    0.0152
 4.50 13000. -0.1  2.0   0.1431    0.2756    0.0146
 5.00 13000. -0.1  2.0   0.1428    0.2755    0.0144
 2.00 14000. -0.1  2.0   0.1963    0.3050    0.0175
 2.50 14000. -0.1  2.0   0.1559    0.2992    0.0199
 3.00 14000. -0.1  2.0   0.1413    0.2851    0.0186
 3.50 14000. -0.1  2.0   0.1359    0.2738    0.0166
 4.00 14000. -0.1  2.0   0.1336    0.2679    0.0152
 4.50 14000. -0.1  2.0   0.1329    0.2654    0.0144
 5.00 14000. -0.1  2.0   0.1324    0.2654    0.0140
 2.50 15000. -0.1  2.0   0.1527    0.3007    0.0208
 3.00 15000. -0.1  2.0   0.1358    0.2833    0.0194
 3.50 15000. -0.1  2.0   0.1294    0.2690    0.0170
 4.00 15000. -0.1  2.0   0.1270    0.2600    0.0152
 4.50 15000. -0.1  2.0   0.1257    0.2560    0.0142
 5.00 15000. -0.1  2.0   0.1246    0.2555    0.0137
 2.50 16000. -0.1  2.0   0.1519    0.3031    0.0214
 3.00 16000. -0.1  2.0   0.1312    0.2836    0.0202
 3.50 16000. -0.1  2.0   0.1242    0.2660    0.0174
 4.00 16000. -0.1  2.0   0.1216    0.2546    0.0152
 4.50 16000. -0.1  2.0   0.1201    0.2487    0.0139
 5.00 16000. -0.1  2.0   0.1189    0.2468    0.0134
 2.50 17000. -0.1  2.0   0.1525    0.3069    0.0219
 3.00 17000. -0.1  2.0   0.1279    0.2848    0.0211
 3.50 17000. -0.1  2.0   0.1201    0.2643    0.0180
 4.00 17000. -0.1  2.0   0.1176    0.2502    0.0154
 4.50 17000. -0.1  2.0   0.1159    0.2428    0.0138
 5.00 17000. -0.1  2.0   0.1145    0.2397    0.0130
 2.50 18000. -0.1  2.0   0.1525    0.3139    0.0221
 3.00 18000. -0.1  2.0   0.1248    0.2879    0.0221
 3.50 18000. -0.1  2.0   0.1161    0.2640    0.0186
 4.00 18000. -0.1  2.0   0.1136    0.2475    0.0156
 4.50 18000. -0.1  2.0   0.1122    0.2382    0.0137
 5.00 18000. -0.1  2.0   0.1110    0.2337    0.0128
 2.50 19000. -0.1  2.0   0.1513    0.3236    0.0224
 3.00 19000. -0.1  2.0   0.1206    0.2937    0.0233
 3.50 19000. -0.1  2.0   0.1125    0.2651    0.0195
 4.00 19000. -0.1  2.0   0.1097    0.2462    0.0160
 4.50 19000. -0.1  2.0   0.1088    0.2348    0.0138
 5.00 19000. -0.1  2.0   0.1076    0.2293    0.0126
 3.00 20000. -0.1  2.0   0.1149    0.3020    0.0248
 3.50 20000. -0.1  2.0   0.1078    0.2686    0.0207
 4.00 20000. -0.1  2.0   0.1061    0.2458    0.0167
 4.50 20000. -0.1  2.0   0.1055    0.2325    0.0141
 5.00 20000. -0.1  2.0   0.1045    0.2258    0.0127
 3.00 21000. -0.1  2.0   0.1081    0.3114    0.0267
 3.50 21000. -0.1  2.0   0.1017    0.2742    0.0222
 4.00 21000. -0.1  2.0   0.1016    0.2475    0.0176
 4.50 21000. -0.1  2.0   0.1018    0.2317    0.0145
 5.00 21000. -0.1  2.0   0.1011    0.2237    0.0129
 3.00 22000. -0.1  2.0   0.1025    0.3194    0.0287
 3.50 22000. -0.1  2.0   0.0943    0.2811    0.0241
 4.00 22000. -0.1  2.0   0.0959    0.2513    0.0189
 4.50 22000. -0.1  2.0   0.0975    0.2327    0.0153
 5.00 22000. -0.1  2.0   0.0976    0.2229    0.0133
 3.00 23000. -0.1  2.0   0.1006    0.3252    0.0300
 3.50 23000. -0.1  2.0   0.0871    0.2874    0.0262
 4.00 23000. -0.1  2.0   0.0891    0.2561    0.0204
 4.50 23000. -0.1  2.0   0.0924    0.2351    0.0164
 5.00 23000. -0.1  2.0   0.0939    0.2233    0.0141
 3.00 24000. -0.1  2.0   0.1036    0.3294    0.0302
 3.50 24000. -0.1  2.0   0.0818    0.2920    0.0280
 4.00 24000. -0.1  2.0   0.0824    0.2604    0.0220
 4.50 24000. -0.1  2.0   0.0864    0.2385    0.0176
 5.00 24000. -0.1  2.0   0.0892    0.2251    0.0149
 3.00 25000. -0.1  2.0   0.1085    0.3348    0.0293
 3.50 25000. -0.1  2.0   0.0790    0.2958    0.0293
 4.00 25000. -0.1  2.0   0.0769    0.2635    0.0235
 4.50 25000. -0.1  2.0   0.0804    0.2416    0.0188
 5.00 25000. -0.1  2.0   0.0837    0.2279    0.0159
 3.00 26000. -0.1  2.0   0.1119    0.3418    0.0283
 3.50 26000. -0.1  2.0   0.0784    0.2996    0.0299
 4.00 26000. -0.1  2.0   0.0732    0.2656    0.0246
 4.50 26000. -0.1  2.0   0.0751    0.2438    0.0198
 5.00 26000. -0.1  2.0   0.0785    0.2300    0.0167
 3.50 27000. -0.1  2.0   0.0779    0.3049    0.0303
 4.00 27000. -0.1  2.0   0.0707    0.2681    0.0253
 4.50 27000. -0.1  2.0   0.0714    0.2447    0.0204
 5.00 27000. -0.1  2.0   0.0738    0.2313    0.0173
 3.50 28000. -0.1  2.0   0.0755    0.3118    0.0307
 4.00 28000. -0.1  2.0   0.0690    0.2711    0.0257
 4.50 28000. -0.1  2.0   0.0690    0.2453    0.0208
 5.00 28000. -0.1  2.0   0.0706    0.2310    0.0176
 3.50 29000. -0.1  2.0   0.0709    0.3192    0.0314
 4.00 29000. -0.1  2.0   0.0665    0.2749    0.0262
 4.50 29000. -0.1  2.0   0.0669    0.2464    0.0210
 5.00 29000. -0.1  2.0   0.0681    0.2304    0.0176
 3.50 30000. -0.1  2.0   0.0641    0.3280    0.0326
 4.00 30000. -0.1  2.0   0.0629    0.2784    0.0268
 4.50 30000. -0.1  2.0   0.0646    0.2475    0.0211
 5.00 30000. -0.1  2.0   0.0662    0.2294    0.0175
 3.50 31000. -0.1  2.0   0.0555    0.3389    0.0343
 4.00 31000. -0.1  2.0   0.0572    0.2824    0.0276
 4.50 31000. -0.1  2.0   0.0614    0.2483    0.0213
 5.00 31000. -0.1  2.0   0.0640    0.2283    0.0173
 4.00 32000. -0.1  2.0   0.0501    0.2870    0.0288
 4.50 32000. -0.1  2.0   0.0574    0.2484    0.0216
 5.00 32000. -0.1  2.0   0.0614    0.2264    0.0170
 4.00 33000. -0.1  2.0   0.0414    0.2930    0.0304
 4.50 33000. -0.1  2.0   0.0523    0.2487    0.0220
 5.00 33000. -0.1  2.0   0.0582    0.2240    0.0168
 4.00 34000. -0.1  2.0   0.0322    0.2989    0.0327
 4.50 34000. -0.1  2.0   0.0459    0.2498    0.0227
 5.00 34000. -0.1  2.0   0.0542    0.2217    0.0167
 4.00 35000. -0.1  2.0   0.0240    0.3032    0.0353
 4.50 35000. -0.1  2.0   0.0379    0.2519    0.0239
 5.00 35000. -0.1  2.0   0.0495    0.2196    0.0168
 4.50 37500. -0.1  2.0   0.0209    0.2521    0.0275
 5.00 37500. -0.1  2.0   0.0346    0.2150    0.0181
 4.50 40000. -0.1  2.0   0.0138    0.2503    0.0301
 5.00 40000. -0.1  2.0   0.0242    0.2075    0.0196
 5.00 42500. -0.1  2.0   0.0189    0.2044    0.0206
 5.00 45000. -0.1  2.0   0.0150    0.2053    0.0217
 5.00 47500. -0.1  2.0   0.0110    0.2077    0.0229
 5.00 50000. -0.1  2.0   0.0070    0.2108    0.0242
 0.00  3500.  0.0  0.0   0.9168   -0.1253    0.0118
 0.50  3500.  0.0  0.0   0.9164   -0.1252    0.0124
 1.00  3500.  0.0  0.0   0.9096   -0.1204    0.0128
 1.50  3500.  0.0  0.0   0.8987   -0.1127    0.0130
 2.00  3500.  0.0  0.0   0.8857   -0.1031    0.0129
 2.50  3500.  0.0  0.0   0.8686   -0.0895    0.0124
 3.00  3500.  0.0  0.0   0.8176   -0.0428    0.0112
 3.50  3500.  0.0  0.0   0.6441    0.1185    0.0091
 4.00  3500.  0.0  0.0   0.4756    0.2677    0.0102
 4.50  3500.  0.0  0.0   0.3784    0.3482    0.0130
 5.00  3500.  0.0  0.0   0.3276    0.3861    0.0155
 0.00  3750.  0.0  0.0   0.8647   -0.0825    0.0054
 0.50  3750.  0.0  0.0   0.8712   -0.0858    0.0056
 1.00  3750.  0.0  0.0   0.8735   -0.0878    0.0059
 1.50  3750.  0.0  0.0   0.8744   -0.0908    0.0062
 2.00  3750.  0.0  0.0   0.8722   -0.0921    0.0065
 2.50  3750.  0.0  0.0   0.8670   -0.0916    0.0067
 3.00  3750.  0.0  0.0   0.8554   -0.0852    0.0069
 3.50  3750.  0.0  0.0   0.7897   -0.0277    0.0067
 4.00  3750.  0.0  0.0   0.5899    0.1525    0.0077
 4.50  3750.  0.0  0.0   0.4000    0.3141    0.0127
 5.00  3750.  0.0  0.0   0.2981    0.3928    0.0192
 0.00  4000.  0.0  0.0   0.8022   -0.0340    0.0038
 0.50  4000.  0.0  0.0   0.8046   -0.0314    0.0042
 1.00  4000.  0.0  0.0   0.8051   -0.0291    0.0046
 1.50  4000.  0.0  0.0   0.8066   -0.0295    0.0048
 2.00  4000.  0.0  0.0   0.8071   -0.0306    0.0048
 2.50  4000.  0.0  0.0   0.8080   -0.0334    0.0047
 3.00  4000.  0.0  0.0   0.8079   -0.0369    0.0045
 3.50  4000.  0.0  0.0   0.8015   -0.0356    0.0043
 4.00  4000.  0.0  0.0   0.7330    0.0218    0.0048
 4.50  4000.  0.0  0.0   0.5410    0.1869    0.0088
 5.00  4000.  0.0  0.0   0.3589    0.3338    0.0178
 0.00  4250.  0.0  0.0   0.7425    0.0097    0.0029
 0.50  4250.  0.0  0.0   0.7446    0.0131    0.0033
 1.00  4250.  0.0  0.0   0.7433    0.0176    0.0037
 1.50  4250.  0.0  0.0   0.7440    0.0183    0.0040
 2.00  4250.  0.0  0.0   0.7444    0.0180    0.0042
 2.50  4250.  0.0  0.0   0.7462    0.0159    0.0044
 3.00  4250.  0.0  0.0   0.7473    0.0139    0.0044
 3.50  4250.  0.0  0.0   0.7470    0.0123    0.0043
 4.00  4250.  0.0  0.0   0.7415    0.0146    0.0040
 4.50  4250.  0.0  0.0   0.6838    0.0623    0.0047
 5.00  4250.  0.0  0.0   0.5233    0.1956    0.0100
 0.00  4500.  0.0  0.0   0.6817    0.0515    0.0027
 0.50  4500.  0.0  0.0   0.6866    0.0538    0.0031
 1.00  4500.  0.0  0.0   0.6807    0.0638    0.0034
 1.50  4500.  0.0  0.0   0.6843    0.0624    0.0036
 2.00  4500.  0.0  0.0   0.6844    0.0630    0.0037
 2.50  4500.  0.0  0.0   0.6886    0.0587    0.0037
 3.00  4500.  0.0  0.0   0.6915    0.0552    0.0037
 3.50  4500.  0.0  0.0   0.6933    0.0524    0.0037
 4.00  4500.  0.0  0.0   0.6925    0.0518    0.0037
 4.50  4500.  0.0  0.0   0.6892    0.0530    0.0035
 5.00  4500.  0.0  0.0   0.6470    0.0887    0.0041
 0.00  4750.  0.0  0.0   0.6255    0.0876    0.0025
 0.50  4750.  0.0  0.0   0.6296    0.0921    0.0028
 1.00  4750.  0.0  0.0   0.6245    0.1019    0.0033
 1.50  4750.  0.0  0.0   0.6250    0.1047    0.0036
 2.00  4750.  0.0  0.0   0.6247    0.1067    0.0037
 2.50  4750.  0.0  0.0   0.6283    0.1040    0.0037
 3.00  4750.  0.0  0.0   0.6326    0.0999    0.0035
 3.50  4750.  0.0  0.0   0.6370    0.0953    0.0034
 4.00  4750.  0.0  0.0   0.6383    0.0933    0.0033
 4.50  4750.  0.0  0.0   0.6395    0.0910    0.0032
 5.00  4750.  0.0  0.0   0.6371    0.0922    0.0031
 0.00  5000.  0.0  0.0   0.5737    0.1194    0.0026
 0.50  5000.  0.0  0.0   0.5720    0.1300    0.0029
 1.00  5000.  0.0  0.0   0.5682    0.1393    0.0034
 1.50  5000.  0.0  0.0   0.5645    0.1467    0.0037
 2.00  5000.  0.0  0.0   0.5618    0.1519    0.0037
 2.50  5000.  0.0  0.0   0.5685    0.1469    0.0037
 3.00  5000.  0.0  0.0   0.5730    0.1436    0.0036
 3.50  5000.  0.0  0.0   0.5781    0.1394    0.0035
 4.00  5000.  0.0  0.0   0.5821    0.1358    0.0034
 4.50  5000.  0.0  0.0   0.5855    0.1325    0.0032
 5.00  5000.  0.0  0.0   0.5852    0.1325    0.0031
 0.00  5250.  0.0  0.0   0.5146    0.1555    0.0036
 0.50  5250.  0.0  0.0   0.5083    0.1693    0.0045
 1.00  5250.  0.0  0.0   0.5035    0.1814    0.0047
 1.50  5250.  0.0  0.0   0.5098    0.1824    0.0042
 2.00  5250.  0.0  0.0   0.5078    0.1870    0.0042
 2.50  5250.  0.0  0.0   0.5082    0.1889    0.0041
 3.00  5250.  0.0  0.0   0.5131    0.1859    0.0038
 3.50  5250.  0.0  0.0   0.5200    0.1807    0.0037
 4.00  5250.  0.0  0.0   0.5270    0.1751    0.0036
 4.50  5250.  0.0  0.0   0.5298    0.1734    0.0036
 5.00  5250.  0.0  0.0   0.5305    0.1736    0.0034
 0.00  5500.  0.0  0.0   0.4861    0.1644    0.0050
 0.50  5500.  0.0  0.0   0.4612    0.1955    0.0057
 1.00  5500.  0.0  0.0   0.4554    0.2063    0.0068
 1.50  5500.  0.0  0.0   0.4578    0.2129    0.0058
 2.00  5500.  0.0  0.0   0.4491    0.2239    0.0062
 2.50  5500.  0.0  0.0   0.4544    0.2235    0.0051
 3.00  5500.  0.0  0.0   0.4569    0.2234    0.0046
 3.50  5500.  0.0  0.0   0.4654    0.2175    0.0042
 4.00  5500.  0.0  0.0   0.4732    0.2116    0.0040
 4.50  5500.  0.0  0.0   0.4757    0.2106    0.0040
 5.00  5500.  0.0  0.0   0.4759    0.2120    0.0040
 0.00  5750.  0.0  0.0   0.5503    0.1023    0.0028
 0.50  5750.  0.0  0.0   0.4791    0.1643    0.0072
 1.00  5750.  0.0  0.0   0.4118    0.2316    0.0087
 1.50  5750.  0.0  0.0   0.4079    0.2391    0.0090
 2.00  5750.  0.0  0.0   0.4031    0.2486    0.0087
 2.50  5750.  0.0  0.0   0.4068    0.2507    0.0072
 3.00  5750.  0.0  0.0   0.4091    0.2522    0.0061
 3.50  5750.  0.0  0.0   0.4147    0.2496    0.0053
 4.00  5750.  0.0  0.0   0.4200    0.2464    0.0050
 4.50  5750.  0.0  0.0   0.4267    0.2420    0.0047
 5.00  5750.  0.0  0.0   0.4265    0.2439    0.0047
 0.00  6000.  0.0  0.0   0.5416    0.1117    0.0016
 0.50  6000.  0.0  0.0   0.5114    0.1366    0.0037
 1.00  6000.  0.0  0.0   0.4521    0.1841    0.0087
 1.50  6000.  0.0  0.0   0.3696    0.2638    0.0107
 2.00  6000.  0.0  0.0   0.3699    0.2662    0.0104
 2.50  6000.  0.0  0.0   0.3690    0.2701    0.0095
 3.00  6000.  0.0  0.0   0.3686    0.2735    0.0084
 3.50  6000.  0.0  0.0   0.3696    0.2751    0.0074
 4.00  6000.  0.0  0.0   0.3757    0.2724    0.0064
 4.50  6000.  0.0  0.0   0.3809    0.2695    0.0059
 5.00  6000.  0.0  0.0   0.3797    0.2723    0.0059
 0.50  6250.  0.0  0.0   0.5093    0.1419    0.0021
 1.00  6250.  0.0  0.0   0.4807    0.1633    0.0042
 1.50  6250.  0.0  0.0   0.4370    0.1935    0.0087
 2.00  6250.  0.0  0.0   0.3349    0.2862    0.0128
 2.50  6250.  0.0  0.0   0.3358    0.2871    0.0121
 3.00  6250.  0.0  0.0   0.3347    0.2897    0.0110
 3.50  6250.  0.0  0.0   0.3357    0.2916    0.0095
 4.00  6250.  0.0  0.0   0.3403    0.2900    0.0082
 4.50  6250.  0.0  0.0   0.3425    0.2898    0.0076
 5.00  6250.  0.0  0.0   0.3414    0.2924    0.0074
 0.50  6500.  0.0  0.0   0.5003    0.1478    0.0018
 1.00  6500.  0.0  0.0   0.4746    0.1722    0.0027
 1.50  6500.  0.0  0.0   0.4442    0.1923    0.0052
 2.00  6500.  0.0  0.0   0.3871    0.2305    0.0114
 2.50  6500.  0.0  0.0   0.3064    0.3037    0.0140
 3.00  6500.  0.0  0.0   0.3072    0.3039    0.0130
 3.50  6500.  0.0  0.0   0.3095    0.3035    0.0112
 4.00  6500.  0.0  0.0   0.3121    0.3029    0.0098
 4.50  6500.  0.0  0.0   0.3114    0.3043    0.0092
 5.00  6500.  0.0  0.0   0.3112    0.3056    0.0088
 0.50  6750.  0.0  0.0   0.4693    0.1733    0.0020
 1.00  6750.  0.0  0.0   0.4674    0.1768    0.0024
 1.50  6750.  0.0  0.0   0.4398    0.2005    0.0033
 2.00  6750.  0.0  0.0   0.4007    0.2238    0.0070
 2.50  6750.  0.0  0.0   0.3406    0.2655    0.0130
 3.00  6750.  0.0  0.0   0.2838    0.3172    0.0139
 3.50  6750.  0.0  0.0   0.2863    0.3156    0.0126
 4.00  6750.  0.0  0.0   0.2880    0.3140    0.0115
 4.50  6750.  0.0  0.0   0.2873    0.3142    0.0109
 5.00  6750.  0.0  0.0   0.2875    0.3148    0.0101
 0.50  7000.  0.0  0.0   0.4357    0.2006    0.0023
 1.00  7000.  0.0  0.0   0.4355    0.2023    0.0028
 1.50  7000.  0.0  0.0   0.4342    0.2033    0.0031
 2.00  7000.  0.0  0.0   0.4054    0.2259    0.0041
 2.50  7000.  0.0  0.0   0.3608    0.2518    0.0085
 3.00  7000.  0.0  0.0   0.2987    0.2929    0.0153
 3.50  7000.  0.0  0.0   0.2666    0.3263    0.0136
 4.00  7000.  0.0  0.0   0.2671    0.3242    0.0130
 4.50  7000.  0.0  0.0   0.2672    0.3231    0.0122
 5.00  7000.  0.0  0.0   0.2685    0.3223    0.0111
 0.50  7250.  0.0  0.0   0.4032    0.2245    0.0029
 1.00  7250.  0.0  0.0   0.4011    0.2286    0.0035
 1.50  7250.  0.0  0.0   0.4028    0.2273    0.0039
 2.00  7250.  0.0  0.0   0.4021    0.2266    0.0040
 2.50  7250.  0.0  0.0   0.3711    0.2492    0.0051
 3.00  7250.  0.0  0.0   0.3216    0.2779    0.0103
 3.50  7250.  0.0  0.0   0.2598    0.3182    0.0174
 4.00  7250.  0.0  0.0   0.2493    0.3332    0.0140
 4.50  7250.  0.0  0.0   0.2483    0.3321    0.0135
 5.00  7250.  0.0  0.0   0.2504    0.3303    0.0122
 0.50  7500.  0.0  0.0   0.3732    0.2421    0.0040
 1.00  7500.  0.0  0.0   0.3678    0.2505    0.0048
 1.50  7500.  0.0  0.0   0.3655    0.2536    0.0053
 2.00  7500.  0.0  0.0   0.3698    0.2490    0.0053
 2.50  7500.  0.0  0.0   0.3694    0.2477    0.0050
 3.00  7500.  0.0  0.0   0.3372    0.2707    0.0062
 3.50  7500.  0.0  0.0   0.2836    0.3027    0.0119
 4.00  7500.  0.0  0.0   0.2340    0.3400    0.0154
 4.50  7500.  0.0  0.0   0.2315    0.3407    0.0144
 5.00  7500.  0.0  0.0   0.2328    0.3386    0.0134
 1.00  7750.  0.0  0.0   0.3440    0.2618    0.0059
 1.50  7750.  0.0  0.0   0.3348    0.2712    0.0069
 2.00  7750.  0.0  0.0   0.3336    0.2721    0.0072
 2.50  7750.  0.0  0.0   0.3378    0.2673    0.0068
 3.00  7750.  0.0  0.0   0.3371    0.2665    0.0061
 3.50  7750.  0.0  0.0   0.2993    0.2937    0.0078
 4.00  7750.  0.0  0.0   0.2426    0.3295    0.0138
 4.50  7750.  0.0  0.0   0.2184    0.3478    0.0145
 5.00  7750.  0.0  0.0   0.2170    0.3463    0.0141
 1.00  8000.  0.0  0.0   0.3289    0.2644    0.0067
 1.50  8000.  0.0  0.0   0.3135    0.2787    0.0082
 2.00  8000.  0.0  0.0   0.3068    0.2843    0.0090
 2.50  8000.  0.0  0.0   0.3073    0.2834    0.0088
 3.00  8000.  0.0  0.0   0.3126    0.2777    0.0081
 3.50  8000.  0.0  0.0   0.3092    0.2800    0.0072
 4.00  8000.  0.0  0.0   0.2637    0.3136    0.0097
 4.50  8000.  0.0  0.0   0.2138    0.3468    0.0146
 5.00  8000.  0.0  0.0   0.2010    0.3535    0.0152
 1.00  8250.  0.0  0.0   0.3229    0.2602    0.0072
 1.50  8250.  0.0  0.0   0.2997    0.2806    0.0087
 2.00  8250.  0.0  0.0   0.2879    0.2887    0.0100
 2.50  8250.  0.0  0.0   0.2841    0.2907    0.0105
 3.00  8250.  0.0  0.0   0.2855    0.2889    0.0101
 3.50  8250.  0.0  0.0   0.2903    0.2843    0.0092
 4.00  8250.  0.0  0.0   0.2795    0.2946    0.0082
 4.50  8250.  0.0  0.0   0.2289    0.3328    0.0115
 5.00  8250.  0.0  0.0   0.1922    0.3563    0.0156
 1.50  8500.  0.0  0.0   0.2909    0.2804    0.0091
 2.00  8500.  0.0  0.0   0.2751    0.2899    0.0105
 2.50  8500.  0.0  0.0   0.2680    0.2927    0.0113
 3.00  8500.  0.0  0.0   0.2663    0.2924    0.0113
 3.50  8500.  0.0  0.0   0.2685    0.2900    0.0107
 4.00  8500.  0.0  0.0   0.2716    0.2873    0.0098
 4.50  8500.  0.0  0.0   0.2498    0.3087    0.0093
 5.00  8500.  0.0  0.0   0.1976    0.3484    0.0134
 1.50  8750.  0.0  0.0   0.2846    0.2803    0.0093
 2.00  8750.  0.0  0.0   0.2649    0.2915    0.0110
 2.50  8750.  0.0  0.0   0.2554    0.2943    0.0118
 3.00  8750.  0.0  0.0   0.2509    0.2946    0.0120
 3.50  8750.  0.0  0.0   0.2520    0.2916    0.0117
 4.00  8750.  0.0  0.0   0.2539    0.2893    0.0111
 4.50  8750.  0.0  0.0   0.2534    0.2907    0.0102
 5.00  8750.  0.0  0.0   0.2180    0.3249    0.0107
 1.50  9000.  0.0  0.0   0.2797    0.2802    0.0094
 2.00  9000.  0.0  0.0   0.2566    0.2929    0.0113
 2.50  9000.  0.0  0.0   0.2449    0.2963    0.0123
 3.00  9000.  0.0  0.0   0.2393    0.2960    0.0126
 3.50  9000.  0.0  0.0   0.2378    0.2939    0.0124
 4.00  9000.  0.0  0.0   0.2383    0.2914    0.0119
 4.50  9000.  0.0  0.0   0.2408    0.2885    0.0112
 5.00  9000.  0.0  0.0   0.2454    0.2843    0.0105
 2.00  9250.  0.0  0.0   0.2493    0.2943    0.0116
 2.50  9250.  0.0  0.0   0.2363    0.2979    0.0127
 3.00  9250.  0.0  0.0   0.2298    0.2975    0.0131
 3.50  9250.  0.0  0.0   0.2271    0.2954    0.0130
 4.00  9250.  0.0  0.0   0.2265    0.2927    0.0126
 4.50  9250.  0.0  0.0   0.2272    0.2901    0.0120
 5.00  9250.  0.0  0.0   0.2295    0.2869    0.0114
 2.00  9500.  0.0  0.0   0.2421    0.2961    0.0119
 2.50  9500.  0.0  0.0   0.2284    0.2994    0.0130
 3.00  9500.  0.0  0.0   0.2216    0.2986    0.0135
 3.50  9500.  0.0  0.0   0.2181    0.2967    0.0135
 4.00  9500.  0.0  0.0   0.2167    0.2941    0.0132
 4.50  9500.  0.0  0.0   0.2163    0.2915    0.0127
 5.00  9500.  0.0  0.0   0.2171    0.2883    0.0122
 2.00  9750.  0.0  0.0   0.2349    0.2981    0.0123
 2.50  9750.  0.0  0.0   0.2206    0.3009    0.0134
 3.00  9750.  0.0  0.0   0.2136    0.2997    0.0139
 3.50  9750.  0.0  0.0   0.2102    0.2974    0.0139
 4.00  9750.  0.0  0.0   0.2083    0.2950    0.0138
 4.50  9750.  0.0  0.0   0.2069    0.2929    0.0133
 5.00  9750.  0.0  0.0   0.2066    0.2902    0.0128
 2.00 10000.  0.0  0.0   0.2285    0.2993    0.0128
 2.50 10000.  0.0  0.0   0.2136    0.3019    0.0138
 3.00 10000.  0.0  0.0   0.2063    0.3007    0.0142
 3.50 10000.  0.0  0.0   0.2027    0.2982    0.0142
 4.00 10000.  0.0  0.0   0.2017    0.2948    0.0141
 4.50 10000.  0.0  0.0   0.2000    0.2928    0.0139
 5.00 10000.  0.0  0.0   0.1981    0.2913    0.0134
 2.00 10250.  0.0  0.0   0.2225    0.3004    0.0134
 2.50 10250.  0.0  0.0   0.2067    0.3027    0.0143
 3.00 10250.  0.0  0.0   0.1995    0.3011    0.0145
 3.50 10250.  0.0  0.0   0.1961    0.2983    0.0145
 4.00 10250.  0.0  0.0   0.1943    0.2957    0.0144
 4.50 10250.  0.0  0.0   0.1922    0.2941    0.0143
 5.00 10250.  0.0  0.0   0.1912    0.2918    0.0139
 2.00 10500.  0.0  0.0   0.2167    0.3012    0.0139
 2.50 10500.  0.0  0.0   0.2001    0.3032    0.0148
 3.00 10500.  0.0  0.0   0.1928    0.3013    0.0148
 3.50 10500.  0.0  0.0   0.1899    0.2980    0.0147
 4.00 10500.  0.0  0.0   0.1882    0.2953    0.0146
 4.50 10500.  0.0  0.0   0.1864    0.2935    0.0145
 5.00 10500.  0.0  0.0   0.1843    0.2921    0.0143
 2.00 10750.  0.0  0.0   0.2118    0.3018    0.0144
 2.50 10750.  0.0  0.0   0.1940    0.3032    0.0152
 3.00 10750.  0.0  0.0   0.1866    0.3010    0.0152
 3.50 10750.  0.0  0.0   0.1838    0.2978    0.0149
 4.00 10750.  0.0  0.0   0.1826    0.2948    0.0148
 4.50 10750.  0.0  0.0   0.1809    0.2930    0.0147
 5.00 10750.  0.0  0.0   0.1787    0.2918    0.0146
 2.00 11000.  0.0  0.0   0.2077    0.3019    0.0149
 2.50 11000.  0.0  0.0   0.1886    0.3026    0.0157
 3.00 11000.  0.0  0.0   0.1809    0.3000    0.0156
 3.50 11000.  0.0  0.0   0.1781    0.2968    0.0152
 4.00 11000.  0.0  0.0   0.1771    0.2938    0.0149
 4.50 11000.  0.0  0.0   0.1756    0.2922    0.0148
 5.00 11000.  0.0  0.0   0.1737    0.2908    0.0148
 2.00 11250.  0.0  0.0   0.2042    0.3020    0.0154
 2.50 11250.  0.0  0.0   0.1838    0.3020    0.0162
 3.00 11250.  0.0  0.0   0.1759    0.2986    0.0159
 3.50 11250.  0.0  0.0   0.1728    0.2955    0.0154
 4.00 11250.  0.0  0.0   0.1718    0.2928    0.0150
 4.50 11250.  0.0  0.0   0.1707    0.2912    0.0149
 5.00 11250.  0.0  0.0   0.1690    0.2900    0.0149
 2.00 11500.  0.0  0.0   0.2014    0.3022    0.0157
 2.50 11500.  0.0  0.0   0.1796    0.3010    0.0165
 3.00 11500.  0.0  0.0   0.1710    0.2969    0.0161
 3.50 11500.  0.0  0.0   0.1681    0.2934    0.0155
 4.00 11500.  0.0  0.0   0.1670    0.2909    0.0151
 4.50 11500.  0.0  0.0   0.1663    0.2893    0.0149
 5.00 11500.  0.0  0.0   0.1647    0.2884    0.0149
 2.00 11750.  0.0  0.0   0.1990    0.3026    0.0161
 2.50 11750.  0.0  0.0   0.1758    0.3003    0.0169
 3.00 11750.  0.0  0.0   0.1666    0.2954    0.0164
 3.50 11750.  0.0  0.0   0.1635    0.2915    0.0157
 4.00 11750.  0.0  0.0   0.1624    0.2892    0.0151
 4.50 11750.  0.0  0.0   0.1618    0.2877    0.0149
 5.00 11750.  0.0  0.0   0.1607    0.2867    0.0149
 2.00 12000.  0.0  0.0   0.1971    0.3029    0.0164
 2.50 12000.  0.0  0.0   0.1726    0.2994    0.0173
 3.00 12000.  0.0  0.0   0.1628    0.2935    0.0166
 3.50 12000.  0.0  0.0   0.1593    0.2892    0.0158
 4.00 12000.  0.0  0.0   0.1583    0.2867    0.0152
 4.50 12000.  0.0  0.0   0.1579    0.2853    0.0148
 5.00 12000.  0.0  0.0   0.1570    0.2846    0.0148
 2.00 12250.  0.0  0.0   0.1959    0.3031    0.0167
 2.50 12250.  0.0  0.0   0.1697    0.2989    0.0176
 3.00 12250.  0.0  0.0   0.1593    0.2920    0.0168
 3.50 12250.  0.0  0.0   0.1556    0.2870    0.0159
 4.00 12250.  0.0  0.0   0.1544    0.2844    0.0152
 4.50 12250.  0.0  0.0   0.1541    0.2831    0.0148
 5.00 12250.  0.0  0.0   0.1534    0.2825    0.0147
 2.00 12500.  0.0  0.0   0.1950    0.3033    0.0169
 2.50 12500.  0.0  0.0   0.1672    0.2984    0.0179
 3.00 12500.  0.0  0.0   0.1562    0.2903    0.0170
 3.50 12500.  0.0  0.0   0.1522    0.2846    0.0159
 4.00 12500.  0.0  0.0   0.1510    0.2816    0.0152
 4.50 12500.  0.0  0.0   0.1506    0.2805    0.0147
 5.00 12500.  0.0  0.0   0.1502    0.2799    0.0146
 2.00 12750.  0.0  0.0   0.1942    0.3039    0.0171
 2.50 12750.  0.0  0.0   0.1647    0.2984    0.0183
 3.00 12750.  0.0  0.0   0.1533    0.2891    0.0172
 3.50 12750.  0.0  0.0   0.1493    0.2823    0.0160
 4.00 12750.  0.0  0.0   0.1477    0.2792    0.0151
 4.50 12750.  0.0  0.0   0.1471    0.2782    0.0146
 5.00 12750.  0.0  0.0   0.1469    0.2777    0.0145
 2.00 13000.  0.0  0.0   0.1941    0.3040    0.0173
 2.50 13000.  0.0  0.0   0.1627    0.2983    0.0186
 3.00 13000.  0.0  0.0   0.1512    0.2875    0.0174
 3.50 13000.  0.0  0.0   0.1465    0.2802    0.0161
 4.00 13000.  0.0  0.0   0.1447    0.2766    0.0151
 4.50 13000.  0.0  0.0   0.1442    0.2755    0.0146
 5.00 13000.  0.0  0.0   0.1439    0.2752    0.0144
 2.00 14000.  0.0  0.0   0.1965    0.3047    0.0175
 2.50 14000.  0.0  0.0   0.1567    0.2988    0.0197
 3.00 14000.  0.0  0.0   0.1423    0.2848    0.0184
 3.50 14000.  0.0  0.0   0.1371    0.2737    0.0165
 4.00 14000.  0.0  0.0   0.1348    0.2677    0.0151
 4.50 14000.  0.0  0.0   0.1339    0.2655    0.0144
 5.00 14000.  0.0  0.0   0.1334    0.2653    0.0141
 2.00 15000.  0.0  0.0   0.2048    0.3038    0.0168
 2.50 15000.  0.0  0.0   0.1534    0.3003    0.0207
 3.00 15000.  0.0  0.0   0.1362    0.2835    0.0193
 3.50 15000.  0.0  0.0   0.1300    0.2693    0.0169
 4.00 15000.  0.0  0.0   0.1276    0.2604    0.0152
 4.50 15000.  0.0  0.0   0.1263    0.2567    0.0142
 5.00 15000.  0.0  0.0   0.1254    0.2558    0.0138
 2.00 16000.  0.0  0.0   0.2198    0.3016    0.0152
 2.50 16000.  0.0  0.0   0.1521    0.3029    0.0214
 3.00 16000.  0.0  0.0   0.1317    0.2835    0.0202
 3.50 16000.  0.0  0.0   0.1248    0.2663    0.0174
 4.00 16000.  0.0  0.0   0.1223    0.2548    0.0153
 4.50 16000.  0.0  0.0   0.1206    0.2495    0.0140
 5.00 16000.  0.0  0.0   0.1193    0.2476    0.0135
 2.50 17000.  0.0  0.0   0.1524    0.3069    0.0219
 3.00 17000.  0.0  0.0   0.1280    0.2851    0.0212
 3.50 17000.  0.0  0.0   0.1201    0.2649    0.0181
 4.00 17000.  0.0  0.0   0.1175    0.2512    0.0155
 4.50 17000.  0.0  0.0   0.1160    0.2437    0.0139
 5.00 17000.  0.0  0.0   0.1145    0.2408    0.0132
 2.50 18000.  0.0  0.0   0.1536    0.3139    0.0220
 3.00 18000.  0.0  0.0   0.1259    0.2888    0.0221
 3.50 18000.  0.0  0.0   0.1174    0.2657    0.0188
 4.00 18000.  0.0  0.0   0.1146    0.2502    0.0158
 4.50 18000.  0.0  0.0   0.1131    0.2412    0.0140
 5.00 18000.  0.0  0.0   0.1116    0.2371    0.0131
 2.50 19000.  0.0  0.0   0.1522    0.3226    0.0224
 3.00 19000.  0.0  0.0   0.1211    0.2935    0.0234
 3.50 19000.  0.0  0.0   0.1125    0.2657    0.0197
 4.00 19000.  0.0  0.0   0.1098    0.2469    0.0163
 4.50 19000.  0.0  0.0   0.1084    0.2362    0.0140
 5.00 19000.  0.0  0.0   0.1072    0.2307    0.0129
 3.00 20000.  0.0  0.0   0.1156    0.3017    0.0248
 3.50 20000.  0.0  0.0   0.1081    0.2689    0.0209
 4.00 20000.  0.0  0.0   0.1059    0.2469    0.0170
 4.50 20000.  0.0  0.0   0.1050    0.2339    0.0144
 5.00 20000.  0.0  0.0   0.1042    0.2273    0.0130
 3.00 21000.  0.0  0.0   0.1094    0.3108    0.0266
 3.50 21000.  0.0  0.0   0.1021    0.2746    0.0223
 4.00 21000.  0.0  0.0   0.1016    0.2486    0.0179
 4.50 21000.  0.0  0.0   0.1016    0.2330    0.0149
 5.00 21000.  0.0  0.0   0.1008    0.2252    0.0132
 3.00 22000.  0.0  0.0   0.1038    0.3192    0.0284
 3.50 22000.  0.0  0.0   0.0952    0.2814    0.0242
 4.00 22000.  0.0  0.0   0.0962    0.2522    0.0191
 4.50 22000.  0.0  0.0   0.0973    0.2341    0.0156
 5.00 22000.  0.0  0.0   0.0974    0.2244    0.0137
 3.00 23000.  0.0  0.0   0.1022    0.3248    0.0297
 3.50 23000.  0.0  0.0   0.0882    0.2879    0.0261
 4.00 23000.  0.0  0.0   0.0897    0.2570    0.0206
 4.50 23000.  0.0  0.0   0.0923    0.2366    0.0167
 5.00 23000.  0.0  0.0   0.0934    0.2251    0.0144
 3.00 24000.  0.0  0.0   0.1051    0.3291    0.0299
 3.50 24000.  0.0  0.0   0.0828    0.2928    0.0279
 4.00 24000.  0.0  0.0   0.0831    0.2615    0.0222
 4.50 24000.  0.0  0.0   0.0868    0.2397    0.0178
 5.00 24000.  0.0  0.0   0.0888    0.2270    0.0152
 3.00 25000.  0.0  0.0   0.1095    0.3348    0.0291
 3.50 25000.  0.0  0.0   0.0799    0.2966    0.0291
 4.00 25000.  0.0  0.0   0.0774    0.2650    0.0236
 4.50 25000.  0.0  0.0   0.0807    0.2432    0.0190
 5.00 25000.  0.0  0.0   0.0838    0.2294    0.0162
 3.00 26000.  0.0  0.0   0.1126    0.3419    0.0282
 3.50 26000.  0.0  0.0   0.0794    0.3002    0.0298
 4.00 26000.  0.0  0.0   0.0735    0.2675    0.0246
 4.50 26000.  0.0  0.0   0.0759    0.2451    0.0200
 5.00 26000.  0.0  0.0   0.0789    0.2315    0.0170
 3.50 27000.  0.0  0.0   0.0786    0.3056    0.0302
 4.00 27000.  0.0  0.0   0.0713    0.2695    0.0253
 4.50 27000.  0.0  0.0   0.0719    0.2464    0.0206
 5.00 27000.  0.0  0.0   0.0748    0.2322    0.0176
 3.50 28000.  0.0  0.0   0.0765    0.3119    0.0307
 4.00 28000.  0.0  0.0   0.0700    0.2718    0.0258
 4.50 28000.  0.0  0.0   0.0693    0.2470    0.0210
 5.00 28000.  0.0  0.0   0.0711    0.2325    0.0178
 3.50 29000.  0.0  0.0   0.0718    0.3193    0.0315
 4.00 29000.  0.0  0.0   0.0672    0.2756    0.0262
 4.50 29000.  0.0  0.0   0.0670    0.2480    0.0211
 5.00 29000.  0.0  0.0   0.0684    0.2319    0.0178
 3.50 30000.  0.0  0.0   0.0652    0.3278    0.0327
 4.00 30000.  0.0  0.0   0.0633    0.2792    0.0268
 4.50 30000.  0.0  0.0   0.0649    0.2486    0.0213
 5.00 30000.  0.0  0.0   0.0665    0.2307    0.0177
 3.50 31000.  0.0  0.0   0.0567    0.3387    0.0344
 4.00 31000.  0.0  0.0   0.0583    0.2825    0.0277
 4.50 31000.  0.0  0.0   0.0620    0.2489    0.0215
 5.00 31000.  0.0  0.0   0.0643    0.2293    0.0175
 4.00 32000.  0.0  0.0   0.0513    0.2872    0.0288
 4.50 32000.  0.0  0.0   0.0578    0.2492    0.0216
 5.00 32000.  0.0  0.0   0.0619    0.2270    0.0172
 4.00 33000.  0.0  0.0   0.0432    0.2925    0.0305
 4.50 33000.  0.0  0.0   0.0528    0.2495    0.0221
 5.00 33000.  0.0  0.0   0.0589    0.2243    0.0170
 4.00 34000.  0.0  0.0   0.0338    0.2988    0.0328
 4.50 34000.  0.0  0.0   0.0467    0.2505    0.0228
 5.00 34000.  0.0  0.0   0.0549    0.2222    0.0168
 4.00 35000.  0.0  0.0   0.0256    0.3033    0.0353
 4.50 35000.  0.0  0.0   0.0393    0.2523    0.0239
 5.00 35000.  0.0  0.0   0.0499    0.2207    0.0169
 4.00 36000.  0.0  0.0   0.0200    0.3060    0.0376
 4.50 36000.  0.0  0.0   0.0313    0.2538    0.0254
 5.00 36000.  0.0  0.0   0.0444    0.2192    0.0173
 4.00 37000.  0.0  0.0   0.0167    0.3081    0.0394
 4.50 37000.  0.0  0.0   0.0250    0.2534    0.0268
 5.00 37000.  0.0  0.0   0.0382    0.2177    0.0179
 4.00 38000.  0.0  0.0   0.0151    0.3107    0.0407
 4.50 38000.  0.0  0.0   0.0207    0.2520    0.0281
 5.00 38000.  0.0  0.0   0.0327    0.2151    0.0186
 4.00 39000.  0.0  0.0   0.0138    0.3146    0.0417
 4.50 39000.  0.0  0.0   0.0179    0.2511    0.0291
 5.00 39000.  0.0  0.0   0.0284    0.2121    0.0192
 4.00 40000.  0.0  0.0   0.0126    0.3193    0.0426
 4.50 40000.  0.0  0.0   0.0160    0.2510    0.0299
 5.00 40000.  0.0  0.0   0.0253    0.2093    0.0197
 4.50 41000.  0.0  0.0   0.0145    0.2520    0.0306
 5.00 41000.  0.0  0.0   0.0231    0.2074    0.0201
 4.50 42000.  0.0  0.0   0.0125    0.2543    0.0314
 5.00 42000.  0.0  0.0   0.0213    0.2065    0.0205
 4.50 43000.  0.0  0.0   0.0109    0.2566    0.0322
 5.00 43000.  0.0  0.0   0.0197    0.2065    0.0209
 4.50 44000.  0.0  0.0   0.0090    0.2594    0.0330
 5.00 44000.  0.0  0.0   0.0182    0.2069    0.0214
 4.50 45000.  0.0  0.0   0.0070    0.2623    0.0339
 5.00 45000.  0.0  0.0   0.0169    0.2075    0.0218
 4.50 46000.  0.0  0.0   0.0051    0.2653    0.0348
 5.00 46000.  0.0  0.0   0.0153    0.2085    0.0223
 4.50 47000.  0.0  0.0   0.0031    0.2685    0.0358
 5.00 47000.  0.0  0.0   0.0133    0.2100    0.0227
 4.50 48000.  0.0  0.0   0.0010    0.2721    0.0368
 5.00 48000.  0.0  0.0   0.0117    0.2110    0.0233
 4.50 49000.  0.0  0.0  -0.0005    0.2753    0.0379
 5.00 49000.  0.0  0.0   0.0103    0.2121    0.0238
 4.50 50000.  0.0  0.0  -0.0025    0.2792    0.0389
 5.00 50000.  0.0  0.0   0.0083    0.2138    0.0244
 0.00  3500.  0.0  1.0   0.9160   -0.1176    0.0130
 0.50  3500.  0.0  1.0   0.9158   -0.1195    0.0136
 1.00  3500.  0.0  1.0   0.9093   -0.1168    0.0139
 1.50  3500.  0.0  1.0   0.8983   -0.1108    0.0139
 2.00  3500.  0.0  1.0   0.8853   -0.1029    0.0136
 2.50  3500.  0.0  1.0   0.8698   -0.0920    0.0131
 3.00  3500.  0.0  1.0   0.8195   -0.0470    0.0116
 3.50  3500.  0.0  1.0   0.6493    0.1101    0.0093
 4.00  3500.  0.0  1.0   0.4853    0.2560    0.0094
 4.50  3500.  0.0  1.0   0.3838    0.3408    0.0123
 5.00  3500.  0.0  1.0   0.3335    0.3809    0.0146
 0.00  3750.  0.0  1.0   0.8619   -0.0727    0.0066
 0.50  3750.  0.0  1.0   0.8684   -0.0770    0.0067
 1.00  3750.  0.0  1.0   0.8719   -0.0811    0.0069
 1.50  3750.  0.0  1.0   0.8733   -0.0856    0.0070
 2.00  3750.  0.0  1.0   0.8721   -0.0890    0.0072
 2.50  3750.  0.0  1.0   0.8693   -0.0916    0.0073
 3.00  3750.  0.0  1.0   0.8601   -0.0880    0.0072
 3.50  3750.  0.0  1.0   0.7936   -0.0314    0.0070
 4.00  3750.  0.0  1.0   0.5946    0.1478    0.0076
 4.50  3750.  0.0  1.0   0.4041    0.3110    0.0124
 5.00  3750.  0.0  1.0   0.3004    0.3907    0.0191
 0.00  4000.  0.0  1.0   0.7985   -0.0244    0.0047
 0.50  4000.  0.0  1.0   0.8005   -0.0218    0.0051
 1.00  4000.  0.0  1.0   0.8027   -0.0216    0.0055
 1.50  4000.  0.0  1.0   0.8046   -0.0230    0.0056
 2.00  4000.  0.0  1.0   0.8057   -0.0254    0.0056
 2.50  4000.  0.0  1.0   0.8080   -0.0304    0.0053
 3.00  4000.  0.0  1.0   0.8103   -0.0359    0.0049
 3.50  4000.  0.0  1.0   0.8016   -0.0327    0.0045
 4.00  4000.  0.0  1.0   0.7349    0.0214    0.0050
 4.50  4000.  0.0  1.0   0.5429    0.1861    0.0090
 5.00  4000.  0.0  1.0   0.3603    0.3337    0.0180
 0.00  4250.  0.0  1.0   0.7384    0.0181    0.0035
 0.50  4250.  0.0  1.0   0.7385    0.0235    0.0039
 1.00  4250.  0.0  1.0   0.7401    0.0248    0.0043
 1.50  4250.  0.0  1.0   0.7414    0.0246    0.0046
 2.00  4250.  0.0  1.0   0.7436    0.0222    0.0049
 2.50  4250.  0.0  1.0   0.7453    0.0198    0.0049
 3.00  4250.  0.0  1.0   0.7479    0.0161    0.0048
 3.50  4250.  0.0  1.0   0.7453    0.0173    0.0046
 4.00  4250.  0.0  1.0   0.7388    0.0193    0.0044
 4.50  4250.  0.0  1.0   0.6845    0.0629    0.0050
 5.00  4250.  0.0  1.0   0.5249    0.1953    0.0102
 0.00  4500.  0.0  1.0   0.6805    0.0561    0.0031
 0.50  4500.  0.0  1.0   0.6799    0.0635    0.0036
 1.00  4500.  0.0  1.0   0.6785    0.0691    0.0039
 1.50  4500.  0.0  1.0   0.6793    0.0703    0.0041
 2.00  4500.  0.0  1.0   0.6816    0.0686    0.0041
 2.50  4500.  0.0  1.0   0.6867    0.0631    0.0041
 3.00  4500.  0.0  1.0   0.6910    0.0582    0.0040
 3.50  4500.  0.0  1.0   0.6921    0.0565    0.0039
 4.00  4500.  0.0  1.0   0.6894    0.0568    0.0040
 4.50  4500.  0.0  1.0   0.6867    0.0563    0.0039
 5.00  4500.  0.0  1.0   0.6473    0.0888    0.0043
 0.00  4750.  0.0  1.0   0.6226    0.0933    0.0030
 0.50  4750.  0.0  1.0   0.6219    0.1018    0.0034
 1.00  4750.  0.0  1.0   0.6196    0.1091    0.0038
 1.50  4750.  0.0  1.0   0.6191    0.1127    0.0041
 2.00  4750.  0.0  1.0   0.6212    0.1124    0.0041
 2.50  4750.  0.0  1.0   0.6259    0.1084    0.0041
 3.00  4750.  0.0  1.0   0.6300    0.1045    0.0039
 3.50  4750.  0.0  1.0   0.6352    0.0994    0.0036
 4.00  4750.  0.0  1.0   0.6355    0.0980    0.0035
 4.50  4750.  0.0  1.0   0.6368    0.0946    0.0035
 5.00  4750.  0.0  1.0   0.6348    0.0949    0.0032
 0.00  5000.  0.0  1.0   0.5638    0.1292    0.0036
 0.50  5000.  0.0  1.0   0.5647    0.1380    0.0037
 1.00  5000.  0.0  1.0   0.5593    0.1490    0.0042
 1.50  5000.  0.0  1.0   0.5594    0.1533    0.0043
 2.00  5000.  0.0  1.0   0.5591    0.1560    0.0043
 2.50  5000.  0.0  1.0   0.5636    0.1532    0.0042
 3.00  5000.  0.0  1.0   0.5700    0.1481    0.0040
 3.50  5000.  0.0  1.0   0.5765    0.1428    0.0038
 4.00  5000.  0.0  1.0   0.5786    0.1410    0.0037
 4.50  5000.  0.0  1.0   0.5814    0.1375    0.0035
 5.00  5000.  0.0  1.0   0.5819    0.1362    0.0033
 0.00  5250.  0.0  1.0   0.5063    0.1629    0.0046
 0.50  5250.  0.0  1.0   0.5064    0.1724    0.0049
 1.00  5250.  0.0  1.0   0.5044    0.1820    0.0051
 1.50  5250.  0.0  1.0   0.5038    0.1884    0.0050
 2.00  5250.  0.0  1.0   0.5017    0.1935    0.0049
 2.50  5250.  0.0  1.0   0.5051    0.1928    0.0046
 3.00  5250.  0.0  1.0   0.5109    0.1890    0.0043
 3.50  5250.  0.0  1.0   0.5179    0.1841    0.0041
 4.00  5250.  0.0  1.0   0.5224    0.1809    0.0040
 4.50  5250.  0.0  1.0   0.5257    0.1782    0.0039
 5.00  5250.  0.0  1.0   0.5266    0.1777    0.0037
 0.00  5500.  0.0  1.0   0.5019    0.1481    0.0061
 0.50  5500.  0.0  1.0   0.4583    0.1988    0.0063
 1.00  5500.  0.0  1.0   0.4540    0.2085    0.0073
 1.50  5500.  0.0  1.0   0.4501    0.2184    0.0072
 2.00  5500.  0.0  1.0   0.4483    0.2248    0.0068
 2.50  5500.  0.0  1.0   0.4505    0.2270    0.0059
 3.00  5500.  0.0  1.0   0.4538    0.2266    0.0052
 3.50  5500.  0.0  1.0   0.4624    0.2211    0.0047
 4.00  5500.  0.0  1.0   0.4687    0.2167    0.0045
 4.50  5500.  0.0  1.0   0.4722    0.2145    0.0045
 5.00  5500.  0.0  1.0   0.4729    0.2150    0.0043
 0.00  5750.  0.0  1.0   0.5458    0.1065    0.0032
 0.50  5750.  0.0  1.0   0.4802    0.1636    0.0075
 1.00  5750.  0.0  1.0   0.4103    0.2335    0.0091
 1.50  5750.  0.0  1.0   0.4100    0.2383    0.0091
 2.00  5750.  0.0  1.0   0.4061    0.2465    0.0088
 2.50  5750.  0.0  1.0   0.4025    0.2540    0.0081
 3.00  5750.  0.0  1.0   0.4058    0.2549    0.0069
 3.50  5750.  0.0  1.0   0.4120    0.2521    0.0060
 4.00  5750.  0.0  1.0   0.4174    0.2492    0.0055
 4.50  5750.  0.0  1.0   0.4227    0.2459    0.0053
 5.00  5750.  0.0  1.0   0.4232    0.2468    0.0052
 0.00  6000.  0.0  1.0   0.5407    0.1126    0.0018
 0.50  6000.  0.0  1.0   0.5120    0.1367    0.0038
 1.00  6000.  0.0  1.0   0.4659    0.1719    0.0082
 1.50  6000.  0.0  1.0   0.3673    0.2648    0.0114
 2.00  6000.  0.0  1.0   0.3675    0.2675    0.0112
 2.50  6000.  0.0  1.0   0.3666    0.2714    0.0102
 3.00  6000.  0.0  1.0   0.3671    0.2744    0.0091
 3.50  6000.  0.0  1.0   0.3689    0.2755    0.0080
 4.00  6000.  0.0  1.0   0.3730    0.2745    0.0071
 4.50  6000.  0.0  1.0   0.3780    0.2720    0.0066
 5.00  6000.  0.0  1.0   0.3779    0.2736    0.0064
 0.50  6250.  0.0  1.0   0.5081    0.1430    0.0023
 1.00  6250.  0.0  1.0   0.4767    0.1665    0.0046
 1.50  6250.  0.0  1.0   0.4254    0.2036    0.0100
 2.00  6250.  0.0  1.0   0.3338    0.2867    0.0135
 2.50  6250.  0.0  1.0   0.3351    0.2872    0.0126
 3.00  6250.  0.0  1.0   0.3346    0.2897    0.0115
 3.50  6250.  0.0  1.0   0.3356    0.2915    0.0101
 4.00  6250.  0.0  1.0   0.3385    0.2911    0.0089
 4.50  6250.  0.0  1.0   0.3412    0.2906    0.0081
 5.00  6250.  0.0  1.0   0.3400    0.2930    0.0080
 0.50  6500.  0.0  1.0   0.4987    0.1490    0.0020
 1.00  6500.  0.0  1.0   0.4741    0.1728    0.0028
 1.50  6500.  0.0  1.0   0.4373    0.1973    0.0060
 2.00  6500.  0.0  1.0   0.3765    0.2402    0.0125
 2.50  6500.  0.0  1.0   0.3065    0.3035    0.0145
 3.00  6500.  0.0  1.0   0.3077    0.3032    0.0134
 3.50  6500.  0.0  1.0   0.3088    0.3036    0.0118
 4.00  6500.  0.0  1.0   0.3113    0.3033    0.0104
 4.50  6500.  0.0  1.0   0.3116    0.3038    0.0097
 5.00  6500.  0.0  1.0   0.3106    0.3054    0.0094
 0.50  6750.  0.0  1.0   0.4676    0.1747    0.0021
 1.00  6750.  0.0  1.0   0.4661    0.1779    0.0026
 1.50  6750.  0.0  1.0   0.4395    0.2006    0.0036
 2.00  6750.  0.0  1.0   0.4006    0.2238    0.0073
 2.50  6750.  0.0  1.0   0.3358    0.2681    0.0142
 3.00  6750.  0.0  1.0   0.2836    0.3170    0.0146
 3.50  6750.  0.0  1.0   0.2854    0.3157    0.0133
 4.00  6750.  0.0  1.0   0.2883    0.3135    0.0118
 4.50  6750.  0.0  1.0   0.2880    0.3135    0.0112
 5.00  6750.  0.0  1.0   0.2871    0.3146    0.0106
 0.50  7000.  0.0  1.0   0.4343    0.2017    0.0024
 1.00  7000.  0.0  1.0   0.4341    0.2036    0.0030
 1.50  7000.  0.0  1.0   0.4330    0.2048    0.0033
 2.00  7000.  0.0  1.0   0.4043    0.2269    0.0045
 2.50  7000.  0.0  1.0   0.3621    0.2506    0.0087
 3.00  7000.  0.0  1.0   0.2933    0.3020    0.0146
 3.50  7000.  0.0  1.0   0.2655    0.3265    0.0143
 4.00  7000.  0.0  1.0   0.2671    0.3240    0.0132
 4.50  7000.  0.0  1.0   0.2676    0.3223    0.0125
 5.00  7000.  0.0  1.0   0.2685    0.3217    0.0115
 0.50  7250.  0.0  1.0   0.4026    0.2249    0.0030
 1.00  7250.  0.0  1.0   0.3998    0.2297    0.0037
 1.50  7250.  0.0  1.0   0.4010    0.2290    0.0041
 2.00  7250.  0.0  1.0   0.4009    0.2281    0.0042
 2.50  7250.  0.0  1.0   0.3696    0.2506    0.0055
 3.00  7250.  0.0  1.0   0.3219    0.2776    0.0105
 3.50  7250.  0.0  1.0   0.2589    0.3187    0.0178
 4.00  7250.  0.0  1.0   0.2484    0.3334    0.0144
 4.50  7250.  0.0  1.0   0.2485    0.3312    0.0138
 5.00  7250.  0.0  1.0   0.2506    0.3294    0.0125
 0.50  7500.  0.0  1.0   0.3727    0.2425    0.0041
 1.00  7500.  0.0  1.0   0.3672    0.2510    0.0049
 1.50  7500.  0.0  1.0   0.3644    0.2546    0.0055
 2.00  7500.  0.0  1.0   0.3682    0.2506    0.0055
 2.50  7500.  0.0  1.0   0.3684    0.2489    0.0052
 3.00  7500.  0.0  1.0   0.3347    0.2726    0.0067
 3.50  7500.  0.0  1.0   0.2810    0.3054    0.0123
 4.00  7500.  0.0  1.0   0.2353    0.3394    0.0152
 4.50  7500.  0.0  1.0   0.2310    0.3404    0.0148
 5.00  7500.  0.0  1.0   0.2327    0.3381    0.0136
 1.00  7750.  0.0  1.0   0.3440    0.2619    0.0060
 1.50  7750.  0.0  1.0   0.3343    0.2716    0.0071
 2.00  7750.  0.0  1.0   0.3325    0.2731    0.0074
 2.50  7750.  0.0  1.0   0.3362    0.2689    0.0070
 3.00  7750.  0.0  1.0   0.3359    0.2678    0.0064
 3.50  7750.  0.0  1.0   0.2982    0.2946    0.0082
 4.00  7750.  0.0  1.0   0.2436    0.3267    0.0146
 4.50  7750.  0.0  1.0   0.2174    0.3475    0.0153
 5.00  7750.  0.0  1.0   0.2162    0.3460    0.0145
 1.00  8000.  0.0  1.0   0.3294    0.2642    0.0068
 1.50  8000.  0.0  1.0   0.3135    0.2789    0.0083
 2.00  8000.  0.0  1.0   0.3065    0.2846    0.0092
 2.50  8000.  0.0  1.0   0.3063    0.2844    0.0091
 3.00  8000.  0.0  1.0   0.3111    0.2791    0.0084
 3.50  8000.  0.0  1.0   0.3071    0.2820    0.0075
 4.00  8000.  0.0  1.0   0.2630    0.3136    0.0101
 4.50  8000.  0.0  1.0   0.2102    0.3463    0.0161
 5.00  8000.  0.0  1.0   0.2003    0.3532    0.0157
 1.00  8250.  0.0  1.0   0.3231    0.2603    0.0072
 1.50  8250.  0.0  1.0   0.3002    0.2804    0.0088
 2.00  8250.  0.0  1.0   0.2880    0.2888    0.0102
 2.50  8250.  0.0  1.0   0.2839    0.2910    0.0106
 3.00  8250.  0.0  1.0   0.2849    0.2895    0.0103
 3.50  8250.  0.0  1.0   0.2892    0.2853    0.0094
 4.00  8250.  0.0  1.0   0.2785    0.2951    0.0086
 4.50  8250.  0.0  1.0   0.2279    0.3328    0.0119
 5.00  8250.  0.0  1.0   0.1909    0.3561    0.0159
 1.50  8500.  0.0  1.0   0.2909    0.2809    0.0091
 2.00  8500.  0.0  1.0   0.2751    0.2903    0.0106
 2.50  8500.  0.0  1.0   0.2678    0.2930    0.0114
 3.00  8500.  0.0  1.0   0.2659    0.2928    0.0115
 3.50  8500.  0.0  1.0   0.2674    0.2909    0.0110
 4.00  8500.  0.0  1.0   0.2703    0.2884    0.0101
 4.50  8500.  0.0  1.0   0.2478    0.3095    0.0098
 5.00  8500.  0.0  1.0   0.1963    0.3484    0.0138
 1.00  8750.  0.0  1.0   0.3306    0.2460    0.0066
 1.50  8750.  0.0  1.0   0.2852    0.2802    0.0093
 2.00  8750.  0.0  1.0   0.2650    0.2918    0.0110
 2.50  8750.  0.0  1.0   0.2550    0.2950    0.0120
 3.00  8750.  0.0  1.0   0.2509    0.2947    0.0122
 3.50  8750.  0.0  1.0   0.2514    0.2922    0.0119
 4.00  8750.  0.0  1.0   0.2528    0.2903    0.0113
 4.50  8750.  0.0  1.0   0.2524    0.2912    0.0105
 5.00  8750.  0.0  1.0   0.2163    0.3252    0.0112
 1.50  9000.  0.0  1.0   0.2800    0.2805    0.0094
 2.00  9000.  0.0  1.0   0.2567    0.2932    0.0114
 2.50  9000.  0.0  1.0   0.2450    0.2966    0.0124
 3.00  9000.  0.0  1.0   0.2395    0.2961    0.0127
 3.50  9000.  0.0  1.0   0.2372    0.2945    0.0125
 4.00  9000.  0.0  1.0   0.2378    0.2918    0.0121
 4.50  9000.  0.0  1.0   0.2401    0.2890    0.0115
 5.00  9000.  0.0  1.0   0.2446    0.2847    0.0107
 2.00  9250.  0.0  1.0   0.2495    0.2946    0.0117
 2.50  9250.  0.0  1.0   0.2362    0.2985    0.0128
 3.00  9250.  0.0  1.0   0.2299    0.2977    0.0132
 3.50  9250.  0.0  1.0   0.2268    0.2958    0.0131
 4.00  9250.  0.0  1.0   0.2258    0.2935    0.0127
 4.50  9250.  0.0  1.0   0.2263    0.2909    0.0122
 5.00  9250.  0.0  1.0   0.2288    0.2874    0.0116
 2.00  9500.  0.0  1.0   0.2419    0.2968    0.0120
 2.50  9500.  0.0  1.0   0.2282    0.3000    0.0131
 3.00  9500.  0.0  1.0   0.2214    0.2991    0.0136
 3.50  9500.  0.0  1.0   0.2179    0.2970    0.0137
 4.00  9500.  0.0  1.0   0.2162    0.2946    0.0134
 4.50  9500.  0.0  1.0   0.2154    0.2922    0.0128
 5.00  9500.  0.0  1.0   0.2162    0.2891    0.0123
 2.00  9750.  0.0  1.0   0.2350    0.2984    0.0124
 2.50  9750.  0.0  1.0   0.2204    0.3016    0.0135
 3.00  9750.  0.0  1.0   0.2134    0.3004    0.0140
 3.50  9750.  0.0  1.0   0.2100    0.2978    0.0140
 4.00  9750.  0.0  1.0   0.2080    0.2954    0.0139
 4.50  9750.  0.0  1.0   0.2065    0.2932    0.0135
 5.00  9750.  0.0  1.0   0.2061    0.2905    0.0130
 2.00 10000.  0.0  1.0   0.2281    0.3002    0.0129
 2.50 10000.  0.0  1.0   0.2130    0.3029    0.0139
 3.00 10000.  0.0  1.0   0.2061    0.3013    0.0143
 3.50 10000.  0.0  1.0   0.2027    0.2985    0.0143
 4.00 10000.  0.0  1.0   0.2011    0.2955    0.0142
 4.50 10000.  0.0  1.0   0.1993    0.2935    0.0140
 5.00 10000.  0.0  1.0   0.1977    0.2916    0.0136
 2.00 10250.  0.0  1.0   0.2222    0.3010    0.0135
 2.50 10250.  0.0  1.0   0.2060    0.3038    0.0144
 3.00 10250.  0.0  1.0   0.1991    0.3019    0.0146
 3.50 10250.  0.0  1.0   0.1958    0.2990    0.0146
 4.00 10250.  0.0  1.0   0.1940    0.2962    0.0145
 4.50 10250.  0.0  1.0   0.1921    0.2942    0.0144
 5.00 10250.  0.0  1.0   0.1906    0.2922    0.0141
 2.00 10500.  0.0  1.0   0.2163    0.3018    0.0141
 2.50 10500.  0.0  1.0   0.1995    0.3040    0.0149
 3.00 10500.  0.0  1.0   0.1925    0.3019    0.0150
 3.50 10500.  0.0  1.0   0.1893    0.2990    0.0148
 4.00 10500.  0.0  1.0   0.1878    0.2960    0.0147
 4.50 10500.  0.0  1.0   0.1862    0.2937    0.0146
 5.00 10500.  0.0  1.0   0.1840    0.2923    0.0144
 2.00 10750.  0.0  1.0   0.2116    0.3021    0.0146
 2.50 10750.  0.0  1.0   0.1935    0.3039    0.0154
 3.00 10750.  0.0  1.0   0.1861    0.3018    0.0153
 3.50 10750.  0.0  1.0   0.1834    0.2984    0.0151
 4.00 10750.  0.0  1.0   0.1820    0.2956    0.0149
 4.50 10750.  0.0  1.0   0.1806    0.2934    0.0148
 5.00 10750.  0.0  1.0   0.1787    0.2918    0.0147
 2.00 11000.  0.0  1.0   0.2073    0.3024    0.0151
 2.50 11000.  0.0  1.0   0.1881    0.3032    0.0159
 3.00 11000.  0.0  1.0   0.1802    0.3009    0.0157
 3.50 11000.  0.0  1.0   0.1777    0.2975    0.0153
 4.00 11000.  0.0  1.0   0.1767    0.2945    0.0150
 4.50 11000.  0.0  1.0   0.1755    0.2924    0.0149
 5.00 11000.  0.0  1.0   0.1735    0.2911    0.0149
 2.00 11250.  0.0  1.0   0.2039    0.3024    0.0155
 2.50 11250.  0.0  1.0   0.1832    0.3026    0.0163
 3.00 11250.  0.0  1.0   0.1748    0.2997    0.0160
 3.50 11250.  0.0  1.0   0.1724    0.2961    0.0155
 4.00 11250.  0.0  1.0   0.1716    0.2932    0.0152
 4.50 11250.  0.0  1.0   0.1707    0.2913    0.0150
 5.00 11250.  0.0  1.0   0.1689    0.2901    0.0150
 2.00 11500.  0.0  1.0   0.2010    0.3027    0.0159
 2.50 11500.  0.0  1.0   0.1789    0.3016    0.0167
 3.00 11500.  0.0  1.0   0.1701    0.2979    0.0162
 3.50 11500.  0.0  1.0   0.1674    0.2942    0.0157
 4.00 11500.  0.0  1.0   0.1666    0.2915    0.0152
 4.50 11500.  0.0  1.0   0.1659    0.2898    0.0150
 5.00 11500.  0.0  1.0   0.1644    0.2887    0.0150
 2.00 11750.  0.0  1.0   0.1986    0.3030    0.0162
 2.50 11750.  0.0  1.0   0.1754    0.3006    0.0171
 3.00 11750.  0.0  1.0   0.1660    0.2961    0.0165
 3.50 11750.  0.0  1.0   0.1625    0.2925    0.0158
 4.00 11750.  0.0  1.0   0.1620    0.2897    0.0153
 4.50 11750.  0.0  1.0   0.1615    0.2881    0.0150
 5.00 11750.  0.0  1.0   0.1607    0.2869    0.0149
 2.00 12000.  0.0  1.0   0.1969    0.3033    0.0165
 2.50 12000.  0.0  1.0   0.1720    0.2999    0.0174
 3.00 12000.  0.0  1.0   0.1619    0.2943    0.0167
 3.50 12000.  0.0  1.0   0.1585    0.2900    0.0159
 4.00 12000.  0.0  1.0   0.1576    0.2873    0.0153
 4.50 12000.  0.0  1.0   0.1574    0.2858    0.0149
 5.00 12000.  0.0  1.0   0.1568    0.2847    0.0149
 2.00 12250.  0.0  1.0   0.1955    0.3035    0.0168
 2.50 12250.  0.0  1.0   0.1691    0.2994    0.0178
 3.00 12250.  0.0  1.0   0.1585    0.2926    0.0169
 3.50 12250.  0.0  1.0   0.1548    0.2876    0.0160
 4.00 12250.  0.0  1.0   0.1539    0.2849    0.0153
 4.50 12250.  0.0  1.0   0.1535    0.2837    0.0149
 5.00 12250.  0.0  1.0   0.1531    0.2828    0.0148
 2.00 12500.  0.0  1.0   0.1945    0.3040    0.0170
 2.50 12500.  0.0  1.0   0.1665    0.2990    0.0181
 3.00 12500.  0.0  1.0   0.1555    0.2909    0.0171
 3.50 12500.  0.0  1.0   0.1516    0.2850    0.0160
 4.00 12500.  0.0  1.0   0.1504    0.2821    0.0153
 4.50 12500.  0.0  1.0   0.1499    0.2811    0.0148
 5.00 12500.  0.0  1.0   0.1499    0.2802    0.0147
 2.00 12750.  0.0  1.0   0.1940    0.3042    0.0172
 2.50 12750.  0.0  1.0   0.1640    0.2989    0.0184
 3.00 12750.  0.0  1.0   0.1525    0.2896    0.0174
 3.50 12750.  0.0  1.0   0.1484    0.2829    0.0161
 4.00 12750.  0.0  1.0   0.1471    0.2796    0.0153
 4.50 12750.  0.0  1.0   0.1467    0.2784    0.0148
 5.00 12750.  0.0  1.0   0.1465    0.2780    0.0146
 2.00 13000.  0.0  1.0   0.1938    0.3045    0.0173
 2.50 13000.  0.0  1.0   0.1624    0.2985    0.0187
 3.00 13000.  0.0  1.0   0.1500    0.2885    0.0175
 3.50 13000.  0.0  1.0   0.1458    0.2806    0.0162
 4.00 13000.  0.0  1.0   0.1441    0.2770    0.0152
 4.50 13000.  0.0  1.0   0.1438    0.2756    0.0147
 5.00 13000.  0.0  1.0   0.1434    0.2755    0.0145
 2.00 14000.  0.0  1.0   0.1965    0.3049    0.0175
 2.50 14000.  0.0  1.0   0.1563    0.2991    0.0199
 3.00 14000.  0.0  1.0   0.1417    0.2852    0.0185
 3.50 14000.  0.0  1.0   0.1362    0.2741    0.0166
 4.00 14000.  0.0  1.0   0.1343    0.2678    0.0152
 4.50 14000.  0.0  1.0   0.1332    0.2658    0.0144
 5.00 14000.  0.0  1.0   0.1327    0.2656    0.0141
 2.00 15000.  0.0  1.0   0.2053    0.3037    0.0168
 2.50 15000.  0.0  1.0   0.1533    0.3005    0.0208
 3.00 15000.  0.0  1.0   0.1358    0.2837    0.0194
 3.50 15000.  0.0  1.0   0.1295    0.2694    0.0170
 4.00 15000.  0.0  1.0   0.1273    0.2603    0.0152
 4.50 15000.  0.0  1.0   0.1258    0.2565    0.0142
 5.00 15000.  0.0  1.0   0.1247    0.2559    0.0138
 2.00 16000.  0.0  1.0   0.2204    0.3016    0.0151
 2.50 16000.  0.0  1.0   0.1521    0.3031    0.0215
 3.00 16000.  0.0  1.0   0.1315    0.2836    0.0203
 3.50 16000.  0.0  1.0   0.1244    0.2663    0.0175
 4.00 16000.  0.0  1.0   0.1217    0.2550    0.0153
 4.50 16000.  0.0  1.0   0.1204    0.2491    0.0141
 5.00 16000.  0.0  1.0   0.1190    0.2473    0.0135
 2.50 17000.  0.0  1.0   0.1524    0.3072    0.0219
 3.00 17000.  0.0  1.0   0.1280    0.2850    0.0213
 3.50 17000.  0.0  1.0   0.1200    0.2648    0.0181
 4.00 17000.  0.0  1.0   0.1173    0.2509    0.0155
 4.50 17000.  0.0  1.0   0.1158    0.2434    0.0139
 5.00 17000.  0.0  1.0   0.1143    0.2403    0.0132
 2.50 18000.  0.0  1.0   0.1527    0.3140    0.0222
 3.00 18000.  0.0  1.0   0.1248    0.2883    0.0222
 3.50 18000.  0.0  1.0   0.1163    0.2643    0.0189
 4.00 18000.  0.0  1.0   0.1132    0.2484    0.0158
 4.50 18000.  0.0  1.0   0.1120    0.2389    0.0139
 5.00 18000.  0.0  1.0   0.1106    0.2346    0.0130
 2.50 19000.  0.0  1.0   0.1521    0.3232    0.0224
 3.00 19000.  0.0  1.0   0.1210    0.2938    0.0234
 3.50 19000.  0.0  1.0   0.1123    0.2658    0.0198
 4.00 19000.  0.0  1.0   0.1097    0.2467    0.0163
 4.50 19000.  0.0  1.0   0.1083    0.2358    0.0140
 5.00 19000.  0.0  1.0   0.1072    0.2302    0.0129
 3.00 20000.  0.0  1.0   0.1155    0.3022    0.0249
 3.50 20000.  0.0  1.0   0.1078    0.2693    0.0209
 4.00 20000.  0.0  1.0   0.1059    0.2467    0.0170
 4.50 20000.  0.0  1.0   0.1050    0.2336    0.0144
 5.00 20000.  0.0  1.0   0.1040    0.2268    0.0129
 3.00 21000.  0.0  1.0   0.1089    0.3115    0.0267
 3.50 21000.  0.0  1.0   0.1020    0.2748    0.0224
 4.00 21000.  0.0  1.0   0.1015    0.2485    0.0179
 4.50 21000.  0.0  1.0   0.1016    0.2326    0.0149
 5.00 21000.  0.0  1.0   0.1009    0.2246    0.0132
 3.00 22000.  0.0  1.0   0.1035    0.3197    0.0286
 3.50 22000.  0.0  1.0   0.0947    0.2819    0.0242
 4.00 22000.  0.0  1.0   0.0959    0.2523    0.0191
 4.50 22000.  0.0  1.0   0.0972    0.2340    0.0156
 5.00 22000.  0.0  1.0   0.0974    0.2240    0.0137
 3.00 23000.  0.0  1.0   0.1018    0.3255    0.0298
 3.50 23000.  0.0  1.0   0.0875    0.2884    0.0262
 4.00 23000.  0.0  1.0   0.0895    0.2570    0.0206
 4.50 23000.  0.0  1.0   0.0923    0.2364    0.0167
 5.00 23000.  0.0  1.0   0.0933    0.2248    0.0144
 3.00 24000.  0.0  1.0   0.1046    0.3298    0.0300
 3.50 24000.  0.0  1.0   0.0822    0.2932    0.0280
 4.00 24000.  0.0  1.0   0.0829    0.2614    0.0223
 4.50 24000.  0.0  1.0   0.0866    0.2397    0.0178
 5.00 24000.  0.0  1.0   0.0888    0.2267    0.0152
 3.00 25000.  0.0  1.0   0.1094    0.3352    0.0292
 3.50 25000.  0.0  1.0   0.0796    0.2967    0.0293
 4.00 25000.  0.0  1.0   0.0768    0.2653    0.0236
 4.50 25000.  0.0  1.0   0.0806    0.2430    0.0190
 5.00 25000.  0.0  1.0   0.0836    0.2293    0.0161
 3.00 26000.  0.0  1.0   0.1125    0.3424    0.0282
 3.50 26000.  0.0  1.0   0.0794    0.3002    0.0300
 4.00 26000.  0.0  1.0   0.0730    0.2675    0.0247
 4.50 26000.  0.0  1.0   0.0753    0.2453    0.0200
 5.00 26000.  0.0  1.0   0.0784    0.2315    0.0169
 3.50 27000.  0.0  1.0   0.0786    0.3056    0.0303
 4.00 27000.  0.0  1.0   0.0712    0.2692    0.0254
 4.50 27000.  0.0  1.0   0.0716    0.2461    0.0206
 5.00 27000.  0.0  1.0   0.0744    0.2321    0.0176
 3.50 28000.  0.0  1.0   0.0762    0.3123    0.0307
 4.00 28000.  0.0  1.0   0.0695    0.2720    0.0258
 4.50 28000.  0.0  1.0   0.0693    0.2466    0.0210
 5.00 28000.  0.0  1.0   0.0710    0.2321    0.0178
 3.50 29000.  0.0  1.0   0.0719    0.3193    0.0315
 4.00 29000.  0.0  1.0   0.0672    0.2754    0.0263
 4.50 29000.  0.0  1.0   0.0668    0.2478    0.0211
 5.00 29000.  0.0  1.0   0.0681    0.2318    0.0178
 3.50 30000.  0.0  1.0   0.0650    0.3282    0.0327
 4.00 30000.  0.0  1.0   0.0634    0.2791    0.0268
 4.50 30000.  0.0  1.0   0.0648    0.2485    0.0213
 5.00 30000.  0.0  1.0   0.0663    0.2306    0.0177
 3.50 31000.  0.0  1.0   0.0567    0.3391    0.0344
 4.00 31000.  0.0  1.0   0.0582    0.2826    0.0277
 4.50 31000.  0.0  1.0   0.0621    0.2486    0.0215
 5.00 31000.  0.0  1.0   0.0643    0.2290    0.0175
 4.00 32000.  0.0  1.0   0.0512    0.2874    0.0288
 4.50 32000.  0.0  1.0   0.0580    0.2490    0.0217
 5.00 32000.  0.0  1.0   0.0619    0.2269    0.0172
 4.00 33000.  0.0  1.0   0.0432    0.2927    0.0306
 4.50 33000.  0.0  1.0   0.0526    0.2497    0.0221
 5.00 33000.  0.0  1.0   0.0590    0.2243    0.0170
 4.00 34000.  0.0  1.0   0.0336    0.2991    0.0328
 4.50 34000.  0.0  1.0   0.0468    0.2505    0.0229
 5.00 34000.  0.0  1.0   0.0548    0.2223    0.0168
 4.00 35000.  0.0  1.0   0.0254    0.3037    0.0354
 4.50 35000.  0.0  1.0   0.0390    0.2526    0.0240
 5.00 35000.  0.0  1.0   0.0501    0.2206    0.0170
 4.00 36000.  0.0  1.0   0.0200    0.3062    0.0377
 4.50 36000.  0.0  1.0   0.0314    0.2538    0.0254
 5.00 36000.  0.0  1.0   0.0444    0.2192    0.0174
 4.00 37000.  0.0  1.0   0.0168    0.3083    0.0394
 4.50 37000.  0.0  1.0   0.0250    0.2537    0.0269
 5.00 37000.  0.0  1.0   0.0380    0.2180    0.0180
 4.00 38000.  0.0  1.0   0.0152    0.3109    0.0407
 4.50 38000.  0.0  1.0   0.0209    0.2520    0.0282
 5.00 38000.  0.0  1.0   0.0327    0.2152    0.0187
 4.00 39000.  0.0  1.0   0.0137    0.3151    0.0417
 4.50 39000.  0.0  1.0   0.0181    0.2511    0.0292
 5.00 39000.  0.0  1.0   0.0284    0.2122    0.0193
 4.50 40000.  0.0  1.0   0.0157    0.2516    0.0299
 5.00 40000.  0.0  1.0   0.0254    0.2094    0.0198
 4.50 41000.  0.0  1.0   0.0143    0.2524    0.0307
 5.00 41000.  0.0  1.0   0.0229    0.2078    0.0202
 4.50 42000.  0.0  1.0   0.0124    0.2547    0.0314
 5.00 42000.  0.0  1.0   0.0212    0.2068    0.0206
 4.50 43000.  0.0  1.0   0.0106    0.2571    0.0322
 5.00 43000.  0.0  1.0   0.0196    0.2068    0.0210
 4.50 44000.  0.0  1.0   0.0090    0.2596    0.0331
 5.00 44000.  0.0  1.0   0.0180    0.2073    0.0214
 4.50 45000.  0.0  1.0   0.0069    0.2627    0.0339
 5.00 45000.  0.0  1.0   0.0169    0.2077    0.0219
 4.50 46000.  0.0  1.0   0.0049    0.2658    0.0349
 5.00 46000.  0.0  1.0   0.0150    0.2090    0.0223
 4.50 47000.  0.0  1.0   0.0030    0.2689    0.0358
 5.00 47000.  0.0  1.0   0.0132    0.2102    0.0228
 4.50 48000.  0.0  1.0   0.0010    0.2723    0.0369
 5.00 48000.  0.0  1.0   0.0118    0.2112    0.0233
 4.50 49000.  0.0  1.0  -0.0006    0.2756    0.0379
 5.00 49000.  0.0  1.0   0.0099    0.2126    0.0239
 4.50 50000.  0.0  1.0  -0.0025    0.2795    0.0390
 5.00 50000.  0.0  1.0   0.0080    0.2142    0.0244
 0.00  3500.  0.0  2.0   0.9137   -0.1044    0.0143
 0.50  3500.  0.0  2.0   0.9140   -0.1090    0.0150
 1.00  3500.  0.0  2.0   0.9071   -0.1082    0.0154
 1.50  3500.  0.0  2.0   0.8955   -0.1038    0.0154
 2.00  3500.  0.0  2.0   0.8815   -0.0970    0.0150
 2.50  3500.  0.0  2.0   0.8640   -0.0858    0.0143
 3.00  3500.  0.0  2.0   0.8206   -0.0477    0.0125
 3.50  3500.  0.0  2.0   0.6685    0.0960    0.0091
 4.00  3500.  0.0  2.0   0.4946    0.2516    0.0096
 4.50  3500.  0.0  2.0   0.3934    0.3363    0.0120
 5.00  3500.  0.0  2.0   0.3386    0.3777    0.0145
 0.00  3750.  0.0  2.0   0.8569   -0.0569    0.0082
 0.50  3750.  0.0  2.0   0.8647   -0.0635    0.0083
 1.00  3750.  0.0  2.0   0.8691   -0.0699    0.0083
 1.50  3750.  0.0  2.0   0.8720   -0.0772    0.0084
 2.00  3750.  0.0  2.0   0.8715   -0.0828    0.0084
 2.50  3750.  0.0  2.0   0.8671   -0.0857    0.0084
 3.00  3750.  0.0  2.0   0.8562   -0.0825    0.0083
 3.50  3750.  0.0  2.0   0.7960   -0.0314    0.0077
 4.00  3750.  0.0  2.0   0.6022    0.1442    0.0080
 4.50  3750.  0.0  2.0   0.4089    0.3095    0.0127
 5.00  3750.  0.0  2.0   0.3041    0.3904    0.0190
 0.00  4000.  0.0  2.0   0.7953   -0.0119    0.0062
 0.50  4000.  0.0  2.0   0.7988   -0.0114    0.0067
 1.00  4000.  0.0  2.0   0.8007   -0.0117    0.0071
 1.50  4000.  0.0  2.0   0.8036   -0.0150    0.0071
 2.00  4000.  0.0  2.0   0.8051   -0.0186    0.0069
 2.50  4000.  0.0  2.0   0.8068   -0.0241    0.0064
 3.00  4000.  0.0  2.0   0.8071   -0.0298    0.0059
 3.50  4000.  0.0  2.0   0.8011   -0.0305    0.0055
 4.00  4000.  0.0  2.0   0.7369    0.0220    0.0056
 4.50  4000.  0.0  2.0   0.5473    0.1851    0.0095
 5.00  4000.  0.0  2.0   0.3633    0.3339    0.0184
 0.00  4250.  0.0  2.0   0.7374    0.0264    0.0047
 0.50  4250.  0.0  2.0   0.7359    0.0333    0.0051
 1.00  4250.  0.0  2.0   0.7396    0.0321    0.0056
 1.50  4250.  0.0  2.0   0.7412    0.0311    0.0059
 2.00  4250.  0.0  2.0   0.7427    0.0289    0.0060
 2.50  4250.  0.0  2.0   0.7451    0.0249    0.0060
 3.00  4250.  0.0  2.0   0.7465    0.0210    0.0059
 3.50  4250.  0.0  2.0   0.7461    0.0181    0.0055
 4.00  4250.  0.0  2.0   0.7415    0.0184    0.0051
 4.50  4250.  0.0  2.0   0.6866    0.0631    0.0055
 5.00  4250.  0.0  2.0   0.5283    0.1946    0.0106
 0.00  4500.  0.0  2.0   0.6780    0.0646    0.0039
 0.50  4500.  0.0  2.0   0.6765    0.0729    0.0043
 1.00  4500.  0.0  2.0   0.6778    0.0753    0.0048
 1.50  4500.  0.0  2.0   0.6785    0.0766    0.0049
 2.00  4500.  0.0  2.0   0.6814    0.0737    0.0050
 2.50  4500.  0.0  2.0   0.6871    0.0671    0.0049
 3.00  4500.  0.0  2.0   0.6904    0.0622    0.0048
 3.50  4500.  0.0  2.0   0.6926    0.0578    0.0046
 4.00  4500.  0.0  2.0   0.6924    0.0555    0.0044
 4.50  4500.  0.0  2.0   0.6890    0.0559    0.0042
 5.00  4500.  0.0  2.0   0.6492    0.0889    0.0046
 0.00  4750.  0.0  2.0   0.6201    0.1009    0.0036
 0.50  4750.  0.0  2.0   0.6244    0.1048    0.0040
 1.00  4750.  0.0  2.0   0.6178    0.1158    0.0045
 1.50  4750.  0.0  2.0   0.6189    0.1175    0.0048
 2.00  4750.  0.0  2.0   0.6214    0.1165    0.0048
 2.50  4750.  0.0  2.0   0.6252    0.1130    0.0047
 3.00  4750.  0.0  2.0   0.6299    0.1078    0.0045
 3.50  4750.  0.0  2.0   0.6354    0.1012    0.0042
 4.00  4750.  0.0  2.0   0.6371    0.0979    0.0040
 4.50  4750.  0.0  2.0   0.6388    0.0944    0.0037
 5.00  4750.  0.0  2.0   0.6370    0.0942    0.0035
 0.00  5000.  0.0  2.0   0.5604    0.1365    0.0042
 0.50  5000.  0.0  2.0   0.5572    0.1490    0.0046
 1.00  5000.  0.0  2.0   0.5558    0.1563    0.0049
 1.50  5000.  0.0  2.0   0.5614    0.1557    0.0048
 2.00  5000.  0.0  2.0   0.5597    0.1593    0.0049
 2.50  5000.  0.0  2.0   0.5640    0.1565    0.0047
 3.00  5000.  0.0  2.0   0.5686    0.1525    0.0046
 3.50  5000.  0.0  2.0   0.5748    0.1465    0.0044
 4.00  5000.  0.0  2.0   0.5794    0.1418    0.0041
 4.50  5000.  0.0  2.0   0.5836    0.1370    0.0038
 5.00  5000.  0.0  2.0   0.5838    0.1359    0.0035
 0.00  5250.  0.0  2.0   0.5027    0.1689    0.0053
 0.50  5250.  0.0  2.0   0.5025    0.1791    0.0057
 1.00  5250.  0.0  2.0   0.4984    0.1900    0.0061
 1.50  5250.  0.0  2.0   0.5041    0.1917    0.0054
 2.00  5250.  0.0  2.0   0.5022    0.1963    0.0055
 2.50  5250.  0.0  2.0   0.5055    0.1957    0.0051
 3.00  5250.  0.0  2.0   0.5084    0.1940    0.0048
 3.50  5250.  0.0  2.0   0.5152    0.1884    0.0046
 4.00  5250.  0.0  2.0   0.5231    0.1817    0.0044
 4.50  5250.  0.0  2.0   0.5267    0.1787    0.0042
 5.00  5250.  0.0  2.0   0.5281    0.1777    0.0039
 0.00  5500.  0.0  2.0   0.5167    0.1369    0.0062
 0.50  5500.  0.0  2.0   0.4543    0.2043    0.0070
 1.00  5500.  0.0  2.0   0.4509    0.2132    0.0080
 1.50  5500.  0.0  2.0   0.4457    0.2246    0.0081
 2.00  5500.  0.0  2.0   0.4495    0.2269    0.0071
 2.50  5500.  0.0  2.0   0.4490    0.2312    0.0064
 3.00  5500.  0.0  2.0   0.4520    0.2306    0.0058
 3.50  5500.  0.0  2.0   0.4607    0.2244    0.0052
 4.00  5500.  0.0  2.0   0.4687    0.2180    0.0049
 4.50  5500.  0.0  2.0   0.4722    0.2158    0.0047
 5.00  5500.  0.0  2.0   0.4729    0.2163    0.0046
 0.00  5750.  0.0  2.0   0.5443    0.1103    0.0033
 0.50  5750.  0.0  2.0   0.4922    0.1542    0.0073
 1.00  5750.  0.0  2.0   0.4075    0.2388    0.0095
 1.50  5750.  0.0  2.0   0.4092    0.2417    0.0094
 2.00  5750.  0.0  2.0   0.4038    0.2505    0.0096
 2.50  5750.  0.0  2.0   0.4022    0.2570    0.0085
 3.00  5750.  0.0  2.0   0.4042    0.2587    0.0074
 3.50  5750.  0.0  2.0   0.4102    0.2558    0.0064
 4.00  5750.  0.0  2.0   0.4159    0.2519    0.0059
 4.50  5750.  0.0  2.0   0.4227    0.2472    0.0055
 5.00  5750.  0.0  2.0   0.4228    0.2484    0.0054
 0.00  6000.  0.0  2.0   0.5390    0.1148    0.0021
 0.50  6000.  0.0  2.0   0.5128    0.1384    0.0039
 1.00  6000.  0.0  2.0   0.4737    0.1685    0.0081
 1.50  6000.  0.0  2.0   0.3651    0.2693    0.0120
 2.00  6000.  0.0  2.0   0.3658    0.2715    0.0117
 2.50  6000.  0.0  2.0   0.3650    0.2756    0.0107
 3.00  6000.  0.0  2.0   0.3646    0.2791    0.0096
 3.50  6000.  0.0  2.0   0.3663    0.2800    0.0085
 4.00  6000.  0.0  2.0   0.3719    0.2773    0.0074
 4.50  6000.  0.0  2.0   0.3769    0.2743    0.0069
 5.00  6000.  0.0  2.0   0.3763    0.2764    0.0067
 0.50  6250.  0.0  2.0   0.5065    0.1451    0.0026
 1.00  6250.  0.0  2.0   0.4766    0.1691    0.0048
 1.50  6250.  0.0  2.0   0.4222    0.2074    0.0107
 2.00  6250.  0.0  2.0   0.3316    0.2900    0.0142
 2.50  6250.  0.0  2.0   0.3314    0.2930    0.0134
 3.00  6250.  0.0  2.0   0.3316    0.2947    0.0122
 3.50  6250.  0.0  2.0   0.3321    0.2967    0.0107
 4.00  6250.  0.0  2.0   0.3369    0.2947    0.0092
 4.50  6250.  0.0  2.0   0.3398    0.2936    0.0084
 5.00  6250.  0.0  2.0   0.3391    0.2953    0.0082
 0.50  6500.  0.0  2.0   0.4964    0.1513    0.0023
 1.00  6500.  0.0  2.0   0.4735    0.1742    0.0031
 1.50  6500.  0.0  2.0   0.4388    0.1977    0.0062
 2.00  6500.  0.0  2.0   0.3774    0.2396    0.0131
 2.50  6500.  0.0  2.0   0.3033    0.3076    0.0153
 3.00  6500.  0.0  2.0   0.3030    0.3097    0.0142
 3.50  6500.  0.0  2.0   0.3060    0.3087    0.0123
 4.00  6500.  0.0  2.0   0.3094    0.3060    0.0111
 4.50  6500.  0.0  2.0   0.3109    0.3056    0.0102
 5.00  6500.  0.0  2.0   0.3093    0.3071    0.0099
 0.50  6750.  0.0  2.0   0.4648    0.1772    0.0024
 1.00  6750.  0.0  2.0   0.4642    0.1800    0.0029
 1.50  6750.  0.0  2.0   0.4387    0.2028    0.0039
 2.00  6750.  0.0  2.0   0.4013    0.2252    0.0075
 2.50  6750.  0.0  2.0   0.3390    0.2646    0.0154
 3.00  6750.  0.0  2.0   0.2814    0.3204    0.0154
 3.50  6750.  0.0  2.0   0.2831    0.3192    0.0140
 4.00  6750.  0.0  2.0   0.2862    0.3168    0.0126
 4.50  6750.  0.0  2.0   0.2868    0.3158    0.0117
 5.00  6750.  0.0  2.0   0.2857    0.3166    0.0111
 0.50  7000.  0.0  2.0   0.4329    0.2029    0.0026
 1.00  7000.  0.0  2.0   0.4317    0.2060    0.0033
 1.50  7000.  0.0  2.0   0.4310    0.2072    0.0037
 2.00  7000.  0.0  2.0   0.4033    0.2295    0.0048
 2.50  7000.  0.0  2.0   0.3631    0.2518    0.0090
 3.00  7000.  0.0  2.0   0.2924    0.3017    0.0161
 3.50  7000.  0.0  2.0   0.2635    0.3295    0.0151
 4.00  7000.  0.0  2.0   0.2652    0.3270    0.0139
 4.50  7000.  0.0  2.0   0.2663    0.3247    0.0131
 5.00  7000.  0.0  2.0   0.2666    0.3240    0.0121
 0.50  7250.  0.0  2.0   0.4022    0.2253    0.0032
 1.00  7250.  0.0  2.0   0.3979    0.2315    0.0041
 1.50  7250.  0.0  2.0   0.3987    0.2316    0.0045
 2.00  7250.  0.0  2.0   0.3992    0.2304    0.0046
 2.50  7250.  0.0  2.0   0.3687    0.2531    0.0058
 3.00  7250.  0.0  2.0   0.3233    0.2781    0.0108
 3.50  7250.  0.0  2.0   0.2590    0.3243    0.0165
 4.00  7250.  0.0  2.0   0.2445    0.3366    0.0158
 4.50  7250.  0.0  2.0   0.2466    0.3341    0.0145
 5.00  7250.  0.0  2.0   0.2488    0.3317    0.0131
 0.50  7500.  0.0  2.0   0.3727    0.2428    0.0042
 1.00  7500.  0.0  2.0   0.3668    0.2516    0.0052
 1.50  7500.  0.0  2.0   0.3627    0.2565    0.0059
 2.00  7500.  0.0  2.0   0.3653    0.2538    0.0060
 2.50  7500.  0.0  2.0   0.3667    0.2512    0.0057
 3.00  7500.  0.0  2.0   0.3338    0.2749    0.0071
 3.50  7500.  0.0  2.0   0.2826    0.3047    0.0127
 4.00  7500.  0.0  2.0   0.2288    0.3413    0.0177
 4.50  7500.  0.0  2.0   0.2290    0.3431    0.0155
 5.00  7500.  0.0  2.0   0.2302    0.3406    0.0143
 1.00  7750.  0.0  2.0   0.3444    0.2619    0.0062
 1.50  7750.  0.0  2.0   0.3337    0.2725    0.0074
 2.00  7750.  0.0  2.0   0.3310    0.2749    0.0078
 2.50  7750.  0.0  2.0   0.3339    0.2714    0.0076
 3.00  7750.  0.0  2.0   0.3348    0.2693    0.0069
 3.50  7750.  0.0  2.0   0.2981    0.2961    0.0085
 4.00  7750.  0.0  2.0   0.2437    0.3276    0.0150
 4.50  7750.  0.0  2.0   0.2147    0.3498    0.0162
 5.00  7750.  0.0  2.0   0.2137    0.3485    0.0153
 1.00  8000.  0.0  2.0   0.3301    0.2641    0.0069
 1.50  8000.  0.0  2.0   0.3141    0.2787    0.0085
 2.00  8000.  0.0  2.0   0.3058    0.2855    0.0095
 2.50  8000.  0.0  2.0   0.3048    0.2859    0.0095
 3.00  8000.  0.0  2.0   0.3085    0.2818    0.0089
 3.50  8000.  0.0  2.0   0.3060    0.2833    0.0080
 4.00  8000.  0.0  2.0   0.2633    0.3144    0.0104
 4.50  8000.  0.0  2.0   0.2102    0.3485    0.0159
 5.00  8000.  0.0  2.0   0.1976    0.3557    0.0164
 1.00  8250.  0.0  2.0   0.3241    0.2600    0.0072
 1.50  8250.  0.0  2.0   0.3010    0.2804    0.0090
 2.00  8250.  0.0  2.0   0.2882    0.2890    0.0104
 2.50  8250.  0.0  2.0   0.2832    0.2918    0.0110
 3.00  8250.  0.0  2.0   0.2834    0.2910    0.0107
 3.50  8250.  0.0  2.0   0.2871    0.2872    0.0099
 4.00  8250.  0.0  2.0   0.2779    0.2959    0.0090
 4.50  8250.  0.0  2.0   0.2286    0.3329    0.0121
 5.00  8250.  0.0  2.0   0.1848    0.3576    0.0181
 1.50  8500.  0.0  2.0   0.2918    0.2810    0.0092
 2.00  8500.  0.0  2.0   0.2758    0.2904    0.0108
 2.50  8500.  0.0  2.0   0.2679    0.2934    0.0117
 3.00  8500.  0.0  2.0   0.2647    0.2942    0.0118
 3.50  8500.  0.0  2.0   0.2657    0.2925    0.0114
 4.00  8500.  0.0  2.0   0.2683    0.2900    0.0106
 4.50  8500.  0.0  2.0   0.2480    0.3093    0.0102
 5.00  8500.  0.0  2.0   0.1972    0.3481    0.0139
 1.50  8750.  0.0  2.0   0.2684    0.2910    0.0109
 2.00  8750.  0.0  2.0   0.2656    0.2923    0.0112
 2.50  8750.  0.0  2.0   0.2553    0.2955    0.0122
 3.00  8750.  0.0  2.0   0.2502    0.2959    0.0125
 3.50  8750.  0.0  2.0   0.2500    0.2937    0.0123
 4.00  8750.  0.0  2.0   0.2510    0.2918    0.0117
 4.50  8750.  0.0  2.0   0.2509    0.2922    0.0110
 5.00  8750.  0.0  2.0   0.2174    0.3242    0.0115
 1.50  9000.  0.0  2.0   0.2804    0.2812    0.0095
 2.00  9000.  0.0  2.0   0.2570    0.2941    0.0115
 2.50  9000.  0.0  2.0   0.2453    0.2973    0.0126
 3.00  9000.  0.0  2.0   0.2393    0.2970    0.0130
 3.50  9000.  0.0  2.0   0.2368    0.2953    0.0129
 4.00  9000.  0.0  2.0   0.2364    0.2933    0.0125
 4.50  9000.  0.0  2.0   0.2384    0.2904    0.0119
 5.00  9000.  0.0  2.0   0.2419    0.2870    0.0111
 2.00  9250.  0.0  2.0   0.2495    0.2959    0.0118
 2.50  9250.  0.0  2.0   0.2367    0.2991    0.0130
 3.00  9250.  0.0  2.0   0.2301    0.2984    0.0134
 3.50  9250.  0.0  2.0   0.2265    0.2966    0.0134
 4.00  9250.  0.0  2.0   0.2250    0.2944    0.0131
 4.50  9250.  0.0  2.0   0.2250    0.2921    0.0125
 5.00  9250.  0.0  2.0   0.2269    0.2889    0.0119
 2.00  9500.  0.0  2.0   0.2420    0.2979    0.0121
 2.50  9500.  0.0  2.0   0.2284    0.3011    0.0133
 3.00  9500.  0.0  2.0   0.2216    0.3000    0.0138
 3.50  9500.  0.0  2.0   0.2179    0.2977    0.0139
 4.00  9500.  0.0  2.0   0.2158    0.2953    0.0136
 4.50  9500.  0.0  2.0   0.2145    0.2931    0.0132
 5.00  9500.  0.0  2.0   0.2151    0.2899    0.0127
 2.00  9750.  0.0  2.0   0.2345    0.3000    0.0126
 2.50  9750.  0.0  2.0   0.2204    0.3028    0.0137
 3.00  9750.  0.0  2.0   0.2135    0.3014    0.0142
 3.50  9750.  0.0  2.0   0.2098    0.2988    0.0142
 4.00  9750.  0.0  2.0   0.2075    0.2963    0.0141
 4.50  9750.  0.0  2.0   0.2058    0.2940    0.0137
 5.00  9750.  0.0  2.0   0.2049    0.2915    0.0133
 2.00 10000.  0.0  2.0   0.2275    0.3016    0.0131
 2.50 10000.  0.0  2.0   0.2127    0.3043    0.0141
 3.00 10000.  0.0  2.0   0.2059    0.3026    0.0145
 3.50 10000.  0.0  2.0   0.2025    0.2995    0.0146
 4.00 10000.  0.0  2.0   0.2005    0.2965    0.0144
 4.50 10000.  0.0  2.0   0.1985    0.2944    0.0142
 5.00 10000.  0.0  2.0   0.1971    0.2920    0.0138
 2.00 10250.  0.0  2.0   0.2211    0.3026    0.0138
 2.50 10250.  0.0  2.0   0.2053    0.3054    0.0146
 3.00 10250.  0.0  2.0   0.1985    0.3035    0.0148
 3.50 10250.  0.0  2.0   0.1953    0.3004    0.0148
 4.00 10250.  0.0  2.0   0.1935    0.2972    0.0147
 4.50 10250.  0.0  2.0   0.1916    0.2949    0.0146
 5.00 10250.  0.0  2.0   0.1900    0.2926    0.0143
 2.00 10500.  0.0  2.0   0.2155    0.3032    0.0143
 2.50 10500.  0.0  2.0   0.1987    0.3056    0.0152
 3.00 10500.  0.0  2.0   0.1915    0.3039    0.0152
 3.50 10500.  0.0  2.0   0.1889    0.3003    0.0151
 4.00 10500.  0.0  2.0   0.1873    0.2971    0.0149
 4.50 10500.  0.0  2.0   0.1859    0.2944    0.0148
 5.00 10500.  0.0  2.0   0.1832    0.2931    0.0146
 2.00 10750.  0.0  2.0   0.2106    0.3034    0.0149
 2.50 10750.  0.0  2.0   0.1925    0.3055    0.0157
 3.00 10750.  0.0  2.0   0.1851    0.3036    0.0156
 3.50 10750.  0.0  2.0   0.1826    0.3001    0.0154
 4.00 10750.  0.0  2.0   0.1815    0.2967    0.0151
 4.50 10750.  0.0  2.0   0.1802    0.2942    0.0150
 5.00 10750.  0.0  2.0   0.1780    0.2925    0.0149
 2.00 11000.  0.0  2.0   0.2064    0.3036    0.0154
 2.50 11000.  0.0  2.0   0.1870    0.3048    0.0162
 3.00 11000.  0.0  2.0   0.1791    0.3025    0.0160
 3.50 11000.  0.0  2.0   0.1766    0.2992    0.0156
 4.00 11000.  0.0  2.0   0.1761    0.2957    0.0153
 4.50 11000.  0.0  2.0   0.1749    0.2935    0.0151
 5.00 11000.  0.0  2.0   0.1731    0.2916    0.0150
 2.00 11250.  0.0  2.0   0.2030    0.3036    0.0158
 2.50 11250.  0.0  2.0   0.1821    0.3038    0.0167
 3.00 11250.  0.0  2.0   0.1737    0.3012    0.0163
 3.50 11250.  0.0  2.0   0.1709    0.2981    0.0158
 4.00 11250.  0.0  2.0   0.1705    0.2948    0.0154
 4.50 11250.  0.0  2.0   0.1700    0.2924    0.0152
 5.00 11250.  0.0  2.0   0.1685    0.2907    0.0151
 2.00 11500.  0.0  2.0   0.2004    0.3035    0.0162
 2.50 11500.  0.0  2.0   0.1779    0.3027    0.0171
 3.00 11500.  0.0  2.0   0.1689    0.2992    0.0166
 3.50 11500.  0.0  2.0   0.1658    0.2961    0.0160
 4.00 11500.  0.0  2.0   0.1656    0.2930    0.0155
 4.50 11500.  0.0  2.0   0.1654    0.2907    0.0152
 5.00 11500.  0.0  2.0   0.1639    0.2894    0.0151
 2.00 11750.  0.0  2.0   0.1980    0.3039    0.0165
 2.50 11750.  0.0  2.0   0.1742    0.3018    0.0175
 3.00 11750.  0.0  2.0   0.1645    0.2975    0.0169
 3.50 11750.  0.0  2.0   0.1614    0.2937    0.0161
 4.00 11750.  0.0  2.0   0.1608    0.2911    0.0155
 4.50 11750.  0.0  2.0   0.1609    0.2890    0.0152
 5.00 11750.  0.0  2.0   0.1600    0.2877    0.0151
 2.50 12000.  0.0  2.0   0.1709    0.3009    0.0178
 3.00 12000.  0.0  2.0   0.1606    0.2955    0.0171
 3.50 12000.  0.0  2.0   0.1572    0.2912    0.0162
 4.00 12000.  0.0  2.0   0.1567    0.2885    0.0156
 4.50 12000.  0.0  2.0   0.1566    0.2868    0.0151
 5.00 12000.  0.0  2.0   0.1562    0.2856    0.0150
 2.50 12250.  0.0  2.0   0.1681    0.3004    0.0181
 3.00 12250.  0.0  2.0   0.1573    0.2936    0.0173
 3.50 12250.  0.0  2.0   0.1535    0.2887    0.0163
 4.00 12250.  0.0  2.0   0.1527    0.2859    0.0156
 4.50 12250.  0.0  2.0   0.1527    0.2846    0.0151
 5.00 12250.  0.0  2.0   0.1523    0.2837    0.0149
 2.50 12500.  0.0  2.0   0.1657    0.2998    0.0184
 3.00 12500.  0.0  2.0   0.1542    0.2919    0.0175
 3.50 12500.  0.0  2.0   0.1502    0.2861    0.0164
 4.00 12500.  0.0  2.0   0.1491    0.2832    0.0156
 4.50 12500.  0.0  2.0   0.1492    0.2817    0.0151
 5.00 12500.  0.0  2.0   0.1489    0.2812    0.0148
 2.50 12750.  0.0  2.0   0.1632    0.2998    0.0187
 3.00 12750.  0.0  2.0   0.1515    0.2903    0.0177
 3.50 12750.  0.0  2.0   0.1471    0.2838    0.0164
 4.00 12750.  0.0  2.0   0.1459    0.2804    0.0155
 4.50 12750.  0.0  2.0   0.1458    0.2792    0.0150
 5.00 12750.  0.0  2.0   0.1455    0.2789    0.0148
 2.50 13000.  0.0  2.0   0.1611    0.2997    0.0190
 3.00 13000.  0.0  2.0   0.1489    0.2892    0.0179
 3.50 13000.  0.0  2.0   0.1442    0.2817    0.0165
 4.00 13000.  0.0  2.0   0.1429    0.2776    0.0155
 4.50 13000.  0.0  2.0   0.1427    0.2763    0.0149
 5.00 13000.  0.0  2.0   0.1424    0.2763    0.0147
 2.00 14000.  0.0  2.0   0.1970    0.3052    0.0176
 2.50 14000.  0.0  2.0   0.1555    0.3000    0.0201
 3.00 14000.  0.0  2.0   0.1407    0.2858    0.0188
 3.50 14000.  0.0  2.0   0.1351    0.2745    0.0169
 4.00 14000.  0.0  2.0   0.1331    0.2682    0.0155
 4.50 14000.  0.0  2.0   0.1322    0.2659    0.0147
 5.00 14000.  0.0  2.0   0.1317    0.2658    0.0143
 2.50 15000.  0.0  2.0   0.1530    0.3009    0.0210
 3.00 15000.  0.0  2.0   0.1349    0.2843    0.0196
 3.50 15000.  0.0  2.0   0.1283    0.2698    0.0173
 4.00 15000.  0.0  2.0   0.1262    0.2604    0.0155
 4.50 15000.  0.0  2.0   0.1248    0.2564    0.0144
 5.00 15000.  0.0  2.0   0.1237    0.2558    0.0139
 2.50 16000.  0.0  2.0   0.1522    0.3035    0.0216
 3.00 16000.  0.0  2.0   0.1310    0.2839    0.0205
 3.50 16000.  0.0  2.0   0.1234    0.2666    0.0177
 4.00 16000.  0.0  2.0   0.1207    0.2550    0.0155
 4.50 16000.  0.0  2.0   0.1193    0.2489    0.0141
 5.00 16000.  0.0  2.0   0.1180    0.2469    0.0135
 2.50 17000.  0.0  2.0   0.1527    0.3078    0.0219
 3.00 17000.  0.0  2.0   0.1277    0.2853    0.0214
 3.50 17000.  0.0  2.0   0.1195    0.2647    0.0183
 4.00 17000.  0.0  2.0   0.1165    0.2507    0.0156
 4.50 17000.  0.0  2.0   0.1149    0.2430    0.0140
 5.00 17000.  0.0  2.0   0.1136    0.2396    0.0132
 2.50 18000.  0.0  2.0   0.1529    0.3151    0.0221
 3.00 18000.  0.0  2.0   0.1246    0.2887    0.0223
 3.50 18000.  0.0  2.0   0.1162    0.2640    0.0190
 4.00 18000.  0.0  2.0   0.1130    0.2477    0.0159
 4.50 18000.  0.0  2.0   0.1114    0.2383    0.0139
 5.00 18000.  0.0  2.0   0.1102    0.2337    0.0130
 2.50 19000.  0.0  2.0   0.1519    0.3247    0.0224
 3.00 19000.  0.0  2.0   0.1207    0.2947    0.0235
 3.50 19000.  0.0  2.0   0.1122    0.2658    0.0198
 4.00 19000.  0.0  2.0   0.1097    0.2460    0.0163
 4.50 19000.  0.0  2.0   0.1080    0.2350    0.0140
 5.00 19000.  0.0  2.0   0.1070    0.2291    0.0128
 3.00 20000.  0.0  2.0   0.1148    0.3035    0.0250
 3.50 20000.  0.0  2.0   0.1075    0.2696    0.0210
 4.00 20000.  0.0  2.0   0.1059    0.2462    0.0170
 4.50 20000.  0.0  2.0   0.1051    0.2325    0.0143
 5.00 20000.  0.0  2.0   0.1039    0.2257    0.0129
 3.00 21000.  0.0  2.0   0.1078    0.3131    0.0269
 3.50 21000.  0.0  2.0   0.1012    0.2757    0.0225
 4.00 21000.  0.0  2.0   0.1012    0.2485    0.0179
 4.50 21000.  0.0  2.0   0.1015    0.2319    0.0148
 5.00 21000.  0.0  2.0   0.1009    0.2235    0.0131
 3.00 22000.  0.0  2.0   0.1021    0.3213    0.0289
 3.50 22000.  0.0  2.0   0.0937    0.2828    0.0245
 4.00 22000.  0.0  2.0   0.0954    0.2526    0.0192
 4.50 22000.  0.0  2.0   0.0972    0.2333    0.0156
 5.00 22000.  0.0  2.0   0.0975    0.2229    0.0136
 3.00 23000.  0.0  2.0   0.1008    0.3267    0.0301
 3.50 23000.  0.0  2.0   0.0863    0.2892    0.0265
 4.00 23000.  0.0  2.0   0.0886    0.2574    0.0208
 4.50 23000.  0.0  2.0   0.0919    0.2361    0.0166
 5.00 23000.  0.0  2.0   0.0933    0.2239    0.0143
 3.00 24000.  0.0  2.0   0.1044    0.3306    0.0302
 3.50 24000.  0.0  2.0   0.0811    0.2938    0.0283
 4.00 24000.  0.0  2.0   0.0818    0.2618    0.0224
 4.50 24000.  0.0  2.0   0.0859    0.2396    0.0178
 5.00 24000.  0.0  2.0   0.0886    0.2260    0.0151
 3.00 25000.  0.0  2.0   0.1096    0.3359    0.0293
 3.50 25000.  0.0  2.0   0.0789    0.2970    0.0295
 4.00 25000.  0.0  2.0   0.0760    0.2651    0.0238
 4.50 25000.  0.0  2.0   0.0798    0.2428    0.0190
 5.00 25000.  0.0  2.0   0.0835    0.2284    0.0161
 3.00 26000.  0.0  2.0   0.1127    0.3432    0.0281
 3.50 26000.  0.0  2.0   0.0787    0.3007    0.0301
 4.00 26000.  0.0  2.0   0.0725    0.2671    0.0248
 4.50 26000.  0.0  2.0   0.0747    0.2447    0.0200
 5.00 26000.  0.0  2.0   0.0781    0.2308    0.0169
 3.50 27000.  0.0  2.0   0.0782    0.3061    0.0304
 4.00 27000.  0.0  2.0   0.0709    0.2687    0.0255
 4.50 27000.  0.0  2.0   0.0713    0.2454    0.0206
 5.00 27000.  0.0  2.0   0.0737    0.2316    0.0175
 3.50 28000.  0.0  2.0   0.0760    0.3128    0.0308
 4.00 28000.  0.0  2.0   0.0695    0.2715    0.0259
 4.50 28000.  0.0  2.0   0.0690    0.2459    0.0210
 5.00 28000.  0.0  2.0   0.0704    0.2315    0.0177
 3.50 29000.  0.0  2.0   0.0717    0.3201    0.0316
 4.00 29000.  0.0  2.0   0.0668    0.2756    0.0263
 4.50 29000.  0.0  2.0   0.0669    0.2471    0.0211
 5.00 29000.  0.0  2.0   0.0680    0.2309    0.0177
 3.50 30000.  0.0  2.0   0.0649    0.3292    0.0327
 4.00 30000.  0.0  2.0   0.0634    0.2791    0.0269
 4.50 30000.  0.0  2.0   0.0646    0.2483    0.0213
 5.00 30000.  0.0  2.0   0.0662    0.2298    0.0176
 3.50 31000.  0.0  2.0   0.0569    0.3398    0.0345
 4.00 31000.  0.0  2.0   0.0581    0.2830    0.0277
 4.50 31000.  0.0  2.0   0.0619    0.2488    0.0215
 5.00 31000.  0.0  2.0   0.0640    0.2288    0.0174
 4.00 32000.  0.0  2.0   0.0509    0.2881    0.0289
 4.50 32000.  0.0  2.0   0.0580    0.2490    0.0217
 5.00 32000.  0.0  2.0   0.0618    0.2268    0.0172
 4.00 33000.  0.0  2.0   0.0425    0.2940    0.0306
 4.50 33000.  0.0  2.0   0.0529    0.2496    0.0221
 5.00 33000.  0.0  2.0   0.0587    0.2245    0.0170
 4.00 34000.  0.0  2.0   0.0334    0.2999    0.0330
 4.50 34000.  0.0  2.0   0.0466    0.2510    0.0229
 5.00 34000.  0.0  2.0   0.0548    0.2224    0.0169
 4.00 35000.  0.0  2.0   0.0253    0.3044    0.0355
 4.50 35000.  0.0  2.0   0.0389    0.2530    0.0241
 5.00 35000.  0.0  2.0   0.0502    0.2207    0.0170
 4.00 36000.  0.0  2.0   0.0202    0.3067    0.0378
 4.50 36000.  0.0  2.0   0.0312    0.2543    0.0255
 5.00 36000.  0.0  2.0   0.0441    0.2198    0.0174
 4.00 37000.  0.0  2.0   0.0167    0.3093    0.0395
 4.50 37000.  0.0  2.0   0.0247    0.2542    0.0270
 5.00 37000.  0.0  2.0   0.0381    0.2180    0.0181
 4.00 38000.  0.0  2.0   0.0150    0.3122    0.0408
 4.50 38000.  0.0  2.0   0.0207    0.2527    0.0283
 5.00 38000.  0.0  2.0   0.0325    0.2157    0.0187
 4.00 39000.  0.0  2.0   0.0138    0.3160    0.0418
 4.50 39000.  0.0  2.0   0.0178    0.2520    0.0292
 5.00 39000.  0.0  2.0   0.0285    0.2124    0.0194
 4.50 40000.  0.0  2.0   0.0160    0.2520    0.0300
 5.00 40000.  0.0  2.0   0.0253    0.2098    0.0199
 4.50 41000.  0.0  2.0   0.0140    0.2534    0.0308
 5.00 41000.  0.0  2.0   0.0231    0.2080    0.0203
 4.50 42000.  0.0  2.0   0.0126    0.2551    0.0316
 5.00 42000.  0.0  2.0   0.0211    0.2074    0.0206
 4.50 43000.  0.0  2.0   0.0107    0.2577    0.0324
 5.00 43000.  0.0  2.0   0.0195    0.2074    0.0211
 4.50 44000.  0.0  2.0   0.0089    0.2603    0.0332
 5.00 44000.  0.0  2.0   0.0181    0.2077    0.0215
 4.50 45000.  0.0  2.0   0.0070    0.2631    0.0341
 5.00 45000.  0.0  2.0   0.0166    0.2084    0.0220
 4.50 46000.  0.0  2.0   0.0050    0.2661    0.0350
 5.00 46000.  0.0  2.0   0.0151    0.2092    0.0224
 4.50 47000.  0.0  2.0   0.0030    0.2694    0.0360
 5.00 47000.  0.0  2.0   0.0131    0.2107    0.0229
 4.50 48000.  0.0  2.0   0.0010    0.2729    0.0370
 5.00 48000.  0.0  2.0   0.0116    0.2116    0.0234
 4.50 49000.  0.0  2.0  -0.0008    0.2764    0.0381
 5.00 49000.  0.0  2.0   0.0099    0.2128    0.0239
 5.00 50000.  0.0  2.0   0.0081    0.2144    0.0245
 0.00  3500.  0.0  4.0   0.9068   -0.0796    0.0152
 0.50  3500.  0.0  4.0   0.9069   -0.0865    0.0160
 1.00  3500.  0.0  4.0   0.9001   -0.0883    0.0166
 1.50  3500.  0.0  4.0   0.8883   -0.0864    0.0168
 2.00  3500.  0.0  4.0   0.8735   -0.0814    0.0166
 2.50  3500.  0.0  4.0   0.8553   -0.0719    0.0159
 3.00  3500.  0.0  4.0   0.8157   -0.0389    0.0140
 3.50  3500.  0.0  4.0   0.6750    0.0937    0.0102
 4.00  3500.  0.0  4.0   0.5050    0.2467    0.0101
 4.50  3500.  0.0  4.0   0.3962    0.3368    0.0130
 5.00  3500.  0.0  4.0   0.3399    0.3790    0.0156
 0.00  3750.  0.0  4.0   0.8454   -0.0280    0.0103
 0.50  3750.  0.0  4.0   0.8543   -0.0374    0.0103
 1.00  3750.  0.0  4.0   0.8604   -0.0473    0.0103
 1.50  3750.  0.0  4.0   0.8644   -0.0576    0.0103
 2.00  3750.  0.0  4.0   0.8649   -0.0663    0.0102
 2.50  3750.  0.0  4.0   0.8614   -0.0721    0.0101
 3.00  3750.  0.0  4.0   0.8512   -0.0715    0.0099
 3.50  3750.  0.0  4.0   0.7956   -0.0263    0.0092
 4.00  3750.  0.0  4.0   0.6082    0.1432    0.0091
 4.50  3750.  0.0  4.0   0.4148    0.3094    0.0134
 5.00  3750.  0.0  4.0   0.3073    0.3927    0.0198
 0.00  4000.  0.0  4.0   0.7850    0.0136    0.0087
 0.50  4000.  0.0  4.0   0.7888    0.0130    0.0092
 1.00  4000.  0.0  4.0   0.7934    0.0089    0.0095
 1.50  4000.  0.0  4.0   0.7971    0.0036    0.0094
 2.00  4000.  0.0  4.0   0.8000   -0.0031    0.0090
 2.50  4000.  0.0  4.0   0.8024   -0.0109    0.0083
 3.00  4000.  0.0  4.0   0.8031   -0.0185    0.0076
 3.50  4000.  0.0  4.0   0.7978   -0.0215    0.0068
 4.00  4000.  0.0  4.0   0.7381    0.0258    0.0068
 4.50  4000.  0.0  4.0   0.5523    0.1853    0.0105
 5.00  4000.  0.0  4.0   0.3665    0.3358    0.0195
 0.00  4250.  0.0  4.0   0.7295    0.0465    0.0067
 0.50  4250.  0.0  4.0   0.7305    0.0503    0.0073
 1.00  4250.  0.0  4.0   0.7336    0.0495    0.0078
 1.50  4250.  0.0  4.0   0.7362    0.0470    0.0080
 2.00  4250.  0.0  4.0   0.7403    0.0412    0.0081
 2.50  4250.  0.0  4.0   0.7424    0.0362    0.0079
 3.00  4250.  0.0  4.0   0.7444    0.0305    0.0075
 3.50  4250.  0.0  4.0   0.7441    0.0262    0.0070
 4.00  4250.  0.0  4.0   0.7397    0.0251    0.0063
 4.50  4250.  0.0  4.0   0.6883    0.0658    0.0065
 5.00  4250.  0.0  4.0   0.5306    0.1951    0.0121
 0.00  4500.  0.0  4.0   0.6736    0.0791    0.0054
 0.50  4500.  0.0  4.0   0.6737    0.0851    0.0060
 1.00  4500.  0.0  4.0   0.6742    0.0881    0.0065
 1.50  4500.  0.0  4.0   0.6765    0.0874    0.0066
 2.00  4500.  0.0  4.0   0.6784    0.0852    0.0065
 2.50  4500.  0.0  4.0   0.6844    0.0776    0.0063
 3.00  4500.  0.0  4.0   0.6885    0.0710    0.0060
 3.50  4500.  0.0  4.0   0.6910    0.0653    0.0057
 4.00  4500.  0.0  4.0   0.6913    0.0613    0.0054
 4.50  4500.  0.0  4.0   0.6879    0.0609    0.0050
 5.00  4500.  0.0  4.0   0.6509    0.0906    0.0053
 0.00  4750.  0.0  4.0   0.6146    0.1149    0.0050
 0.50  4750.  0.0  4.0   0.6160    0.1209    0.0055
 1.00  4750.  0.0  4.0   0.6145    0.1266    0.0060
 1.50  4750.  0.0  4.0   0.6152    0.1286    0.0062
 2.00  4750.  0.0  4.0   0.6176    0.1273    0.0061
 2.50  4750.  0.0  4.0   0.6224    0.1224    0.0058
 3.00  4750.  0.0  4.0   0.6266    0.1173    0.0055
 3.50  4750.  0.0  4.0   0.6326    0.1094    0.0051
 4.00  4750.  0.0  4.0   0.6357    0.1039    0.0047
 4.50  4750.  0.0  4.0   0.6375    0.0994    0.0044
 5.00  4750.  0.0  4.0   0.6348    0.0995    0.0041
 0.00  5000.  0.0  4.0   0.5570    0.1465    0.0055
 0.50  5000.  0.0  4.0   0.5549    0.1575    0.0061
 1.00  5000.  0.0  4.0   0.5540    0.1642    0.0064
 1.50  5000.  0.0  4.0   0.5550    0.1675    0.0064
 2.00  5000.  0.0  4.0   0.5554    0.1692    0.0062
 2.50  5000.  0.0  4.0   0.5589    0.1669    0.0059
 3.00  5000.  0.0  4.0   0.5646    0.1617    0.0056
 3.50  5000.  0.0  4.0   0.5720    0.1540    0.0053
 4.00  5000.  0.0  4.0   0.5759    0.1494    0.0049
 4.50  5000.  0.0  4.0   0.5797    0.1444    0.0045
 5.00  5000.  0.0  4.0   0.5804    0.1421    0.0041
 0.00  5250.  0.0  4.0   0.5009    0.1758    0.0063
 0.50  5250.  0.0  4.0   0.4983    0.1873    0.0072
 1.00  5250.  0.0  4.0   0.4980    0.1951    0.0075
 1.50  5250.  0.0  4.0   0.4977    0.2015    0.0072
 2.00  5250.  0.0  4.0   0.4973    0.2051    0.0070
 2.50  5250.  0.0  4.0   0.5001    0.2049    0.0065
 3.00  5250.  0.0  4.0   0.5043    0.2021    0.0061
 3.50  5250.  0.0  4.0   0.5113    0.1962    0.0057
 4.00  5250.  0.0  4.0   0.5179    0.1903    0.0053
 4.50  5250.  0.0  4.0   0.5223    0.1861    0.0050
 5.00  5250.  0.0  4.0   0.5235    0.1848    0.0046
 0.00  5500.  0.0  4.0   0.5286    0.1290    0.0071
 0.50  5500.  0.0  4.0   0.4500    0.2116    0.0084
 1.00  5500.  0.0  4.0   0.4504    0.2181    0.0090
 1.50  5500.  0.0  4.0   0.4481    0.2266    0.0090
 2.00  5500.  0.0  4.0   0.4454    0.2333    0.0088
 2.50  5500.  0.0  4.0   0.4456    0.2373    0.0080
 3.00  5500.  0.0  4.0   0.4472    0.2381    0.0072
 3.50  5500.  0.0  4.0   0.4557    0.2322    0.0064
 4.00  5500.  0.0  4.0   0.4631    0.2262    0.0060
 4.50  5500.  0.0  4.0   0.4668    0.2233    0.0057
 5.00  5500.  0.0  4.0   0.4685    0.2226    0.0054
 0.00  5750.  0.0  4.0   0.5419    0.1165    0.0038
 0.50  5750.  0.0  4.0   0.5082    0.1443    0.0075
 1.00  5750.  0.0  4.0   0.4035    0.2442    0.0111
 1.50  5750.  0.0  4.0   0.4050    0.2473    0.0113
 2.00  5750.  0.0  4.0   0.4013    0.2555    0.0111
 2.50  5750.  0.0  4.0   0.3985    0.2624    0.0103
 3.00  5750.  0.0  4.0   0.4008    0.2641    0.0090
 3.50  5750.  0.0  4.0   0.4059    0.2618    0.0079
 4.00  5750.  0.0  4.0   0.4119    0.2577    0.0072
 4.50  5750.  0.0  4.0   0.4172    0.2541    0.0067
 5.00  5750.  0.0  4.0   0.4183    0.2540    0.0064
 0.00  6000.  0.0  4.0   0.5359    0.1199    0.0026
 0.50  6000.  0.0  4.0   0.5085    0.1449    0.0046
 1.00  6000.  0.0  4.0   0.4642    0.1796    0.0092
 1.50  6000.  0.0  4.0   0.3613    0.2734    0.0139
 2.00  6000.  0.0  4.0   0.3621    0.2766    0.0134
 2.50  6000.  0.0  4.0   0.3615    0.2806    0.0124
 3.00  6000.  0.0  4.0   0.3620    0.2833    0.0112
 3.50  6000.  0.0  4.0   0.3640    0.2838    0.0100
 4.00  6000.  0.0  4.0   0.3676    0.2825    0.0089
 4.50  6000.  0.0  4.0   0.3729    0.2793    0.0081
 5.00  6000.  0.0  4.0   0.3732    0.2799    0.0078
 0.50  6250.  0.0  4.0   0.5053    0.1483    0.0031
 1.00  6250.  0.0  4.0   0.4741    0.1737    0.0054
 1.50  6250.  0.0  4.0   0.4271    0.2057    0.0111
 2.00  6250.  0.0  4.0   0.3288    0.2942    0.0159
 2.50  6250.  0.0  4.0   0.3287    0.2972    0.0149
 3.00  6250.  0.0  4.0   0.3297    0.2983    0.0136
 3.50  6250.  0.0  4.0   0.3304    0.3000    0.0122
 4.00  6250.  0.0  4.0   0.3334    0.2989    0.0108
 4.50  6250.  0.0  4.0   0.3368    0.2972    0.0098
 5.00  6250.  0.0  4.0   0.3357    0.2988    0.0094
 0.50  6500.  0.0  4.0   0.4918    0.1564    0.0029
 1.00  6500.  0.0  4.0   0.4724    0.1771    0.0037
 1.50  6500.  0.0  4.0   0.4380    0.2026    0.0064
 2.00  6500.  0.0  4.0   0.3953    0.2260    0.0126
 2.50  6500.  0.0  4.0   0.3018    0.3096    0.0173
 3.00  6500.  0.0  4.0   0.3022    0.3122    0.0156
 3.50  6500.  0.0  4.0   0.3037    0.3120    0.0140
 4.00  6500.  0.0  4.0   0.3061    0.3115    0.0123
 4.50  6500.  0.0  4.0   0.3075    0.3104    0.0113
 5.00  6500.  0.0  4.0   0.3067    0.3109    0.0108
 0.50  6750.  0.0  4.0   0.4609    0.1813    0.0029
 1.00  6750.  0.0  4.0   0.4602    0.1846    0.0036
 1.50  6750.  0.0  4.0   0.4382    0.2054    0.0045
 2.00  6750.  0.0  4.0   0.3994    0.2317    0.0077
 2.50  6750.  0.0  4.0   0.3503    0.2570    0.0154
 3.00  6750.  0.0  4.0   0.2788    0.3240    0.0171
 3.50  6750.  0.0  4.0   0.2797    0.3244    0.0154
 4.00  6750.  0.0  4.0   0.2828    0.3219    0.0138
 4.50  6750.  0.0  4.0   0.2834    0.3206    0.0129
 5.00  6750.  0.0  4.0   0.2830    0.3205    0.0120
 0.50  7000.  0.0  4.0   0.4308    0.2050    0.0031
 1.00  7000.  0.0  4.0   0.4279    0.2100    0.0039
 1.50  7000.  0.0  4.0   0.4277    0.2114    0.0044
 2.00  7000.  0.0  4.0   0.4031    0.2323    0.0054
 2.50  7000.  0.0  4.0   0.3612    0.2584    0.0092
 3.00  7000.  0.0  4.0   0.3071    0.2858    0.0177
 3.50  7000.  0.0  4.0   0.2604    0.3340    0.0165
 4.00  7000.  0.0  4.0   0.2615    0.3323    0.0152
 4.50  7000.  0.0  4.0   0.2624    0.3297    0.0143
 5.00  7000.  0.0  4.0   0.2631    0.3283    0.0131
 0.50  7250.  0.0  4.0   0.4019    0.2258    0.0036
 1.00  7250.  0.0  4.0   0.3960    0.2334    0.0046
 1.50  7250.  0.0  4.0   0.3952    0.2355    0.0052
 2.00  7250.  0.0  4.0   0.3957    0.2350    0.0054
 2.50  7250.  0.0  4.0   0.3682    0.2565    0.0064
 3.00  7250.  0.0  4.0   0.3231    0.2832    0.0109
 3.50  7250.  0.0  4.0   0.2594    0.3256    0.0177
 4.00  7250.  0.0  4.0   0.2435    0.3412    0.0162
 4.50  7250.  0.0  4.0   0.2430    0.3388    0.0157
 5.00  7250.  0.0  4.0   0.2446    0.3362    0.0142
 0.50  7500.  0.0  4.0   0.3732    0.2429    0.0045
 1.00  7500.  0.0  4.0   0.3672    0.2517    0.0056
 1.50  7500.  0.0  4.0   0.3610    0.2585    0.0065
 2.00  7500.  0.0  4.0   0.3613    0.2583    0.0068
 2.50  7500.  0.0  4.0   0.3628    0.2561    0.0066
 3.00  7500.  0.0  4.0   0.3330    0.2785    0.0077
 3.50  7500.  0.0  4.0   0.2854    0.3048    0.0133
 4.00  7500.  0.0  4.0   0.2276    0.3426    0.0195
 4.50  7500.  0.0  4.0   0.2250    0.3477    0.0166
 5.00  7500.  0.0  4.0   0.2264    0.3446    0.0154
 1.00  7750.  0.0  4.0   0.3467    0.2608    0.0065
 1.50  7750.  0.0  4.0   0.3344    0.2725    0.0079
 2.00  7750.  0.0  4.0   0.3291    0.2773    0.0085
 2.50  7750.  0.0  4.0   0.3300    0.2760    0.0084
 3.00  7750.  0.0  4.0   0.3311    0.2740    0.0079
 3.50  7750.  0.0  4.0   0.2977    0.2988    0.0091
 4.00  7750.  0.0  4.0   0.2432    0.3326    0.0151
 4.50  7750.  0.0  4.0   0.2082    0.3541    0.0183
 5.00  7750.  0.0  4.0   0.2103    0.3521    0.0162
 1.00  8000.  0.0  4.0   0.3329    0.2633    0.0070
 1.50  8000.  0.0  4.0   0.3155    0.2787    0.0088
 2.00  8000.  0.0  4.0   0.3057    0.2865    0.0100
 2.50  8000.  0.0  4.0   0.3027    0.2885    0.0103
 3.00  8000.  0.0  4.0   0.3044    0.2862    0.0098
 3.50  8000.  0.0  4.0   0.3033    0.2865    0.0090
 4.00  8000.  0.0  4.0   0.2630    0.3172    0.0108
 4.50  8000.  0.0  4.0   0.2108    0.3496    0.0166
 5.00  8000.  0.0  4.0   0.1930    0.3589    0.0178
 1.00  8250.  0.0  4.0   0.3264    0.2598    0.0073
 1.50  8250.  0.0  4.0   0.3032    0.2804    0.0092
 2.00  8250.  0.0  4.0   0.2891    0.2898    0.0108
 2.50  8250.  0.0  4.0   0.2822    0.2938    0.0116
 3.00  8250.  0.0  4.0   0.2805    0.2942    0.0115
 3.50  8250.  0.0  4.0   0.2825    0.2920    0.0108
 4.00  8250.  0.0  4.0   0.2769    0.2972    0.0099
 4.50  8250.  0.0  4.0   0.2291    0.3335    0.0127
 5.00  8250.  0.0  4.0   0.1892    0.3594    0.0166
 1.50  8500.  0.0  4.0   0.2943    0.2812    0.0093
 2.00  8500.  0.0  4.0   0.2773    0.2911    0.0112
 2.50  8500.  0.0  4.0   0.2681    0.2949    0.0122
 3.00  8500.  0.0  4.0   0.2633    0.2964    0.0125
 3.50  8500.  0.0  4.0   0.2629    0.2955    0.0122
 4.00  8500.  0.0  4.0   0.2649    0.2932    0.0115
 4.50  8500.  0.0  4.0   0.2486    0.3088    0.0109
 5.00  8500.  0.0  4.0   0.1966    0.3490    0.0147
 1.50  8750.  0.0  4.0   0.2878    0.2814    0.0094
 2.00  8750.  0.0  4.0   0.2674    0.2931    0.0114
 2.50  8750.  0.0  4.0   0.2562    0.2966    0.0126
 3.00  8750.  0.0  4.0   0.2502    0.2972    0.0131
 3.50  8750.  0.0  4.0   0.2475    0.2967    0.0129
 4.00  8750.  0.0  4.0   0.2481    0.2948    0.0125
 4.50  8750.  0.0  4.0   0.2471    0.2955    0.0118
 5.00  8750.  0.0  4.0   0.2183    0.3230    0.0119
 1.50  9000.  0.0  4.0   0.2816    0.2826    0.0095
 2.00  9000.  0.0  4.0   0.2585    0.2954    0.0117
 2.50  9000.  0.0  4.0   0.2464    0.2985    0.0129
 3.00  9000.  0.0  4.0   0.2395    0.2985    0.0135
 3.50  9000.  0.0  4.0   0.2360    0.2971    0.0135
 4.00  9000.  0.0  4.0   0.2340    0.2961    0.0132
 4.50  9000.  0.0  4.0   0.2346    0.2941    0.0126
 5.00  9000.  0.0  4.0   0.2380    0.2901    0.0120
 2.00  9250.  0.0  4.0   0.2502    0.2981    0.0120
 2.50  9250.  0.0  4.0   0.2377    0.3007    0.0133
 3.00  9250.  0.0  4.0   0.2303    0.3002    0.0138
 3.50  9250.  0.0  4.0   0.2259    0.2985    0.0140
 4.00  9250.  0.0  4.0   0.2236    0.2965    0.0137
 4.50  9250.  0.0  4.0   0.2225    0.2947    0.0133
 5.00  9250.  0.0  4.0   0.2232    0.2921    0.0127
 2.00  9500.  0.0  4.0   0.2420    0.3006    0.0124
 2.50  9500.  0.0  4.0   0.2287    0.3035    0.0136
 3.00  9500.  0.0  4.0   0.2219    0.3019    0.0142
 3.50  9500.  0.0  4.0   0.2175    0.2995    0.0144
 4.00  9500.  0.0  4.0   0.2145    0.2973    0.0142
 4.50  9500.  0.0  4.0   0.2127    0.2952    0.0138
 5.00  9500.  0.0  4.0   0.2119    0.2928    0.0133
 2.00  9750.  0.0  4.0   0.2342    0.3028    0.0129
 2.50  9750.  0.0  4.0   0.2199    0.3061    0.0141
 3.00  9750.  0.0  4.0   0.2132    0.3041    0.0146
 3.50  9750.  0.0  4.0   0.2098    0.3005    0.0147
 4.00  9750.  0.0  4.0   0.2068    0.2980    0.0146
 4.50  9750.  0.0  4.0   0.2043    0.2959    0.0143
 5.00  9750.  0.0  4.0   0.2027    0.2935    0.0139
 2.00 10000.  0.0  4.0   0.2264    0.3047    0.0136
 2.50 10000.  0.0  4.0   0.2118    0.3078    0.0146
 3.00 10000.  0.0  4.0   0.2050    0.3059    0.0149
 3.50 10000.  0.0  4.0   0.2021    0.3019    0.0150
 4.00 10000.  0.0  4.0   0.1994    0.2988    0.0149
 4.50 10000.  0.0  4.0   0.1974    0.2960    0.0147
 5.00 10000.  0.0  4.0   0.1949    0.2941    0.0144
 2.00 10250.  0.0  4.0   0.2198    0.3056    0.0142
 2.50 10250.  0.0  4.0   0.2041    0.3088    0.0152
 3.00 10250.  0.0  4.0   0.1975    0.3069    0.0154
 3.50 10250.  0.0  4.0   0.1948    0.3030    0.0153
 4.00 10250.  0.0  4.0   0.1928    0.2994    0.0151
 4.50 10250.  0.0  4.0   0.1908    0.2964    0.0150
 5.00 10250.  0.0  4.0   0.1883    0.2943    0.0147
 2.00 10500.  0.0  4.0   0.2136    0.3062    0.0148
 2.50 10500.  0.0  4.0   0.1968    0.3092    0.0158
 3.00 10500.  0.0  4.0   0.1901    0.3073    0.0159
 3.50 10500.  0.0  4.0   0.1878    0.3034    0.0156
 4.00 10500.  0.0  4.0   0.1867    0.2992    0.0154
 4.50 10500.  0.0  4.0   0.1853    0.2958    0.0152
 5.00 10500.  0.0  4.0   0.1823    0.2941    0.0150
 2.00 10750.  0.0  4.0   0.2086    0.3064    0.0154
 2.50 10750.  0.0  4.0   0.1904    0.3088    0.0164
 3.00 10750.  0.0  4.0   0.1832    0.3071    0.0163
 3.50 10750.  0.0  4.0   0.1810    0.3035    0.0159
 4.00 10750.  0.0  4.0   0.1803    0.2995    0.0156
 4.50 10750.  0.0  4.0   0.1794    0.2959    0.0154
 5.00 10750.  0.0  4.0   0.1769    0.2939    0.0152
 2.00 11000.  0.0  4.0   0.2049    0.3058    0.0159
 2.50 11000.  0.0  4.0   0.1847    0.3078    0.0169
 3.00 11000.  0.0  4.0   0.1769    0.3060    0.0167
 3.50 11000.  0.0  4.0   0.1746    0.3026    0.0162
 4.00 11000.  0.0  4.0   0.1743    0.2989    0.0158
 4.50 11000.  0.0  4.0   0.1740    0.2953    0.0155
 5.00 11000.  0.0  4.0   0.1720    0.2930    0.0153
 2.00 11250.  0.0  4.0   0.2015    0.3059    0.0163
 2.50 11250.  0.0  4.0   0.1797    0.3068    0.0174
 3.00 11250.  0.0  4.0   0.1711    0.3046    0.0171
 3.50 11250.  0.0  4.0   0.1688    0.3013    0.0165
 4.00 11250.  0.0  4.0   0.1687    0.2978    0.0159
 4.50 11250.  0.0  4.0   0.1688    0.2945    0.0156
 5.00 11250.  0.0  4.0   0.1674    0.2922    0.0154
 2.50 11500.  0.0  4.0   0.1756    0.3053    0.0178
 3.00 11500.  0.0  4.0   0.1661    0.3024    0.0174
 3.50 11500.  0.0  4.0   0.1635    0.2991    0.0167
 4.00 11500.  0.0  4.0   0.1633    0.2961    0.0160
 4.50 11500.  0.0  4.0   0.1638    0.2930    0.0156
 5.00 11500.  0.0  4.0   0.1630    0.2907    0.0154
 2.50 11750.  0.0  4.0   0.1718    0.3044    0.0181
 3.00 11750.  0.0  4.0   0.1620    0.3000    0.0177
 3.50 11750.  0.0  4.0   0.1588    0.2967    0.0169
 4.00 11750.  0.0  4.0   0.1587    0.2938    0.0162
 4.50 11750.  0.0  4.0   0.1591    0.2914    0.0156
 5.00 11750.  0.0  4.0   0.1588    0.2892    0.0154
 2.50 12000.  0.0  4.0   0.1684    0.3036    0.0184
 3.00 12000.  0.0  4.0   0.1580    0.2979    0.0178
 3.50 12000.  0.0  4.0   0.1545    0.2939    0.0170
 4.00 12000.  0.0  4.0   0.1542    0.2911    0.0162
 4.50 12000.  0.0  4.0   0.1549    0.2889    0.0156
 5.00 12000.  0.0  4.0   0.1550    0.2870    0.0154
 2.50 12250.  0.0  4.0   0.1660    0.3026    0.0188
 3.00 12250.  0.0  4.0   0.1548    0.2958    0.0180
 3.50 12250.  0.0  4.0   0.1508    0.2911    0.0170
 4.00 12250.  0.0  4.0   0.1500    0.2886    0.0162
 4.50 12250.  0.0  4.0   0.1506    0.2867    0.0156
 5.00 12250.  0.0  4.0   0.1513    0.2849    0.0153
 2.50 12500.  0.0  4.0   0.1639    0.3018    0.0191
 3.00 12500.  0.0  4.0   0.1519    0.2938    0.0182
 3.50 12500.  0.0  4.0   0.1474    0.2883    0.0171
 4.00 12500.  0.0  4.0   0.1464    0.2855    0.0162
 4.50 12500.  0.0  4.0   0.1469    0.2839    0.0155
 5.00 12500.  0.0  4.0   0.1478    0.2822    0.0152
 2.50 12750.  0.0  4.0   0.1617    0.3015    0.0194
 3.00 12750.  0.0  4.0   0.1492    0.2923    0.0184
 3.50 12750.  0.0  4.0   0.1444    0.2858    0.0171
 4.00 12750.  0.0  4.0   0.1430    0.2827    0.0161
 4.50 12750.  0.0  4.0   0.1433    0.2811    0.0154
 5.00 12750.  0.0  4.0   0.1440    0.2801    0.0151
 2.50 13000.  0.0  4.0   0.1599    0.3012    0.0196
 3.00 13000.  0.0  4.0   0.1469    0.2908    0.0186
 3.50 13000.  0.0  4.0   0.1417    0.2834    0.0171
 4.00 13000.  0.0  4.0   0.1402    0.2796    0.0161
 4.50 13000.  0.0  4.0   0.1403    0.2780    0.0154
 5.00 13000.  0.0  4.0   0.1409    0.2772    0.0150
 2.50 14000.  0.0  4.0   0.1553    0.3010    0.0206
 3.00 14000.  0.0  4.0   0.1392    0.2871    0.0194
 3.50 14000.  0.0  4.0   0.1329    0.2759    0.0175
 4.00 14000.  0.0  4.0   0.1307    0.2693    0.0160
 4.50 14000.  0.0  4.0   0.1298    0.2668    0.0151
 5.00 14000.  0.0  4.0   0.1298    0.2664    0.0146
 2.50 15000.  0.0  4.0   0.1532    0.3021    0.0212
 3.00 15000.  0.0  4.0   0.1342    0.2851    0.0201
 3.50 15000.  0.0  4.0   0.1270    0.2705    0.0178
 4.00 15000.  0.0  4.0   0.1243    0.2611    0.0159
 4.50 15000.  0.0  4.0   0.1228    0.2567    0.0148
 5.00 15000.  0.0  4.0   0.1219    0.2557    0.0142
 2.50 16000.  0.0  4.0   0.1537    0.3041    0.0216
 3.00 16000.  0.0  4.0   0.1311    0.2845    0.0208
 3.50 16000.  0.0  4.0   0.1229    0.2667    0.0181
 4.00 16000.  0.0  4.0   0.1197    0.2549    0.0158
 4.50 16000.  0.0  4.0   0.1176    0.2489    0.0144
 5.00 16000.  0.0  4.0   0.1165    0.2464    0.0138
 2.50 17000.  0.0  4.0   0.1547    0.3086    0.0217
 3.00 17000.  0.0  4.0   0.1281    0.2861    0.0216
 3.50 17000.  0.0  4.0   0.1195    0.2647    0.0186
 4.00 17000.  0.0  4.0   0.1159    0.2505    0.0159
 4.50 17000.  0.0  4.0   0.1138    0.2426    0.0142
 5.00 17000.  0.0  4.0   0.1123    0.2389    0.0133
 2.50 18000.  0.0  4.0   0.1538    0.3174    0.0219
 3.00 18000.  0.0  4.0   0.1255    0.2897    0.0224
 3.50 18000.  0.0  4.0   0.1162    0.2645    0.0191
 4.00 18000.  0.0  4.0   0.1128    0.2472    0.0160
 4.50 18000.  0.0  4.0   0.1109    0.2374    0.0140
 5.00 18000.  0.0  4.0   0.1092    0.2327    0.0130
 3.00 19000.  0.0  4.0   0.1208    0.2967    0.0236
 3.50 19000.  0.0  4.0   0.1125    0.2664    0.0199
 4.00 19000.  0.0  4.0   0.1099    0.2454    0.0164
 4.50 19000.  0.0  4.0   0.1083    0.2335    0.0140
 5.00 19000.  0.0  4.0   0.1067    0.2276    0.0127
 3.00 20000.  0.0  4.0   0.1137    0.3065    0.0253
 3.50 20000.  0.0  4.0   0.1074    0.2707    0.0211
 4.00 20000.  0.0  4.0   0.1059    0.2461    0.0170
 4.50 20000.  0.0  4.0   0.1053    0.2313    0.0142
 5.00 20000.  0.0  4.0   0.1041    0.2238    0.0127
 3.00 21000.  0.0  4.0   0.1052    0.3171    0.0274
 3.50 21000.  0.0  4.0   0.1001    0.2777    0.0228
 4.00 21000.  0.0  4.0   0.1009    0.2488    0.0179
 4.50 21000.  0.0  4.0   0.1016    0.2310    0.0146
 5.00 21000.  0.0  4.0   0.1012    0.2215    0.0128
 3.00 22000.  0.0  4.0   0.0996    0.3247    0.0296
 3.50 22000.  0.0  4.0   0.0915    0.2853    0.0249
 4.00 22000.  0.0  4.0   0.0945    0.2533    0.0193
 4.50 22000.  0.0  4.0   0.0970    0.2326    0.0155
 5.00 22000.  0.0  4.0   0.0979    0.2210    0.0133
 3.00 23000.  0.0  4.0   0.0995    0.3292    0.0307
 3.50 23000.  0.0  4.0   0.0837    0.2914    0.0272
 4.00 23000.  0.0  4.0   0.0869    0.2585    0.0210
 4.50 23000.  0.0  4.0   0.0910    0.2360    0.0166
 5.00 23000.  0.0  4.0   0.0933    0.2225    0.0140
 3.00 24000.  0.0  4.0   0.1038    0.3333    0.0305
 3.50 24000.  0.0  4.0   0.0786    0.2955    0.0289
 4.00 24000.  0.0  4.0   0.0795    0.2628    0.0227
 4.50 24000.  0.0  4.0   0.0847    0.2395    0.0179
 5.00 24000.  0.0  4.0   0.0882    0.2249    0.0149
 3.00 25000.  0.0  4.0   0.1101    0.3380    0.0293
 3.50 25000.  0.0  4.0   0.0773    0.2982    0.0300
 4.00 25000.  0.0  4.0   0.0741    0.2652    0.0241
 4.50 25000.  0.0  4.0   0.0784    0.2423    0.0191
 5.00 25000.  0.0  4.0   0.0826    0.2275    0.0159
 3.50 26000.  0.0  4.0   0.0776    0.3019    0.0304
 4.00 26000.  0.0  4.0   0.0713    0.2666    0.0251
 4.50 26000.  0.0  4.0   0.0733    0.2438    0.0200
 5.00 26000.  0.0  4.0   0.0772    0.2293    0.0168
 3.50 27000.  0.0  4.0   0.0782    0.3069    0.0306
 4.00 27000.  0.0  4.0   0.0698    0.2687    0.0256
 4.50 27000.  0.0  4.0   0.0702    0.2441    0.0206
 5.00 27000.  0.0  4.0   0.0731    0.2297    0.0173
 3.50 28000.  0.0  4.0   0.0762    0.3140    0.0309
 4.00 28000.  0.0  4.0   0.0693    0.2712    0.0260
 4.50 28000.  0.0  4.0   0.0683    0.2448    0.0209
 5.00 28000.  0.0  4.0   0.0698    0.2296    0.0175
 3.50 29000.  0.0  4.0   0.0720    0.3217    0.0316
 4.00 29000.  0.0  4.0   0.0668    0.2758    0.0264
 4.50 29000.  0.0  4.0   0.0669    0.2458    0.0211
 5.00 29000.  0.0  4.0   0.0679    0.2290    0.0176
 3.50 30000.  0.0  4.0   0.0650    0.3313    0.0328
 4.00 30000.  0.0  4.0   0.0635    0.2796    0.0270
 4.50 30000.  0.0  4.0   0.0651    0.2472    0.0213
 5.00 30000.  0.0  4.0   0.0662    0.2284    0.0175
 4.00 31000.  0.0  4.0   0.0578    0.2844    0.0279
 4.50 31000.  0.0  4.0   0.0620    0.2485    0.0215
 5.00 31000.  0.0  4.0   0.0643    0.2276    0.0173
 4.00 32000.  0.0  4.0   0.0506    0.2896    0.0291
 4.50 32000.  0.0  4.0   0.0579    0.2495    0.0218
 5.00 32000.  0.0  4.0   0.0621    0.2260    0.0172
 4.00 33000.  0.0  4.0   0.0421    0.2957    0.0310
 4.50 33000.  0.0  4.0   0.0524    0.2508    0.0223
 5.00 33000.  0.0  4.0   0.0587    0.2246    0.0170
 4.00 34000.  0.0  4.0   0.0327    0.3020    0.0333
 4.50 34000.  0.0  4.0   0.0461    0.2523    0.0231
 5.00 34000.  0.0  4.0   0.0544    0.2231    0.0169
 4.00 35000.  0.0  4.0   0.0248    0.3066    0.0359
 4.50 35000.  0.0  4.0   0.0383    0.2544    0.0243
 5.00 35000.  0.0  4.0   0.0494    0.2218    0.0171
 4.00 36000.  0.0  4.0   0.0196    0.3095    0.0381
 4.50 36000.  0.0  4.0   0.0307    0.2557    0.0259
 5.00 36000.  0.0  4.0   0.0436    0.2207    0.0176
 4.00 37000.  0.0  4.0   0.0170    0.3116    0.0399
 4.50 37000.  0.0  4.0   0.0246    0.2554    0.0274
 5.00 37000.  0.0  4.0   0.0376    0.2191    0.0183
 4.50 38000.  0.0  4.0   0.0203    0.2545    0.0286
 5.00 38000.  0.0  4.0   0.0321    0.2168    0.0190
 4.50 39000.  0.0  4.0   0.0177    0.2537    0.0295
 5.00 39000.  0.0  4.0   0.0279    0.2140    0.0196
 4.50 40000.  0.0  4.0   0.0155    0.2542    0.0303
 5.00 40000.  0.0  4.0   0.0247    0.2116    0.0201
 4.50 41000.  0.0  4.0   0.0140    0.2553    0.0311
 5.00 41000.  0.0  4.0   0.0228    0.2096    0.0205
 4.50 42000.  0.0  4.0   0.0119    0.2576    0.0318
 5.00 42000.  0.0  4.0   0.0210    0.2088    0.0209
 4.50 43000.  0.0  4.0   0.0106    0.2595    0.0327
 5.00 43000.  0.0  4.0   0.0193    0.2090    0.0213
 4.50 44000.  0.0  4.0   0.0084    0.2625    0.0336
 5.00 44000.  0.0  4.0   0.0178    0.2092    0.0217
 4.50 45000.  0.0  4.0   0.0070    0.2647    0.0345
 5.00 45000.  0.0  4.0   0.0165    0.2096    0.0222
 4.50 46000.  0.0  4.0   0.0049    0.2679    0.0355
 5.00 46000.  0.0  4.0   0.0147    0.2107    0.0226
 5.00 47000.  0.0  4.0   0.0130    0.2117    0.0230
 5.00 48000.  0.0  4.0   0.0116    0.2125    0.0236
 5.00 49000.  0.0  4.0   0.0097    0.2139    0.0241
 5.00 50000.  0.0  4.0   0.0080    0.2153    0.0247
 0.00  3500.  0.0  8.0   0.8915   -0.0451    0.0153
 0.50  3500.  0.0  8.0   0.8914   -0.0535    0.0164
 1.00  3500.  0.0  8.0   0.8848   -0.0573    0.0174
 1.50  3500.  0.0  8.0   0.8730   -0.0569    0.0180
 2.00  3500.  0.0  8.0   0.8583   -0.0535    0.0181
 2.50  3500.  0.0  8.0   0.8408   -0.0463    0.0177
 3.00  3500.  0.0  8.0   0.8059   -0.0194    0.0160
 3.50  3500.  0.0  8.0   0.6769    0.1008    0.0121
 4.00  3500.  0.0  8.0   0.5110    0.2502    0.0115
 4.50  3500.  0.0  8.0   0.3979    0.3432    0.0148
 5.00  3500.  0.0  8.0   0.3422    0.3855    0.0171
 0.00  3750.  0.0  8.0   0.8291    0.0075    0.0122
 0.50  3750.  0.0  8.0   0.8382   -0.0041    0.0122
 1.00  3750.  0.0  8.0   0.8452   -0.0166    0.0122
 1.50  3750.  0.0  8.0   0.8503   -0.0297    0.0123
 2.00  3750.  0.0  8.0   0.8518   -0.0411    0.0123
 2.50  3750.  0.0  8.0   0.8488   -0.0492    0.0124
 3.00  3750.  0.0  8.0   0.8394   -0.0510    0.0122
 3.50  3750.  0.0  8.0   0.7896   -0.0127    0.0114
 4.00  3750.  0.0  8.0   0.6125    0.1469    0.0110
 4.50  3750.  0.0  8.0   0.4197    0.3131    0.0152
 5.00  3750.  0.0  8.0   0.3093    0.3988    0.0218
 0.00  4000.  0.0  8.0   0.7727    0.0439    0.0117
 0.50  4000.  0.0  8.0   0.7769    0.0417    0.0121
 1.00  4000.  0.0  8.0   0.7827    0.0352    0.0123
 1.50  4000.  0.0  8.0   0.7879    0.0268    0.0121
 2.00  4000.  0.0  8.0   0.7917    0.0176    0.0115
 2.50  4000.  0.0  8.0   0.7946    0.0077    0.0107
 3.00  4000.  0.0  8.0   0.7957   -0.0020    0.0098
 3.50  4000.  0.0  8.0   0.7913   -0.0072    0.0089
 4.00  4000.  0.0  8.0   0.7371    0.0342    0.0086
 4.50  4000.  0.0  8.0   0.5579    0.1880    0.0122
 5.00  4000.  0.0  8.0   0.3712    0.3396    0.0213
 0.00  4250.  0.0  8.0   0.7223    0.0691    0.0095
 0.50  4250.  0.0  8.0   0.7240    0.0713    0.0103
 1.00  4250.  0.0  8.0   0.7286    0.0683    0.0108
 1.50  4250.  0.0  8.0   0.7308    0.0654    0.0109
 2.00  4250.  0.0  8.0   0.7354    0.0580    0.0108
 2.50  4250.  0.0  8.0   0.7386    0.0508    0.0104
 3.00  4250.  0.0  8.0   0.7410    0.0433    0.0098
 3.50  4250.  0.0  8.0   0.7411    0.0371    0.0090
 4.00  4250.  0.0  8.0   0.7368    0.0349    0.0081
 4.50  4250.  0.0  8.0   0.6894    0.0715    0.0081
 5.00  4250.  0.0  8.0   0.5382    0.1966    0.0131
 0.00  4500.  0.0  8.0   0.6684    0.0975    0.0075
 0.50  4500.  0.0  8.0   0.6703    0.1008    0.0082
 1.00  4500.  0.0  8.0   0.6708    0.1030    0.0088
 1.50  4500.  0.0  8.0   0.6732    0.1016    0.0089
 2.00  4500.  0.0  8.0   0.6758    0.0980    0.0087
 2.50  4500.  0.0  8.0   0.6822    0.0894    0.0083
 3.00  4500.  0.0  8.0   0.6871    0.0810    0.0078
 3.50  4500.  0.0  8.0   0.6901    0.0738    0.0073
 4.00  4500.  0.0  8.0   0.6906    0.0687    0.0068
 4.50  4500.  0.0  8.0   0.6868    0.0679    0.0063
 5.00  4500.  0.0  8.0   0.6528    0.0942    0.0065
 0.00  4750.  0.0  8.0   0.6088    0.1317    0.0071
 0.50  4750.  0.0  8.0   0.6120    0.1354    0.0075
 1.00  4750.  0.0  8.0   0.6133    0.1377    0.0079
 1.50  4750.  0.0  8.0   0.6133    0.1397    0.0080
 2.00  4750.  0.0  8.0   0.6157    0.1379    0.0078
 2.50  4750.  0.0  8.0   0.6210    0.1320    0.0074
 3.00  4750.  0.0  8.0   0.6255    0.1261    0.0069
 3.50  4750.  0.0  8.0   0.6320    0.1172    0.0064
 4.00  4750.  0.0  8.0   0.6353    0.1108    0.0059
 4.50  4750.  0.0  8.0   0.6371    0.1056    0.0054
 5.00  4750.  0.0  8.0   0.6342    0.1050    0.0050
 0.00  5000.  0.0  8.0   0.5521    0.1600    0.0075
 0.50  5000.  0.0  8.0   0.5511    0.1697    0.0081
 1.00  5000.  0.0  8.0   0.5513    0.1749    0.0084
 1.50  5000.  0.0  8.0   0.5531    0.1771    0.0082
 2.00  5000.  0.0  8.0   0.5522    0.1795    0.0080
 2.50  5000.  0.0  8.0   0.5568    0.1761    0.0075
 3.00  5000.  0.0  8.0   0.5630    0.1700    0.0070
 3.50  5000.  0.0  8.0   0.5704    0.1621    0.0066
 4.00  5000.  0.0  8.0   0.5749    0.1565    0.0061
 4.50  5000.  0.0  8.0   0.5788    0.1509    0.0055
 5.00  5000.  0.0  8.0   0.5792    0.1482    0.0050
 0.00  5250.  0.0  8.0   0.4963    0.1871    0.0081
 0.50  5250.  0.0  8.0   0.4958    0.1967    0.0092
 1.00  5250.  0.0  8.0   0.4953    0.2043    0.0095
 1.50  5250.  0.0  8.0   0.4953    0.2102    0.0092
 2.00  5250.  0.0  8.0   0.4954    0.2132    0.0089
 2.50  5250.  0.0  8.0   0.4987    0.2126    0.0082
 3.00  5250.  0.0  8.0   0.5025    0.2099    0.0076
 3.50  5250.  0.0  8.0   0.5090    0.2043    0.0070
 4.00  5250.  0.0  8.0   0.5157    0.1979    0.0066
 4.50  5250.  0.0  8.0   0.5202    0.1931    0.0061
 5.00  5250.  0.0  8.0   0.5214    0.1913    0.0056
 0.00  5500.  0.0  8.0   0.5438    0.1251    0.0070
 0.50  5500.  0.0  8.0   0.4453    0.2217    0.0104
 1.00  5500.  0.0  8.0   0.4470    0.2274    0.0109
 1.50  5500.  0.0  8.0   0.4456    0.2346    0.0110
 2.00  5500.  0.0  8.0   0.4434    0.2408    0.0108
 2.50  5500.  0.0  8.0   0.4428    0.2450    0.0099
 3.00  5500.  0.0  8.0   0.4448    0.2455    0.0090
 3.50  5500.  0.0  8.0   0.4526    0.2403    0.0079
 4.00  5500.  0.0  8.0   0.4604    0.2336    0.0073
 4.50  5500.  0.0  8.0   0.4643    0.2301    0.0069
 5.00  5500.  0.0  8.0   0.4660    0.2289    0.0064
 0.00  5750.  0.0  8.0   0.5423    0.1223    0.0044
 0.50  5750.  0.0  8.0   0.5079    0.1511    0.0083
 1.00  5750.  0.0  8.0   0.4310    0.2264    0.0108
 1.50  5750.  0.0  8.0   0.4003    0.2561    0.0134
 2.00  5750.  0.0  8.0   0.3987    0.2626    0.0131
 2.50  5750.  0.0  8.0   0.3964    0.2689    0.0123
 3.00  5750.  0.0  8.0   0.3984    0.2709    0.0108
 3.50  5750.  0.0  8.0   0.4029    0.2692    0.0096
 4.00  5750.  0.0  8.0   0.4093    0.2646    0.0086
 4.50  5750.  0.0  8.0   0.4136    0.2614    0.0080
 5.00  5750.  0.0  8.0   0.4153    0.2603    0.0075
 0.00  6000.  0.0  8.0   0.5335    0.1256    0.0034
 0.50  6000.  0.0  8.0   0.5071    0.1525    0.0051
 1.00  6000.  0.0  8.0   0.4765    0.1740    0.0092
 1.50  6000.  0.0  8.0   0.3865    0.2565    0.0136
 2.00  6000.  0.0  8.0   0.3581    0.2839    0.0155
 2.50  6000.  0.0  8.0   0.3584    0.2874    0.0144
 3.00  6000.  0.0  8.0   0.3592    0.2902    0.0131
 3.50  6000.  0.0  8.0   0.3616    0.2903    0.0117
 4.00  6000.  0.0  8.0   0.3645    0.2894    0.0105
 4.50  6000.  0.0  8.0   0.3695    0.2861    0.0095
 5.00  6000.  0.0  8.0   0.3700    0.2860    0.0090
 0.50  6250.  0.0  8.0   0.5034    0.1526    0.0040
 1.00  6250.  0.0  8.0   0.4721    0.1813    0.0060
 1.50  6250.  0.0  8.0   0.4295    0.2105    0.0114
 2.00  6250.  0.0  8.0   0.3484    0.2824    0.0156
 2.50  6250.  0.0  8.0   0.3252    0.3041    0.0167
 3.00  6250.  0.0  8.0   0.3268    0.3050    0.0154
 3.50  6250.  0.0  8.0   0.3278    0.3062    0.0139
 4.00  6250.  0.0  8.0   0.3301    0.3057    0.0125
 4.50  6250.  0.0  8.0   0.3336    0.3038    0.0112
 5.00  6250.  0.0  8.0   0.3325    0.3045    0.0107
 0.50  6500.  0.0  8.0   0.4858    0.1632    0.0038
 1.00  6500.  0.0  8.0   0.4718    0.1802    0.0046
 1.50  6500.  0.0  8.0   0.4374    0.2081    0.0070
 2.00  6500.  0.0  8.0   0.3862    0.2414    0.0137
 2.50  6500.  0.0  8.0   0.3138    0.3048    0.0173
 3.00  6500.  0.0  8.0   0.2983    0.3192    0.0174
 3.50  6500.  0.0  8.0   0.3002    0.3188    0.0158
 4.00  6500.  0.0  8.0   0.3025    0.3184    0.0141
 4.50  6500.  0.0  8.0   0.3043    0.3167    0.0128
 5.00  6500.  0.0  8.0   0.3025    0.3174    0.0123
 0.50  6750.  0.0  8.0   0.4569    0.1855    0.0037
 1.00  6750.  0.0  8.0   0.4552    0.1904    0.0045
 1.50  6750.  0.0  8.0   0.4384    0.2081    0.0053
 2.00  6750.  0.0  8.0   0.4010    0.2349    0.0082
 2.50  6750.  0.0  8.0   0.3427    0.2725    0.0156
 3.00  6750.  0.0  8.0   0.2846    0.3234    0.0180
 3.50  6750.  0.0  8.0   0.2755    0.3312    0.0173
 4.00  6750.  0.0  8.0   0.2785    0.3291    0.0155
 4.50  6750.  0.0  8.0   0.2796    0.3272    0.0144
 5.00  6750.  0.0  8.0   0.2782    0.3270    0.0137
 0.50  7000.  0.0  8.0   0.4301    0.2059    0.0037
 1.00  7000.  0.0  8.0   0.4252    0.2131    0.0047
 1.50  7000.  0.0  8.0   0.4240    0.2161    0.0054
 2.00  7000.  0.0  8.0   0.4037    0.2351    0.0061
 2.50  7000.  0.0  8.0   0.3630    0.2616    0.0096
 3.00  7000.  0.0  8.0   0.3003    0.3030    0.0171
 3.50  7000.  0.0  8.0   0.2609    0.3368    0.0180
 4.00  7000.  0.0  8.0   0.2569    0.3393    0.0169
 4.50  7000.  0.0  8.0   0.2582    0.3364    0.0159
 5.00  7000.  0.0  8.0   0.2583    0.3350    0.0147
 0.50  7250.  0.0  8.0   0.4043    0.2243    0.0041
 1.00  7250.  0.0  8.0   0.3956    0.2343    0.0053
 1.50  7250.  0.0  8.0   0.3919    0.2393    0.0061
 2.00  7250.  0.0  8.0   0.3923    0.2397    0.0064
 2.50  7250.  0.0  8.0   0.3691    0.2593    0.0071
 3.00  7250.  0.0  8.0   0.3246    0.2864    0.0114
 3.50  7250.  0.0  8.0   0.2624    0.3264    0.0188
 4.00  7250.  0.0  8.0   0.2391    0.3475    0.0179
 4.50  7250.  0.0  8.0   0.2375    0.3460    0.0173
 5.00  7250.  0.0  8.0   0.2395    0.3428    0.0159
 0.50  7500.  0.0  8.0   0.3752    0.2426    0.0047
 1.00  7500.  0.0  8.0   0.3705    0.2497    0.0061
 1.50  7500.  0.0  8.0   0.3610    0.2594    0.0073
 2.00  7500.  0.0  8.0   0.3583    0.2623    0.0078
 2.50  7500.  0.0  8.0   0.3588    0.2615    0.0078
 3.00  7500.  0.0  8.0   0.3330    0.2823    0.0084
 3.50  7500.  0.0  8.0   0.2835    0.3131    0.0133
 4.00  7500.  0.0  8.0   0.2293    0.3479    0.0189
 4.50  7500.  0.0  8.0   0.2208    0.3539    0.0181
 5.00  7500.  0.0  8.0   0.2209    0.3511    0.0171
 1.00  7750.  0.0  8.0   0.3518    0.2583    0.0067
 1.50  7750.  0.0  8.0   0.3373    0.2714    0.0084
 2.00  7750.  0.0  8.0   0.3295    0.2783    0.0094
 2.50  7750.  0.0  8.0   0.3272    0.2799    0.0095
 3.00  7750.  0.0  8.0   0.3281    0.2782    0.0091
 3.50  7750.  0.0  8.0   0.2985    0.3016    0.0099
 4.00  7750.  0.0  8.0   0.2471    0.3322    0.0156
 4.50  7750.  0.0  8.0   0.2027    0.3580    0.0206
 5.00  7750.  0.0  8.0   0.2051    0.3579    0.0177
 1.00  8000.  0.0  8.0   0.3383    0.2613    0.0071
 1.50  8000.  0.0  8.0   0.3195    0.2776    0.0091
 2.00  8000.  0.0  8.0   0.3075    0.2867    0.0106
 2.50  8000.  0.0  8.0   0.3019    0.2907    0.0112
 3.00  8000.  0.0  8.0   0.3009    0.2907    0.0110
 3.50  8000.  0.0  8.0   0.3000    0.2906    0.0103
 4.00  8000.  0.0  8.0   0.2646    0.3183    0.0115
 4.50  8000.  0.0  8.0   0.2126    0.3512    0.0170
 5.00  8000.  0.0  8.0   0.1920    0.3629    0.0181
 1.00  8250.  0.0  8.0   0.3316    0.2581    0.0073
 1.50  8250.  0.0  8.0   0.3081    0.2795    0.0093
 2.00  8250.  0.0  8.0   0.2920    0.2900    0.0112
 2.50  8250.  0.0  8.0   0.2828    0.2952    0.0122
 3.00  8250.  0.0  8.0   0.2787    0.2972    0.0125
 3.50  8250.  0.0  8.0   0.2784    0.2966    0.0120
 4.00  8250.  0.0  8.0   0.2747    0.2995    0.0112
 4.50  8250.  0.0  8.0   0.2316    0.3338    0.0130
 5.00  8250.  0.0  8.0   0.1834    0.3623    0.0189
 1.50  8500.  0.0  8.0   0.2989    0.2811    0.0094
 2.00  8500.  0.0  8.0   0.2806    0.2917    0.0114
 2.50  8500.  0.0  8.0   0.2697    0.2962    0.0128
 3.00  8500.  0.0  8.0   0.2629    0.2987    0.0133
 3.50  8500.  0.0  8.0   0.2602    0.2992    0.0132
 4.00  8500.  0.0  8.0   0.2597    0.2985    0.0126
 4.50  8500.  0.0  8.0   0.2489    0.3087    0.0119
 5.00  8500.  0.0  8.0   0.1997    0.3475    0.0147
 1.50  8750.  0.0  8.0   0.2911    0.2826    0.0094
 2.00  8750.  0.0  8.0   0.2706    0.2943    0.0116
 2.50  8750.  0.0  8.0   0.2580    0.2984    0.0130
 3.00  8750.  0.0  8.0   0.2504    0.2996    0.0137
 3.50  8750.  0.0  8.0   0.2462    0.2995    0.0139
 4.00  8750.  0.0  8.0   0.2441    0.2992    0.0135
 4.50  8750.  0.0  8.0   0.2428    0.2994    0.0129
 5.00  8750.  0.0  8.0   0.2196    0.3213    0.0127
 1.50  9000.  0.0  8.0   0.2840    0.2845    0.0095
 2.00  9000.  0.0  8.0   0.2613    0.2975    0.0118
 2.50  9000.  0.0  8.0   0.2484    0.3007    0.0133
 3.00  9000.  0.0  8.0   0.2402    0.3008    0.0140
 3.50  9000.  0.0  8.0   0.2353    0.2998    0.0143
 4.00  9000.  0.0  8.0   0.2319    0.2991    0.0141
 4.50  9000.  0.0  8.0   0.2304    0.2983    0.0136
 5.00  9000.  0.0  8.0   0.2317    0.2955    0.0130
 2.00  9250.  0.0  8.0   0.2519    0.3011    0.0121
 2.50  9250.  0.0  8.0   0.2390    0.3039    0.0136
 3.00  9250.  0.0  8.0   0.2313    0.3026    0.0143
 3.50  9250.  0.0  8.0   0.2261    0.3006    0.0146
 4.00  9250.  0.0  8.0   0.2218    0.2995    0.0145
 4.50  9250.  0.0  8.0   0.2195    0.2980    0.0142
 5.00  9250.  0.0  8.0   0.2185    0.2962    0.0137
 2.00  9500.  0.0  8.0   0.2420    0.3051    0.0126
 2.50  9500.  0.0  8.0   0.2292    0.3076    0.0140
 3.00  9500.  0.0  8.0   0.2227    0.3049    0.0147
 3.50  9500.  0.0  8.0   0.2179    0.3018    0.0149
 4.00  9500.  0.0  8.0   0.2138    0.2996    0.0149
 4.50  9500.  0.0  8.0   0.2105    0.2979    0.0146
 5.00  9500.  0.0  8.0   0.2082    0.2961    0.0142
 2.00  9750.  0.0  8.0   0.2329    0.3078    0.0133
 2.50  9750.  0.0  8.0   0.2196    0.3108    0.0146
 3.00  9750.  0.0  8.0   0.2137    0.3076    0.0151
 3.50  9750.  0.0  8.0   0.2099    0.3034    0.0152
 4.00  9750.  0.0  8.0   0.2066    0.3000    0.0152
 4.50  9750.  0.0  8.0   0.2029    0.2979    0.0150
 5.00  9750.  0.0  8.0   0.1999    0.2961    0.0147
 2.00 10000.  0.0  8.0   0.2245    0.3096    0.0141
 2.50 10000.  0.0  8.0   0.2103    0.3131    0.0152
 3.00 10000.  0.0  8.0   0.2047    0.3102    0.0156
 3.50 10000.  0.0  8.0   0.2017    0.3055    0.0156
 4.00 10000.  0.0  8.0   0.1992    0.3012    0.0155
 4.50 10000.  0.0  8.0   0.1967    0.2977    0.0153
 5.00 10000.  0.0  8.0   0.1930    0.2960    0.0150
 2.00 10250.  0.0  8.0   0.2172    0.3103    0.0148
 2.50 10250.  0.0  8.0   0.2016    0.3145    0.0160
 3.00 10250.  0.0  8.0   0.1958    0.3122    0.0161
 3.50 10250.  0.0  8.0   0.1939    0.3072    0.0159
 4.00 10250.  0.0  8.0   0.1924    0.3022    0.0157
 4.50 10250.  0.0  8.0   0.1899    0.2985    0.0156
 5.00 10250.  0.0  8.0   0.1863    0.2964    0.0153
 2.00 10500.  0.0  8.0   0.2111    0.3103    0.0155
 2.50 10500.  0.0  8.0   0.1938    0.3144    0.0168
 3.00 10500.  0.0  8.0   0.1876    0.3128    0.0168
 3.50 10500.  0.0  8.0   0.1862    0.3081    0.0164
 4.00 10500.  0.0  8.0   0.1854    0.3030    0.0159
 4.50 10500.  0.0  8.0   0.1839    0.2987    0.0157
 5.00 10500.  0.0  8.0   0.1810    0.2958    0.0155
 2.00 10750.  0.0  8.0   0.2065    0.3096    0.0161
 2.50 10750.  0.0  8.0   0.1871    0.3136    0.0174
 3.00 10750.  0.0  8.0   0.1802    0.3124    0.0173
 3.50 10750.  0.0  8.0   0.1787    0.3085    0.0168
 4.00 10750.  0.0  8.0   0.1785    0.3036    0.0162
 4.50 10750.  0.0  8.0   0.1780    0.2989    0.0159
 5.00 10750.  0.0  8.0   0.1760    0.2954    0.0157
 2.50 11000.  0.0  8.0   0.1813    0.3121    0.0179
 3.00 11000.  0.0  8.0   0.1736    0.3108    0.0178
 3.50 11000.  0.0  8.0   0.1717    0.3076    0.0172
 4.00 11000.  0.0  8.0   0.1723    0.3030    0.0165
 4.50 11000.  0.0  8.0   0.1727    0.2982    0.0161
 5.00 11000.  0.0  8.0   0.1711    0.2948    0.0158
 2.50 11250.  0.0  8.0   0.1766    0.3103    0.0184
 3.00 11250.  0.0  8.0   0.1676    0.3088    0.0182
 3.50 11250.  0.0  8.0   0.1652    0.3063    0.0175
 4.00 11250.  0.0  8.0   0.1659    0.3024    0.0167
 4.50 11250.  0.0  8.0   0.1670    0.2979    0.0162
 5.00 11250.  0.0  8.0   0.1665    0.2940    0.0159
 2.50 11500.  0.0  8.0   0.1727    0.3084    0.0187
 3.00 11500.  0.0  8.0   0.1627    0.3061    0.0185
 3.50 11500.  0.0  8.0   0.1598    0.3036    0.0178
 4.00 11500.  0.0  8.0   0.1602    0.3004    0.0170
 4.50 11500.  0.0  8.0   0.1618    0.2964    0.0163
 5.00 11500.  0.0  8.0   0.1617    0.2929    0.0159
 2.50 11750.  0.0  8.0   0.1694    0.3070    0.0191
 3.00 11750.  0.0  8.0   0.1587    0.3032    0.0187
 3.50 11750.  0.0  8.0   0.1548    0.3008    0.0179
 4.00 11750.  0.0  8.0   0.1550    0.2982    0.0171
 4.50 11750.  0.0  8.0   0.1567    0.2949    0.0164
 5.00 11750.  0.0  8.0   0.1571    0.2918    0.0159
 2.50 12000.  0.0  8.0   0.1662    0.3061    0.0193
 3.00 12000.  0.0  8.0   0.1548    0.3008    0.0189
 3.50 12000.  0.0  8.0   0.1506    0.2975    0.0180
 4.00 12000.  0.0  8.0   0.1502    0.2953    0.0171
 4.50 12000.  0.0  8.0   0.1517    0.2927    0.0164
 5.00 12000.  0.0  8.0   0.1527    0.2899    0.0159
 2.50 12250.  0.0  8.0   0.1639    0.3051    0.0196
 3.00 12250.  0.0  8.0   0.1516    0.2986    0.0190
 3.50 12250.  0.0  8.0   0.1468    0.2944    0.0180
 4.00 12250.  0.0  8.0   0.1460    0.2922    0.0171
 4.50 12250.  0.0  8.0   0.1475    0.2900    0.0164
 5.00 12250.  0.0  8.0   0.1486    0.2879    0.0158
 2.50 12500.  0.0  8.0   0.1618    0.3045    0.0199
 3.00 12500.  0.0  8.0   0.1485    0.2967    0.0192
 3.50 12500.  0.0  8.0   0.1435    0.2914    0.0180
 4.00 12500.  0.0  8.0   0.1422    0.2888    0.0171
 4.50 12500.  0.0  8.0   0.1435    0.2869    0.0163
 5.00 12500.  0.0  8.0   0.1447    0.2853    0.0158
 2.50 12750.  0.0  8.0   0.1600    0.3040    0.0201
 3.00 12750.  0.0  8.0   0.1460    0.2951    0.0194
 3.50 12750.  0.0  8.0   0.1406    0.2886    0.0181
 4.00 12750.  0.0  8.0   0.1390    0.2855    0.0170
 4.50 12750.  0.0  8.0   0.1399    0.2838    0.0163
 5.00 12750.  0.0  8.0   0.1411    0.2827    0.0157
 2.50 13000.  0.0  8.0   0.1588    0.3035    0.0204
 3.00 13000.  0.0  8.0   0.1438    0.2936    0.0195
 3.50 13000.  0.0  8.0   0.1380    0.2861    0.0181
 4.00 13000.  0.0  8.0   0.1360    0.2824    0.0170
 4.50 13000.  0.0  8.0   0.1367    0.2804    0.0162
 5.00 13000.  0.0  8.0   0.1376    0.2797    0.0156
 2.50 14000.  0.0  8.0   0.1556    0.3026    0.0210
 3.00 14000.  0.0  8.0   0.1374    0.2891    0.0202
 3.50 14000.  0.0  8.0   0.1301    0.2777    0.0183
 4.00 14000.  0.0  8.0   0.1273    0.2709    0.0168
 4.50 14000.  0.0  8.0   0.1261    0.2682    0.0159
 5.00 14000.  0.0  8.0   0.1263    0.2676    0.0153
 2.50 15000.  0.0  8.0   0.1561    0.3021    0.0214
 3.00 15000.  0.0  8.0   0.1341    0.2862    0.0207
 3.50 15000.  0.0  8.0   0.1254    0.2715    0.0184
 4.00 15000.  0.0  8.0   0.1219    0.2617    0.0165
 4.50 15000.  0.0  8.0   0.1201    0.2569    0.0153
 5.00 15000.  0.0  8.0   0.1190    0.2555    0.0147
 2.50 16000.  0.0  8.0   0.1576    0.3044    0.0214
 3.00 16000.  0.0  8.0   0.1323    0.2852    0.0211
 3.50 16000.  0.0  8.0   0.1226    0.2671    0.0186
 4.00 16000.  0.0  8.0   0.1186    0.2546    0.0163
 4.50 16000.  0.0  8.0   0.1161    0.2480    0.0149
 5.00 16000.  0.0  8.0   0.1142    0.2455    0.0141
 2.50 17000.  0.0  8.0   0.1581    0.3105    0.0213
 3.00 17000.  0.0  8.0   0.1304    0.2866    0.0217
 3.50 17000.  0.0  8.0   0.1199    0.2650    0.0189
 4.00 17000.  0.0  8.0   0.1158    0.2497    0.0162
 4.50 17000.  0.0  8.0   0.1131    0.2412    0.0144
 5.00 17000.  0.0  8.0   0.1110    0.2372    0.0135
 3.00 18000.  0.0  8.0   0.1269    0.2919    0.0224
 3.50 18000.  0.0  8.0   0.1175    0.2645    0.0192
 4.00 18000.  0.0  8.0   0.1135    0.2461    0.0161
 4.50 18000.  0.0  8.0   0.1108    0.2356    0.0140
 5.00 18000.  0.0  8.0   0.1088    0.2302    0.0129
 3.00 19000.  0.0  8.0   0.1202    0.3013    0.0237
 3.50 19000.  0.0  8.0   0.1131    0.2677    0.0200
 4.00 19000.  0.0  8.0   0.1104    0.2450    0.0163
 4.50 19000.  0.0  8.0   0.1089    0.2314    0.0139
 5.00 19000.  0.0  8.0   0.1069    0.2247    0.0125
 3.00 20000.  0.0  8.0   0.1106    0.3127    0.0259
 3.50 20000.  0.0  8.0   0.1064    0.2738    0.0213
 4.00 20000.  0.0  8.0   0.1066    0.2458    0.0169
 4.50 20000.  0.0  8.0   0.1061    0.2292    0.0140
 5.00 20000.  0.0  8.0   0.1049    0.2206    0.0124
 3.00 21000.  0.0  8.0   0.1009    0.3233    0.0286
 3.50 21000.  0.0  8.0   0.0971    0.2820    0.0234
 4.00 21000.  0.0  8.0   0.1004    0.2498    0.0180
 4.50 21000.  0.0  8.0   0.1022    0.2295    0.0144
 5.00 21000.  0.0  8.0   0.1023    0.2183    0.0124
 3.00 22000.  0.0  8.0   0.0963    0.3297    0.0307
 3.50 22000.  0.0  8.0   0.0871    0.2897    0.0260
 4.00 22000.  0.0  8.0   0.0922    0.2555    0.0197
 4.50 22000.  0.0  8.0   0.0967    0.2320    0.0154
 5.00 22000.  0.0  8.0   0.0984    0.2187    0.0129
 3.00 23000.  0.0  8.0   0.0982    0.3336    0.0314
 3.50 23000.  0.0  8.0   0.0795    0.2945    0.0283
 4.00 23000.  0.0  8.0   0.0835    0.2606    0.0216
 4.50 23000.  0.0  8.0   0.0897    0.2359    0.0166
 5.00 23000.  0.0  8.0   0.0936    0.2203    0.0137
 3.00 24000.  0.0  8.0   0.1052    0.3364    0.0307
 3.50 24000.  0.0  8.0   0.0759    0.2974    0.0299
 4.00 24000.  0.0  8.0   0.0761    0.2638    0.0234
 4.50 24000.  0.0  8.0   0.0820    0.2399    0.0180
 5.00 24000.  0.0  8.0   0.0871    0.2238    0.0147
 3.50 25000.  0.0  8.0   0.0760    0.2998    0.0307
 4.00 25000.  0.0  8.0   0.0718    0.2651    0.0247
 4.50 25000.  0.0  8.0   0.0757    0.2419    0.0193
 5.00 25000.  0.0  8.0   0.0809    0.2264    0.0158
 3.50 26000.  0.0  8.0   0.0778    0.3032    0.0309
 4.00 26000.  0.0  8.0   0.0697    0.2663    0.0255
 4.50 26000.  0.0  8.0   0.0714    0.2423    0.0202
 5.00 26000.  0.0  8.0   0.0752    0.2279    0.0167
 3.50 27000.  0.0  8.0   0.0786    0.3087    0.0308
 4.00 27000.  0.0  8.0   0.0692    0.2684    0.0259
 4.50 27000.  0.0  8.0   0.0687    0.2427    0.0207
 5.00 27000.  0.0  8.0   0.0712    0.2278    0.0172
 3.50 28000.  0.0  8.0   0.0770    0.3162    0.0310
 4.00 28000.  0.0  8.0   0.0692    0.2714    0.0262
 4.50 28000.  0.0  8.0   0.0676    0.2433    0.0209
 5.00 28000.  0.0  8.0   0.0687    0.2272    0.0174
 3.50 29000.  0.0  8.0   0.0728    0.3246    0.0317
 4.00 29000.  0.0  8.0   0.0672    0.2761    0.0266
 4.50 29000.  0.0  8.0   0.0669    0.2445    0.0211
 5.00 29000.  0.0  8.0   0.0675    0.2264    0.0174
 3.50 30000.  0.0  8.0   0.0654    0.3353    0.0329
 4.00 30000.  0.0  8.0   0.0635    0.2812    0.0271
 4.50 30000.  0.0  8.0   0.0650    0.2468    0.0213
 5.00 30000.  0.0  8.0   0.0662    0.2263    0.0174
 4.00 31000.  0.0  8.0   0.0580    0.2863    0.0281
 4.50 31000.  0.0  8.0   0.0622    0.2486    0.0215
 5.00 31000.  0.0  8.0   0.0645    0.2262    0.0173
 4.00 32000.  0.0  8.0   0.0500    0.2928    0.0295
 4.50 32000.  0.0  8.0   0.0581    0.2502    0.0219
 5.00 32000.  0.0  8.0   0.0622    0.2256    0.0172
 4.00 33000.  0.0  8.0   0.0412    0.2994    0.0315
 4.50 33000.  0.0  8.0   0.0525    0.2521    0.0225
 5.00 33000.  0.0  8.0   0.0592    0.2243    0.0171
 4.00 34000.  0.0  8.0   0.0326    0.3052    0.0341
 4.50 34000.  0.0  8.0   0.0453    0.2547    0.0235
 5.00 34000.  0.0  8.0   0.0546    0.2237    0.0171
 4.00 35000.  0.0  8.0   0.0255    0.3096    0.0366
 4.50 35000.  0.0  8.0   0.0378    0.2566    0.0249
 5.00 35000.  0.0  8.0   0.0492    0.2231    0.0174
 4.00 36000.  0.0  8.0   0.0206    0.3130    0.0387
 4.50 36000.  0.0  8.0   0.0300    0.2583    0.0264
 5.00 36000.  0.0  8.0   0.0431    0.2224    0.0179
 4.50 37000.  0.0  8.0   0.0246    0.2578    0.0279
 5.00 37000.  0.0  8.0   0.0371    0.2209    0.0187
 4.50 38000.  0.0  8.0   0.0207    0.2571    0.0291
 5.00 38000.  0.0  8.0   0.0320    0.2185    0.0194
 4.50 39000.  0.0  8.0   0.0179    0.2570    0.0300
 5.00 39000.  0.0  8.0   0.0281    0.2158    0.0200
 4.50 40000.  0.0  8.0   0.0161    0.2574    0.0308
 5.00 40000.  0.0  8.0   0.0251    0.2136    0.0205
 4.50 41000.  0.0  8.0   0.0139    0.2592    0.0316
 5.00 41000.  0.0  8.0   0.0230    0.2120    0.0208
 4.50 42000.  0.0  8.0   0.0122    0.2611    0.0324
 5.00 42000.  0.0  8.0   0.0213    0.2113    0.0212
 5.00 43000.  0.0  8.0   0.0196    0.2112    0.0216
 5.00 44000.  0.0  8.0   0.0180    0.2116    0.0220
 5.00 45000.  0.0  8.0   0.0166    0.2119    0.0225
 5.00 46000.  0.0  8.0   0.0148    0.2127    0.0229
 5.00 47000.  0.0  8.0   0.0129    0.2138    0.0234
 5.00 48000.  0.0  8.0   0.0115    0.2146    0.0240
 5.00 49000.  0.0  8.0   0.0097    0.2159    0.0246
 5.00 50000.  0.0  8.0   0.0080    0.2174    0.0252
 0.00  3500.  0.1  2.0   0.9132   -0.1010    0.0151
 0.50  3500.  0.1  2.0   0.9106   -0.1036    0.0158
 1.00  3500.  0.1  2.0   0.9019   -0.1018    0.0161
 1.50  3500.  0.1  2.0   0.8891   -0.0967    0.0160
 2.00  3500.  0.1  2.0   0.8741   -0.0892    0.0155
 2.50  3500.  0.1  2.0   0.8564   -0.0781    0.0147
 3.00  3500.  0.1  2.0   0.8259   -0.0526    0.0131
 3.50  3500.  0.1  2.0   0.7057    0.0603    0.0102
 4.00  3500.  0.1  2.0   0.5392    0.2131    0.0090
 4.50  3500.  0.1  2.0   0.4261    0.3099    0.0107
 5.00  3500.  0.1  2.0   0.3624    0.3588    0.0132
 0.00  3750.  0.1  2.0   0.8572   -0.0522    0.0086
 0.50  3750.  0.1  2.0   0.8644   -0.0597    0.0088
 1.00  3750.  0.1  2.0   0.8696   -0.0683    0.0090
 1.50  3750.  0.1  2.0   0.8717   -0.0759    0.0091
 2.00  3750.  0.1  2.0   0.8709   -0.0819    0.0092
 2.50  3750.  0.1  2.0   0.8660   -0.0847    0.0092
 3.00  3750.  0.1  2.0   0.8555   -0.0821    0.0091
 3.50  3750.  0.1  2.0   0.8146   -0.0493    0.0084
 4.00  3750.  0.1  2.0   0.6580    0.0931    0.0077
 4.50  3750.  0.1  2.0   0.4586    0.2679    0.0104
 5.00  3750.  0.1  2.0   0.3379    0.3646    0.0159
 0.00  4000.  0.1  2.0   0.7924   -0.0030    0.0069
 0.50  4000.  0.1  2.0   0.7964   -0.0040    0.0074
 1.00  4000.  0.1  2.0   0.8009   -0.0079    0.0077
 1.50  4000.  0.1  2.0   0.8034   -0.0118    0.0077
 2.00  4000.  0.1  2.0   0.8059   -0.0173    0.0073
 2.50  4000.  0.1  2.0   0.8085   -0.0246    0.0068
 3.00  4000.  0.1  2.0   0.8091   -0.0312    0.0062
 3.50  4000.  0.1  2.0   0.8049   -0.0343    0.0058
 4.00  4000.  0.1  2.0   0.7596    0.0010    0.0055
 4.50  4000.  0.1  2.0   0.5954    0.1439    0.0076
 5.00  4000.  0.1  2.0   0.4047    0.3018    0.0146
 0.00  4250.  0.1  2.0   0.7337    0.0359    0.0055
 0.50  4250.  0.1  2.0   0.7350    0.0392    0.0060
 1.00  4250.  0.1  2.0   0.7389    0.0371    0.0065
 1.50  4250.  0.1  2.0   0.7411    0.0349    0.0067
 2.00  4250.  0.1  2.0   0.7437    0.0311    0.0067
 2.50  4250.  0.1  2.0   0.7462    0.0265    0.0066
 3.00  4250.  0.1  2.0   0.7473    0.0225    0.0063
 3.50  4250.  0.1  2.0   0.7479    0.0181    0.0059
 4.00  4250.  0.1  2.0   0.7446    0.0165    0.0053
 4.50  4250.  0.1  2.0   0.7037    0.0488    0.0052
 5.00  4250.  0.1  2.0   0.5602    0.1697    0.0088
 0.00  4500.  0.1  2.0   0.6787    0.0694    0.0046
 0.50  4500.  0.1  2.0   0.6760    0.0778    0.0052
 1.00  4500.  0.1  2.0   0.6794    0.0780    0.0056
 1.50  4500.  0.1  2.0   0.6805    0.0780    0.0057
 2.00  4500.  0.1  2.0   0.6845    0.0738    0.0056
 2.50  4500.  0.1  2.0   0.6884    0.0686    0.0055
 3.00  4500.  0.1  2.0   0.6921    0.0628    0.0053
 3.50  4500.  0.1  2.0   0.6943    0.0581    0.0051
 4.00  4500.  0.1  2.0   0.6947    0.0549    0.0049
 4.50  4500.  0.1  2.0   0.6919    0.0545    0.0046
 5.00  4500.  0.1  2.0   0.6602    0.0802    0.0047
 0.00  4750.  0.1  2.0   0.6215    0.1050    0.0042
 0.50  4750.  0.1  2.0   0.6185    0.1145    0.0049
 1.00  4750.  0.1  2.0   0.6207    0.1170    0.0052
 1.50  4750.  0.1  2.0   0.6214    0.1185    0.0055
 2.00  4750.  0.1  2.0   0.6253    0.1158    0.0054
 2.50  4750.  0.1  2.0   0.6277    0.1133    0.0052
 3.00  4750.  0.1  2.0   0.6332    0.1070    0.0049
 3.50  4750.  0.1  2.0   0.6384    0.1003    0.0047
 4.00  4750.  0.1  2.0   0.6416    0.0952    0.0044
 4.50  4750.  0.1  2.0   0.6425    0.0921    0.0041
 5.00  4750.  0.1  2.0   0.6408    0.0916    0.0039
 0.00  5000.  0.1  2.0   0.5606    0.1423    0.0047
 0.50  5000.  0.1  2.0   0.5610    0.1502    0.0052
 1.00  5000.  0.1  2.0   0.5647    0.1529    0.0053
 1.50  5000.  0.1  2.0   0.5622    0.1581    0.0056
 2.00  5000.  0.1  2.0   0.5653    0.1573    0.0055
 2.50  5000.  0.1  2.0   0.5671    0.1562    0.0054
 3.00  5000.  0.1  2.0   0.5740    0.1499    0.0051
 3.50  5000.  0.1  2.0   0.5809    0.1429    0.0048
 4.00  5000.  0.1  2.0   0.5846    0.1386    0.0045
 4.50  5000.  0.1  2.0   0.5879    0.1344    0.0042
 5.00  5000.  0.1  2.0   0.5890    0.1321    0.0039
 0.00  5250.  0.1  2.0   0.5045    0.1744    0.0055
 0.50  5250.  0.1  2.0   0.5049    0.1823    0.0062
 1.00  5250.  0.1  2.0   0.5056    0.1891    0.0063
 1.50  5250.  0.1  2.0   0.5029    0.1960    0.0064
 2.00  5250.  0.1  2.0   0.5066    0.1958    0.0060
 2.50  5250.  0.1  2.0   0.5104    0.1940    0.0057
 3.00  5250.  0.1  2.0   0.5165    0.1892    0.0053
 3.50  5250.  0.1  2.0   0.5222    0.1843    0.0051
 4.00  5250.  0.1  2.0   0.5283    0.1788    0.0049
 4.50  5250.  0.1  2.0   0.5332    0.1743    0.0046
 5.00  5250.  0.1  2.0   0.5338    0.1740    0.0043
 0.00  5500.  0.1  2.0   0.5317    0.1283    0.0062
 0.50  5500.  0.1  2.0   0.4539    0.2101    0.0077
 1.00  5500.  0.1  2.0   0.4555    0.2162    0.0080
 1.50  5500.  0.1  2.0   0.4543    0.2225    0.0080
 2.00  5500.  0.1  2.0   0.4538    0.2271    0.0076
 2.50  5500.  0.1  2.0   0.4543    0.2293    0.0070
 3.00  5500.  0.1  2.0   0.4596    0.2268    0.0061
 3.50  5500.  0.1  2.0   0.4668    0.2214    0.0057
 4.00  5500.  0.1  2.0   0.4748    0.2148    0.0053
 4.50  5500.  0.1  2.0   0.4787    0.2119    0.0052
 5.00  5500.  0.1  2.0   0.4810    0.2108    0.0049
 0.00  5750.  0.1  2.0   0.5443    0.1145    0.0037
 0.50  5750.  0.1  2.0   0.5109    0.1397    0.0077
 1.00  5750.  0.1  2.0   0.4069    0.2427    0.0104
 1.50  5750.  0.1  2.0   0.4089    0.2457    0.0104
 2.00  5750.  0.1  2.0   0.4076    0.2520    0.0099
 2.50  5750.  0.1  2.0   0.4062    0.2568    0.0090
 3.00  5750.  0.1  2.0   0.4101    0.2566    0.0078
 3.50  5750.  0.1  2.0   0.4173    0.2522    0.0068
 4.00  5750.  0.1  2.0   0.4246    0.2468    0.0062
 4.50  5750.  0.1  2.0   0.4287    0.2440    0.0060
 5.00  5750.  0.1  2.0   0.4312    0.2430    0.0058
 0.00  6000.  0.1  2.0   0.5387    0.1180    0.0024
 0.50  6000.  0.1  2.0   0.5101    0.1435    0.0044
 1.00  6000.  0.1  2.0   0.4669    0.1770    0.0089
 1.50  6000.  0.1  2.0   0.3651    0.2712    0.0131
 2.00  6000.  0.1  2.0   0.3666    0.2738    0.0124
 2.50  6000.  0.1  2.0   0.3679    0.2764    0.0114
 3.00  6000.  0.1  2.0   0.3690    0.2783    0.0101
 3.50  6000.  0.1  2.0   0.3732    0.2772    0.0088
 4.00  6000.  0.1  2.0   0.3782    0.2744    0.0078
 4.50  6000.  0.1  2.0   0.3845    0.2704    0.0071
 5.00  6000.  0.1  2.0   0.3861    0.2701    0.0069
 0.50  6250.  0.1  2.0   0.5065    0.1477    0.0029
 1.00  6250.  0.1  2.0   0.4757    0.1718    0.0053
 1.50  6250.  0.1  2.0   0.4275    0.2040    0.0112
 2.00  6250.  0.1  2.0   0.3324    0.2922    0.0148
 2.50  6250.  0.1  2.0   0.3328    0.2945    0.0138
 3.00  6250.  0.1  2.0   0.3350    0.2950    0.0124
 3.50  6250.  0.1  2.0   0.3372    0.2954    0.0110
 4.00  6250.  0.1  2.0   0.3411    0.2934    0.0097
 4.50  6250.  0.1  2.0   0.3455    0.2914    0.0088
 5.00  6250.  0.1  2.0   0.3461    0.2918    0.0084
 0.50  6500.  0.1  2.0   0.4946    0.1547    0.0027
 1.00  6500.  0.1  2.0   0.4733    0.1767    0.0036
 1.50  6500.  0.1  2.0   0.4398    0.1999    0.0064
 2.00  6500.  0.1  2.0   0.3919    0.2271    0.0131
 2.50  6500.  0.1  2.0   0.3043    0.3093    0.0159
 3.00  6500.  0.1  2.0   0.3052    0.3102    0.0146
 3.50  6500.  0.1  2.0   0.3081    0.3091    0.0129
 4.00  6500.  0.1  2.0   0.3112    0.3080    0.0115
 4.50  6500.  0.1  2.0   0.3140    0.3062    0.0104
 5.00  6500.  0.1  2.0   0.3138    0.3068    0.0100
 0.50  6750.  0.1  2.0   0.4602    0.1834    0.0028
 1.00  6750.  0.1  2.0   0.4594    0.1876    0.0035
 1.50  6750.  0.1  2.0   0.4372    0.2088    0.0045
 2.00  6750.  0.1  2.0   0.3995    0.2340    0.0078
 2.50  6750.  0.1  2.0   0.3500    0.2600    0.0154
 3.00  6750.  0.1  2.0   0.2802    0.3248    0.0174
 3.50  6750.  0.1  2.0   0.2814    0.3265    0.0153
 4.00  6750.  0.1  2.0   0.2850    0.3243    0.0137
 4.50  6750.  0.1  2.0   0.2875    0.3226    0.0126
 5.00  6750.  0.1  2.0   0.2882    0.3222    0.0119
 0.50  7000.  0.1  2.0   0.4297    0.2067    0.0030
 1.00  7000.  0.1  2.0   0.4267    0.2125    0.0039
 1.50  7000.  0.1  2.0   0.4265    0.2144    0.0044
 2.00  7000.  0.1  2.0   0.4019    0.2354    0.0055
 2.50  7000.  0.1  2.0   0.3606    0.2606    0.0094
 3.00  7000.  0.1  2.0   0.3068    0.2884    0.0178
 3.50  7000.  0.1  2.0   0.2609    0.3358    0.0167
 4.00  7000.  0.1  2.0   0.2622    0.3348    0.0153
 4.50  7000.  0.1  2.0   0.2645    0.3322    0.0141
 5.00  7000.  0.1  2.0   0.2653    0.3314    0.0133
 0.50  7250.  0.1  2.0   0.4025    0.2255    0.0034
 1.00  7250.  0.1  2.0   0.3980    0.2324    0.0043
 1.50  7250.  0.1  2.0   0.3971    0.2343    0.0048
 2.00  7250.  0.1  2.0   0.3978    0.2333    0.0050
 2.50  7250.  0.1  2.0   0.3689    0.2552    0.0062
 3.00  7250.  0.1  2.0   0.3242    0.2798    0.0111
 3.50  7250.  0.1  2.0   0.2593    0.3241    0.0181
 4.00  7250.  0.1  2.0   0.2459    0.3389    0.0155
 4.50  7250.  0.1  2.0   0.2454    0.3369    0.0150
 5.00  7250.  0.1  2.0   0.2473    0.3345    0.0138
 0.50  7500.  0.1  2.0   0.3728    0.2432    0.0043
 1.00  7500.  0.1  2.0   0.3672    0.2520    0.0054
 1.50  7500.  0.1  2.0   0.3632    0.2572    0.0061
 2.00  7500.  0.1  2.0   0.3646    0.2560    0.0063
 2.50  7500.  0.1  2.0   0.3656    0.2538    0.0061
 3.00  7500.  0.1  2.0   0.3335    0.2772    0.0075
 3.50  7500.  0.1  2.0   0.2854    0.3038    0.0131
 4.00  7500.  0.1  2.0   0.2272    0.3424    0.0194
 4.50  7500.  0.1  2.0   0.2274    0.3458    0.0161
 5.00  7500.  0.1  2.0   0.2286    0.3429    0.0150
 1.00  7750.  0.1  2.0   0.3450    0.2622    0.0063
 1.50  7750.  0.1  2.0   0.3336    0.2735    0.0077
 2.00  7750.  0.1  2.0   0.3303    0.2767    0.0082
 2.50  7750.  0.1  2.0   0.3324    0.2741    0.0080
 3.00  7750.  0.1  2.0   0.3332    0.2722    0.0074
 3.50  7750.  0.1  2.0   0.2975    0.2985    0.0089
 4.00  7750.  0.1  2.0   0.2434    0.3325    0.0147
 4.50  7750.  0.1  2.0   0.2080    0.3528    0.0189
 5.00  7750.  0.1  2.0   0.2121    0.3510    0.0158
 1.00  8000.  0.1  2.0   0.3309    0.2640    0.0070
 1.50  8000.  0.1  2.0   0.3138    0.2800    0.0087
 2.00  8000.  0.1  2.0   0.3052    0.2872    0.0098
 2.50  8000.  0.1  2.0   0.3034    0.2885    0.0099
 3.00  8000.  0.1  2.0   0.3066    0.2848    0.0094
 3.50  8000.  0.1  2.0   0.3046    0.2859    0.0085
 4.00  8000.  0.1  2.0   0.2627    0.3172    0.0106
 4.50  8000.  0.1  2.0   0.2117    0.3510    0.0157
 5.00  8000.  0.1  2.0   0.1956    0.3577    0.0172
 1.00  8250.  0.1  2.0   0.3251    0.2596    0.0073
 1.50  8250.  0.1  2.0   0.3015    0.2807    0.0091
 2.00  8250.  0.1  2.0   0.2882    0.2901    0.0107
 2.50  8250.  0.1  2.0   0.2820    0.2941    0.0114
 3.00  8250.  0.1  2.0   0.2815    0.2940    0.0112
 3.50  8250.  0.1  2.0   0.2847    0.2908    0.0105
 4.00  8250.  0.1  2.0   0.2773    0.2977    0.0095
 4.50  8250.  0.1  2.0   0.2278    0.3350    0.0127
 5.00  8250.  0.1  2.0   0.1868    0.3592    0.0177
 1.00  8500.  0.1  2.0   0.3272    0.2513    0.0071
 1.50  8500.  0.1  2.0   0.2928    0.2808    0.0093
 2.00  8500.  0.1  2.0   0.2763    0.2906    0.0110
 2.50  8500.  0.1  2.0   0.2671    0.2950    0.0120
 3.00  8500.  0.1  2.0   0.2638    0.2960    0.0123
 3.50  8500.  0.1  2.0   0.2637    0.2955    0.0120
 4.00  8500.  0.1  2.0   0.2655    0.2938    0.0112
 4.50  8500.  0.1  2.0   0.2480    0.3106    0.0107
 5.00  8500.  0.1  2.0   0.1977    0.3492    0.0146
 1.50  8750.  0.1  2.0   0.2863    0.2810    0.0094
 2.00  8750.  0.1  2.0   0.2663    0.2922    0.0113
 2.50  8750.  0.1  2.0   0.2553    0.2960    0.0124
 3.00  8750.  0.1  2.0   0.2505    0.2961    0.0128
 3.50  8750.  0.1  2.0   0.2483    0.2959    0.0127
 4.00  8750.  0.1  2.0   0.2486    0.2949    0.0123
 4.50  8750.  0.1  2.0   0.2478    0.2960    0.0116
 5.00  8750.  0.1  2.0   0.2173    0.3253    0.0119
 1.50  9000.  0.1  2.0   0.2812    0.2813    0.0095
 2.00  9000.  0.1  2.0   0.2581    0.2939    0.0115
 2.50  9000.  0.1  2.0   0.2459    0.2974    0.0127
 3.00  9000.  0.1  2.0   0.2393    0.2975    0.0132
 3.50  9000.  0.1  2.0   0.2361    0.2963    0.0133
 4.00  9000.  0.1  2.0   0.2345    0.2954    0.0130
 4.50  9000.  0.1  2.0   0.2357    0.2934    0.0125
 5.00  9000.  0.1  2.0   0.2393    0.2900    0.0118
 2.00  9250.  0.1  2.0   0.2501    0.2963    0.0118
 2.50  9250.  0.1  2.0   0.2371    0.2996    0.0130
 3.00  9250.  0.1  2.0   0.2304    0.2987    0.0136
 3.50  9250.  0.1  2.0   0.2263    0.2971    0.0137
 4.00  9250.  0.1  2.0   0.2239    0.2956    0.0135
 4.50  9250.  0.1  2.0   0.2234    0.2936    0.0131
 5.00  9250.  0.1  2.0   0.2239    0.2917    0.0125
 2.00  9500.  0.1  2.0   0.2425    0.2985    0.0122
 2.50  9500.  0.1  2.0   0.2290    0.3016    0.0134
 3.00  9500.  0.1  2.0   0.2219    0.3005    0.0140
 3.50  9500.  0.1  2.0   0.2181    0.2979    0.0141
 4.00  9500.  0.1  2.0   0.2152    0.2959    0.0139
 4.50  9500.  0.1  2.0   0.2133    0.2941    0.0136
 5.00  9500.  0.1  2.0   0.2127    0.2918    0.0131
 2.00  9750.  0.1  2.0   0.2349    0.3006    0.0127
 2.50  9750.  0.1  2.0   0.2206    0.3038    0.0138
 3.00  9750.  0.1  2.0   0.2141    0.3019    0.0143
 3.50  9750.  0.1  2.0   0.2101    0.2992    0.0144
 4.00  9750.  0.1  2.0   0.2075    0.2966    0.0143
 4.50  9750.  0.1  2.0   0.2051    0.2945    0.0141
 5.00  9750.  0.1  2.0   0.2037    0.2921    0.0137
 2.00 10000.  0.1  2.0   0.2278    0.3022    0.0133
 2.50 10000.  0.1  2.0   0.2130    0.3052    0.0143
 3.00 10000.  0.1  2.0   0.2064    0.3032    0.0147
 3.50 10000.  0.1  2.0   0.2026    0.3003    0.0147
 4.00 10000.  0.1  2.0   0.2005    0.2971    0.0146
 4.50 10000.  0.1  2.0   0.1980    0.2949    0.0144
 5.00 10000.  0.1  2.0   0.1957    0.2929    0.0141
 2.00 10500.  0.1  2.0   0.2155    0.3039    0.0145
 2.50 10500.  0.1  2.0   0.1988    0.3065    0.0154
 3.00 10500.  0.1  2.0   0.1918    0.3048    0.0154
 3.50 10500.  0.1  2.0   0.1890    0.3013    0.0153
 4.00 10500.  0.1  2.0   0.1877    0.2976    0.0151
 4.50 10500.  0.1  2.0   0.1858    0.2950    0.0150
 5.00 10500.  0.1  2.0   0.1830    0.2933    0.0148
 2.00 11000.  0.1  2.0   0.2068    0.3038    0.0155
 2.50 11000.  0.1  2.0   0.1872    0.3055    0.0164
 3.00 11000.  0.1  2.0   0.1794    0.3035    0.0163
 3.50 11000.  0.1  2.0   0.1764    0.3007    0.0158
 4.00 11000.  0.1  2.0   0.1758    0.2973    0.0155
 4.50 11000.  0.1  2.0   0.1751    0.2942    0.0153
 5.00 11000.  0.1  2.0   0.1730    0.2922    0.0152
 2.50 11500.  0.1  2.0   0.1780    0.3034    0.0173
 3.00 11500.  0.1  2.0   0.1688    0.3003    0.0169
 3.50 11500.  0.1  2.0   0.1656    0.2974    0.0163
 4.00 11500.  0.1  2.0   0.1650    0.2948    0.0157
 4.50 11500.  0.1  2.0   0.1651    0.2921    0.0154
 5.00 11500.  0.1  2.0   0.1639    0.2902    0.0153
 2.50 12000.  0.1  2.0   0.1710    0.3016    0.0180
 3.00 12000.  0.1  2.0   0.1606    0.2963    0.0174
 3.50 12000.  0.1  2.0   0.1568    0.2926    0.0165
 4.00 12000.  0.1  2.0   0.1559    0.2903    0.0159
 4.50 12000.  0.1  2.0   0.1562    0.2883    0.0155
 5.00 12000.  0.1  2.0   0.1558    0.2869    0.0153
 2.50 12500.  0.1  2.0   0.1657    0.3005    0.0186
 3.00 12500.  0.1  2.0   0.1541    0.2927    0.0178
 3.50 12500.  0.1  2.0   0.1497    0.2873    0.0167
 4.00 12500.  0.1  2.0   0.1483    0.2848    0.0159
 4.50 12500.  0.1  2.0   0.1485    0.2834    0.0154
 5.00 12500.  0.1  2.0   0.1486    0.2824    0.0151
 2.50 13000.  0.1  2.0   0.1613    0.3002    0.0192
 3.00 13000.  0.1  2.0   0.1488    0.2900    0.0182
 3.50 13000.  0.1  2.0   0.1437    0.2828    0.0168
 4.00 13000.  0.1  2.0   0.1422    0.2790    0.0158
 4.50 13000.  0.1  2.0   0.1421    0.2775    0.0152
 5.00 13000.  0.1  2.0   0.1420    0.2773    0.0149
 2.00 14000.  0.1  2.0   0.1979    0.3052    0.0176
 2.50 14000.  0.1  2.0   0.1555    0.3007    0.0203
 3.00 14000.  0.1  2.0   0.1403    0.2867    0.0191
 3.50 14000.  0.1  2.0   0.1344    0.2757    0.0172
 4.00 14000.  0.1  2.0   0.1323    0.2693    0.0158
 4.50 14000.  0.1  2.0   0.1314    0.2668    0.0150
 5.00 14000.  0.1  2.0   0.1309    0.2668    0.0145
 2.50 15000.  0.1  2.0   0.1529    0.3020    0.0211
 3.00 15000.  0.1  2.0   0.1347    0.2850    0.0199
 3.50 15000.  0.1  2.0   0.1280    0.2705    0.0176
 4.00 15000.  0.1  2.0   0.1255    0.2612    0.0158
 4.50 15000.  0.1  2.0   0.1238    0.2574    0.0147
 5.00 15000.  0.1  2.0   0.1228    0.2565    0.0142
 2.50 16000.  0.1  2.0   0.1529    0.3039    0.0217
 3.00 16000.  0.1  2.0   0.1306    0.2850    0.0207
 3.50 16000.  0.1  2.0   0.1232    0.2672    0.0180
 4.00 16000.  0.1  2.0   0.1202    0.2555    0.0158
 4.50 16000.  0.1  2.0   0.1184    0.2496    0.0144
 5.00 16000.  0.1  2.0   0.1169    0.2477    0.0138
 2.50 17000.  0.1  2.0   0.1536    0.3084    0.0219
 3.00 17000.  0.1  2.0   0.1278    0.2861    0.0216
 3.50 17000.  0.1  2.0   0.1191    0.2655    0.0186
 4.00 17000.  0.1  2.0   0.1160    0.2514    0.0160
 4.50 17000.  0.1  2.0   0.1144    0.2434    0.0143
 5.00 17000.  0.1  2.0   0.1127    0.2401    0.0135
 2.50 18000.  0.1  2.0   0.1535    0.3163    0.0221
 3.00 18000.  0.1  2.0   0.1250    0.2896    0.0225
 3.50 18000.  0.1  2.0   0.1157    0.2651    0.0193
 4.00 18000.  0.1  2.0   0.1125    0.2484    0.0162
 4.50 18000.  0.1  2.0   0.1107    0.2388    0.0142
 5.00 18000.  0.1  2.0   0.1092    0.2342    0.0132
 2.50 19000.  0.1  2.0   0.1525    0.3261    0.0224
 3.00 19000.  0.1  2.0   0.1206    0.2964    0.0237
 3.50 19000.  0.1  2.0   0.1120    0.2670    0.0201
 4.00 19000.  0.1  2.0   0.1092    0.2469    0.0166
 4.50 19000.  0.1  2.0   0.1079    0.2351    0.0143
 5.00 19000.  0.1  2.0   0.1063    0.2294    0.0131
 3.00 20000.  0.1  2.0   0.1145    0.3055    0.0252
 3.50 20000.  0.1  2.0   0.1074    0.2710    0.0213
 4.00 20000.  0.1  2.0   0.1055    0.2472    0.0173
 4.50 20000.  0.1  2.0   0.1048    0.2331    0.0146
 5.00 20000.  0.1  2.0   0.1036    0.2259    0.0131
 3.00 21000.  0.1  2.0   0.1074    0.3152    0.0271
 3.50 21000.  0.1  2.0   0.1007    0.2777    0.0228
 4.00 21000.  0.1  2.0   0.1011    0.2495    0.0182
 4.50 21000.  0.1  2.0   0.1014    0.2326    0.0151
 5.00 21000.  0.1  2.0   0.1008    0.2237    0.0133
 3.00 22000.  0.1  2.0   0.1021    0.3230    0.0291
 3.50 22000.  0.1  2.0   0.0934    0.2846    0.0248
 4.00 22000.  0.1  2.0   0.0951    0.2541    0.0195
 4.50 22000.  0.1  2.0   0.0971    0.2341    0.0159
 5.00 22000.  0.1  2.0   0.0972    0.2234    0.0138
 3.00 23000.  0.1  2.0   0.1010    0.3283    0.0302
 3.50 23000.  0.1  2.0   0.0860    0.2909    0.0269
 4.00 23000.  0.1  2.0   0.0879    0.2594    0.0211
 4.50 23000.  0.1  2.0   0.0916    0.2373    0.0169
 5.00 23000.  0.1  2.0   0.0930    0.2247    0.0145
 3.00 24000.  0.1  2.0   0.1050    0.3322    0.0302
 3.50 24000.  0.1  2.0   0.0808    0.2953    0.0286
 4.00 24000.  0.1  2.0   0.0812    0.2636    0.0227
 4.50 24000.  0.1  2.0   0.0855    0.2411    0.0181
 5.00 24000.  0.1  2.0   0.0883    0.2271    0.0153
 3.00 25000.  0.1  2.0   0.1106    0.3372    0.0292
 3.50 25000.  0.1  2.0   0.0788    0.2985    0.0297
 4.00 25000.  0.1  2.0   0.0756    0.2665    0.0241
 4.50 25000.  0.1  2.0   0.0793    0.2442    0.0193
 5.00 25000.  0.1  2.0   0.0827    0.2300    0.0162
 3.00 26000.  0.1  2.0   0.1142    0.3443    0.0280
 3.50 26000.  0.1  2.0   0.0787    0.3022    0.0302
 4.00 26000.  0.1  2.0   0.0720    0.2685    0.0250
 4.50 26000.  0.1  2.0   0.0743    0.2458    0.0202
 5.00 26000.  0.1  2.0   0.0775    0.2320    0.0170
 3.50 27000.  0.1  2.0   0.0785    0.3074    0.0305
 4.00 27000.  0.1  2.0   0.0704    0.2703    0.0256
 4.50 27000.  0.1  2.0   0.0711    0.2462    0.0208
 5.00 27000.  0.1  2.0   0.0733    0.2326    0.0176
 3.50 28000.  0.1  2.0   0.0761    0.3143    0.0309
 4.00 28000.  0.1  2.0   0.0689    0.2732    0.0260
 4.50 28000.  0.1  2.0   0.0688    0.2469    0.0211
 5.00 28000.  0.1  2.0   0.0702    0.2321    0.0178
 3.50 29000.  0.1  2.0   0.0715    0.3221    0.0316
 4.00 29000.  0.1  2.0   0.0668    0.2767    0.0265
 4.50 29000.  0.1  2.0   0.0670    0.2477    0.0213
 5.00 29000.  0.1  2.0   0.0680    0.2313    0.0178
 3.50 30000.  0.1  2.0   0.0644    0.3318    0.0328
 4.00 30000.  0.1  2.0   0.0630    0.2805    0.0271
 4.50 30000.  0.1  2.0   0.0647    0.2489    0.0214
 5.00 30000.  0.1  2.0   0.0662    0.2304    0.0177
 3.50 31000.  0.1  2.0   0.0568    0.3421    0.0347
 4.00 31000.  0.1  2.0   0.0571    0.2850    0.0280
 4.50 31000.  0.1  2.0   0.0614    0.2498    0.0216
 5.00 31000.  0.1  2.0   0.0641    0.2292    0.0175
 4.00 32000.  0.1  2.0   0.0493    0.2907    0.0293
 4.50 32000.  0.1  2.0   0.0570    0.2506    0.0219
 5.00 32000.  0.1  2.0   0.0614    0.2275    0.0173
 4.00 33000.  0.1  2.0   0.0406    0.2969    0.0311
 4.50 33000.  0.1  2.0   0.0515    0.2515    0.0225
 5.00 33000.  0.1  2.0   0.0579    0.2257    0.0172
 4.00 34000.  0.1  2.0   0.0317    0.3027    0.0335
 4.50 34000.  0.1  2.0   0.0447    0.2533    0.0233
 5.00 34000.  0.1  2.0   0.0537    0.2239    0.0171
 4.00 35000.  0.1  2.0   0.0238    0.3072    0.0360
 4.50 35000.  0.1  2.0   0.0368    0.2555    0.0246
 5.00 35000.  0.1  2.0   0.0486    0.2225    0.0173
 4.50 37500.  0.1  2.0   0.0210    0.2554    0.0283
 5.00 37500.  0.1  2.0   0.0338    0.2184    0.0188
 4.50 40000.  0.1  2.0   0.0144    0.2545    0.0306
 5.00 40000.  0.1  2.0   0.0241    0.2113    0.0202
 5.00 42500.  0.1  2.0   0.0197    0.2085    0.0212
 5.00 45000.  0.1  2.0   0.0157    0.2102    0.0223
 5.00 47500.  0.1  2.0   0.0117    0.2126    0.0236
 5.00 50000.  0.1  2.0   0.0076    0.2158    0.0249
 0.00  3500.  0.2  2.0   0.9135   -0.0982    0.0157
 0.50  3500.  0.2  2.0   0.9084   -0.0994    0.0165
 1.00  3500.  0.2  2.0   0.8974   -0.0962    0.0168
 1.50  3500.  0.2  2.0   0.8831   -0.0901    0.0166
 2.00  3500.  0.2  2.0   0.8666   -0.0815    0.0159
 2.50  3500.  0.2  2.0   0.8484   -0.0700    0.0150
 3.00  3500.  0.2  2.0   0.8241   -0.0507    0.0135
 3.50  3500.  0.2  2.0   0.7447    0.0240    0.0107
 4.00  3500.  0.2  2.0   0.5863    0.1718    0.0085
 4.50  3500.  0.2  2.0   0.4510    0.2882    0.0104
 5.00  3500.  0.2  2.0   0.3798    0.3452    0.0126
 0.00  3750.  0.2  2.0   0.8592   -0.0493    0.0090
 0.50  3750.  0.2  2.0   0.8668   -0.0586    0.0093
 1.00  3750.  0.2  2.0   0.8714   -0.0677    0.0096
 1.50  3750.  0.2  2.0   0.8728   -0.0756    0.0098
 2.00  3750.  0.2  2.0   0.8709   -0.0814    0.0099
 2.50  3750.  0.2  2.0   0.8654   -0.0840    0.0099
 3.00  3750.  0.2  2.0   0.8547   -0.0815    0.0099
 3.50  3750.  0.2  2.0   0.8240   -0.0585    0.0092
 4.00  3750.  0.2  2.0   0.7061    0.0488    0.0079
 4.50  3750.  0.2  2.0   0.5103    0.2246    0.0088
 5.00  3750.  0.2  2.0   0.3681    0.3384    0.0140
 0.00  4000.  0.2  2.0   0.7926    0.0029    0.0076
 0.50  4000.  0.2  2.0   0.7981   -0.0006    0.0081
 1.00  4000.  0.2  2.0   0.8023   -0.0051    0.0082
 1.50  4000.  0.2  2.0   0.8055   -0.0106    0.0081
 2.00  4000.  0.2  2.0   0.8090   -0.0182    0.0076
 2.50  4000.  0.2  2.0   0.8118   -0.0264    0.0071
 3.00  4000.  0.2  2.0   0.8126   -0.0339    0.0066
 3.50  4000.  0.2  2.0   0.8089   -0.0380    0.0062
 4.00  4000.  0.2  2.0   0.7758   -0.0140    0.0057
 4.50  4000.  0.2  2.0   0.6390    0.1059    0.0064
 5.00  4000.  0.2  2.0   0.4453    0.2692    0.0118
 0.00  4250.  0.2  2.0   0.7333    0.0423    0.0062
 0.50  4250.  0.2  2.0   0.7376    0.0419    0.0068
 1.00  4250.  0.2  2.0   0.7396    0.0412    0.0072
 1.50  4250.  0.2  2.0   0.7432    0.0369    0.0074
 2.00  4250.  0.2  2.0   0.7466    0.0317    0.0074
 2.50  4250.  0.2  2.0   0.7488    0.0270    0.0072
 3.00  4250.  0.2  2.0   0.7504    0.0221    0.0068
 3.50  4250.  0.2  2.0   0.7516    0.0166    0.0062
 4.00  4250.  0.2  2.0   0.7492    0.0136    0.0056
 4.50  4250.  0.2  2.0   0.7169    0.0380    0.0051
 5.00  4250.  0.2  2.0   0.5891    0.1467    0.0074
 0.00  4500.  0.2  2.0   0.6789    0.0746    0.0053
 0.50  4500.  0.2  2.0   0.6803    0.0788    0.0059
 1.00  4500.  0.2  2.0   0.6814    0.0805    0.0063
 1.50  4500.  0.2  2.0   0.6846    0.0781    0.0064
 2.00  4500.  0.2  2.0   0.6893    0.0726    0.0063
 2.50  4500.  0.2  2.0   0.6922    0.0680    0.0061
 3.00  4500.  0.2  2.0   0.6952    0.0627    0.0058
 3.50  4500.  0.2  2.0   0.6978    0.0574    0.0056
 4.00  4500.  0.2  2.0   0.6985    0.0535    0.0054
 4.50  4500.  0.2  2.0   0.6965    0.0521    0.0050
 5.00  4500.  0.2  2.0   0.6686    0.0750    0.0049
 0.00  4750.  0.2  2.0   0.6220    0.1099    0.0047
 0.50  4750.  0.2  2.0   0.6234    0.1149    0.0053
 1.00  4750.  0.2  2.0   0.6243    0.1178    0.0058
 1.50  4750.  0.2  2.0   0.6270    0.1172    0.0060
 2.00  4750.  0.2  2.0   0.6311    0.1137    0.0060
 2.50  4750.  0.2  2.0   0.6335    0.1109    0.0057
 3.00  4750.  0.2  2.0   0.6392    0.1041    0.0054
 3.50  4750.  0.2  2.0   0.6438    0.0977    0.0051
 4.00  4750.  0.2  2.0   0.6469    0.0924    0.0048
 4.50  4750.  0.2  2.0   0.6480    0.0889    0.0045
 5.00  4750.  0.2  2.0   0.6467    0.0879    0.0042
 0.00  5000.  0.2  2.0   0.5634    0.1460    0.0050
 0.50  5000.  0.2  2.0   0.5655    0.1513    0.0056
 1.00  5000.  0.2  2.0   0.5684    0.1540    0.0058
 1.50  5000.  0.2  2.0   0.5671    0.1578    0.0060
 2.00  5000.  0.2  2.0   0.5719    0.1547    0.0059
 2.50  5000.  0.2  2.0   0.5747    0.1525    0.0058
 3.00  5000.  0.2  2.0   0.5810    0.1463    0.0055
 3.50  5000.  0.2  2.0   0.5861    0.1407    0.0052
 4.00  5000.  0.2  2.0   0.5916    0.1345    0.0049
 4.50  5000.  0.2  2.0   0.5949    0.1300    0.0045
 5.00  5000.  0.2  2.0   0.5966    0.1269    0.0042
 0.00  5250.  0.2  2.0   0.5045    0.1800    0.0059
 0.50  5250.  0.2  2.0   0.5060    0.1871    0.0067
 1.00  5250.  0.2  2.0   0.5097    0.1909    0.0066
 1.50  5250.  0.2  2.0   0.5083    0.1958    0.0068
 2.00  5250.  0.2  2.0   0.5116    0.1954    0.0064
 2.50  5250.  0.2  2.0   0.5167    0.1920    0.0060
 3.00  5250.  0.2  2.0   0.5241    0.1855    0.0057
 3.50  5250.  0.2  2.0   0.5304    0.1797    0.0055
 4.00  5250.  0.2  2.0   0.5364    0.1742    0.0052
 4.50  5250.  0.2  2.0   0.5419    0.1689    0.0049
 5.00  5250.  0.2  2.0   0.5427    0.1681    0.0046
 0.00  5500.  0.2  2.0   0.5492    0.1198    0.0058
 0.50  5500.  0.2  2.0   0.4534    0.2161    0.0081
 1.00  5500.  0.2  2.0   0.4566    0.2203    0.0084
 1.50  5500.  0.2  2.0   0.4558    0.2258    0.0085
 2.00  5500.  0.2  2.0   0.4574    0.2285    0.0079
 2.50  5500.  0.2  2.0   0.4617    0.2271    0.0071
 3.00  5500.  0.2  2.0   0.4672    0.2236    0.0064
 3.50  5500.  0.2  2.0   0.4753    0.2171    0.0059
 4.00  5500.  0.2  2.0   0.4834    0.2101    0.0056
 4.50  5500.  0.2  2.0   0.4880    0.2064    0.0054
 5.00  5500.  0.2  2.0   0.4906    0.2048    0.0052
 0.00  5750.  0.2  2.0   0.5441    0.1187    0.0039
 0.50  5750.  0.2  2.0   0.5073    0.1508    0.0075
 1.00  5750.  0.2  2.0   0.4072    0.2467    0.0108
 1.50  5750.  0.2  2.0   0.4082    0.2511    0.0110
 2.00  5750.  0.2  2.0   0.4090    0.2550    0.0103
 2.50  5750.  0.2  2.0   0.4120    0.2563    0.0091
 3.00  5750.  0.2  2.0   0.4163    0.2550    0.0080
 3.50  5750.  0.2  2.0   0.4246    0.2496    0.0070
 4.00  5750.  0.2  2.0   0.4330    0.2429    0.0064
 4.50  5750.  0.2  2.0   0.4381    0.2390    0.0061
 5.00  5750.  0.2  2.0   0.4404    0.2380    0.0059
 0.00  6000.  0.2  2.0   0.5367    0.1220    0.0027
 0.50  6000.  0.2  2.0   0.5111    0.1461    0.0046
 1.00  6000.  0.2  2.0   0.4692    0.1783    0.0092
 1.50  6000.  0.2  2.0   0.3663    0.2719    0.0143
 2.00  6000.  0.2  2.0   0.3682    0.2765    0.0126
 2.50  6000.  0.2  2.0   0.3697    0.2790    0.0115
 3.00  6000.  0.2  2.0   0.3732    0.2789    0.0102
 3.50  6000.  0.2  2.0   0.3792    0.2763    0.0088
 4.00  6000.  0.2  2.0   0.3865    0.2712    0.0078
 4.50  6000.  0.2  2.0   0.3913    0.2682    0.0073
 5.00  6000.  0.2  2.0   0.3951    0.2659    0.0069
 0.50  6250.  0.2  2.0   0.5064    0.1499    0.0032
 1.00  6250.  0.2  2.0   0.4761    0.1748    0.0055
 1.50  6250.  0.2  2.0   0.4360    0.1999    0.0108
 2.00  6250.  0.2  2.0   0.3418    0.2840    0.0158
 2.50  6250.  0.2  2.0   0.3341    0.2970    0.0141
 3.00  6250.  0.2  2.0   0.3370    0.2975    0.0126
 3.50  6250.  0.2  2.0   0.3409    0.2961    0.0111
 4.00  6250.  0.2  2.0   0.3455    0.2939    0.0098
 4.50  6250.  0.2  2.0   0.3516    0.2903    0.0088
 5.00  6250.  0.2  2.0   0.3540    0.2891    0.0084
 0.50  6500.  0.2  2.0   0.4924    0.1578    0.0029
 1.00  6500.  0.2  2.0   0.4736    0.1782    0.0038
 1.50  6500.  0.2  2.0   0.4392    0.2041    0.0065
 2.00  6500.  0.2  2.0   0.3966    0.2266    0.0129
 2.50  6500.  0.2  2.0   0.3128    0.3019    0.0172
 3.00  6500.  0.2  2.0   0.3058    0.3129    0.0149
 3.50  6500.  0.2  2.0   0.3097    0.3115    0.0132
 4.00  6500.  0.2  2.0   0.3138    0.3095    0.0117
 4.50  6500.  0.2  2.0   0.3180    0.3069    0.0106
 5.00  6500.  0.2  2.0   0.3190    0.3066    0.0101
 0.50  6750.  0.2  2.0   0.4618    0.1817    0.0029
 1.00  6750.  0.2  2.0   0.4609    0.1858    0.0036
 1.50  6750.  0.2  2.0   0.4388    0.2067    0.0046
 2.00  6750.  0.2  2.0   0.4009    0.2322    0.0078
 2.50  6750.  0.2  2.0   0.3508    0.2589    0.0153
 3.00  6750.  0.2  2.0   0.2814    0.3234    0.0172
 3.50  6750.  0.2  2.0   0.2828    0.3249    0.0151
 4.00  6750.  0.2  2.0   0.2868    0.3221    0.0135
 4.50  6750.  0.2  2.0   0.2894    0.3203    0.0124
 5.00  6750.  0.2  2.0   0.2904    0.3194    0.0117
 0.50  7000.  0.2  2.0   0.4311    0.2054    0.0031
 1.00  7000.  0.2  2.0   0.4285    0.2107    0.0039
 1.50  7000.  0.2  2.0   0.4282    0.2124    0.0045
 2.00  7000.  0.2  2.0   0.4036    0.2334    0.0055
 2.50  7000.  0.2  2.0   0.3621    0.2589    0.0094
 3.00  7000.  0.2  2.0   0.3078    0.2873    0.0177
 3.50  7000.  0.2  2.0   0.2621    0.3343    0.0165
 4.00  7000.  0.2  2.0   0.2637    0.3330    0.0151
 4.50  7000.  0.2  2.0   0.2661    0.3302    0.0140
 5.00  7000.  0.2  2.0   0.2671    0.3291    0.0131
 0.50  7250.  0.2  2.0   0.4023    0.2259    0.0035
 1.00  7250.  0.2  2.0   0.3968    0.2338    0.0045
 1.50  7250.  0.2  2.0   0.3954    0.2365    0.0052
 2.00  7250.  0.2  2.0   0.3962    0.2358    0.0054
 2.50  7250.  0.2  2.0   0.3696    0.2566    0.0066
 3.00  7250.  0.2  2.0   0.3230    0.2846    0.0111
 3.50  7250.  0.2  2.0   0.2628    0.3200    0.0193
 4.00  7250.  0.2  2.0   0.2449    0.3419    0.0162
 4.50  7250.  0.2  2.0   0.2444    0.3402    0.0156
 5.00  7250.  0.2  2.0   0.2466    0.3378    0.0143
 0.50  7500.  0.2  2.0   0.3730    0.2433    0.0045
 1.00  7500.  0.2  2.0   0.3679    0.2518    0.0055
 1.50  7500.  0.2  2.0   0.3628    0.2583    0.0064
 2.00  7500.  0.2  2.0   0.3634    0.2580    0.0067
 2.50  7500.  0.2  2.0   0.3655    0.2553    0.0065
 3.00  7500.  0.2  2.0   0.3344    0.2786    0.0077
 3.50  7500.  0.2  2.0   0.2863    0.3056    0.0132
 4.00  7500.  0.2  2.0   0.2274    0.3436    0.0200
 4.50  7500.  0.2  2.0   0.2259    0.3490    0.0167
 5.00  7500.  0.2  2.0   0.2269    0.3465    0.0157
 1.00  7750.  0.2  2.0   0.3455    0.2622    0.0065
 1.50  7750.  0.2  2.0   0.3339    0.2739    0.0079
 2.00  7750.  0.2  2.0   0.3296    0.2781    0.0085
 2.50  7750.  0.2  2.0   0.3312    0.2763    0.0084
 3.00  7750.  0.2  2.0   0.3328    0.2738    0.0078
 3.50  7750.  0.2  2.0   0.2979    0.2997    0.0093
 4.00  7750.  0.2  2.0   0.2447    0.3332    0.0150
 4.50  7750.  0.2  2.0   0.2092    0.3546    0.0185
 5.00  7750.  0.2  2.0   0.2105    0.3540    0.0166
 1.00  8000.  0.2  2.0   0.3313    0.2644    0.0070
 1.50  8000.  0.2  2.0   0.3142    0.2804    0.0089
 2.00  8000.  0.2  2.0   0.3050    0.2883    0.0101
 2.50  8000.  0.2  2.0   0.3029    0.2899    0.0103
 3.00  8000.  0.2  2.0   0.3049    0.2876    0.0098
 3.50  8000.  0.2  2.0   0.3037    0.2881    0.0090
 4.00  8000.  0.2  2.0   0.2624    0.3196    0.0108
 4.50  8000.  0.2  2.0   0.2114    0.3518    0.0165
 5.00  8000.  0.2  2.0   0.1920    0.3605    0.0188
 1.00  8250.  0.2  2.0   0.3260    0.2593    0.0073
 1.50  8250.  0.2  2.0   0.3019    0.2812    0.0092
 2.00  8250.  0.2  2.0   0.2879    0.2913    0.0110
 2.50  8250.  0.2  2.0   0.2809    0.2962    0.0118
 3.00  8250.  0.2  2.0   0.2804    0.2963    0.0117
 3.50  8250.  0.2  2.0   0.2827    0.2940    0.0110
 4.00  8250.  0.2  2.0   0.2764    0.2999    0.0100
 4.50  8250.  0.2  2.0   0.2285    0.3359    0.0130
 5.00  8250.  0.2  2.0   0.1888    0.3618    0.0172
 1.00  8500.  0.2  2.0   0.3280    0.2511    0.0071
 1.50  8500.  0.2  2.0   0.2939    0.2805    0.0094
 2.00  8500.  0.2  2.0   0.2770    0.2908    0.0113
 2.50  8500.  0.2  2.0   0.2673    0.2956    0.0124
 3.00  8500.  0.2  2.0   0.2624    0.2983    0.0128
 3.50  8500.  0.2  2.0   0.2619    0.2984    0.0125
 4.00  8500.  0.2  2.0   0.2636    0.2969    0.0117
 4.50  8500.  0.2  2.0   0.2473    0.3126    0.0112
 5.00  8500.  0.2  2.0   0.1957    0.3516    0.0152
 1.50  8750.  0.2  2.0   0.2877    0.2804    0.0094
 2.00  8750.  0.2  2.0   0.2672    0.2922    0.0114
 2.50  8750.  0.2  2.0   0.2560    0.2960    0.0126
 3.00  8750.  0.2  2.0   0.2501    0.2973    0.0132
 3.50  8750.  0.2  2.0   0.2471    0.2978    0.0133
 4.00  8750.  0.2  2.0   0.2466    0.2978    0.0129
 4.50  8750.  0.2  2.0   0.2460    0.2988    0.0123
 5.00  8750.  0.2  2.0   0.2174    0.3266    0.0123
 1.50  9000.  0.2  2.0   0.2819    0.2815    0.0095
 2.00  9000.  0.2  2.0   0.2590    0.2940    0.0116
 2.50  9000.  0.2  2.0   0.2463    0.2978    0.0129
 3.00  9000.  0.2  2.0   0.2394    0.2979    0.0135
 3.50  9000.  0.2  2.0   0.2351    0.2976    0.0136
 4.00  9000.  0.2  2.0   0.2338    0.2966    0.0135
 4.50  9000.  0.2  2.0   0.2340    0.2958    0.0131
 5.00  9000.  0.2  2.0   0.2361    0.2940    0.0124
 2.00  9250.  0.2  2.0   0.2507    0.2968    0.0118
 2.50  9250.  0.2  2.0   0.2377    0.2999    0.0131
 3.00  9250.  0.2  2.0   0.2305    0.2992    0.0137
 3.50  9250.  0.2  2.0   0.2261    0.2976    0.0140
 4.00  9250.  0.2  2.0   0.2233    0.2962    0.0139
 4.50  9250.  0.2  2.0   0.2216    0.2954    0.0136
 5.00  9250.  0.2  2.0   0.2218    0.2942    0.0132
 2.00  9500.  0.2  2.0   0.2431    0.2990    0.0122
 2.50  9500.  0.2  2.0   0.2295    0.3022    0.0135
 3.00  9500.  0.2  2.0   0.2226    0.3006    0.0141
 3.50  9500.  0.2  2.0   0.2179    0.2985    0.0143
 4.00  9500.  0.2  2.0   0.2146    0.2966    0.0142
 4.50  9500.  0.2  2.0   0.2126    0.2946    0.0140
 5.00  9500.  0.2  2.0   0.2106    0.2939    0.0136
 2.00  9750.  0.2  2.0   0.2353    0.3013    0.0127
 2.50  9750.  0.2  2.0   0.2215    0.3041    0.0139
 3.00  9750.  0.2  2.0   0.2148    0.3022    0.0144
 3.50  9750.  0.2  2.0   0.2104    0.2996    0.0146
 4.00  9750.  0.2  2.0   0.2073    0.2970    0.0145
 4.50  9750.  0.2  2.0   0.2045    0.2950    0.0143
 5.00  9750.  0.2  2.0   0.2026    0.2929    0.0141
 2.00 10000.  0.2  2.0   0.2280    0.3030    0.0133
 2.50 10000.  0.2  2.0   0.2133    0.3061    0.0144
 3.00 10000.  0.2  2.0   0.2067    0.3041    0.0148
 3.50 10000.  0.2  2.0   0.2035    0.3004    0.0149
 4.00 10000.  0.2  2.0   0.2007    0.2975    0.0148
 4.50 10000.  0.2  2.0   0.1980    0.2950    0.0147
 5.00 10000.  0.2  2.0   0.1955    0.2929    0.0145
 2.00 10500.  0.2  2.0   0.2156    0.3046    0.0146
 2.50 10500.  0.2  2.0   0.1990    0.3074    0.0156
 3.00 10500.  0.2  2.0   0.1922    0.3056    0.0156
 3.50 10500.  0.2  2.0   0.1895    0.3021    0.0154
 4.00 10500.  0.2  2.0   0.1880    0.2983    0.0153
 4.50 10500.  0.2  2.0   0.1856    0.2957    0.0151
 5.00 10500.  0.2  2.0   0.1835    0.2928    0.0151
 2.50 11000.  0.2  2.0   0.1871    0.3065    0.0166
 3.00 11000.  0.2  2.0   0.1792    0.3048    0.0165
 3.50 11000.  0.2  2.0   0.1767    0.3017    0.0161
 4.00 11000.  0.2  2.0   0.1760    0.2981    0.0157
 4.50 11000.  0.2  2.0   0.1751    0.2951    0.0154
 5.00 11000.  0.2  2.0   0.1730    0.2927    0.0153
 2.50 11500.  0.2  2.0   0.1777    0.3046    0.0175
 3.00 11500.  0.2  2.0   0.1685    0.3017    0.0172
 3.50 11500.  0.2  2.0   0.1657    0.2986    0.0166
 4.00 11500.  0.2  2.0   0.1652    0.2959    0.0160
 4.50 11500.  0.2  2.0   0.1650    0.2934    0.0156
 5.00 11500.  0.2  2.0   0.1642    0.2909    0.0155
 2.50 12000.  0.2  2.0   0.1708    0.3025    0.0182
 3.00 12000.  0.2  2.0   0.1601    0.2977    0.0176
 3.50 12000.  0.2  2.0   0.1566    0.2939    0.0169
 4.00 12000.  0.2  2.0   0.1558    0.2916    0.0162
 4.50 12000.  0.2  2.0   0.1556    0.2902    0.0157
 5.00 12000.  0.2  2.0   0.1556    0.2882    0.0155
 2.50 12500.  0.2  2.0   0.1656    0.3013    0.0188
 3.00 12500.  0.2  2.0   0.1537    0.2939    0.0180
 3.50 12500.  0.2  2.0   0.1493    0.2886    0.0170
 4.00 12500.  0.2  2.0   0.1481    0.2860    0.0162
 4.50 12500.  0.2  2.0   0.1479    0.2850    0.0157
 5.00 12500.  0.2  2.0   0.1478    0.2842    0.0154
 2.50 13000.  0.2  2.0   0.1615    0.3008    0.0194
 3.00 13000.  0.2  2.0   0.1485    0.2910    0.0184
 3.50 13000.  0.2  2.0   0.1435    0.2837    0.0171
 4.00 13000.  0.2  2.0   0.1417    0.2802    0.0161
 4.50 13000.  0.2  2.0   0.1412    0.2792    0.0155
 5.00 13000.  0.2  2.0   0.1410    0.2792    0.0152
 2.50 14000.  0.2  2.0   0.1557    0.3013    0.0205
 3.00 14000.  0.2  2.0   0.1402    0.2874    0.0194
 3.50 14000.  0.2  2.0   0.1341    0.2765    0.0175
 4.00 14000.  0.2  2.0   0.1317    0.2702    0.0161
 4.50 14000.  0.2  2.0   0.1305    0.2680    0.0153
 5.00 14000.  0.2  2.0   0.1302    0.2678    0.0148
 2.50 15000.  0.2  2.0   0.1533    0.3024    0.0213
 3.00 15000.  0.2  2.0   0.1344    0.2859    0.0202
 3.50 15000.  0.2  2.0   0.1273    0.2715    0.0179
 4.00 15000.  0.2  2.0   0.1247    0.2622    0.0161
 4.50 15000.  0.2  2.0   0.1232    0.2580    0.0150
 5.00 15000.  0.2  2.0   0.1220    0.2572    0.0144
 2.50 16000.  0.2  2.0   0.1535    0.3045    0.0218
 3.00 16000.  0.2  2.0   0.1304    0.2858    0.0210
 3.50 16000.  0.2  2.0   0.1223    0.2683    0.0183
 4.00 16000.  0.2  2.0   0.1193    0.2565    0.0161
 4.50 16000.  0.2  2.0   0.1176    0.2503    0.0147
 5.00 16000.  0.2  2.0   0.1163    0.2480    0.0141
 2.50 17000.  0.2  2.0   0.1545    0.3090    0.0219
 3.00 17000.  0.2  2.0   0.1279    0.2869    0.0219
 3.50 17000.  0.2  2.0   0.1186    0.2664    0.0189
 4.00 17000.  0.2  2.0   0.1153    0.2521    0.0163
 4.50 17000.  0.2  2.0   0.1137    0.2439    0.0146
 5.00 17000.  0.2  2.0   0.1120    0.2405    0.0137
 2.50 18000.  0.2  2.0   0.1543    0.3172    0.0221
 3.00 18000.  0.2  2.0   0.1250    0.2908    0.0227
 3.50 18000.  0.2  2.0   0.1153    0.2662    0.0196
 4.00 18000.  0.2  2.0   0.1119    0.2491    0.0165
 4.50 18000.  0.2  2.0   0.1102    0.2391    0.0146
 5.00 18000.  0.2  2.0   0.1087    0.2344    0.0135
 2.50 19000.  0.2  2.0   0.1531    0.3275    0.0223
 3.00 19000.  0.2  2.0   0.1208    0.2977    0.0238
 3.50 19000.  0.2  2.0   0.1119    0.2680    0.0204
 4.00 19000.  0.2  2.0   0.1086    0.2478    0.0170
 4.50 19000.  0.2  2.0   0.1070    0.2359    0.0146
 5.00 19000.  0.2  2.0   0.1057    0.2297    0.0134
 3.00 20000.  0.2  2.0   0.1144    0.3073    0.0254
 3.50 20000.  0.2  2.0   0.1071    0.2726    0.0216
 4.00 20000.  0.2  2.0   0.1052    0.2482    0.0176
 4.50 20000.  0.2  2.0   0.1040    0.2340    0.0149
 5.00 20000.  0.2  2.0   0.1030    0.2263    0.0134
 3.00 21000.  0.2  2.0   0.1073    0.3171    0.0274
 3.50 21000.  0.2  2.0   0.1005    0.2794    0.0232
 4.00 21000.  0.2  2.0   0.1004    0.2513    0.0185
 4.50 21000.  0.2  2.0   0.1007    0.2338    0.0154
 5.00 21000.  0.2  2.0   0.1004    0.2241    0.0136
 3.00 22000.  0.2  2.0   0.1021    0.3248    0.0293
 3.50 22000.  0.2  2.0   0.0926    0.2869    0.0252
 4.00 22000.  0.2  2.0   0.0944    0.2560    0.0198
 4.50 22000.  0.2  2.0   0.0963    0.2357    0.0162
 5.00 22000.  0.2  2.0   0.0971    0.2240    0.0141
 3.00 23000.  0.2  2.0   0.1018    0.3296    0.0303
 3.50 23000.  0.2  2.0   0.0855    0.2928    0.0273
 4.00 23000.  0.2  2.0   0.0873    0.2613    0.0214
 4.50 23000.  0.2  2.0   0.0909    0.2390    0.0172
 5.00 23000.  0.2  2.0   0.0931    0.2253    0.0148
 3.00 24000.  0.2  2.0   0.1062    0.3334    0.0301
 3.50 24000.  0.2  2.0   0.0807    0.2969    0.0290
 4.00 24000.  0.2  2.0   0.0806    0.2655    0.0231
 4.50 24000.  0.2  2.0   0.0848    0.2428    0.0184
 5.00 24000.  0.2  2.0   0.0879    0.2283    0.0156
 3.00 25000.  0.2  2.0   0.1118    0.3387    0.0290
 3.50 25000.  0.2  2.0   0.0788    0.3001    0.0299
 4.00 25000.  0.2  2.0   0.0753    0.2680    0.0244
 4.50 25000.  0.2  2.0   0.0789    0.2456    0.0196
 5.00 25000.  0.2  2.0   0.0825    0.2311    0.0165
 3.50 26000.  0.2  2.0   0.0791    0.3035    0.0304
 4.00 26000.  0.2  2.0   0.0723    0.2694    0.0253
 4.50 26000.  0.2  2.0   0.0741    0.2470    0.0205
 5.00 26000.  0.2  2.0   0.0775    0.2328    0.0173
 3.50 27000.  0.2  2.0   0.0791    0.3087    0.0306
 4.00 27000.  0.2  2.0   0.0706    0.2714    0.0258
 4.50 27000.  0.2  2.0   0.0708    0.2473    0.0210
 5.00 27000.  0.2  2.0   0.0730    0.2335    0.0178
 3.50 28000.  0.2  2.0   0.0764    0.3160    0.0309
 4.00 28000.  0.2  2.0   0.0691    0.2743    0.0262
 4.50 28000.  0.2  2.0   0.0688    0.2478    0.0213
 5.00 28000.  0.2  2.0   0.0699    0.2330    0.0180
 3.50 29000.  0.2  2.0   0.0716    0.3240    0.0317
 4.00 29000.  0.2  2.0   0.0669    0.2779    0.0266
 4.50 29000.  0.2  2.0   0.0667    0.2489    0.0214
 5.00 29000.  0.2  2.0   0.0679    0.2320    0.0180
 3.50 30000.  0.2  2.0   0.0648    0.3336    0.0329
 4.00 30000.  0.2  2.0   0.0629    0.2820    0.0273
 4.50 30000.  0.2  2.0   0.0645    0.2500    0.0216
 5.00 30000.  0.2  2.0   0.0660    0.2312    0.0178
 4.00 31000.  0.2  2.0   0.0569    0.2866    0.0282
 4.50 31000.  0.2  2.0   0.0614    0.2508    0.0218
 5.00 31000.  0.2  2.0   0.0643    0.2297    0.0177
 4.00 32000.  0.2  2.0   0.0490    0.2926    0.0295
 4.50 32000.  0.2  2.0   0.0569    0.2518    0.0222
 5.00 32000.  0.2  2.0   0.0615    0.2282    0.0175
 4.00 33000.  0.2  2.0   0.0400    0.2992    0.0314
 4.50 33000.  0.2  2.0   0.0514    0.2530    0.0227
 5.00 33000.  0.2  2.0   0.0578    0.2267    0.0174
 4.00 34000.  0.2  2.0   0.0313    0.3049    0.0339
 4.50 34000.  0.2  2.0   0.0443    0.2551    0.0237
 5.00 34000.  0.2  2.0   0.0535    0.2251    0.0174
 4.00 35000.  0.2  2.0   0.0239    0.3092    0.0364
 4.50 35000.  0.2  2.0   0.0362    0.2575    0.0250
 5.00 35000.  0.2  2.0   0.0483    0.2240    0.0177
 4.50 37500.  0.2  2.0   0.0213    0.2569    0.0287
 5.00 37500.  0.2  2.0   0.0334    0.2204    0.0192
 4.50 40000.  0.2  2.0   0.0147    0.2567    0.0309
 5.00 40000.  0.2  2.0   0.0243    0.2132    0.0206
 5.00 42500.  0.2  2.0   0.0201    0.2106    0.0215
 5.00 45000.  0.2  2.0   0.0164    0.2123    0.0227
 5.00 47500.  0.2  2.0   0.0122    0.2152    0.0239
 5.00 50000.  0.2  2.0   0.0080    0.2184    0.0253
 0.00  3500.  0.3  2.0   0.9132   -0.0952    0.0163
 0.50  3500.  0.3  2.0   0.9055   -0.0949    0.0171
 1.00  3500.  0.3  2.0   0.8922   -0.0901    0.0173
 1.50  3500.  0.3  2.0   0.8765   -0.0831    0.0170
 2.00  3500.  0.3  2.0   0.8591   -0.0737    0.0162
 2.50  3500.  0.3  2.0   0.8404   -0.0620    0.0151
 3.00  3500.  0.3  2.0   0.8186   -0.0452    0.0138
 3.50  3500.  0.3  2.0   0.7635    0.0058    0.0116
 4.00  3500.  0.3  2.0   0.6156    0.1441    0.0092
 4.50  3500.  0.3  2.0   0.4791    0.2649    0.0099
 5.00  3500.  0.3  2.0   0.3977    0.3314    0.0120
 0.00  3750.  0.3  2.0   0.8617   -0.0471    0.0094
 0.50  3750.  0.3  2.0   0.8692   -0.0578    0.0098
 1.00  3750.  0.3  2.0   0.8730   -0.0673    0.0102
 1.50  3750.  0.3  2.0   0.8737   -0.0754    0.0105
 2.00  3750.  0.3  2.0   0.8709   -0.0809    0.0106
 2.50  3750.  0.3  2.0   0.8642   -0.0828    0.0107
 3.00  3750.  0.3  2.0   0.8527   -0.0796    0.0106
 3.50  3750.  0.3  2.0   0.8271   -0.0616    0.0100
 4.00  3750.  0.3  2.0   0.7429    0.0143    0.0084
 4.50  3750.  0.3  2.0   0.5607    0.1796    0.0081
 5.00  3750.  0.3  2.0   0.4055    0.3100    0.0119
 0.00  4000.  0.3  2.0   0.7938    0.0078    0.0082
 0.50  4000.  0.3  2.0   0.7998    0.0028    0.0086
 1.00  4000.  0.3  2.0   0.8044   -0.0030    0.0087
 1.50  4000.  0.3  2.0   0.8082   -0.0103    0.0085
 2.00  4000.  0.3  2.0   0.8122   -0.0193    0.0080
 2.50  4000.  0.3  2.0   0.8149   -0.0282    0.0074
 3.00  4000.  0.3  2.0   0.8159   -0.0365    0.0069
 3.50  4000.  0.3  2.0   0.8122   -0.0411    0.0066
 4.00  4000.  0.3  2.0   0.7864   -0.0242    0.0060
 4.50  4000.  0.3  2.0   0.6725    0.0748    0.0063
 5.00  4000.  0.3  2.0   0.4905    0.2319    0.0095
 0.00  4250.  0.3  2.0   0.7351    0.0467    0.0070
 0.50  4250.  0.3  2.0   0.7395    0.0455    0.0076
 1.00  4250.  0.3  2.0   0.7413    0.0442    0.0080
 1.50  4250.  0.3  2.0   0.7458    0.0385    0.0082
 2.00  4250.  0.3  2.0   0.7489    0.0330    0.0080
 2.50  4250.  0.3  2.0   0.7513    0.0275    0.0077
 3.00  4250.  0.3  2.0   0.7536    0.0215    0.0071
 3.50  4250.  0.3  2.0   0.7551    0.0151    0.0065
 4.00  4250.  0.3  2.0   0.7538    0.0106    0.0058
 4.50  4250.  0.3  2.0   0.7272    0.0294    0.0052
 5.00  4250.  0.3  2.0   0.6173    0.1232    0.0063
 0.00  4500.  0.3  2.0   0.6797    0.0795    0.0059
 0.50  4500.  0.3  2.0   0.6841    0.0802    0.0066
 1.00  4500.  0.3  2.0   0.6845    0.0820    0.0070
 1.50  4500.  0.3  2.0   0.6885    0.0782    0.0071
 2.00  4500.  0.3  2.0   0.6915    0.0742    0.0069
 2.50  4500.  0.3  2.0   0.6953    0.0682    0.0067
 3.00  4500.  0.3  2.0   0.6989    0.0621    0.0064
 3.50  4500.  0.3  2.0   0.7016    0.0565    0.0062
 4.00  4500.  0.3  2.0   0.7022    0.0525    0.0058
 4.50  4500.  0.3  2.0   0.7009    0.0499    0.0054
 5.00  4500.  0.3  2.0   0.6762    0.0692    0.0051
 0.00  4750.  0.3  2.0   0.6254    0.1120    0.0052
 0.50  4750.  0.3  2.0   0.6286    0.1150    0.0058
 1.00  4750.  0.3  2.0   0.6287    0.1180    0.0064
 1.50  4750.  0.3  2.0   0.6302    0.1182    0.0065
 2.00  4750.  0.3  2.0   0.6338    0.1148    0.0065
 2.50  4750.  0.3  2.0   0.6386    0.1092    0.0062
 3.00  4750.  0.3  2.0   0.6442    0.1022    0.0059
 3.50  4750.  0.3  2.0   0.6483    0.0961    0.0055
 4.00  4750.  0.3  2.0   0.6518    0.0902    0.0052
 4.50  4750.  0.3  2.0   0.6528    0.0865    0.0049
 5.00  4750.  0.3  2.0   0.6522    0.0846    0.0046
 0.00  5000.  0.3  2.0   0.5651    0.1500    0.0054
 0.50  5000.  0.3  2.0   0.5694    0.1533    0.0059
 1.00  5000.  0.3  2.0   0.5714    0.1557    0.0064
 1.50  5000.  0.3  2.0   0.5744    0.1553    0.0064
 2.00  5000.  0.3  2.0   0.5766    0.1541    0.0064
 2.50  5000.  0.3  2.0   0.5823    0.1487    0.0062
 3.00  5000.  0.3  2.0   0.5882    0.1426    0.0060
 3.50  5000.  0.3  2.0   0.5926    0.1375    0.0056
 4.00  5000.  0.3  2.0   0.5983    0.1308    0.0053
 4.50  5000.  0.3  2.0   0.6015    0.1261    0.0049
 5.00  5000.  0.3  2.0   0.6032    0.1227    0.0045
 0.00  5250.  0.3  2.0   0.5057    0.1851    0.0063
 0.50  5250.  0.3  2.0   0.5102    0.1897    0.0068
 1.00  5250.  0.3  2.0   0.5122    0.1932    0.0072
 1.50  5250.  0.3  2.0   0.5143    0.1952    0.0070
 2.00  5250.  0.3  2.0   0.5178    0.1938    0.0068
 2.50  5250.  0.3  2.0   0.5242    0.1889    0.0064
 3.00  5250.  0.3  2.0   0.5308    0.1830    0.0061
 3.50  5250.  0.3  2.0   0.5381    0.1759    0.0058
 4.00  5250.  0.3  2.0   0.5447    0.1694    0.0056
 4.50  5250.  0.3  2.0   0.5478    0.1661    0.0052
 5.00  5250.  0.3  2.0   0.5511    0.1626    0.0049
 0.00  5500.  0.3  2.0   0.5475    0.1269    0.0063
 0.50  5500.  0.3  2.0   0.4554    0.2183    0.0091
 1.00  5500.  0.3  2.0   0.4579    0.2243    0.0089
 1.50  5500.  0.3  2.0   0.4618    0.2263    0.0085
 2.00  5500.  0.3  2.0   0.4642    0.2272    0.0080
 2.50  5500.  0.3  2.0   0.4694    0.2248    0.0072
 3.00  5500.  0.3  2.0   0.4749    0.2206    0.0067
 3.50  5500.  0.3  2.0   0.4843    0.2126    0.0062
 4.00  5500.  0.3  2.0   0.4915    0.2060    0.0059
 4.50  5500.  0.3  2.0   0.4962    0.2020    0.0057
 5.00  5500.  0.3  2.0   0.4990    0.2000    0.0055
 0.00  5750.  0.3  2.0   0.5453    0.1217    0.0041
 0.50  5750.  0.3  2.0   0.5131    0.1495    0.0078
 1.00  5750.  0.3  2.0   0.4133    0.2436    0.0122
 1.50  5750.  0.3  2.0   0.4114    0.2539    0.0111
 2.00  5750.  0.3  2.0   0.4129    0.2564    0.0105
 2.50  5750.  0.3  2.0   0.4175    0.2562    0.0092
 3.00  5750.  0.3  2.0   0.4231    0.2535    0.0081
 3.50  5750.  0.3  2.0   0.4321    0.2469    0.0071
 4.00  5750.  0.3  2.0   0.4413    0.2393    0.0066
 4.50  5750.  0.3  2.0   0.4469    0.2347    0.0063
 5.00  5750.  0.3  2.0   0.4501    0.2326    0.0061
 0.00  6000.  0.3  2.0   0.5367    0.1245    0.0030
 0.50  6000.  0.3  2.0   0.5115    0.1503    0.0047
 1.00  6000.  0.3  2.0   0.4796    0.1736    0.0088
 1.50  6000.  0.3  2.0   0.3731    0.2691    0.0149
 2.00  6000.  0.3  2.0   0.3696    0.2801    0.0128
 2.50  6000.  0.3  2.0   0.3733    0.2803    0.0117
 3.00  6000.  0.3  2.0   0.3779    0.2795    0.0102
 3.50  6000.  0.3  2.0   0.3856    0.2749    0.0089
 4.00  6000.  0.3  2.0   0.3943    0.2686    0.0079
 4.50  6000.  0.3  2.0   0.3995    0.2649    0.0074
 5.00  6000.  0.3  2.0   0.4044    0.2614    0.0070
 0.50  6250.  0.3  2.0   0.5058    0.1525    0.0035
 1.00  6250.  0.3  2.0   0.4748    0.1804    0.0056
 1.50  6250.  0.3  2.0   0.4363    0.2046    0.0109
 2.00  6250.  0.3  2.0   0.3395    0.2897    0.0168
 2.50  6250.  0.3  2.0   0.3354    0.3001    0.0143
 3.00  6250.  0.3  2.0   0.3393    0.3000    0.0128
 3.50  6250.  0.3  2.0   0.3450    0.2970    0.0113
 4.00  6250.  0.3  2.0   0.3508    0.2938    0.0100
 4.50  6250.  0.3  2.0   0.3577    0.2892    0.0090
 5.00  6250.  0.3  2.0   0.3615    0.2868    0.0085
 0.50  6500.  0.3  2.0   0.4901    0.1611    0.0033
 1.00  6500.  0.3  2.0   0.4738    0.1802    0.0041
 1.50  6500.  0.3  2.0   0.4385    0.2081    0.0067
 2.00  6500.  0.3  2.0   0.3900    0.2399    0.0127
 2.50  6500.  0.3  2.0   0.3104    0.3068    0.0183
 3.00  6500.  0.3  2.0   0.3069    0.3156    0.0153
 3.50  6500.  0.3  2.0   0.3113    0.3133    0.0139
 4.00  6500.  0.3  2.0   0.3153    0.3118    0.0124
 4.50  6500.  0.3  2.0   0.3221    0.3078    0.0107
 5.00  6500.  0.3  2.0   0.3233    0.3074    0.0103
 0.50  6750.  0.3  2.0   0.4597    0.1842    0.0032
 1.00  6750.  0.3  2.0   0.4589    0.1887    0.0040
 1.50  6750.  0.3  2.0   0.4393    0.2084    0.0049
 2.00  6750.  0.3  2.0   0.4019    0.2341    0.0081
 2.50  6750.  0.3  2.0   0.3445    0.2726    0.0149
 3.00  6750.  0.3  2.0   0.2877    0.3186    0.0184
 3.50  6750.  0.3  2.0   0.2829    0.3278    0.0157
 4.00  6750.  0.3  2.0   0.2874    0.3254    0.0140
 4.50  6750.  0.3  2.0   0.2913    0.3225    0.0128
 5.00  6750.  0.3  2.0   0.2931    0.3212    0.0120
 0.50  7000.  0.3  2.0   0.4301    0.2066    0.0033
 1.00  7000.  0.3  2.0   0.4267    0.2129    0.0042
 1.50  7000.  0.3  2.0   0.4262    0.2153    0.0049
 2.00  7000.  0.3  2.0   0.4037    0.2352    0.0058
 2.50  7000.  0.3  2.0   0.3632    0.2605    0.0096
 3.00  7000.  0.3  2.0   0.3042    0.2973    0.0172
 3.50  7000.  0.3  2.0   0.2616    0.3362    0.0176
 4.00  7000.  0.3  2.0   0.2633    0.3362    0.0157
 4.50  7000.  0.3  2.0   0.2661    0.3335    0.0145
 5.00  7000.  0.3  2.0   0.2677    0.3323    0.0135
 0.50  7250.  0.3  2.0   0.4027    0.2259    0.0037
 1.00  7250.  0.3  2.0   0.3959    0.2350    0.0048
 1.50  7250.  0.3  2.0   0.3940    0.2385    0.0056
 2.00  7250.  0.3  2.0   0.3946    0.2384    0.0059
 2.50  7250.  0.3  2.0   0.3687    0.2592    0.0069
 3.00  7250.  0.3  2.0   0.3234    0.2864    0.0114
 3.50  7250.  0.3  2.0   0.2653    0.3190    0.0199
 4.00  7250.  0.3  2.0   0.2434    0.3452    0.0170
 4.50  7250.  0.3  2.0   0.2438    0.3434    0.0162
 5.00  7250.  0.3  2.0   0.2460    0.3410    0.0150
 1.00  7500.  0.3  2.0   0.3684    0.2520    0.0057
 1.50  7500.  0.3  2.0   0.3621    0.2594    0.0067
 2.00  7500.  0.3  2.0   0.3629    0.2595    0.0070
 2.50  7500.  0.3  2.0   0.3641    0.2577    0.0070
 3.00  7500.  0.3  2.0   0.3343    0.2807    0.0081
 3.50  7500.  0.3  2.0   0.2851    0.3100    0.0133
 4.00  7500.  0.3  2.0   0.2316    0.3480    0.0183
 4.50  7500.  0.3  2.0   0.2252    0.3520    0.0173
 5.00  7500.  0.3  2.0   0.2256    0.3499    0.0165
 1.00  7750.  0.3  2.0   0.3464    0.2621    0.0066
 1.50  7750.  0.3  2.0   0.3342    0.2743    0.0081
 2.00  7750.  0.3  2.0   0.3294    0.2792    0.0089
 2.50  7750.  0.3  2.0   0.3313    0.2774    0.0088
 3.00  7750.  0.3  2.0   0.3335    0.2748    0.0082
 3.50  7750.  0.3  2.0   0.2996    0.3003    0.0096
 4.00  7750.  0.3  2.0   0.2460    0.3329    0.0157
 4.50  7750.  0.3  2.0   0.2118    0.3572    0.0182
 5.00  7750.  0.3  2.0   0.2087    0.3574    0.0173
 1.00  8000.  0.3  2.0   0.3322    0.2642    0.0072
 1.50  8000.  0.3  2.0   0.3149    0.2807    0.0091
 2.00  8000.  0.3  2.0   0.3050    0.2893    0.0104
 2.50  8000.  0.3  2.0   0.3020    0.2918    0.0107
 3.00  8000.  0.3  2.0   0.3033    0.2903    0.0102
 3.50  8000.  0.3  2.0   0.3027    0.2903    0.0095
 4.00  8000.  0.3  2.0   0.2634    0.3204    0.0113
 4.50  8000.  0.3  2.0   0.2115    0.3520    0.0175
 5.00  8000.  0.3  2.0   0.1891    0.3634    0.0200
 1.00  8250.  0.3  2.0   0.3272    0.2588    0.0074
 1.50  8250.  0.3  2.0   0.3027    0.2814    0.0094
 2.00  8250.  0.3  2.0   0.2881    0.2922    0.0112
 2.50  8250.  0.3  2.0   0.2808    0.2975    0.0121
 3.00  8250.  0.3  2.0   0.2791    0.2987    0.0121
 3.50  8250.  0.3  2.0   0.2807    0.2973    0.0114
 4.00  8250.  0.3  2.0   0.2756    0.3020    0.0105
 4.50  8250.  0.3  2.0   0.2293    0.3370    0.0133
 5.00  8250.  0.3  2.0   0.1877    0.3644    0.0178
 1.00  8500.  0.3  2.0   0.3290    0.2507    0.0071
 1.50  8500.  0.3  2.0   0.2946    0.2808    0.0094
 2.00  8500.  0.3  2.0   0.2771    0.2916    0.0114
 2.50  8500.  0.3  2.0   0.2665    0.2975    0.0127
 3.00  8500.  0.3  2.0   0.2617    0.3002    0.0133
 3.50  8500.  0.3  2.0   0.2604    0.3010    0.0131
 4.00  8500.  0.3  2.0   0.2615    0.3003    0.0123
 4.50  8500.  0.3  2.0   0.2474    0.3140    0.0117
 5.00  8500.  0.3  2.0   0.1960    0.3529    0.0156
 1.50  8750.  0.3  2.0   0.2882    0.2809    0.0094
 2.00  8750.  0.3  2.0   0.2679    0.2923    0.0115
 2.50  8750.  0.3  2.0   0.2566    0.2965    0.0129
 3.00  8750.  0.3  2.0   0.2494    0.2988    0.0136
 3.50  8750.  0.3  2.0   0.2459    0.3000    0.0138
 4.00  8750.  0.3  2.0   0.2450    0.3005    0.0136
 4.50  8750.  0.3  2.0   0.2433    0.3026    0.0129
 5.00  8750.  0.3  2.0   0.2171    0.3281    0.0129
 1.50  9000.  0.3  2.0   0.2828    0.2814    0.0095
 2.00  9000.  0.3  2.0   0.2595    0.2945    0.0116
 2.50  9000.  0.3  2.0   0.2471    0.2978    0.0130
 3.00  9000.  0.3  2.0   0.2397    0.2982    0.0138
 3.50  9000.  0.3  2.0   0.2351    0.2982    0.0140
 4.00  9000.  0.3  2.0   0.2322    0.2990    0.0140
 4.50  9000.  0.3  2.0   0.2315    0.2991    0.0137
 5.00  9000.  0.3  2.0   0.2333    0.2979    0.0131
 2.00  9250.  0.3  2.0   0.2517    0.2968    0.0119
 2.50  9250.  0.3  2.0   0.2384    0.3001    0.0133
 3.00  9250.  0.3  2.0   0.2310    0.2994    0.0139
 3.50  9250.  0.3  2.0   0.2261    0.2980    0.0142
 4.00  9250.  0.3  2.0   0.2224    0.2974    0.0143
 4.50  9250.  0.3  2.0   0.2200    0.2973    0.0141
 5.00  9250.  0.3  2.0   0.2195    0.2969    0.0138
 2.00  9500.  0.3  2.0   0.2436    0.2996    0.0123
 2.50  9500.  0.3  2.0   0.2304    0.3024    0.0136
 3.00  9500.  0.3  2.0   0.2230    0.3010    0.0142
 3.50  9500.  0.3  2.0   0.2184    0.2986    0.0145
 4.00  9500.  0.3  2.0   0.2148    0.2966    0.0145
 4.50  9500.  0.3  2.0   0.2110    0.2962    0.0144
 5.00  9500.  0.3  2.0   0.2091    0.2954    0.0142
 2.00  9750.  0.3  2.0   0.2357    0.3019    0.0128
 2.50  9750.  0.3  2.0   0.2222    0.3046    0.0141
 3.00  9750.  0.3  2.0   0.2152    0.3028    0.0146
 3.50  9750.  0.3  2.0   0.2107    0.3000    0.0148
 4.00  9750.  0.3  2.0   0.2073    0.2973    0.0147
 4.50  9750.  0.3  2.0   0.2039    0.2955    0.0146
 5.00  9750.  0.3  2.0   0.2009    0.2944    0.0144
 2.00 10000.  0.3  2.0   0.2282    0.3038    0.0134
 2.50 10000.  0.3  2.0   0.2139    0.3067    0.0146
 3.00 10000.  0.3  2.0   0.2073    0.3047    0.0150
 3.50 10000.  0.3  2.0   0.2036    0.3013    0.0150
 4.00 10000.  0.3  2.0   0.2009    0.2979    0.0150
 4.50 10000.  0.3  2.0   0.1980    0.2951    0.0149
 5.00 10000.  0.3  2.0   0.1944    0.2936    0.0148
 2.00 10500.  0.3  2.0   0.2157    0.3052    0.0147
 2.50 10500.  0.3  2.0   0.1989    0.3086    0.0157
 3.00 10500.  0.3  2.0   0.1923    0.3068    0.0159
 3.50 10500.  0.3  2.0   0.1898    0.3030    0.0157
 4.00 10500.  0.3  2.0   0.1886    0.2986    0.0155
 4.50 10500.  0.3  2.0   0.1863    0.2956    0.0154
 5.00 10500.  0.3  2.0   0.1833    0.2932    0.0152
 2.50 11000.  0.3  2.0   0.1870    0.3075    0.0168
 3.00 11000.  0.3  2.0   0.1793    0.3059    0.0167
 3.50 11000.  0.3  2.0   0.1768    0.3029    0.0163
 4.00 11000.  0.3  2.0   0.1765    0.2988    0.0159
 4.50 11000.  0.3  2.0   0.1755    0.2956    0.0156
 5.00 11000.  0.3  2.0   0.1733    0.2930    0.0155
 2.50 11500.  0.3  2.0   0.1778    0.3053    0.0176
 3.00 11500.  0.3  2.0   0.1684    0.3029    0.0174
 3.50 11500.  0.3  2.0   0.1655    0.3001    0.0169
 4.00 11500.  0.3  2.0   0.1653    0.2971    0.0163
 4.50 11500.  0.3  2.0   0.1651    0.2945    0.0159
 5.00 11500.  0.3  2.0   0.1640    0.2921    0.0157
 2.50 12000.  0.3  2.0   0.1708    0.3034    0.0183
 3.00 12000.  0.3  2.0   0.1602    0.2987    0.0179
 3.50 12000.  0.3  2.0   0.1563    0.2954    0.0172
 4.00 12000.  0.3  2.0   0.1557    0.2930    0.0165
 4.50 12000.  0.3  2.0   0.1559    0.2913    0.0160
 5.00 12000.  0.3  2.0   0.1557    0.2893    0.0158
 2.50 12500.  0.3  2.0   0.1655    0.3023    0.0190
 3.00 12500.  0.3  2.0   0.1535    0.2950    0.0183
 3.50 12500.  0.3  2.0   0.1488    0.2901    0.0173
 4.00 12500.  0.3  2.0   0.1475    0.2876    0.0166
 4.50 12500.  0.3  2.0   0.1478    0.2863    0.0160
 5.00 12500.  0.3  2.0   0.1478    0.2855    0.0157
 2.50 13000.  0.3  2.0   0.1612    0.3020    0.0195
 3.00 13000.  0.3  2.0   0.1480    0.2923    0.0187
 3.50 13000.  0.3  2.0   0.1427    0.2854    0.0174
 4.00 13000.  0.3  2.0   0.1411    0.2817    0.0165
 4.50 13000.  0.3  2.0   0.1407    0.2807    0.0159
 5.00 13000.  0.3  2.0   0.1409    0.2802    0.0155
 2.50 14000.  0.3  2.0   0.1563    0.3016    0.0207
 3.00 14000.  0.3  2.0   0.1398    0.2886    0.0196
 3.50 14000.  0.3  2.0   0.1334    0.2778    0.0178
 4.00 14000.  0.3  2.0   0.1311    0.2714    0.0165
 4.50 14000.  0.3  2.0   0.1301    0.2689    0.0156
 5.00 14000.  0.3  2.0   0.1294    0.2690    0.0152
 2.50 15000.  0.3  2.0   0.1541    0.3026    0.0214
 3.00 15000.  0.3  2.0   0.1345    0.2865    0.0205
 3.50 15000.  0.3  2.0   0.1270    0.2723    0.0182
 4.00 15000.  0.3  2.0   0.1240    0.2632    0.0164
 4.50 15000.  0.3  2.0   0.1226    0.2588    0.0153
 5.00 15000.  0.3  2.0   0.1212    0.2581    0.0147
 2.50 16000.  0.3  2.0   0.1545    0.3047    0.0218
 3.00 16000.  0.3  2.0   0.1309    0.2862    0.0213
 3.50 16000.  0.3  2.0   0.1220    0.2691    0.0187
 4.00 16000.  0.3  2.0   0.1187    0.2573    0.0164
 4.50 16000.  0.3  2.0   0.1169    0.2511    0.0150
 5.00 16000.  0.3  2.0   0.1154    0.2488    0.0143
 2.50 17000.  0.3  2.0   0.1555    0.3097    0.0219
 3.00 17000.  0.3  2.0   0.1281    0.2876    0.0221
 3.50 17000.  0.3  2.0   0.1185    0.2670    0.0192
 4.00 17000.  0.3  2.0   0.1147    0.2529    0.0166
 4.50 17000.  0.3  2.0   0.1126    0.2449    0.0149
 5.00 17000.  0.3  2.0   0.1110    0.2412    0.0140
 2.50 18000.  0.3  2.0   0.1549    0.3186    0.0220
 3.00 18000.  0.3  2.0   0.1253    0.2918    0.0229
 3.50 18000.  0.3  2.0   0.1154    0.2668    0.0199
 4.00 18000.  0.3  2.0   0.1114    0.2499    0.0169
 4.50 18000.  0.3  2.0   0.1092    0.2401    0.0148
 5.00 18000.  0.3  2.0   0.1076    0.2352    0.0138
 3.00 19000.  0.3  2.0   0.1209    0.2994    0.0240
 3.50 19000.  0.3  2.0   0.1117    0.2694    0.0207
 4.00 19000.  0.3  2.0   0.1085    0.2485    0.0173
 4.50 19000.  0.3  2.0   0.1064    0.2366    0.0149
 5.00 19000.  0.3  2.0   0.1048    0.2304    0.0136
 3.00 20000.  0.3  2.0   0.1143    0.3093    0.0256
 3.50 20000.  0.3  2.0   0.1067    0.2745    0.0219
 4.00 20000.  0.3  2.0   0.1050    0.2494    0.0180
 4.50 20000.  0.3  2.0   0.1037    0.2347    0.0152
 5.00 20000.  0.3  2.0   0.1023    0.2270    0.0137
 3.00 21000.  0.3  2.0   0.1068    0.3194    0.0276
 3.50 21000.  0.3  2.0   0.0998    0.2817    0.0235
 4.00 21000.  0.3  2.0   0.1002    0.2528    0.0189
 4.50 21000.  0.3  2.0   0.1006    0.2346    0.0157
 5.00 21000.  0.3  2.0   0.0997    0.2250    0.0139
 3.00 22000.  0.3  2.0   0.1024    0.3263    0.0295
 3.50 22000.  0.3  2.0   0.0920    0.2893    0.0255
 4.00 22000.  0.3  2.0   0.0940    0.2579    0.0202
 4.50 22000.  0.3  2.0   0.0963    0.2369    0.0165
 5.00 22000.  0.3  2.0   0.0967    0.2249    0.0144
 3.00 23000.  0.3  2.0   0.1027    0.3309    0.0304
 3.50 23000.  0.3  2.0   0.0847    0.2952    0.0276
 4.00 23000.  0.3  2.0   0.0869    0.2632    0.0219
 4.50 23000.  0.3  2.0   0.0907    0.2405    0.0176
 5.00 23000.  0.3  2.0   0.0925    0.2268    0.0150
 3.00 24000.  0.3  2.0   0.1077    0.3346    0.0301
 3.50 24000.  0.3  2.0   0.0806    0.2985    0.0292
 4.00 24000.  0.3  2.0   0.0799    0.2676    0.0235
 4.50 24000.  0.3  2.0   0.0843    0.2446    0.0188
 5.00 24000.  0.3  2.0   0.0875    0.2297    0.0159
 3.00 25000.  0.3  2.0   0.1137    0.3395    0.0288
 3.50 25000.  0.3  2.0   0.0794    0.3012    0.0301
 4.00 25000.  0.3  2.0   0.0750    0.2696    0.0247
 4.50 25000.  0.3  2.0   0.0783    0.2475    0.0199
 5.00 25000.  0.3  2.0   0.0823    0.2324    0.0168
 3.50 26000.  0.3  2.0   0.0798    0.3048    0.0305
 4.00 26000.  0.3  2.0   0.0723    0.2708    0.0256
 4.50 26000.  0.3  2.0   0.0738    0.2483    0.0208
 5.00 26000.  0.3  2.0   0.0769    0.2344    0.0176
 3.50 27000.  0.3  2.0   0.0796    0.3101    0.0307
 4.00 27000.  0.3  2.0   0.0709    0.2725    0.0260
 4.50 27000.  0.3  2.0   0.0706    0.2487    0.0212
 5.00 27000.  0.3  2.0   0.0728    0.2346    0.0180
 3.50 28000.  0.3  2.0   0.0774    0.3171    0.0310
 4.00 28000.  0.3  2.0   0.0697    0.2753    0.0264
 4.50 28000.  0.3  2.0   0.0688    0.2489    0.0215
 5.00 28000.  0.3  2.0   0.0701    0.2338    0.0182
 3.50 29000.  0.3  2.0   0.0721    0.3258    0.0318
 4.00 29000.  0.3  2.0   0.0674    0.2789    0.0268
 4.50 29000.  0.3  2.0   0.0672    0.2496    0.0216
 5.00 29000.  0.3  2.0   0.0678    0.2330    0.0181
 3.50 30000.  0.3  2.0   0.0649    0.3360    0.0330
 4.00 30000.  0.3  2.0   0.0627    0.2836    0.0274
 4.50 30000.  0.3  2.0   0.0649    0.2508    0.0218
 5.00 30000.  0.3  2.0   0.0660    0.2320    0.0180
 4.00 31000.  0.3  2.0   0.0564    0.2887    0.0284
 4.50 31000.  0.3  2.0   0.0614    0.2520    0.0220
 5.00 31000.  0.3  2.0   0.0640    0.2308    0.0178
 4.00 32000.  0.3  2.0   0.0488    0.2946    0.0298
 4.50 32000.  0.3  2.0   0.0568    0.2530    0.0224
 5.00 32000.  0.3  2.0   0.0613    0.2292    0.0177
 4.00 33000.  0.3  2.0   0.0397    0.3013    0.0318
 4.50 33000.  0.3  2.0   0.0507    0.2550    0.0230
 5.00 33000.  0.3  2.0   0.0578    0.2277    0.0176
 4.00 34000.  0.3  2.0   0.0308    0.3073    0.0343
 4.50 34000.  0.3  2.0   0.0438    0.2569    0.0240
 5.00 34000.  0.3  2.0   0.0529    0.2268    0.0176
 4.50 35000.  0.3  2.0   0.0358    0.2594    0.0254
 5.00 35000.  0.3  2.0   0.0479    0.2257    0.0180
 4.50 37500.  0.3  2.0   0.0211    0.2591    0.0290
 5.00 37500.  0.3  2.0   0.0328    0.2225    0.0196
 4.50 40000.  0.3  2.0   0.0154    0.2585    0.0312
 5.00 40000.  0.3  2.0   0.0249    0.2147    0.0209
 5.00 42500.  0.3  2.0   0.0204    0.2129    0.0218
 5.00 45000.  0.3  2.0   0.0169    0.2148    0.0230
 5.00 47500.  0.3  2.0   0.0125    0.2180    0.0243
 5.00 50000.  0.3  2.0   0.0078    0.2219    0.0256
 0.00  3500.  0.5  2.0   0.9119   -0.0897    0.0174
 0.50  3500.  0.5  2.0   0.8990   -0.0860    0.0181
 1.00  3500.  0.5  2.0   0.8814   -0.0781    0.0181
 1.50  3500.  0.5  2.0   0.8624   -0.0684    0.0175
 2.00  3500.  0.5  2.0   0.8426   -0.0572    0.0164
 2.50  3500.  0.5  2.0   0.8230   -0.0446    0.0151
 3.00  3500.  0.5  2.0   0.8035   -0.0300    0.0137
 3.50  3500.  0.5  2.0   0.7785   -0.0077    0.0121
 4.00  3500.  0.5  2.0   0.6780    0.0866    0.0101
 4.50  3500.  0.5  2.0   0.5337    0.2171    0.0095
 5.00  3500.  0.5  2.0   0.4305    0.3051    0.0113
 0.00  3750.  0.5  2.0   0.8684   -0.0457    0.0102
 0.50  3750.  0.5  2.0   0.8741   -0.0571    0.0108
 1.00  3750.  0.5  2.0   0.8763   -0.0671    0.0114
 1.50  3750.  0.5  2.0   0.8751   -0.0749    0.0119
 2.00  3750.  0.5  2.0   0.8692   -0.0783    0.0121
 2.50  3750.  0.5  2.0   0.8599   -0.0784    0.0121
 3.00  3750.  0.5  2.0   0.8466   -0.0736    0.0120
 3.50  3750.  0.5  2.0   0.8249   -0.0596    0.0114
 4.00  3750.  0.5  2.0   0.7801   -0.0213    0.0099
 4.50  3750.  0.5  2.0   0.6521    0.0962    0.0083
 5.00  3750.  0.5  2.0   0.4893    0.2416    0.0089
 0.00  4000.  0.5  2.0   0.7986    0.0147    0.0093
 0.50  4000.  0.5  2.0   0.8034    0.0088    0.0095
 1.00  4000.  0.5  2.0   0.8094   -0.0007    0.0094
 1.50  4000.  0.5  2.0   0.8150   -0.0116    0.0091
 2.00  4000.  0.5  2.0   0.8191   -0.0226    0.0086
 2.50  4000.  0.5  2.0   0.8218   -0.0330    0.0081
 3.00  4000.  0.5  2.0   0.8217   -0.0414    0.0077
 3.50  4000.  0.5  2.0   0.8174   -0.0462    0.0075
 4.00  4000.  0.5  2.0   0.7980   -0.0359    0.0071
 4.50  4000.  0.5  2.0   0.7345    0.0181    0.0061
 5.00  4000.  0.5  2.0   0.5859    0.1498    0.0066
 0.00  4250.  0.5  2.0   0.7405    0.0535    0.0087
 0.50  4250.  0.5  2.0   0.7430    0.0529    0.0092
 1.00  4250.  0.5  2.0   0.7466    0.0485    0.0095
 1.50  4250.  0.5  2.0   0.7502    0.0426    0.0094
 2.00  4250.  0.5  2.0   0.7548    0.0345    0.0090
 2.50  4250.  0.5  2.0   0.7587    0.0263    0.0085
 3.00  4250.  0.5  2.0   0.7613    0.0186    0.0077
 3.50  4250.  0.5  2.0   0.7630    0.0109    0.0069
 4.00  4250.  0.5  2.0   0.7625    0.0043    0.0062
 4.50  4250.  0.5  2.0   0.7433    0.0154    0.0055
 5.00  4250.  0.5  2.0   0.6645    0.0823    0.0052
 0.00  4500.  0.5  2.0   0.6884    0.0826    0.0073
 0.50  4500.  0.5  2.0   0.6898    0.0850    0.0081
 1.00  4500.  0.5  2.0   0.6917    0.0845    0.0085
 1.50  4500.  0.5  2.0   0.6959    0.0797    0.0085
 2.00  4500.  0.5  2.0   0.6992    0.0744    0.0082
 2.50  4500.  0.5  2.0   0.7032    0.0676    0.0079
 3.00  4500.  0.5  2.0   0.7064    0.0612    0.0075
 3.50  4500.  0.5  2.0   0.7089    0.0553    0.0072
 4.00  4500.  0.5  2.0   0.7106    0.0495    0.0067
 4.50  4500.  0.5  2.0   0.7094    0.0462    0.0061
 5.00  4500.  0.5  2.0   0.6896    0.0600    0.0056
 0.00  4750.  0.5  2.0   0.6325    0.1164    0.0060
 0.50  4750.  0.5  2.0   0.6367    0.1171    0.0069
 1.00  4750.  0.5  2.0   0.6380    0.1182    0.0075
 1.50  4750.  0.5  2.0   0.6410    0.1161    0.0077
 2.00  4750.  0.5  2.0   0.6436    0.1129    0.0076
 2.50  4750.  0.5  2.0   0.6477    0.1075    0.0072
 3.00  4750.  0.5  2.0   0.6538    0.0993    0.0068
 3.50  4750.  0.5  2.0   0.6588    0.0918    0.0064
 4.00  4750.  0.5  2.0   0.6614    0.0864    0.0061
 4.50  4750.  0.5  2.0   0.6631    0.0816    0.0058
 5.00  4750.  0.5  2.0   0.6622    0.0794    0.0055
 0.00  5000.  0.5  2.0   0.5710    0.1566    0.0059
 0.50  5000.  0.5  2.0   0.5768    0.1568    0.0067
 1.00  5000.  0.5  2.0   0.5814    0.1559    0.0071
 1.50  5000.  0.5  2.0   0.5870    0.1522    0.0072
 2.00  5000.  0.5  2.0   0.5912    0.1481    0.0073
 2.50  5000.  0.5  2.0   0.5952    0.1439    0.0071
 3.00  5000.  0.5  2.0   0.6000    0.1382    0.0068
 3.50  5000.  0.5  2.0   0.6051    0.1318    0.0064
 4.00  5000.  0.5  2.0   0.6101    0.1252    0.0060
 4.50  5000.  0.5  2.0   0.6143    0.1190    0.0056
 5.00  5000.  0.5  2.0   0.6157    0.1155    0.0052
 0.00  5250.  0.5  2.0   0.5256    0.1797    0.0068
 0.50  5250.  0.5  2.0   0.5155    0.1962    0.0076
 1.00  5250.  0.5  2.0   0.5227    0.1949    0.0076
 1.50  5250.  0.5  2.0   0.5283    0.1922    0.0075
 2.00  5250.  0.5  2.0   0.5339    0.1879    0.0073
 2.50  5250.  0.5  2.0   0.5392    0.1830    0.0071
 3.00  5250.  0.5  2.0   0.5469    0.1752    0.0069
 3.50  5250.  0.5  2.0   0.5519    0.1698    0.0066
 4.00  5250.  0.5  2.0   0.5592    0.1621    0.0063
 4.50  5250.  0.5  2.0   0.5626    0.1580    0.0059
 5.00  5250.  0.5  2.0   0.5664    0.1534    0.0055
 0.00  5500.  0.5  2.0   0.5550    0.1330    0.0065
 0.50  5500.  0.5  2.0   0.4814    0.2079    0.0091
 1.00  5500.  0.5  2.0   0.4628    0.2319    0.0094
 1.50  5500.  0.5  2.0   0.4713    0.2285    0.0088
 2.00  5500.  0.5  2.0   0.4781    0.2253    0.0080
 2.50  5500.  0.5  2.0   0.4843    0.2203    0.0076
 3.00  5500.  0.5  2.0   0.4924    0.2130    0.0071
 3.50  5500.  0.5  2.0   0.4992    0.2063    0.0068
 4.00  5500.  0.5  2.0   0.5070    0.1988    0.0065
 4.50  5500.  0.5  2.0   0.5124    0.1937    0.0063
 5.00  5500.  0.5  2.0   0.5174    0.1891    0.0060
 0.00  5750.  0.5  2.0   0.5464    0.1303    0.0046
 0.50  5750.  0.5  2.0   0.5175    0.1594    0.0077
 1.00  5750.  0.5  2.0   0.4370    0.2361    0.0113
 1.50  5750.  0.5  2.0   0.4170    0.2604    0.0112
 2.00  5750.  0.5  2.0   0.4233    0.2589    0.0103
 2.50  5750.  0.5  2.0   0.4287    0.2563    0.0094
 3.00  5750.  0.5  2.0   0.4361    0.2507    0.0085
 3.50  5750.  0.5  2.0   0.4456    0.2433    0.0075
 4.00  5750.  0.5  2.0   0.4566    0.2333    0.0070
 4.50  5750.  0.5  2.0   0.4643    0.2262    0.0068
 5.00  5750.  0.5  2.0   0.4679    0.2233    0.0066
 0.00  6000.  0.5  2.0   0.5352    0.1312    0.0037
 0.50  6000.  0.5  2.0   0.5123    0.1582    0.0052
 1.00  6000.  0.5  2.0   0.4788    0.1864    0.0090
 1.50  6000.  0.5  2.0   0.3959    0.2617    0.0137
 2.00  6000.  0.5  2.0   0.3737    0.2862    0.0134
 2.50  6000.  0.5  2.0   0.3798    0.2849    0.0119
 3.00  6000.  0.5  2.0   0.3883    0.2800    0.0105
 3.50  6000.  0.5  2.0   0.3981    0.2730    0.0091
 4.00  6000.  0.5  2.0   0.4076    0.2654    0.0082
 4.50  6000.  0.5  2.0   0.4170    0.2578    0.0075
 5.00  6000.  0.5  2.0   0.4218    0.2538    0.0073
 0.50  6250.  0.5  2.0   0.5050    0.1579    0.0042
 1.00  6250.  0.5  2.0   0.4767    0.1862    0.0060
 1.50  6250.  0.5  2.0   0.4369    0.2163    0.0105
 2.00  6250.  0.5  2.0   0.3582    0.2838    0.0162
 2.50  6250.  0.5  2.0   0.3382    0.3072    0.0148
 3.00  6250.  0.5  2.0   0.3455    0.3045    0.0129
 3.50  6250.  0.5  2.0   0.3541    0.2990    0.0114
 4.00  6250.  0.5  2.0   0.3630    0.2931    0.0099
 4.50  6250.  0.5  2.0   0.3704    0.2869    0.0092
 5.00  6250.  0.5  2.0   0.3763    0.2827    0.0085
 0.50  6500.  0.5  2.0   0.4846    0.1690    0.0040
 1.00  6500.  0.5  2.0   0.4739    0.1844    0.0048
 1.50  6500.  0.5  2.0   0.4418    0.2125    0.0070
 2.00  6500.  0.5  2.0   0.3964    0.2437    0.0124
 2.50  6500.  0.5  2.0   0.3217    0.3081    0.0177
 3.00  6500.  0.5  2.0   0.3092    0.3226    0.0159
 3.50  6500.  0.5  2.0   0.3157    0.3191    0.0142
 4.00  6500.  0.5  2.0   0.3226    0.3161    0.0122
 4.50  6500.  0.5  2.0   0.3308    0.3098    0.0111
 5.00  6500.  0.5  2.0   0.3367    0.3055    0.0103
 0.50  6750.  0.5  2.0   0.4558    0.1893    0.0038
 1.00  6750.  0.5  2.0   0.4540    0.1957    0.0048
 1.50  6750.  0.5  2.0   0.4407    0.2113    0.0056
 2.00  6750.  0.5  2.0   0.4031    0.2409    0.0083
 2.50  6750.  0.5  2.0   0.3510    0.2754    0.0147
 3.00  6750.  0.5  2.0   0.2907    0.3267    0.0184
 3.50  6750.  0.5  2.0   0.2827    0.3363    0.0166
 4.00  6750.  0.5  2.0   0.2896    0.3319    0.0149
 4.50  6750.  0.5  2.0   0.2963    0.3277    0.0132
 5.00  6750.  0.5  2.0   0.2994    0.3259    0.0124
 0.50  7000.  0.5  2.0   0.4280    0.2091    0.0038
 1.00  7000.  0.5  2.0   0.4235    0.2172    0.0050
 1.50  7000.  0.5  2.0   0.4227    0.2209    0.0057
 2.00  7000.  0.5  2.0   0.4057    0.2380    0.0064
 2.50  7000.  0.5  2.0   0.3642    0.2676    0.0098
 3.00  7000.  0.5  2.0   0.3057    0.3072    0.0166
 3.50  7000.  0.5  2.0   0.2632    0.3410    0.0194
 4.00  7000.  0.5  2.0   0.2625    0.3446    0.0167
 4.50  7000.  0.5  2.0   0.2663    0.3417    0.0155
 5.00  7000.  0.5  2.0   0.2690    0.3399    0.0145
 1.00  7250.  0.5  2.0   0.3943    0.2371    0.0054
 1.50  7250.  0.5  2.0   0.3911    0.2426    0.0064
 2.00  7250.  0.5  2.0   0.3912    0.2438    0.0068
 2.50  7250.  0.5  2.0   0.3707    0.2621    0.0074
 3.00  7250.  0.5  2.0   0.3249    0.2927    0.0116
 3.50  7250.  0.5  2.0   0.2696    0.3292    0.0182
 4.00  7250.  0.5  2.0   0.2417    0.3519    0.0186
 4.50  7250.  0.5  2.0   0.2417    0.3518    0.0175
 5.00  7250.  0.5  2.0   0.2441    0.3501    0.0163
 1.00  7500.  0.5  2.0   0.3693    0.2518    0.0061
 1.50  7500.  0.5  2.0   0.3620    0.2608    0.0073
 2.00  7500.  0.5  2.0   0.3597    0.2642    0.0079
 2.50  7500.  0.5  2.0   0.3612    0.2628    0.0080
 3.00  7500.  0.5  2.0   0.3359    0.2840    0.0086
 3.50  7500.  0.5  2.0   0.2874    0.3151    0.0134
 4.00  7500.  0.5  2.0   0.2331    0.3526    0.0189
 4.50  7500.  0.5  2.0   0.2228    0.3597    0.0187
 5.00  7500.  0.5  2.0   0.2227    0.3586    0.0178
 1.00  7750.  0.5  2.0   0.3484    0.2616    0.0069
 1.50  7750.  0.5  2.0   0.3356    0.2744    0.0085
 2.00  7750.  0.5  2.0   0.3307    0.2802    0.0094
 2.50  7750.  0.5  2.0   0.3309    0.2803    0.0095
 3.00  7750.  0.5  2.0   0.3324    0.2787    0.0091
 3.50  7750.  0.5  2.0   0.3022    0.3030    0.0100
 4.00  7750.  0.5  2.0   0.2487    0.3374    0.0157
 4.50  7750.  0.5  2.0   0.2060    0.3642    0.0207
 5.00  7750.  0.5  2.0   0.2057    0.3651    0.0188
 1.00  8000.  0.5  2.0   0.3343    0.2641    0.0074
 1.50  8000.  0.5  2.0   0.3165    0.2812    0.0094
 2.00  8000.  0.5  2.0   0.3055    0.2909    0.0109
 2.50  8000.  0.5  2.0   0.3012    0.2948    0.0115
 3.00  8000.  0.5  2.0   0.3015    0.2944    0.0112
 3.50  8000.  0.5  2.0   0.3023    0.2934    0.0105
 4.00  8000.  0.5  2.0   0.2671    0.3218    0.0117
 4.50  8000.  0.5  2.0   0.2179    0.3539    0.0170
 5.00  8000.  0.5  2.0   0.1899    0.3706    0.0202
 1.00  8250.  0.5  2.0   0.3286    0.2591    0.0075
 1.50  8250.  0.5  2.0   0.3046    0.2819    0.0097
 2.00  8250.  0.5  2.0   0.2891    0.2938    0.0117
 2.50  8250.  0.5  2.0   0.2806    0.3002    0.0129
 3.00  8250.  0.5  2.0   0.2777    0.3027    0.0130
 3.50  8250.  0.5  2.0   0.2779    0.3026    0.0125
 4.00  8250.  0.5  2.0   0.2747    0.3057    0.0116
 4.50  8250.  0.5  2.0   0.2326    0.3391    0.0136
 5.00  8250.  0.5  2.0   0.1851    0.3681    0.0197
 1.50  8500.  0.5  2.0   0.2971    0.2805    0.0096
 2.00  8500.  0.5  2.0   0.2783    0.2930    0.0119
 2.50  8500.  0.5  2.0   0.2668    0.2999    0.0134
 3.00  8500.  0.5  2.0   0.2605    0.3042    0.0142
 3.50  8500.  0.5  2.0   0.2582    0.3061    0.0141
 4.00  8500.  0.5  2.0   0.2580    0.3066    0.0135
 4.50  8500.  0.5  2.0   0.2478    0.3168    0.0126
 5.00  8500.  0.5  2.0   0.1996    0.3547    0.0157
 1.50  8750.  0.5  2.0   0.2898    0.2813    0.0095
 2.00  8750.  0.5  2.0   0.2699    0.2928    0.0118
 2.50  8750.  0.5  2.0   0.2573    0.2981    0.0134
 3.00  8750.  0.5  2.0   0.2492    0.3015    0.0145
 3.50  8750.  0.5  2.0   0.2438    0.3047    0.0149
 4.00  8750.  0.5  2.0   0.2412    0.3070    0.0148
 4.50  8750.  0.5  2.0   0.2401    0.3087    0.0142
 5.00  8750.  0.5  2.0   0.2186    0.3300    0.0138
 1.50  9000.  0.5  2.0   0.2840    0.2822    0.0095
 2.00  9000.  0.5  2.0   0.2615    0.2948    0.0118
 2.50  9000.  0.5  2.0   0.2484    0.2987    0.0134
 3.00  9000.  0.5  2.0   0.2405    0.2995    0.0143
 3.50  9000.  0.5  2.0   0.2344    0.3011    0.0150
 4.00  9000.  0.5  2.0   0.2298    0.3035    0.0152
 4.50  9000.  0.5  2.0   0.2272    0.3058    0.0151
 5.00  9000.  0.5  2.0   0.2280    0.3058    0.0146
 2.00  9250.  0.5  2.0   0.2529    0.2980    0.0120
 2.50  9250.  0.5  2.0   0.2400    0.3008    0.0135
 3.00  9250.  0.5  2.0   0.2320    0.3002    0.0143
 3.50  9250.  0.5  2.0   0.2261    0.2995    0.0149
 4.00  9250.  0.5  2.0   0.2215    0.2997    0.0152
 4.50  9250.  0.5  2.0   0.2169    0.3020    0.0153
 5.00  9250.  0.5  2.0   0.2149    0.3035    0.0152
 2.00  9500.  0.5  2.0   0.2445    0.3011    0.0125
 2.50  9500.  0.5  2.0   0.2316    0.3036    0.0138
 3.00  9500.  0.5  2.0   0.2241    0.3020    0.0145
 3.50  9500.  0.5  2.0   0.2188    0.2996    0.0149
 4.00  9500.  0.5  2.0   0.2141    0.2983    0.0152
 4.50  9500.  0.5  2.0   0.2093    0.2986    0.0153
 5.00  9500.  0.5  2.0   0.2054    0.3000    0.0154
 2.00  9750.  0.5  2.0   0.2363    0.3035    0.0131
 2.50  9750.  0.5  2.0   0.2229    0.3065    0.0143
 3.00  9750.  0.5  2.0   0.2162    0.3042    0.0149
 3.50  9750.  0.5  2.0   0.2114    0.3011    0.0151
 4.00  9750.  0.5  2.0   0.2077    0.2979    0.0153
 4.50  9750.  0.5  2.0   0.2029    0.2970    0.0153
 5.00  9750.  0.5  2.0   0.1986    0.2970    0.0155
 2.00 10000.  0.5  2.0   0.2286    0.3053    0.0137
 2.50 10000.  0.5  2.0   0.2144    0.3088    0.0149
 3.00 10000.  0.5  2.0   0.2081    0.3065    0.0153
 3.50 10000.  0.5  2.0   0.2042    0.3027    0.0154
 4.00 10000.  0.5  2.0   0.2015    0.2986    0.0154
 4.50 10000.  0.5  2.0   0.1976    0.2961    0.0154
 5.00 10000.  0.5  2.0   0.1929    0.2951    0.0155
 2.00 10500.  0.5  2.0   0.2161    0.3064    0.0150
 2.50 10500.  0.5  2.0   0.1994    0.3103    0.0162
 3.00 10500.  0.5  2.0   0.1924    0.3093    0.0163
 3.50 10500.  0.5  2.0   0.1898    0.3056    0.0161
 4.00 10500.  0.5  2.0   0.1889    0.3005    0.0159
 4.50 10500.  0.5  2.0   0.1866    0.2968    0.0157
 5.00 10500.  0.5  2.0   0.1826    0.2943    0.0157
 2.50 11000.  0.5  2.0   0.1871    0.3093    0.0172
 3.00 11000.  0.5  2.0   0.1792    0.3083    0.0173
 3.50 11000.  0.5  2.0   0.1768    0.3055    0.0168
 4.00 11000.  0.5  2.0   0.1765    0.3014    0.0164
 4.50 11000.  0.5  2.0   0.1760    0.2973    0.0161
 5.00 11000.  0.5  2.0   0.1737    0.2939    0.0159
 2.50 11500.  0.5  2.0   0.1783    0.3066    0.0180
 3.00 11500.  0.5  2.0   0.1686    0.3049    0.0180
 3.50 11500.  0.5  2.0   0.1652    0.3029    0.0175
 4.00 11500.  0.5  2.0   0.1650    0.3001    0.0169
 4.50 11500.  0.5  2.0   0.1654    0.2967    0.0164
 5.00 11500.  0.5  2.0   0.1646    0.2934    0.0161
 2.50 12000.  0.5  2.0   0.1715    0.3047    0.0187
 3.00 12000.  0.5  2.0   0.1601    0.3009    0.0184
 3.50 12000.  0.5  2.0   0.1559    0.2981    0.0178
 4.00 12000.  0.5  2.0   0.1551    0.2962    0.0172
 4.50 12000.  0.5  2.0   0.1556    0.2942    0.0166
 5.00 12000.  0.5  2.0   0.1557    0.2919    0.0163
 2.50 12500.  0.5  2.0   0.1662    0.3036    0.0193
 3.00 12500.  0.5  2.0   0.1538    0.2969    0.0188
 3.50 12500.  0.5  2.0   0.1484    0.2928    0.0179
 4.00 12500.  0.5  2.0   0.1470    0.2906    0.0173
 4.50 12500.  0.5  2.0   0.1470    0.2897    0.0167
 5.00 12500.  0.5  2.0   0.1474    0.2885    0.0164
 2.50 13000.  0.5  2.0   0.1623    0.3030    0.0199
 3.00 13000.  0.5  2.0   0.1481    0.2944    0.0192
 3.50 13000.  0.5  2.0   0.1425    0.2878    0.0181
 4.00 13000.  0.5  2.0   0.1402    0.2849    0.0172
 4.50 13000.  0.5  2.0   0.1398    0.2839    0.0166
 5.00 13000.  0.5  2.0   0.1401    0.2834    0.0163
 2.50 14000.  0.5  2.0   0.1573    0.3029    0.0209
 3.00 14000.  0.5  2.0   0.1399    0.2906    0.0201
 3.50 14000.  0.5  2.0   0.1328    0.2803    0.0185
 4.00 14000.  0.5  2.0   0.1300    0.2743    0.0172
 4.50 14000.  0.5  2.0   0.1286    0.2721    0.0164
 5.00 14000.  0.5  2.0   0.1284    0.2717    0.0159
 2.50 15000.  0.5  2.0   0.1558    0.3035    0.0216
 3.00 15000.  0.5  2.0   0.1346    0.2884    0.0210
 3.50 15000.  0.5  2.0   0.1263    0.2748    0.0189
 4.00 15000.  0.5  2.0   0.1229    0.2658    0.0171
 4.50 15000.  0.5  2.0   0.1210    0.2616    0.0160
 5.00 15000.  0.5  2.0   0.1197    0.2605    0.0154
 2.50 16000.  0.5  2.0   0.1568    0.3054    0.0219
 3.00 16000.  0.5  2.0   0.1314    0.2878    0.0218
 3.50 16000.  0.5  2.0   0.1217    0.2710    0.0193
 4.00 16000.  0.5  2.0   0.1178    0.2594    0.0172
 4.50 16000.  0.5  2.0   0.1155    0.2532    0.0158
 5.00 16000.  0.5  2.0   0.1138    0.2508    0.0150
 2.50 17000.  0.5  2.0   0.1575    0.3114    0.0218
 3.00 17000.  0.5  2.0   0.1294    0.2891    0.0225
 3.50 17000.  0.5  2.0   0.1181    0.2692    0.0199
 4.00 17000.  0.5  2.0   0.1140    0.2547    0.0173
 4.50 17000.  0.5  2.0   0.1114    0.2467    0.0156
 5.00 17000.  0.5  2.0   0.1096    0.2428    0.0147
 3.00 18000.  0.5  2.0   0.1264    0.2941    0.0232
 3.50 18000.  0.5  2.0   0.1156    0.2689    0.0205
 4.00 18000.  0.5  2.0   0.1108    0.2518    0.0176
 4.50 18000.  0.5  2.0   0.1083    0.2416    0.0155
 5.00 18000.  0.5  2.0   0.1064    0.2365    0.0144
 3.00 19000.  0.5  2.0   0.1214    0.3029    0.0243
 3.50 19000.  0.5  2.0   0.1122    0.2718    0.0213
 4.00 19000.  0.5  2.0   0.1082    0.2506    0.0180
 4.50 19000.  0.5  2.0   0.1058    0.2381    0.0157
 5.00 19000.  0.5  2.0   0.1036    0.2317    0.0143
 3.00 20000.  0.5  2.0   0.1139    0.3139    0.0259
 3.50 20000.  0.5  2.0   0.1067    0.2782    0.0224
 4.00 20000.  0.5  2.0   0.1050    0.2520    0.0186
 4.50 20000.  0.5  2.0   0.1033    0.2365    0.0159
 5.00 20000.  0.5  2.0   0.1016    0.2282    0.0143
 3.00 21000.  0.5  2.0   0.1064    0.3239    0.0280
 3.50 21000.  0.5  2.0   0.0992    0.2864    0.0241
 4.00 21000.  0.5  2.0   0.0999    0.2564    0.0196
 4.50 21000.  0.5  2.0   0.1002    0.2372    0.0164
 5.00 21000.  0.5  2.0   0.0991    0.2268    0.0145
 3.00 22000.  0.5  2.0   0.1027    0.3302    0.0298
 3.50 22000.  0.5  2.0   0.0907    0.2943    0.0262
 4.00 22000.  0.5  2.0   0.0930    0.2626    0.0209
 4.50 22000.  0.5  2.0   0.0959    0.2401    0.0172
 5.00 22000.  0.5  2.0   0.0964    0.2270    0.0150
 3.00 23000.  0.5  2.0   0.1047    0.3339    0.0304
 3.50 23000.  0.5  2.0   0.0840    0.2995    0.0283
 4.00 23000.  0.5  2.0   0.0854    0.2684    0.0226
 4.50 23000.  0.5  2.0   0.0899    0.2446    0.0183
 5.00 23000.  0.5  2.0   0.0922    0.2295    0.0156
 3.00 24000.  0.5  2.0   0.1110    0.3371    0.0297
 3.50 24000.  0.5  2.0   0.0806    0.3022    0.0297
 4.00 24000.  0.5  2.0   0.0786    0.2722    0.0242
 4.50 24000.  0.5  2.0   0.0833    0.2489    0.0195
 5.00 24000.  0.5  2.0   0.0870    0.2330    0.0165
 3.50 25000.  0.5  2.0   0.0804    0.3043    0.0304
 4.00 25000.  0.5  2.0   0.0743    0.2735    0.0254
 4.50 25000.  0.5  2.0   0.0770    0.2518    0.0206
 5.00 25000.  0.5  2.0   0.0813    0.2362    0.0174
 3.50 26000.  0.5  2.0   0.0811    0.3079    0.0306
 4.00 26000.  0.5  2.0   0.0722    0.2741    0.0260
 4.50 26000.  0.5  2.0   0.0729    0.2520    0.0213
 5.00 26000.  0.5  2.0   0.0760    0.2378    0.0181
 3.50 27000.  0.5  2.0   0.0812    0.3132    0.0307
 4.00 27000.  0.5  2.0   0.0718    0.2751    0.0264
 4.50 27000.  0.5  2.0   0.0704    0.2516    0.0217
 5.00 27000.  0.5  2.0   0.0723    0.2375    0.0185
 3.50 28000.  0.5  2.0   0.0779    0.3212    0.0310
 4.00 28000.  0.5  2.0   0.0706    0.2780    0.0266
 4.50 28000.  0.5  2.0   0.0690    0.2514    0.0218
 5.00 28000.  0.5  2.0   0.0697    0.2363    0.0185
 3.50 29000.  0.5  2.0   0.0727    0.3300    0.0319
 4.00 29000.  0.5  2.0   0.0678    0.2820    0.0270
 4.50 29000.  0.5  2.0   0.0676    0.2520    0.0219
 5.00 29000.  0.5  2.0   0.0682    0.2347    0.0184
 4.00 30000.  0.5  2.0   0.0627    0.2871    0.0278
 4.50 30000.  0.5  2.0   0.0650    0.2534    0.0221
 5.00 30000.  0.5  2.0   0.0666    0.2336    0.0183
 4.00 31000.  0.5  2.0   0.0558    0.2931    0.0288
 4.50 31000.  0.5  2.0   0.0613    0.2547    0.0224
 5.00 31000.  0.5  2.0   0.0643    0.2326    0.0182
 4.00 32000.  0.5  2.0   0.0475    0.2996    0.0304
 4.50 32000.  0.5  2.0   0.0563    0.2565    0.0228
 5.00 32000.  0.5  2.0   0.0611    0.2317    0.0181
 4.00 33000.  0.5  2.0   0.0383    0.3066    0.0326
 4.50 33000.  0.5  2.0   0.0497    0.2590    0.0236
 5.00 33000.  0.5  2.0   0.0573    0.2306    0.0181
 4.50 34000.  0.5  2.0   0.0422    0.2617    0.0248
 5.00 34000.  0.5  2.0   0.0524    0.2301    0.0183
 4.50 35000.  0.5  2.0   0.0345    0.2639    0.0263
 5.00 35000.  0.5  2.0   0.0465    0.2300    0.0187
 4.50 37500.  0.5  2.0   0.0213    0.2631    0.0297
 5.00 37500.  0.5  2.0   0.0321    0.2265    0.0204
 5.00 40000.  0.5  2.0   0.0248    0.2194    0.0216
 5.00 42500.  0.5  2.0   0.0217    0.2170    0.0224
 5.00 45000.  0.5  2.0   0.0181    0.2196    0.0235
 0.00  3500.  1.0  2.0   0.8954   -0.0689    0.0188
 0.50  3500.  1.0  2.0   0.8715   -0.0568    0.0192
 1.00  3500.  1.0  2.0   0.8461   -0.0428    0.0185
 1.50  3500.  1.0  2.0   0.8207   -0.0278    0.0171
 2.00  3500.  1.0  2.0   0.7977   -0.0136    0.0154
 2.50  3500.  1.0  2.0   0.7776   -0.0002    0.0136
 3.00  3500.  1.0  2.0   0.7605    0.0128    0.0121
 3.50  3500.  1.0  2.0   0.7470    0.0251    0.0112
 4.00  3500.  1.0  2.0   0.7287    0.0426    0.0106
 4.50  3500.  1.0  2.0   0.6350    0.1301    0.0097
 5.00  3500.  1.0  2.0   0.5200    0.2336    0.0094
 0.00  3750.  1.0  2.0   0.8825   -0.0464    0.0117
 0.50  3750.  1.0  2.0   0.8828   -0.0573    0.0129
 1.00  3750.  1.0  2.0   0.8784   -0.0642    0.0140
 1.50  3750.  1.0  2.0   0.8685   -0.0659    0.0148
 2.00  3750.  1.0  2.0   0.8548   -0.0632    0.0150
 2.50  3750.  1.0  2.0   0.8382   -0.0569    0.0148
 3.00  3750.  1.0  2.0   0.8196   -0.0474    0.0143
 3.50  3750.  1.0  2.0   0.7987   -0.0340    0.0135
 4.00  3750.  1.0  2.0   0.7721   -0.0130    0.0122
 4.50  3750.  1.0  2.0   0.7424    0.0125    0.0106
 5.00  3750.  1.0  2.0   0.6638    0.0848    0.0090
 0.00  4000.  1.0  2.0   0.8120    0.0254    0.0101
 0.50  4000.  1.0  2.0   0.8185    0.0125    0.0101
 1.00  4000.  1.0  2.0   0.8259   -0.0033    0.0101
 1.50  4000.  1.0  2.0   0.8311   -0.0181    0.0100
 2.00  4000.  1.0  2.0   0.8335   -0.0312    0.0101
 2.50  4000.  1.0  2.0   0.8321   -0.0406    0.0102
 3.00  4000.  1.0  2.0   0.8272   -0.0464    0.0102
 3.50  4000.  1.0  2.0   0.8178   -0.0473    0.0102
 4.00  4000.  1.0  2.0   0.8000   -0.0390    0.0099
 4.50  4000.  1.0  2.0   0.7653   -0.0125    0.0090
 5.00  4000.  1.0  2.0   0.7197    0.0260    0.0077
 0.00  4250.  1.0  2.0   0.7490    0.0743    0.0117
 0.50  4250.  1.0  2.0   0.7538    0.0683    0.0117
 1.00  4250.  1.0  2.0   0.7599    0.0583    0.0113
 1.50  4250.  1.0  2.0   0.7654    0.0472    0.0106
 2.00  4250.  1.0  2.0   0.7712    0.0344    0.0099
 2.50  4250.  1.0  2.0   0.7762    0.0216    0.0091
 3.00  4250.  1.0  2.0   0.7801    0.0090    0.0083
 3.50  4250.  1.0  2.0   0.7816   -0.0018    0.0077
 4.00  4250.  1.0  2.0   0.7797   -0.0098    0.0073
 4.50  4250.  1.0  2.0   0.7648   -0.0049    0.0069
 5.00  4250.  1.0  2.0   0.7219    0.0286    0.0059
 0.00  4500.  1.0  2.0   0.6981    0.1013    0.0108
 0.50  4500.  1.0  2.0   0.7014    0.1003    0.0117
 1.00  4500.  1.0  2.0   0.7051    0.0964    0.0119
 1.50  4500.  1.0  2.0   0.7098    0.0893    0.0116
 2.00  4500.  1.0  2.0   0.7135    0.0819    0.0110
 2.50  4500.  1.0  2.0   0.7183    0.0725    0.0103
 3.00  4500.  1.0  2.0   0.7220    0.0634    0.0095
 3.50  4500.  1.0  2.0   0.7256    0.0539    0.0086
 4.00  4500.  1.0  2.0   0.7283    0.0447    0.0077
 4.50  4500.  1.0  2.0   0.7280    0.0375    0.0069
 5.00  4500.  1.0  2.0   0.7116    0.0451    0.0062
 0.00  4750.  1.0  2.0   0.6466    0.1289    0.0085
 0.50  4750.  1.0  2.0   0.6516    0.1275    0.0096
 1.00  4750.  1.0  2.0   0.6551    0.1254    0.0103
 1.50  4750.  1.0  2.0   0.6589    0.1213    0.0106
 2.00  4750.  1.0  2.0   0.6632    0.1154    0.0104
 2.50  4750.  1.0  2.0   0.6676    0.1085    0.0099
 3.00  4750.  1.0  2.0   0.6719    0.1007    0.0094
 3.50  4750.  1.0  2.0   0.6757    0.0932    0.0089
 4.00  4750.  1.0  2.0   0.6785    0.0862    0.0083
 4.50  4750.  1.0  2.0   0.6801    0.0802    0.0078
 5.00  4750.  1.0  2.0   0.6799    0.0753    0.0072
 0.00  5000.  1.0  2.0   0.6261    0.1292    0.0081
 0.50  5000.  1.0  2.0   0.5938    0.1652    0.0086
 1.00  5000.  1.0  2.0   0.6028    0.1587    0.0090
 1.50  5000.  1.0  2.0   0.6089    0.1530    0.0094
 2.00  5000.  1.0  2.0   0.6138    0.1475    0.0095
 2.50  5000.  1.0  2.0   0.6183    0.1415    0.0094
 3.00  5000.  1.0  2.0   0.6231    0.1349    0.0090
 3.50  5000.  1.0  2.0   0.6281    0.1275    0.0085
 4.00  5000.  1.0  2.0   0.6325    0.1201    0.0080
 4.50  5000.  1.0  2.0   0.6356    0.1139    0.0076
 5.00  5000.  1.0  2.0   0.6373    0.1089    0.0072
 0.00  5250.  1.0  2.0   0.5992    0.1384    0.0076
 0.50  5250.  1.0  2.0   0.5791    0.1617    0.0094
 1.00  5250.  1.0  2.0   0.5442    0.1997    0.0090
 1.50  5250.  1.0  2.0   0.5530    0.1921    0.0092
 2.00  5250.  1.0  2.0   0.5607    0.1845    0.0092
 2.50  5250.  1.0  2.0   0.5675    0.1768    0.0091
 3.00  5250.  1.0  2.0   0.5744    0.1688    0.0089
 3.50  5250.  1.0  2.0   0.5803    0.1616    0.0086
 4.00  5250.  1.0  2.0   0.5853    0.1549    0.0082
 4.50  5250.  1.0  2.0   0.5898    0.1485    0.0076
 5.00  5250.  1.0  2.0   0.5927    0.1433    0.0072
 0.00  5500.  1.0  2.0   0.5711    0.1485    0.0071
 0.50  5500.  1.0  2.0   0.5563    0.1681    0.0091
 1.00  5500.  1.0  2.0   0.5303    0.1946    0.0110
 1.50  5500.  1.0  2.0   0.4939    0.2333    0.0100
 2.00  5500.  1.0  2.0   0.5040    0.2246    0.0096
 2.50  5500.  1.0  2.0   0.5139    0.2149    0.0093
 3.00  5500.  1.0  2.0   0.5232    0.2053    0.0089
 3.50  5500.  1.0  2.0   0.5310    0.1965    0.0087
 4.00  5500.  1.0  2.0   0.5369    0.1898    0.0085
 4.50  5500.  1.0  2.0   0.5431    0.1828    0.0081
 5.00  5500.  1.0  2.0   0.5468    0.1780    0.0077
 0.00  5750.  1.0  2.0   0.5473    0.1534    0.0067
 0.50  5750.  1.0  2.0   0.5350    0.1732    0.0083
 1.00  5750.  1.0  2.0   0.5147    0.1946    0.0106
 1.50  5750.  1.0  2.0   0.4725    0.2362    0.0121
 2.00  5750.  1.0  2.0   0.4461    0.2639    0.0111
 2.50  5750.  1.0  2.0   0.4579    0.2541    0.0102
 3.00  5750.  1.0  2.0   0.4690    0.2437    0.0095
 3.50  5750.  1.0  2.0   0.4804    0.2322    0.0091
 4.00  5750.  1.0  2.0   0.4889    0.2236    0.0088
 4.50  5750.  1.0  2.0   0.4969    0.2152    0.0085
 5.00  5750.  1.0  2.0   0.4995    0.2124    0.0082
 0.50  6000.  1.0  2.0   0.5171    0.1747    0.0076
 1.00  6000.  1.0  2.0   0.4982    0.1977    0.0093
 1.50  6000.  1.0  2.0   0.4693    0.2235    0.0123
 2.00  6000.  1.0  2.0   0.4181    0.2710    0.0146
 2.50  6000.  1.0  2.0   0.4046    0.2889    0.0122
 3.00  6000.  1.0  2.0   0.4165    0.2792    0.0110
 3.50  6000.  1.0  2.0   0.4291    0.2680    0.0101
 4.00  6000.  1.0  2.0   0.4397    0.2580    0.0095
 4.50  6000.  1.0  2.0   0.4483    0.2494    0.0091
 5.00  6000.  1.0  2.0   0.4542    0.2437    0.0088
 0.50  6250.  1.0  2.0   0.4944    0.1810    0.0071
 1.00  6250.  1.0  2.0   0.4853    0.1975    0.0082
 1.50  6250.  1.0  2.0   0.4593    0.2235    0.0103
 2.00  6250.  1.0  2.0   0.4186    0.2580    0.0141
 2.50  6250.  1.0  2.0   0.3611    0.3110    0.0161
 3.00  6250.  1.0  2.0   0.3656    0.3111    0.0136
 3.50  6250.  1.0  2.0   0.3777    0.3019    0.0121
 4.00  6250.  1.0  2.0   0.3899    0.2915    0.0109
 4.50  6250.  1.0  2.0   0.4015    0.2811    0.0101
 5.00  6250.  1.0  2.0   0.4084    0.2746    0.0098
 0.50  6500.  1.0  2.0   0.4674    0.1936    0.0066
 1.00  6500.  1.0  2.0   0.4663    0.2024    0.0079
 1.50  6500.  1.0  2.0   0.4507    0.2225    0.0088
 2.00  6500.  1.0  2.0   0.4183    0.2510    0.0115
 2.50  6500.  1.0  2.0   0.3732    0.2865    0.0161
 3.00  6500.  1.0  2.0   0.3225    0.3320    0.0183
 3.50  6500.  1.0  2.0   0.3318    0.3291    0.0149
 4.00  6500.  1.0  2.0   0.3444    0.3201    0.0130
 4.50  6500.  1.0  2.0   0.3560    0.3104    0.0119
 5.00  6500.  1.0  2.0   0.3648    0.3029    0.0111
 0.50  6750.  1.0  2.0   0.4434    0.2051    0.0061
 1.00  6750.  1.0  2.0   0.4389    0.2167    0.0076
 1.50  6750.  1.0  2.0   0.4373    0.2240    0.0086
 2.00  6750.  1.0  2.0   0.4152    0.2475    0.0097
 2.50  6750.  1.0  2.0   0.3773    0.2767    0.0134
 3.00  6750.  1.0  2.0   0.3241    0.3160    0.0194
 3.50  6750.  1.0  2.0   0.2960    0.3464    0.0179
 4.00  6750.  1.0  2.0   0.3040    0.3424    0.0159
 4.50  6750.  1.0  2.0   0.3138    0.3348    0.0144
 5.00  6750.  1.0  2.0   0.3225    0.3281    0.0132
 0.50  7000.  1.0  2.0   0.4219    0.2164    0.0056
 1.00  7000.  1.0  2.0   0.4131    0.2300    0.0075
 1.50  7000.  1.0  2.0   0.4094    0.2388    0.0088
 2.00  7000.  1.0  2.0   0.4064    0.2457    0.0095
 2.50  7000.  1.0  2.0   0.3775    0.2728    0.0109
 3.00  7000.  1.0  2.0   0.3319    0.3051    0.0159
 3.50  7000.  1.0  2.0   0.2801    0.3472    0.0200
 4.00  7000.  1.0  2.0   0.2699    0.3577    0.0189
 4.50  7000.  1.0  2.0   0.2761    0.3546    0.0173
 5.00  7000.  1.0  2.0   0.2845    0.3490    0.0156
 0.50  7250.  1.0  2.0   0.4010    0.2289    0.0053
 1.00  7250.  1.0  2.0   0.3902    0.2420    0.0074
 1.50  7250.  1.0  2.0   0.3833    0.2525    0.0090
 2.00  7250.  1.0  2.0   0.3808    0.2584    0.0099
 2.50  7250.  1.0  2.0   0.3757    0.2655    0.0104
 3.00  7250.  1.0  2.0   0.3397    0.2961    0.0124
 3.50  7250.  1.0  2.0   0.2894    0.3307    0.0181
 4.00  7250.  1.0  2.0   0.2469    0.3651    0.0210
 4.50  7250.  1.0  2.0   0.2452    0.3670    0.0201
 5.00  7250.  1.0  2.0   0.2521    0.3630    0.0183
 1.00  7500.  1.0  2.0   0.3710    0.2518    0.0074
 1.50  7500.  1.0  2.0   0.3594    0.2646    0.0093
 2.00  7500.  1.0  2.0   0.3538    0.2723    0.0106
 2.50  7500.  1.0  2.0   0.3527    0.2753    0.0112
 3.00  7500.  1.0  2.0   0.3439    0.2845    0.0114
 3.50  7500.  1.0  2.0   0.3021    0.3171    0.0142
 4.00  7500.  1.0  2.0   0.2478    0.3551    0.0202
 4.50  7500.  1.0  2.0   0.2222    0.3743    0.0223
 5.00  7500.  1.0  2.0   0.2232    0.3739    0.0209
 1.00  7750.  1.0  2.0   0.3536    0.2603    0.0076
 1.50  7750.  1.0  2.0   0.3403    0.2733    0.0097
 2.00  7750.  1.0  2.0   0.3313    0.2825    0.0113
 2.50  7750.  1.0  2.0   0.3270    0.2877    0.0121
 3.00  7750.  1.0  2.0   0.3260    0.2894    0.0123
 3.50  7750.  1.0  2.0   0.3118    0.3024    0.0125
 4.00  7750.  1.0  2.0   0.2633    0.3386    0.0163
 4.50  7750.  1.0  2.0   0.2148    0.3717    0.0218
 5.00  7750.  1.0  2.0   0.2044    0.3786    0.0222
 1.00  8000.  1.0  2.0   0.3398    0.2644    0.0079
 1.50  8000.  1.0  2.0   0.3233    0.2800    0.0102
 2.00  8000.  1.0  2.0   0.3109    0.2908    0.0121
 2.50  8000.  1.0  2.0   0.3054    0.2965    0.0131
 3.00  8000.  1.0  2.0   0.3026    0.2994    0.0134
 3.50  8000.  1.0  2.0   0.3018    0.3003    0.0133
 4.00  8000.  1.0  2.0   0.2786    0.3203    0.0138
 4.50  8000.  1.0  2.0   0.2264    0.3574    0.0188
 5.00  8000.  1.0  2.0   0.1920    0.3808    0.0226
 1.00  8250.  1.0  2.0   0.3315    0.2624    0.0079
 1.50  8250.  1.0  2.0   0.3100    0.2837    0.0105
 2.00  8250.  1.0  2.0   0.2944    0.2958    0.0128
 2.50  8250.  1.0  2.0   0.2845    0.3034    0.0143
 3.00  8250.  1.0  2.0   0.2813    0.3067    0.0147
 3.50  8250.  1.0  2.0   0.2799    0.3080    0.0147
 4.00  8250.  1.0  2.0   0.2777    0.3103    0.0143
 4.50  8250.  1.0  2.0   0.2439    0.3386    0.0156
 5.00  8250.  1.0  2.0   0.1934    0.3742    0.0208
 1.50  8500.  1.0  2.0   0.3007    0.2845    0.0103
 2.00  8500.  1.0  2.0   0.2827    0.2973    0.0130
 2.50  8500.  1.0  2.0   0.2707    0.3052    0.0149
 3.00  8500.  1.0  2.0   0.2626    0.3110    0.0159
 3.50  8500.  1.0  2.0   0.2581    0.3148    0.0163
 4.00  8500.  1.0  2.0   0.2560    0.3170    0.0160
 4.50  8500.  1.0  2.0   0.2515    0.3214    0.0155
 5.00  8500.  1.0  2.0   0.2082    0.3575    0.0177
 1.50  8750.  1.0  2.0   0.2927    0.2850    0.0101
 2.00  8750.  1.0  2.0   0.2732    0.2979    0.0128
 2.50  8750.  1.0  2.0   0.2598    0.3052    0.0150
 3.00  8750.  1.0  2.0   0.2505    0.3104    0.0164
 3.50  8750.  1.0  2.0   0.2442    0.3147    0.0172
 4.00  8750.  1.0  2.0   0.2394    0.3190    0.0173
 4.50  8750.  1.0  2.0   0.2362    0.3223    0.0170
 5.00  8750.  1.0  2.0   0.2228    0.3352    0.0167
 2.00  9000.  1.0  2.0   0.2643    0.2996    0.0126
 2.50  9000.  1.0  2.0   0.2509    0.3050    0.0147
 3.00  9000.  1.0  2.0   0.2415    0.3082    0.0163
 3.50  9000.  1.0  2.0   0.2340    0.3120    0.0174
 4.00  9000.  1.0  2.0   0.2278    0.3164    0.0181
 4.50  9000.  1.0  2.0   0.2235    0.3206    0.0181
 5.00  9000.  1.0  2.0   0.2222    0.3224    0.0177
 2.00  9250.  1.0  2.0   0.2554    0.3024    0.0127
 2.50  9250.  1.0  2.0   0.2428    0.3059    0.0146
 3.00  9250.  1.0  2.0   0.2339    0.3068    0.0159
 3.50  9250.  1.0  2.0   0.2263    0.3085    0.0171
 4.00  9250.  1.0  2.0   0.2193    0.3119    0.0180
 4.50  9250.  1.0  2.0   0.2129    0.3168    0.0186
 5.00  9250.  1.0  2.0   0.2088    0.3210    0.0187
 2.00  9500.  1.0  2.0   0.2462    0.3057    0.0132
 2.50  9500.  1.0  2.0   0.2337    0.3087    0.0148
 3.00  9500.  1.0  2.0   0.2263    0.3073    0.0158
 3.50  9500.  1.0  2.0   0.2201    0.3059    0.0167
 4.00  9500.  1.0  2.0   0.2134    0.3071    0.0175
 4.50  9500.  1.0  2.0   0.2060    0.3109    0.0183
 5.00  9500.  1.0  2.0   0.1997    0.3159    0.0190
 2.00  9750.  1.0  2.0   0.2372    0.3085    0.0138
 2.50  9750.  1.0  2.0   0.2244    0.3121    0.0152
 3.00  9750.  1.0  2.0   0.2180    0.3098    0.0160
 3.50  9750.  1.0  2.0   0.2132    0.3063    0.0165
 4.00  9750.  1.0  2.0   0.2081    0.3043    0.0171
 4.50  9750.  1.0  2.0   0.2017    0.3052    0.0178
 5.00  9750.  1.0  2.0   0.1938    0.3096    0.0186
 2.00 10000.  1.0  2.0   0.2293    0.3098    0.0146
 2.50 10000.  1.0  2.0   0.2153    0.3147    0.0160
 3.00 10000.  1.0  2.0   0.2095    0.3123    0.0165
 3.50 10000.  1.0  2.0   0.2062    0.3076    0.0167
 4.00 10000.  1.0  2.0   0.2026    0.3037    0.0169
 4.50 10000.  1.0  2.0   0.1971    0.3022    0.0174
 5.00 10000.  1.0  2.0   0.1898    0.3040    0.0181
 2.50 10500.  1.0  2.0   0.1995    0.3162    0.0175
 3.00 10500.  1.0  2.0   0.1927    0.3162    0.0178
 3.50 10500.  1.0  2.0   0.1911    0.3117    0.0175
 4.00 10500.  1.0  2.0   0.1901    0.3061    0.0172
 4.50 10500.  1.0  2.0   0.1873    0.3016    0.0171
 5.00 10500.  1.0  2.0   0.1825    0.2987    0.0174
 2.50 11000.  1.0  2.0   0.1880    0.3135    0.0185
 3.00 11000.  1.0  2.0   0.1793    0.3147    0.0189
 3.50 11000.  1.0  2.0   0.1769    0.3128    0.0186
 4.00 11000.  1.0  2.0   0.1770    0.3084    0.0180
 4.50 11000.  1.0  2.0   0.1764    0.3035    0.0175
 5.00 11000.  1.0  2.0   0.1741    0.2987    0.0174
 3.00 11500.  1.0  2.0   0.1690    0.3106    0.0195
 3.50 11500.  1.0  2.0   0.1651    0.3100    0.0193
 4.00 11500.  1.0  2.0   0.1648    0.3078    0.0187
 4.50 11500.  1.0  2.0   0.1652    0.3042    0.0181
 5.00 11500.  1.0  2.0   0.1648    0.2996    0.0176
 3.00 12000.  1.0  2.0   0.1616    0.3057    0.0198
 3.50 12000.  1.0  2.0   0.1563    0.3046    0.0196
 4.00 12000.  1.0  2.0   0.1548    0.3038    0.0192
 4.50 12000.  1.0  2.0   0.1552    0.3022    0.0186
 5.00 12000.  1.0  2.0   0.1553    0.2993    0.0180
 3.00 12500.  1.0  2.0   0.1557    0.3019    0.0200
 3.50 12500.  1.0  2.0   0.1493    0.2992    0.0197
 4.00 12500.  1.0  2.0   0.1467    0.2985    0.0192
 4.50 12500.  1.0  2.0   0.1463    0.2981    0.0187
 5.00 12500.  1.0  2.0   0.1466    0.2968    0.0183
 3.00 13000.  1.0  2.0   0.1508    0.2992    0.0204
 3.50 13000.  1.0  2.0   0.1435    0.2947    0.0198
 4.00 13000.  1.0  2.0   0.1403    0.2928    0.0192
 4.50 13000.  1.0  2.0   0.1391    0.2927    0.0187
 5.00 13000.  1.0  2.0   0.1387    0.2927    0.0183
 3.00 14000.  1.0  2.0   0.1432    0.2959    0.0212
 3.50 14000.  1.0  2.0   0.1344    0.2878    0.0201
 4.00 14000.  1.0  2.0   0.1301    0.2831    0.0192
 4.50 14000.  1.0  2.0   0.1276    0.2816    0.0186
 5.00 14000.  1.0  2.0   0.1263    0.2818    0.0182
 3.00 15000.  1.0  2.0   0.1380    0.2937    0.0219
 3.50 15000.  1.0  2.0   0.1277    0.2824    0.0205
 4.00 15000.  1.0  2.0   0.1228    0.2749    0.0191
 4.50 15000.  1.0  2.0   0.1196    0.2716    0.0182
 5.00 15000.  1.0  2.0   0.1176    0.2705    0.0177
 3.00 16000.  1.0  2.0   0.1351    0.2929    0.0225
 3.50 16000.  1.0  2.0   0.1230    0.2782    0.0209
 4.00 16000.  1.0  2.0   0.1172    0.2682    0.0192
 4.50 16000.  1.0  2.0   0.1137    0.2628    0.0179
 5.00 16000.  1.0  2.0   0.1112    0.2604    0.0172
 3.00 17000.  1.0  2.0   0.1328    0.2953    0.0230
 3.50 17000.  1.0  2.0   0.1201    0.2757    0.0213
 4.00 17000.  1.0  2.0   0.1135    0.2627    0.0193
 4.50 17000.  1.0  2.0   0.1095    0.2554    0.0177
 5.00 17000.  1.0  2.0   0.1068    0.2516    0.0168
 3.00 18000.  1.0  2.0   0.1284    0.3028    0.0236
 3.50 18000.  1.0  2.0   0.1172    0.2768    0.0217
 4.00 18000.  1.0  2.0   0.1112    0.2592    0.0194
 4.50 18000.  1.0  2.0   0.1068    0.2494    0.0176
 5.00 18000.  1.0  2.0   0.1035    0.2445    0.0165
 3.00 19000.  1.0  2.0   0.1210    0.3143    0.0249
 3.50 19000.  1.0  2.0   0.1126    0.2821    0.0225
 4.00 19000.  1.0  2.0   0.1086    0.2591    0.0197
 4.50 19000.  1.0  2.0   0.1050    0.2458    0.0176
 5.00 19000.  1.0  2.0   0.1017    0.2389    0.0163
 3.00 20000.  1.0  2.0   0.1125    0.3256    0.0269
 3.50 20000.  1.0  2.0   0.1053    0.2910    0.0238
 4.00 20000.  1.0  2.0   0.1045    0.2630    0.0203
 4.50 20000.  1.0  2.0   0.1028    0.2454    0.0177
 5.00 20000.  1.0  2.0   0.1002    0.2356    0.0162
 3.00 21000.  1.0  2.0   0.1068    0.3329    0.0290
 3.50 21000.  1.0  2.0   0.0962    0.3004    0.0259
 4.00 21000.  1.0  2.0   0.0979    0.2700    0.0214
 4.50 21000.  1.0  2.0   0.0993    0.2482    0.0183
 5.00 21000.  1.0  2.0   0.0981    0.2353    0.0163
 3.50 22000.  1.0  2.0   0.0885    0.3063    0.0282
 4.00 22000.  1.0  2.0   0.0899    0.2771    0.0231
 4.50 22000.  1.0  2.0   0.0937    0.2534    0.0192
 5.00 22000.  1.0  2.0   0.0949    0.2377    0.0168
 3.50 23000.  1.0  2.0   0.0846    0.3081    0.0297
 4.00 23000.  1.0  2.0   0.0824    0.2817    0.0249
 4.50 23000.  1.0  2.0   0.0868    0.2592    0.0204
 5.00 23000.  1.0  2.0   0.0902    0.2419    0.0175
 3.50 24000.  1.0  2.0   0.0846    0.3084    0.0303
 4.00 24000.  1.0  2.0   0.0779    0.2823    0.0261
 4.50 24000.  1.0  2.0   0.0801    0.2627    0.0217
 5.00 24000.  1.0  2.0   0.0844    0.2463    0.0185
 3.50 25000.  1.0  2.0   0.0862    0.3102    0.0303
 4.00 25000.  1.0  2.0   0.0760    0.2813    0.0266
 4.50 25000.  1.0  2.0   0.0755    0.2627    0.0226
 5.00 25000.  1.0  2.0   0.0787    0.2488    0.0194
 3.50 26000.  1.0  2.0   0.0867    0.3150    0.0302
 4.00 26000.  1.0  2.0   0.0759    0.2808    0.0267
 4.50 26000.  1.0  2.0   0.0731    0.2609    0.0228
 5.00 26000.  1.0  2.0   0.0745    0.2483    0.0199
 3.50 27000.  1.0  2.0   0.0846    0.3224    0.0302
 4.00 27000.  1.0  2.0   0.0754    0.2825    0.0267
 4.50 27000.  1.0  2.0   0.0724    0.2590    0.0227
 5.00 27000.  1.0  2.0   0.0721    0.2461    0.0199
 4.00 28000.  1.0  2.0   0.0731    0.2863    0.0269
 4.50 28000.  1.0  2.0   0.0719    0.2582    0.0227
 5.00 28000.  1.0  2.0   0.0709    0.2434    0.0196
 4.00 29000.  1.0  2.0   0.0684    0.2917    0.0275
 4.50 29000.  1.0  2.0   0.0694    0.2596    0.0226
 5.00 29000.  1.0  2.0   0.0698    0.2414    0.0194
 4.00 30000.  1.0  2.0   0.0611    0.2986    0.0285
 4.50 30000.  1.0  2.0   0.0660    0.2614    0.0229
 5.00 30000.  1.0  2.0   0.0678    0.2404    0.0192
 4.00 31000.  1.0  2.0   0.0525    0.3060    0.0301
 4.50 31000.  1.0  2.0   0.0603    0.2644    0.0233
 5.00 31000.  1.0  2.0   0.0646    0.2401    0.0191
 4.50 32000.  1.0  2.0   0.0533    0.2680    0.0241
 5.00 32000.  1.0  2.0   0.0606    0.2399    0.0191
 4.50 33000.  1.0  2.0   0.0452    0.2719    0.0253
 5.00 33000.  1.0  2.0   0.0550    0.2409    0.0194
 4.50 34000.  1.0  2.0   0.0374    0.2747    0.0268
 5.00 34000.  1.0  2.0   0.0490    0.2417    0.0199
 4.50 35000.  1.0  2.0   0.0311    0.2752    0.0283
 5.00 35000.  1.0  2.0   0.0425    0.2423    0.0206
 5.00 37500.  1.0  2.0   0.0305    0.2375    0.0223
 5.00 40000.  1.0  2.0   0.0258    0.2308    0.0229
