 0.00  2300.  0.0  2.0  -0.06243710  -0.36734425  -0.44531882  -0.33506544  -0.50097873  -0.76975037   0.45765961   1.85223591   2.20083482   1.79241647   2.77236302   3.90443880   0.41185098  -0.83590088  -1.32856218  -0.83641189  -2.16805253  -3.45686038   0.14174410   0.22850099   0.41835973   0.34233748   0.74363957   1.27334734   0.30300530   0.33262892   0.33926600   0.30300530   0.33926600   0.30781994   0.00281732   0.00189432   0.00062328   0.00176927   0.00140832   0.00686506
 0.50  2300.  0.0  2.0   0.01620456  -0.44732580  -0.52499304  -0.15632089  -0.45061957  -0.39079139   0.13066506   2.76464941   3.38182186   1.09777043   2.73441659   2.68871771   0.78216787  -2.20631442  -3.05468788   0.00255979  -2.13524597  -2.15882354   0.00527120   0.84970828   1.16046296   0.01011058   0.71832943   0.82103898   0.24973742   0.25366793   0.25366793   0.24973742   0.27352809   0.25366793   0.00067099   0.00124805   0.00415285   0.00040096   0.00070138   0.00164762
 1.00  2300.  0.0  2.0   0.13278652  -0.15431496  -0.19936078  -0.09971924  -0.20438912  -0.11968981  -0.07808834   1.70545658   2.32040967   0.88577957   2.63043435   1.72808862   0.86869202  -0.98811035  -1.90182913   0.14171708  -2.37518389  -1.07091470   0.01806154   0.40715504   0.75483443   0.01045841   0.91711798   0.43009267   0.20530730   0.20839378   0.20839378   0.20839378   0.21163509   0.20839378   0.00024615   0.00081349   0.00286209   0.00004311   0.00393335   0.00101153
 1.50  2300.  0.0  2.0   0.10402726  -0.00450745   0.10410956  -0.07490769   0.14504530   0.05977966   0.16258124   1.64468345   1.76902079   1.15476391   1.94555129   1.60543184   0.71326421  -1.02510162  -1.43094267  -0.17855078  -1.78764375  -1.06673437  -0.03388202   0.37159272   0.55703331   0.05020986   0.69062355   0.39029703   0.15728610   0.15844610   0.15844610   0.15844610   0.16088339   0.15844610   0.00045127   0.00171661   0.00596049   0.00006513   0.00856781   0.00246685
 2.00  2300.  0.0  2.0   0.04206846   0.27784732   0.40091053   0.08582571   0.01314614   0.33565192   0.78236524   1.74693712   1.70972596   1.69000116   2.18199188   1.65636848   0.20265261  -1.62427410  -1.81778317  -1.19504463  -2.01767984  -1.59418337  -0.06558924   0.60733441   0.72460888   0.40384340   0.69952074   0.60910182   0.13413314   0.13627077   0.13627077   0.13413314   0.14780793   0.13627077   0.00032510   0.00977032   0.01666532   0.00222772   0.00153818   0.01057845
 2.50  2300.  0.0  2.0   0.03424113   0.34337118   0.49307060   0.08216769   0.76843877   0.38637497   0.85918637   1.58889549   1.36442942   1.65777089   0.98019618   1.49396823   0.09467983  -1.45971192  -1.38754474  -1.11850631  -1.24786842  -1.40374682  -0.04164469   0.52167225   0.53176622   0.34074670   0.52535246   0.51432036   0.11258113   0.11346613   0.11346613   0.11258113   0.11346613   0.11346613   0.00015616   0.00645913   0.01125270   0.00092799   0.02225254   0.00668469
 3.00  2300.  0.0  2.0   0.10649805   0.15513307   0.35704153   0.07704236   0.59846605   0.22738420   0.27157449   1.76885615   1.34273904   1.42317104   1.01178822   1.60140219   0.94583635  -1.43309344  -1.11533209  -0.72673728  -1.00039669  -1.30051260  -0.40096292   0.46259420   0.37816074   0.17368208   0.36783865   0.42471837   0.08462222   0.08592077   0.08592077   0.08462222   0.08592077   0.08592077   0.00089972   0.00123340   0.00312011   0.00016171   0.00611158   0.00164396
 3.50  2300.  0.0  2.0   0.29067928   0.10534352   0.28415922   0.05681711   0.37255311   0.17428738  -0.22298577   1.56931179   1.19802709   1.14050209   1.28694514   1.48007245   1.23547347  -1.00215670  -0.75919316  -0.27120308  -1.08741267  -1.01752292  -0.40921846   0.25733179   0.20914018  -0.01713348   0.36154107   0.29022326   0.06788727   0.06788727   0.06788727   0.06788727   0.06788727   0.06788727   0.00096400   0.00043064   0.00071887   0.00016125   0.00133638   0.00061755
 4.00  2300.  0.0  2.0   0.19426022   0.03783036   0.21859050   0.09867704   0.23914721   0.11567105   0.10924242   1.62157561   1.25276825   0.99787783   1.43925378   1.52520021   0.73016388  -0.97007605  -0.78032536  -0.14784366  -1.10488498  -1.03023994  -0.18133393   0.23225139   0.22921643  -0.04497748   0.34401625   0.30379676   0.05158157   0.05158157   0.05158157   0.05158157   0.05158157   0.05158157   0.00026020   0.00047993   0.00105004   0.00054096   0.00148510   0.00119837
 4.50  2300.  0.0  2.0   0.31300157   0.05089121   0.15773835   0.21797535   0.27368401   0.12226921   0.09442170   1.65015420   1.38305353   0.70786978   1.33124687   1.47655853   0.56050023  -1.07554186  -0.92180055   0.12408333  -1.00949137  -1.00571708  -0.11390469   0.29027379   0.28847646  -0.14025259   0.32441682   0.30853384   0.04033648   0.04085790   0.04085790   0.04033648   0.04033648   0.04085790   0.00088791   0.00083961   0.00123261   0.00093658   0.00151528   0.00108986
 5.00  2300.  0.0  2.0   0.16939087   0.13797799   0.25644599   0.12620236   0.30320178   0.21153496   0.54890477   1.49238123   1.03795415   0.98174544   1.22464794   1.24001077   0.02806227  -1.01329573  -0.47275319  -0.23575635  -0.90339762  -0.80015188   0.08551394   0.29886492   0.08869055   0.01649112   0.29330625   0.24706603   0.03121192   0.03121192   0.03121192   0.03121192   0.03121192   0.03121192   0.00050683   0.00127260   0.00177223   0.00074630   0.00313645   0.00151506
 5.50  2300.  0.0  2.0   0.65201001   0.46196744   0.56796335   0.40439141   0.58430675   0.49143833  -0.07961604   0.76379190   0.43103358   0.50123188   0.67674356   0.75453747   0.21270886  -0.39590327  -0.05594917   0.08232450  -0.53326720  -0.55713604   0.08182498   0.09201987  -0.01923804  -0.08505380   0.20317605   0.21720003   0.02366003   0.02366003   0.02366003   0.02366003   0.02366003   0.02366003   0.00581521   0.00418633   0.00499741   0.00205797   0.00653367   0.00395874
 6.00  2300.  0.0  2.0   0.78785018   0.42412989   0.55270405   0.39782424   0.71375405   0.62036740  -0.47282512   0.98538076   0.64806477   0.55602421   0.36795050   0.37388011   0.65506170  -0.75268655  -0.42983574   0.02068285  -0.24874192  -0.07292701  -0.09998893   0.25036307   0.15281884  -0.08076883   0.10566948  -0.00777548   0.01832396   0.01832396   0.01832396   0.01832396   0.01832396   0.01832396   0.00597902   0.00309791   0.00494041   0.00192364   0.00834189   0.00580507
 0.00  2400.  0.0  2.0  -0.20003302  -0.48735715  -0.61372197  -0.50726240  -0.74958655  -0.49867770   0.93384918   2.42434384   2.86946857   2.41079106   3.69137904   2.50133866  -0.16807735  -1.65889196  -2.14935994  -1.56230062  -3.26347876  -1.75716072   0.40704820   0.60630745   0.74981719   0.61657318   1.18036969   0.62435399   0.29388544   0.32966206   0.33289206   0.30125443   0.33289206   0.32966206   0.00150368   0.00111366   0.00341397   0.00137176   0.00527376   0.00124473
 0.50  2400.  0.0  2.0  -0.16033596  -0.40945940  -0.41082599  -0.38805601  -0.43387181  -0.50283050   0.79294284   2.33032238   2.37972331   2.10489705   2.86240041   3.18930462   0.12530189  -1.58764154  -1.65305763  -1.21561053  -2.41834673  -2.79576927   0.20335318   0.56819986   0.55085970   0.46035425   0.85635901   1.06094004   0.24340944   0.26719513   0.27487849   0.24533944   0.27487849   0.25359027   0.00054643   0.00055774   0.00038447   0.00083741   0.00080549   0.00350717
 1.00  2400.  0.0  2.0  -0.05109596  -0.25987261  -0.31280219  -0.16959486  -0.29702090  -0.22274077   0.47133831   2.30282927   2.91505292   1.38918951   2.44681921   2.31142253   0.35937576  -1.76849837  -2.68069800  -0.46537199  -1.94479349  -1.82615434   0.18003680   0.70936129   1.06482024   0.21846038   0.68942261   0.72049023   0.20187779   0.20503428   0.20503428   0.20187779   0.22268464   0.20503428   0.00009344   0.00299038   0.00748780   0.00019815   0.00075877   0.00324702
 1.50  2400.  0.0  2.0   0.00374804  -0.03857981   0.03992823  -0.08068551  -0.12343589  -0.00663694   0.39433543   1.78445488   1.95719285   1.34792183   2.07622499   1.84108504   0.48935112  -1.25579246  -1.67176318  -0.49119549  -1.61987174  -1.40070892   0.07411784   0.49739824   0.67128280   0.19761807   0.57248100   0.55309536   0.15571280   0.15817001   0.15817001   0.15571280   0.17021301   0.15817001   0.00009511   0.00270989   0.00705894   0.00031835   0.00066945   0.00343456
 2.00  2400.  0.0  2.0  -0.08922234  -0.07987004   0.01838180  -0.13589100   0.11138262   0.05511196   1.51205368   2.21451454   2.16847739   2.22830760   2.05641632   2.06950405  -0.66061790  -1.88314961  -2.01519923  -1.76575073  -2.01057086  -1.88179301   0.22034313   0.63877503   0.71995619   0.59446925   0.72519383   0.67112836   0.13183451   0.14805127   0.14805127   0.14319673   0.14930627   0.14559406   0.00038612   0.00091768   0.00218628   0.00063803   0.00295372   0.00248030
 2.50  2400.  0.0  2.0  -0.07370993  -0.05189929   0.04712402   0.25898288   0.14171837   0.14585894   1.56288633   2.38893206   2.22628667   1.86538750   2.09473572   2.03772486  -0.73524759  -2.21014697  -2.15347281  -1.76687736  -2.14121424  -1.96302990   0.22636196   0.76066034   0.76577032   0.65944468   0.77538410   0.70141370   0.11031366   0.12371858   0.12371858   0.11031366   0.12475358   0.12069809   0.00049877   0.00110870   0.00182144   0.00800211   0.00237150   0.00282252
 3.00  2400.  0.0  2.0  -0.00165408   0.50135182   0.66495353   0.10652094   0.97512623   0.54802725   1.08447180   1.40664570   1.01755494   1.83412261   0.49344095   1.24150623  -0.10859877  -1.40354352  -1.06918479  -1.42018939  -0.76698512  -1.22439177  -0.00207276   0.51154234   0.40936997   0.45533224   0.34295872   0.44833850   0.08277527   0.08407782   0.08407782   0.08407782   0.08407782   0.08407782   0.00008683   0.00748382   0.01122104   0.00128486   0.02131360   0.00731701
 3.50  2400.  0.0  2.0  -0.00755870   0.16597475   0.35046354   0.03076112   0.55896953   0.23039716   0.72427753   1.84062751   1.36055987   1.65397720   1.11048965   1.68787244   0.39397910  -1.53128013  -1.09468790  -0.99962475  -1.08505130  -1.42428939  -0.17262257   0.48383507   0.34893540   0.26536628   0.38879617   0.46429495   0.06640841   0.06691491   0.06691491   0.06640841   0.06691491   0.06691491   0.00041365   0.00117638   0.00213448   0.00025708   0.00401602   0.00145268
 4.00  2400.  0.0  2.0   0.24309664   0.02978602   0.22206680  -0.00143206   0.31665194   0.13776199  -0.22485415   1.87633419   1.33736633   1.37321582   1.40490449   1.64221442   1.41171513  -1.34402411  -0.83058746  -0.50412275  -1.14531633  -1.19774390  -0.50877343   0.37302808   0.21008762   0.05421690   0.36293083   0.35290544   0.05087434   0.05087434   0.05087434   0.05087434   0.05087434   0.05087434   0.00065838   0.00047058   0.00062593   0.00027101   0.00132515   0.00062145
 4.50  2400.  0.0  2.0   0.21692289   0.05153341   0.23655870   0.09740962   0.23947998   0.15455444   0.09813203   1.75278654   1.18308783   1.01857010   1.43586646   1.41338500   0.70102306  -1.18342196  -0.59464925  -0.12156156  -1.06544570  -0.88689401  -0.12454763   0.31360430   0.11089310  -0.07603743   0.32037624   0.24442319   0.04021062   0.04021062   0.04021062   0.04021062   0.04021062   0.04021062   0.00037558   0.00062936   0.00105749   0.00038848   0.00128938   0.00087077
 5.00  2400.  0.0  2.0   0.32858333   0.06075308   0.15092817   0.07170234   0.28195090   0.20842743  -0.10673936   1.81994867   1.36019526   1.18126470   1.32094589   1.24263815   0.87094998  -1.34059217  -0.75082972  -0.35449183  -0.93985330  -0.71653401  -0.20750768   0.39149551   0.16166522   0.01126033   0.27145026   0.18531043   0.03059610   0.03098716   0.03098716   0.03098716   0.03059610   0.03098716   0.00111956   0.00146960   0.00106645   0.00073409   0.00193952   0.00170983
 5.50  2400.  0.0  2.0   0.35597822   0.22937070   0.29921410   0.13272354   0.35878988   0.33525789   0.11978263   1.38712786   1.06545887   1.08910338   1.16574367   0.97994625   0.50235673  -0.95367954  -0.54603230  -0.29953251  -0.85832235  -0.52486363  -0.09230927   0.26861927   0.10892586  -0.01358976   0.26550963   0.12960778   0.02359810   0.02359810   0.02359810   0.02359810   0.02359810   0.02359810   0.00765729   0.00178041   0.00183173   0.00053931   0.00316176   0.00214452
 6.00  2400.  0.0  2.0   0.52230496   0.37196099   0.40205982   0.19774119   0.52450121   0.44959334  -0.14282920   1.10481012   0.93441483   1.06125240   0.78867073   0.85019659   0.60372071  -0.79632999  -0.54207565  -0.40362562  -0.54076539  -0.58674433  -0.10816490   0.24415288   0.13065850   0.04527553   0.16304900   0.20488400   0.01819810   0.01819810   0.01819810   0.01851413   0.01819810   0.01819810   0.00349033   0.00269033   0.00248691   0.00107965   0.00474839   0.00308468
 0.00  2500.  0.0  2.0  -0.44354785  -0.50154883  -0.55075311  -0.40025360  -0.69288562  -0.69239890   1.81330646   2.56319158   2.86775352   1.75083506   3.68840044   3.48721762  -1.16962733  -1.96854433  -2.29166665  -0.67605413  -3.40248235  -3.10996633   0.76120795   0.76365987   0.83028181   0.20476479   1.26978969   1.19017512   0.29312846   0.33579927   0.33579927   0.32482103   0.33579927   0.32482103   0.00252605   0.00128059   0.00130708   0.00110226   0.00253651   0.00272478
 0.50  2500.  0.0  2.0  -0.29084974  -0.37091371  -0.42468855  -0.43113987  -0.45191870  -0.43850799   1.28033128   2.19570105   2.64501007   2.21849054   3.17070186   2.73947758  -0.33985205  -1.48193878  -2.08177350  -1.33393963  -2.93247917  -2.21398636   0.31762875   0.53074435   0.72981633   0.47047901   1.08753649   0.80800661   0.24126172   0.27435881   0.27435881   0.25648704   0.27435881   0.26612632   0.00054839   0.00037758   0.00068095   0.00072655   0.00249448   0.00123081
 1.00  2500.  0.0  2.0  -0.11168279  -0.28343605  -0.29802280  -0.31752635  -0.25729243  -0.29697493   0.75756086   2.07755228   2.29464005   2.06557089   2.58204934   2.20026348   0.11966164  -1.36291175  -1.69525186  -1.26970313  -2.24469274  -1.53835566   0.21577538   0.49444592   0.60117575   0.49575480   0.82705136   0.55106742   0.19730288   0.21806978   0.22197543   0.20045937   0.22197543   0.21806978   0.00004575   0.00045209   0.00065444   0.00091137   0.00193199   0.00044840
 1.50  2500.  0.0  2.0  -0.08907208  -0.11910627  -0.15623673  -0.10901242  -0.05876208  -0.14973186   0.57836224   1.53625311   1.93518488   1.57599800   1.88270874   1.77232991   0.42196769  -0.79585767  -1.37715235  -0.86522961  -1.41015847  -1.13375355   0.05587186   0.31188169   0.51627765   0.38142924   0.50857222   0.43486880   0.15413453   0.16741954   0.16883454   0.15413453   0.16883454   0.16741954   0.00006745   0.00036642   0.00037062   0.00097204   0.00115836   0.00027296
 2.00  2500.  0.0  2.0  -0.18385036   0.11294718   0.23583447   0.00209359   0.20556941   0.16629106   2.02471484   1.91868034   1.84453521   2.13133141   1.85325145   1.88368725  -1.35954931  -1.77299867  -1.89215959  -1.89558646  -1.88770385  -1.82237426   0.47779543   0.65599703   0.73465370   0.69387572   0.71182079   0.68797518   0.13868181   0.14820610   0.14820610   0.14453158   0.15209317   0.14820610   0.00038661   0.00333090   0.00676987   0.00219123   0.00487395   0.00465358
 2.50  2500.  0.0  2.0  -0.15358026   0.07277367   0.43707897   0.02452490   0.29002336   0.33254250   2.08170467   2.20247983   1.57651466   2.26519735   1.81430851   1.73678924  -1.45280626  -2.16973855  -1.76588572  -2.12862926  -1.97893690  -1.83329760   0.48498207   0.77667317   0.68894749   0.76043262   0.74459367   0.69255745   0.11713600   0.12707478   0.12392450   0.12293450   0.12816978   0.12392450   0.00044297   0.00202377   0.00835057   0.00199912   0.00421885   0.00564357
 3.00  2500.  0.0  2.0  -0.00481478   0.08134720   0.37855127   0.44235396   0.18981232   0.27332192   1.50305524   2.35059693   1.69883067   1.53864033   2.10681600   1.91668505  -0.71147780  -2.38723936  -1.81113507  -1.51652789  -2.26721486  -1.97979903   0.20089696   0.85982896   0.67494275   0.56453364   0.83991032   0.72480239   0.08345951   0.09405935   0.09179324   0.08345951   0.09566552   0.09179324   0.00032087   0.00220497   0.00453843   0.00799292   0.00269154   0.00336140
 3.50  2500.  0.0  2.0   0.07744079   0.48410025   0.60544516   0.13133824   0.89614780   0.50272607   0.87196310   1.49854811   1.11252492   1.86391477   0.58645013   1.39624505   0.14242367  -1.53332920  -1.11116392  -1.49641612  -0.78637493  -1.40789549  -0.10858497   0.55390469   0.39793916   0.47730232   0.32304002   0.50824788   0.06507840   0.06609775   0.06609775   0.06609775   0.06609775   0.06609775   0.00021715   0.00477657   0.00628203   0.00107600   0.01176190   0.00456997
 4.00  2500.  0.0  2.0   0.12531536   0.25768382   0.42699090   0.07940574   0.45912722   0.21366200   0.53967590   1.77636318   1.20155916   1.66595851   1.33574672   1.80851197   0.47571020  -1.57032008  -0.91124043  -1.06625575  -1.27853523  -1.59694962  -0.16564097   0.51291181   0.26349503   0.28437954   0.44428729   0.53161617   0.04947132   0.04947132   0.04947132   0.04947132   0.05060163   0.05060163   0.00097516   0.00120902   0.00162779   0.00028481   0.00259280   0.00146708
 4.50  2500.  0.0  2.0   0.10255047   0.03324494   0.18922703   0.00281978   0.28310220   0.15825858   0.46154916   2.08415331   1.52874865   1.54968445   1.54336921   1.63358822   0.48331244  -1.69982904  -1.04974576  -0.77299803  -1.29095934  -1.21564303  -0.10149579   0.52850782   0.27957387   0.15952698   0.41043625   0.36649997   0.03920674   0.03976911   0.03976911   0.03976911   0.03976911   0.03976911   0.00080157   0.00113750   0.00085166   0.00024539   0.00161478   0.00094176
 5.00  2500.  0.0  2.0   0.31852006   0.00510354   0.10764708   0.06971630   0.16069746   0.18681233  -0.28869395   1.93147061   1.58542212   1.13633971   1.69712543   1.22695132   1.20769331  -1.39634476  -0.98499479  -0.22708038  -1.30288084  -0.59576665  -0.31064942   0.39456330   0.22771795  -0.04869832   0.38192875   0.11660889   0.03059508   0.03059508   0.03059508   0.03059508   0.03059508   0.03059508   0.00113377   0.00041027   0.00060779   0.00030471   0.00119777   0.00078942
 5.50  2500.  0.0  2.0   0.27710743   0.18896417   0.10184074   0.07078325   0.19948593   0.23205277   0.05405308   1.55280926   1.66993790   1.30142918   1.64722515   1.29888069   0.60595671  -1.12729489  -1.14187190  -0.52113415  -1.32776379  -0.86255844  -0.04162780   0.32807406   0.29769934   0.06806951   0.41475637   0.25945802   0.02351219   0.02351219   0.02351219   0.02351219   0.02351219   0.02351219   0.00109449   0.00184471   0.00075975   0.00067513   0.00180347   0.00157697
 6.00  2500.  0.0  2.0   0.54369156   0.27564410   0.29038856   0.10941714   0.42105946   0.31692384  -0.40353713   1.41360213   1.19161705   1.36864301   1.03207555   1.13832645   0.99896425  -1.07592862  -0.69493796  -0.69360710  -0.71674266  -0.76953502  -0.22568419   0.32210042   0.14397266   0.13340551   0.20262910   0.23826461   0.01821197   0.01821197   0.01821197   0.01821197   0.01821197   0.01821197   0.00376391   0.00182390   0.00158239   0.00054153   0.00350633   0.00189444
 0.00  2600.  0.0  2.0  -0.58073670  -0.62853677  -0.77466336  -0.49108300  -1.05125713  -0.72980714   2.20108878   3.22777206   3.90909005   2.31157749   4.85788622   3.86078562  -1.16258295  -2.83678109  -3.62548719  -1.42138215  -4.76475068  -3.61781195   0.48655297   1.08742069   1.33182542   0.46502214   1.76016918   1.35580429   0.29659428   0.33711216   0.33711216   0.32863756   0.34179216   0.32863756   0.00411003   0.00207295   0.00370794   0.00088424   0.01371345   0.00315288
 0.50  2600.  0.0  2.0  -0.41665696  -0.40516269  -0.49766233  -0.47185920  -0.56483323  -0.51284156   1.81122925   2.51607366   3.12917928   2.50028467   3.55280268   3.25309244  -0.90454769  -1.99582151  -2.81647202  -1.74343330  -3.44469267  -2.98660034   0.47297363   0.75907445   1.05233781   0.62324831   1.30521030   1.14372380   0.23969832   0.27489287   0.27489287   0.26071234   0.27822287   0.26591656   0.00133262   0.00097931   0.00186267   0.00102690   0.00523586   0.00303662
 1.00  2600.  0.0  2.0  -0.27132714  -0.28744697  -0.31528145  -0.34298072  -0.29521967  -0.29475060   1.32910660   2.14268656   2.59949435   2.03197444   2.50522657   2.48463516  -0.39641862  -1.48582727  -2.20570121  -1.18710667  -2.10681332  -2.04529726   0.31975368   0.53654118   0.82443371   0.42038969   0.75668050   0.77621841   0.19350710   0.22277454   0.22277454   0.21661921   0.23045777   0.21857921   0.00048435   0.00046324   0.00151848   0.00012275   0.00087776   0.00134155
 1.50  2600.  0.0  2.0  -0.12145928  -0.04813285  -0.17954343  -0.17408519  -0.12871089  -0.08107196   0.96702497   1.42965419   2.07951486   1.75651647   2.17371553   1.76152199   0.00313037  -0.65827030  -1.59703389  -1.05975713  -1.77114979  -1.19133439   0.13357743   0.21995011   0.60437333   0.43064195   0.63478837   0.44823125   0.15005543   0.16606762   0.17058582   0.16045387   0.17058582   0.16606762   0.00012451   0.00083820   0.00040591   0.00031684   0.00081745   0.00095132
 2.00  2600.  0.0  2.0  -0.16807201   0.19622106   0.32085695   0.07136611   0.34013520   0.23939761   2.12408810   1.70978822   1.62932399   2.01747403   1.57497616   1.69839289  -1.60700439  -1.62988483  -1.73593821  -1.89550538  -1.69831021  -1.69554199   0.59540676   0.64005382   0.71161270   0.73332426   0.68521423   0.67394718   0.14316177   0.15186342   0.15186342   0.14804129   0.15458040   0.15186342   0.00059791   0.00469090   0.00875294   0.00340998   0.00870510   0.00629111
 2.50  2600.  0.0  2.0  -0.09625806   0.28835920   0.41755278   0.04687456   0.42726444   0.39101292   2.18936777   1.77161074   1.53798372   2.21003786   1.49852498   1.58706581  -1.77293233  -1.85572652  -1.73078012  -2.14787025  -1.72631188  -1.73784231   0.63262544   0.69773838   0.67968613   0.78421148   0.67479272   0.67446544   0.12063816   0.12887899   0.12887899   0.12777899   0.13117643   0.12777899   0.00102136   0.00459948   0.00737807   0.00216250   0.00681709   0.00701963
 3.00  2600.  0.0  2.0  -0.06472479   0.25591334   0.32770989   0.18583641   0.45145804   0.23862846   1.99780268   2.02148025   1.81751545   2.08084154   1.55597942   2.00273292  -1.45246592  -2.19773764  -2.00588266  -2.09540980  -1.83469363  -2.14508119   0.49029838   0.82215035   0.75801407   0.76815895   0.71146868   0.79859909   0.08976521   0.09721330   0.09721330   0.09409136   0.09803130   0.09721330   0.00068456   0.00332268   0.00390543   0.00303271   0.00466639   0.00314151
 3.50  2600.  0.0  2.0   0.00017904   0.20818886   0.37052529   0.11536987   0.23823895   0.29800525   1.51391964   2.23309853   1.79798418   2.21583025   2.09503398   1.97837977  -0.72855488  -2.41650805  -1.95820138  -2.12832746  -2.33152485  -2.13223133   0.20410071   0.89888346   0.72870772   0.75385601   0.87725846   0.79295770   0.06604688   0.07429253   0.07311038   0.07142490   0.07615963   0.07311038   0.00034845   0.00366385   0.00389506   0.00224037   0.00392158   0.00364459
 4.00  2600.  0.0  2.0   0.04518595   0.18892783   0.71002887   0.24489202   1.00015612   0.65432253   1.02849511   2.25084088   0.91382807   1.74365944   0.33254302   1.10179460  -0.05756118  -2.34223597  -0.93168170  -1.48697335  -0.51704968  -1.17212066  -0.02838850   0.85090133   0.32656585   0.49185161   0.21553174   0.43287849   0.04949729   0.05382851   0.04949729   0.04949729   0.04949729   0.04949729   0.00042023   0.00343042   0.00576838   0.00157426   0.01012821   0.00494714
 4.50  2600.  0.0  2.0   0.11680978   0.20155559   0.28759508   0.02926827   0.46388270   0.26267032   0.40573981   2.06397555   1.63473307   1.87933860   1.38966906   1.73284322   0.74986212  -1.96910043  -1.37436849  -1.32425214  -1.34450549  -1.55084943  -0.29407017   0.67485368   0.42133993   0.37736647   0.46258489   0.52253943   0.03874044   0.03931529   0.03931529   0.03931529   0.03931529   0.03931529   0.00033020   0.00166019   0.00123389   0.00046835   0.00243544   0.00148843
 5.00  2600.  0.0  2.0   0.18554713   0.07305775   0.10651844   0.02881267   0.20307360   0.14255577   0.01863154   2.15255192   1.90524226   1.56396217   1.85170019   1.64961468   1.10974411  -1.89105543  -1.50648943  -0.80482924  -1.64991477  -1.20488711  -0.35136457   0.61849989   0.44368946   0.16386402   0.54291388   0.35928303   0.02972528   0.03014781   0.03014781   0.02972528   0.03014781   0.03014781   0.00014580   0.00147293   0.00088250   0.00031447   0.00176855   0.00100900
 5.50  2600.  0.0  2.0   0.46417863   0.10669143   0.10185869   0.04710754   0.20570353   0.22742688  -0.68195508   1.87884002   1.82698478   1.38264483   1.72099358   1.17468181   1.64780918  -1.52059349  -1.37869464  -0.58233972  -1.43219828  -0.57318776  -0.46756441   0.48075745   0.39143415   0.09061879   0.45021252   0.11546672   0.02302356   0.02333422   0.02333422   0.02333422   0.02333422   0.02333422   0.00122297   0.00102379   0.00075893   0.00033266   0.00159727   0.00136640
 6.00  2600.  0.0  2.0   0.36553972   0.21840444   0.17610016   0.06646957   0.32333255   0.27399934   0.02763593   1.41658068   1.49719576   1.42495393   1.20257994   0.95789267   0.39203594  -0.97653063  -0.96984762  -0.72918967  -0.76537969  -0.33682491   0.14604787   0.28348484   0.23457993   0.16646640   0.18583697   0.03983712   0.01798072   0.01798072   0.01798072   0.01798072   0.01798072   0.01798072   0.00192280   0.00107931   0.00079792   0.00043577   0.00202321   0.00102010
 0.00  2700.  0.0  2.0  -0.60609801  -0.65169080  -0.87724347  -0.65450026  -0.91999849  -1.01117375   2.36530826   3.34058676   4.32851951   3.03324289   4.52809254   4.84746869  -1.41620715  -3.05614737  -4.21647498  -2.38732857  -4.55448573  -4.82752990   0.55718308   1.21391831   1.59716994   0.86640868   1.74178762   1.85106012   0.31230496   0.34202046   0.34202046   0.32726831   0.35622672   0.32726831   0.00384265   0.00249769   0.00506314   0.00281910   0.00706665   0.01022506
 0.50  2700.  0.0  2.0  -0.51271532  -0.40913966  -0.55239525  -0.48101424  -0.64668252  -0.58056184   2.22851378   2.62400382   3.46512174   2.79369829   3.89288727   3.67574074  -1.49020095  -2.24377435  -3.38548947  -2.30256681  -3.95784676  -3.66395444   0.70499529   0.90135967   1.33682874   0.89460901   1.55461615   1.46768357   0.25093322   0.27729957   0.27729957   0.26420530   0.28118957   0.26704530   0.00182147   0.00141787   0.00306466   0.00069500   0.00779929   0.00529973
 1.00  2700.  0.0  2.0  -0.31743189  -0.29713545  -0.32340445  -0.38388161  -0.30860396  -0.29872800   1.54090459   2.49327094   2.73670466   2.44551103   2.90385932   2.67153229  -0.60992684  -2.07286823  -2.47256720  -1.80503202  -2.79220762  -2.39013674   0.34036985   0.79437053   0.94853062   0.66721362   1.07374287   0.93038184   0.20594617   0.22211276   0.22699693   0.21570241   0.22961693   0.22211276   0.00041872   0.00148315   0.00203079   0.00066785   0.00440561   0.00220097
 1.50  2700.  0.0  2.0  -0.24206338   0.01876772  -0.04289002  -0.13596911  -0.05835147   0.02324226   1.67986312   1.62220603   1.96220761   1.86145189   2.13351232   1.86149718  -0.97445366  -1.16023324  -1.66875279  -1.34682539  -1.91753196  -1.57757919   0.50433492   0.47883901   0.67911350   0.56613000   0.75102615   0.65321691   0.15535303   0.16519859   0.16977173   0.16374859   0.17309288   0.16519859   0.00006669   0.00273976   0.00261519   0.00070399   0.00255273   0.00424135
 2.00  2700.  0.0  2.0  -0.12393196   0.19167522   0.30897972   0.09136799   0.19740211   0.27602933   2.11858279   1.62171061   1.55255861   1.92571055   1.70312679   1.59154651  -1.73537028  -1.52701699  -1.64057193  -1.84115379  -1.72787296  -1.62398844   0.68445696   0.62051796   0.69435987   0.74183723   0.69029318   0.67689616   0.14379240   0.15424078   0.15424078   0.15012888   0.15866917   0.15284578   0.00099595   0.00435905   0.00806809   0.00365278   0.00493600   0.00779422
 2.50  2700.  0.0  2.0  -0.05413769   0.34618353   0.46533052   0.29118362   0.60102526   0.36817239   2.15187538   1.60460585   1.38512162   1.73832562   1.12338802   1.55050438  -1.83861920  -1.70951839  -1.59057330  -1.80647669  -1.41397874  -1.67827439   0.68215759   0.65898122   0.64124824   0.70273276   0.58849320   0.65503674   0.12545280   0.13313794   0.13313794   0.12969808   0.13431294   0.13313794   0.00137816   0.00561234   0.00860309   0.00550153   0.01174337   0.00644461
 3.00  2700.  0.0  2.0   0.00620676   0.53914888   0.60715453   0.24668316   0.48360960   0.51278631   2.00862851   1.39492753   1.19986952   1.93343188   1.43213127   1.39619911  -1.63947141  -1.66280427  -1.47915409  -2.02020686  -1.73243406  -1.62816240   0.58670507   0.65411208   0.59201471   0.75747809   0.68120610   0.63636726   0.09408039   0.09948768   0.09948768   0.09867318   0.10203289   0.09948768   0.00126738   0.00613819   0.00731935   0.00340678   0.00486563   0.00580951
 3.50  2700.  0.0  2.0  -0.03653256   0.36128015   0.44201487   0.21110425   0.31089458   0.37398858   1.90017570   1.89915824   1.67664011   2.10024946   1.93032841   1.82719278  -1.33533292  -2.19491855  -1.95679966  -2.18193716  -2.24813653  -2.08513578   0.44068047   0.84479658   0.75278007   0.80674540   0.86389429   0.79835611   0.07194570   0.07723344   0.07660894   0.07538132   0.07916606   0.07660894   0.00064333   0.00470226   0.00467088   0.00332543   0.00433481   0.00432453
 4.00  2700.  0.0  2.0  -0.01295344   0.33649962   0.42876632   0.21425885   0.29814956   0.40055445   1.49721140   2.03136965   1.75118467   2.06269385   2.03509682   1.81498761  -0.68307950  -2.31604359  -1.97837077  -2.05429270  -2.33244159  -2.05221778   0.17799552   0.88557483   0.74443698   0.74193209   0.88910696   0.78401539   0.05184168   0.05644206   0.05555457   0.05428097   0.05829298   0.05555457   0.00026068   0.00561753   0.00450474   0.00305626   0.00579322   0.00491841
 4.50  2700.  0.0  2.0   0.11137183   0.29955207   0.36782734   0.12224996   0.33279001   0.37380479   0.79422885   2.08614158   1.78770184   2.08744947   1.91244240   1.75024303   0.24878307  -2.27115602  -1.84697602  -1.89338702  -2.09815799  -1.83875580  -0.16088133   0.84594329   0.65529857   0.65036534   0.78044442   0.68050310   0.03803522   0.04261095   0.04196866   0.04165066   0.04396844   0.04196866   0.00014614   0.00478349   0.00305679   0.00191860   0.00531447   0.00388690
 5.00  2700.  0.0  2.0   0.18650506   0.28655320   0.27793579   0.07243738   0.44865834   0.31210170   0.12692917   1.95299377   1.82290919   1.87780167   1.49418659   1.57571551   1.11640518  -1.94742458  -1.66677612  -1.40854196  -1.47699495  -1.36691338  -0.44154126   0.68691789   0.53894616   0.42715100   0.50891385   0.45256028   0.02922284   0.02984991   0.02984991   0.02984991   0.02984991   0.02984991   0.00024322   0.00230923   0.00127110   0.00057178   0.00240703   0.00158626
 5.50  2700.  0.0  2.0   0.25538771   0.19766181   0.16282710   0.04416501   0.24679922   0.18430971  -0.18991105   1.95023912   1.92821125   1.64105845   1.81674313   1.54113953   1.34163161  -1.79389151  -1.64596612  -0.98743989  -1.64985307  -1.07671214  -0.42675147   0.61094299   0.51336539   0.25870462   0.54278920   0.30629362   0.02268943   0.02300658   0.02300658   0.02300658   0.02300658   0.02300658   0.00044266   0.00221121   0.00125115   0.00050668   0.00204798   0.00116027
 6.00  2700.  0.0  2.0   0.34292979   0.25747245   0.19991485   0.09331346   0.30120127   0.23774863  -0.32330156   1.61199518   1.69681433   1.42783921   1.52767666   1.24029096   1.21647016  -1.34979513  -1.32867030  -0.72419599  -1.24962824  -0.68536241  -0.26868272   0.44275145   0.38756789   0.15458626   0.37926271   0.16001771   0.01769566   0.01769566   0.01769566   0.01769566   0.01769566   0.01769566   0.00096696   0.00178458   0.00106423   0.00039155   0.00207776   0.00101164
 0.00  2800.  0.0  2.0  -0.62362884  -0.85742270  -1.18643820  -0.64278067  -1.55678816  -0.94296312   2.78609569   3.87835739   5.17214622   3.08448054   6.51023863   4.64793031  -2.25117560  -3.62589424  -5.15928195  -2.63214896  -6.68526363  -4.69408050   0.98104557   1.45043534   1.99112856   1.04160369   2.54042866   1.85679974   0.31751463   0.34183211   0.34183211   0.33628711   0.34183211   0.33628711   0.00251501   0.00855867   0.01854158   0.00170968   0.04057956   0.00746696
 0.50  2800.  0.0  2.0  -0.58431286  -0.43577408  -0.57720266  -0.54639058  -0.70357931  -0.66087896   2.78075677   2.73833969   3.60549089   3.01087928   4.39738602   4.02558141  -2.30438076  -2.43923429  -3.65161881  -2.64416308  -4.73892646  -4.16957701   1.03257767   1.00486746   1.48456943   1.05903225   1.91823221   1.70349334   0.25215187   0.28243286   0.28243286   0.27009191   0.28243286   0.27009191   0.00198116   0.00187120   0.00482870   0.00189364   0.01104046   0.00864392
 1.00  2800.  0.0  2.0  -0.51960796  -0.10325529  -0.18222188  -0.21938239  -0.23877122  -0.18710281   2.69803407   2.10475086   2.76296393   2.30117536   3.35506712   2.62054995  -2.06434447  -1.87110003  -2.85069342  -1.98371438  -3.76256064  -2.59634183   0.80059447   0.77967321   1.18575893   0.80448128   1.56929784   1.06798629   0.21742798   0.22491217   0.22491217   0.22229717   0.22491217   0.22491217   0.00082506   0.00349599   0.00652644   0.00139619   0.01403652   0.00538686
 1.50  2800.  0.0  2.0  -0.24540686  -0.00775159  -0.06712127  -0.10510713  -0.03735270  -0.00481475   1.94401479   1.71046004   1.95512934   1.86109953   2.10757768   1.93753268  -1.44403308  -1.28901591  -1.64414014  -1.42877655  -1.95720497  -1.68888084   0.70359945   0.52774390   0.66389882   0.60797577   0.78835586   0.69694054   0.16075353   0.17282011   0.17799733   0.16967361   0.17981233   0.17282011   0.00023578   0.00253999   0.00219955   0.00128640   0.00376779   0.00427748
 2.00  2800.  0.0  2.0  -0.11958156   0.17837355   0.28239542   0.09382394   0.42207152   0.25072200   2.08970568   1.46374055   1.43165696   1.79825669   1.27919759   1.47489189  -1.81680572  -1.31864684  -1.47009238  -1.73115195  -1.44125272  -1.45546006   0.78746773   0.58321835   0.66936712   0.75554948   0.66841723   0.64786585   0.14500106   0.15588894   0.15588894   0.15157719   0.15588894   0.15442894   0.00092465   0.00373651   0.00688146   0.00339953   0.01232432   0.00666119
 2.50  2800.  0.0  2.0  -0.07806439   0.30786906   0.41972169   0.28305231   0.53623822   0.32237807   2.13929280   1.59387009   1.37898369   1.66481562   1.16474965   1.55474416  -1.84309354  -1.64796325  -1.52300538  -1.70566399  -1.39185973  -1.62906144   0.70727556   0.63804463   0.61588306   0.67606341   0.57833046   0.63769260   0.13132006   0.13829716   0.13829716   0.13471250   0.13951716   0.13829716   0.00111225   0.00492130   0.00746061   0.00523040   0.01007965   0.00556028
 3.00  2800.  0.0  2.0   0.04956695   0.51132411   0.57328514   0.33943247   0.79826913   0.48345234   1.92767817   1.38529776   1.20352482   1.68038224   0.72526032   1.39099874  -1.63051423  -1.63461009  -1.46167619  -1.79130477  -1.08054157  -1.60447843   0.60485508   0.64340354   0.58365010   0.68639592   0.46565896   0.62736535   0.09876462   0.10453607   0.10453607   0.10281798   0.10453607   0.10453607   0.00154335   0.00562240   0.00656343   0.00411218   0.01047459   0.00535564
 3.50  2800.  0.0  2.0   0.11604003   0.45654582   0.46060821   0.34757903   0.44864021   0.39612682   1.74904094   1.63571596   1.60139858   1.79293272   1.58268082   1.73374047  -1.36944547  -1.97078416  -1.92621843  -1.95895748  -1.94261688  -2.02821970   0.48234758   0.77387737   0.75098547   0.74526746   0.76343755   0.78705536   0.07421679   0.08085219   0.08085219   0.07894753   0.08215124   0.08085219   0.00150306   0.00484335   0.00471231   0.00409055   0.00449205   0.00438035
 4.00  2800.  0.0  2.0   0.03914133   0.44509633   0.53644577   0.37405649   0.43758834   0.50014191   1.69613567   1.77123555   1.56320243   1.79335290   1.73571406   1.60431539  -1.10984903  -2.14915253  -1.93341401  -1.95263382  -2.13592703  -1.94628499   0.35022432   0.84746059   0.75943380   0.73974758   0.83991756   0.76960819   0.05528086   0.06004704   0.05913556   0.05779706   0.06097051   0.05913556   0.00071098   0.00679766   0.00600146   0.00463958   0.00651057   0.00601674
 4.50  2800.  0.0  2.0   0.04346239   0.44907279   0.48748336   0.28857139   0.46794813   0.49745695   1.34364963   1.80121311   1.69227536   1.90619662   1.70297618   1.57477570  -0.51782628  -2.14633055  -1.99087267  -1.94451882  -2.05534493  -1.83915537   0.11088833   0.84003120   0.75969752   0.71330348   0.79896087   0.71880493   0.04191073   0.04551733   0.04482510   0.04414987   0.04622104   0.04482510   0.00032967   0.00753795   0.00562872   0.00398425   0.00718111   0.00625316
 5.00  2800.  0.0  2.0   0.12913535   0.36434725   0.38947666   0.19094139   0.42814101   0.42115279   0.69747916   1.93583463   1.85049718   1.91489077   1.76481814   1.55980381   0.38300972  -2.15985072  -2.00661721  -1.73561250  -2.00402788  -1.60832305  -0.22087024   0.81924405   0.72972060   0.59787039   0.75387409   0.59248151   0.02966010   0.03298737   0.03224148   0.03200198   0.03324237   0.03224148   0.00023667   0.00618292   0.00403285   0.00234513   0.00627798   0.00443256
 5.50  2800.  0.0  2.0   0.24794436   0.49740818   0.46369874   0.24668353   0.56679273   0.44717903   0.03805991   1.45876653   1.52245285   1.48324765   1.28620833   1.17683447   1.17486554  -1.51934099  -1.52208784  -1.06532386  -1.33580302  -0.92405928  -0.46725136   0.55463100   0.52269307   0.31646611   0.46760481   0.28200774   0.02207579   0.02239144   0.02239144   0.02239144   0.02239144   0.02239144   0.00032993   0.00308027   0.00218954   0.00097378   0.00276937   0.00165756
 0.00  2900.  0.0  2.0  -0.64607574  -0.85829039  -1.16766208  -0.82488276  -0.85243142  -0.91078365   3.08249574   3.63610992   4.90635321   3.53406972   4.05860814   3.95458866  -2.91191458  -3.25271085  -4.83874119  -3.15013889  -4.09261094  -3.69125976   1.35338122   1.31351648   1.91047732   1.28163454   1.66560662   1.46460490   0.32546463   0.35700523   0.35700523   0.34245142   0.38704391   0.35700523   0.00191421   0.00989034   0.02005140   0.00752579   0.00431627   0.01155530
 0.50  2900.  0.0  2.0  -0.55991937  -0.44339463  -0.58033341  -0.60155492  -0.74260403  -0.77738250   2.82564968   2.73863617   3.59104228   3.28785007   4.51080291   4.42503361  -2.37193051  -2.43648125  -3.67563148  -3.06528021  -4.90159152  -4.65552523   0.99662995   0.99228709   1.50949649   1.24269254   1.98898981   1.89394222   0.26366906   0.29525207   0.29525207   0.27912187   0.29525207   0.27912187   0.00153535   0.00245352   0.00552778   0.00319220   0.01201386   0.01268534
 1.00  2900.  0.0  2.0  -0.40804208  -0.27488001  -0.33568706  -0.28737327  -0.32284663  -0.33919070   2.62135895   2.79949324   3.37235187   2.56924262   3.16874905   3.17183656  -2.25502033  -2.75431375  -3.64018470  -2.35413889  -3.37259987  -3.27216560   0.96669245   1.14443134   1.52506560   0.97286459   1.39335677   1.34502205   0.21673864   0.23019629   0.23019629   0.22719629   0.24139454   0.23019629   0.00045800   0.00577243   0.01169353   0.00185148   0.01001587   0.00837359
 1.50  2900.  0.0  2.0  -0.27442529  -0.12698105  -0.11949251  -0.08091909  -0.04066151  -0.10281708   2.17587402   2.00145835   2.07365134   1.97243107   2.20069445   2.13290593  -1.88138995  -1.58464937  -1.76597560  -1.66095667  -2.13122989  -1.87542215   0.92724586   0.62277488   0.70286631   0.71634555   0.87211160   0.75666133   0.16436951   0.17967032   0.18371566   0.17073243   0.18371566   0.17967032   0.00022716   0.00116867   0.00180156   0.00254283   0.00525292   0.00260943
 2.00  2900.  0.0  2.0  -0.14456043   0.09141071   0.17013733   0.16911905   0.26139179   0.21956076   2.09569902   1.29045477   1.31924364   1.44915594   1.30086775   1.27761583  -1.94906520  -0.88552294  -1.11215096  -1.33917663  -1.21325287  -1.07701245   0.93704480   0.39531700   0.51673857   0.65791931   0.55378170   0.49860695   0.14705877   0.15998263   0.15998263   0.15246276   0.15998263   0.15688614   0.00055511   0.00182145   0.00370099   0.00431151   0.00649830   0.00520299
 2.50  2900.  0.0  2.0  -0.00148313   0.37070829   0.48956498   0.24920482   0.67567992   0.37803546   1.95004509   1.41273002   1.17065687   1.61841789   0.88899511   1.38833813  -1.73694703  -1.44628960  -1.28582807  -1.59764695  -1.15380747  -1.44329776   0.73312605   0.57840111   0.54266430   0.64657598   0.52130830   0.58499843   0.13027620   0.13860817   0.13860817   0.13612093   0.13860817   0.13860817   0.00162408   0.00629103   0.00927643   0.00456896   0.01614187   0.00691948
 3.00  2900.  0.0  2.0   0.10786780   0.35525527   0.40338433   0.23457250   0.58843963   0.32628918   1.73722940   1.64413020   1.49042414   1.80403612   1.09968342   1.65067332  -1.45754191  -1.82611213  -1.67313252  -1.85057971  -1.37121904  -1.79501739   0.56806696   0.70202742   0.64659860   0.70222627   0.55466915   0.68576957   0.09864462   0.10662770   0.10662770   0.10477978   0.10662770   0.10662770   0.00187515   0.00377706   0.00423332   0.00300554   0.00643607   0.00350955
 3.50  2900.  0.0  2.0   0.17763939   0.44999482   0.62658840   0.29843403   0.60181380   0.38570896   1.63191276   1.58333865   1.19429443   1.83369398   1.19509398   1.69519099  -1.31463125  -1.90947331  -1.54597375  -1.99308863  -1.56808237  -1.98431168   0.47724019   0.75203170   0.62161185   0.75821373   0.63275309   0.77291160   0.07553732   0.08268312   0.08133663   0.08133663   0.08268312   0.08268312   0.00188607   0.00452244   0.00555354   0.00361660   0.00493400   0.00412102
 4.00  2900.  0.0  2.0   0.11121827   0.49151119   0.60199751   0.42170295   0.58437869   0.55231154   1.70289809   1.59820528   1.38841178   1.66685009   1.36396026   1.43323186  -1.26966306  -1.99946837  -1.81931847  -1.88838381  -1.81026451  -1.80796501   0.42520213   0.79960127   0.73170902   0.72934758   0.73244698   0.72833319   0.05562048   0.06077771   0.05982127   0.05887183   0.06077771   0.05982127   0.00118367   0.00669997   0.00638200   0.00499692   0.00628240   0.00609312
 4.50  2900.  0.0  2.0   0.09306215   0.61648659   0.63074674   0.47582407   0.59212073   0.61219303   1.52372132   1.37891819   1.40568345   1.53976698   1.42992468   1.30423771  -0.90141329  -1.79602303  -1.84355156  -1.71647508  -1.88513384  -1.65069523   0.25930102   0.73112635   0.73850646   0.65817729   0.75999944   0.66863952   0.04203059   0.04559962   0.04523512   0.04414724   0.04633081   0.04523512   0.00065596   0.00835576   0.00741195   0.00531789   0.00819553   0.00723851
 5.00  2900.  0.0  2.0   0.10449389   0.57635086   0.55730165   0.40130691   0.55123477   0.56347251   1.14238364   1.47707147   1.58550577   1.59251348   1.54959626   1.31828210  -0.27317912  -1.84207949  -1.95447389  -1.62585623  -1.94860511  -1.52626176   0.00426375   0.73884591   0.76019379   0.59803689   0.76919220   0.59540383   0.03132950   0.03388466   0.03362066   0.03283582   0.03468197   0.03362066   0.00037548   0.00901108   0.00718066   0.00447519   0.00913360   0.00687166
 5.50  2900.  0.0  2.0   0.17576774   0.46482186   0.44827316   0.28740815   0.52670809   0.41501802   0.51848378   1.65403611   1.78254874   1.64236978   1.57191066   1.48340417   0.62134548  -1.89625369  -2.03512238  -1.45966560  -1.86277413  -1.46350334  -0.33171662   0.73616666   0.76340013   0.49812724   0.71269405   0.52096454   0.02396869   0.02596725   0.02559017   0.02503450   0.02596725   0.02559017   0.00046703   0.00742030   0.00593964   0.00285761   0.00767955   0.00432377
 6.00  2900.  0.0  2.0   0.34292818   0.41045551   0.37268793   0.20914707   0.45249351   0.29087433  -0.30827388   1.57568191   1.81979485   1.59613977   1.63188726   1.52400740   1.62084088  -1.62190962  -1.91567308  -1.21881312  -1.77037957  -1.25211363  -0.66047641   0.60239148   0.68826290   0.38127088   0.64372151   0.39296958   0.01783051   0.01889333   0.01889333   0.01875883   0.01930821   0.01889333   0.00116031   0.00451610   0.00420573   0.00168889   0.00581395   0.00208397
 0.00  3000.  0.0  2.0  -0.66497165  -0.51518162  -0.72958322  -0.60951638  -1.02415395  -0.84645593   2.95578819   2.30388141   3.37070643   2.70924262   4.65922611   3.84606977  -2.69518320  -1.63596036  -3.14688560  -2.25265691  -4.68770636  -3.62371861   1.24740637   0.65806134   1.29811232   0.96961375   1.85288473   1.46483024   0.34268117   0.40198363   0.40198363   0.38243174   0.40198363   0.38243174   0.00356156   0.00061646   0.00211510   0.00134676   0.00633951   0.00354047
 0.50  3000.  0.0  2.0  -0.51710332  -0.45120573  -0.52872561  -0.51421871  -0.70232656  -0.60890709   2.72180119   2.53470414   3.10481460   2.79198679   4.09261975   3.53289424  -2.56357810  -2.07263574  -3.00680274  -2.50550881  -4.32208388  -3.49030266   1.22292357   0.82275217   1.25262007   1.06799305   1.76330933   1.43246293   0.28495980   0.32107223   0.32107223   0.30757816   0.32107223   0.30757816   0.00057379   0.00086156   0.00341110   0.00098901   0.00840925   0.00505186
 1.00  3000.  0.0  2.0  -0.41840514  -0.30709312  -0.30189445  -0.41500968  -0.34224528  -0.35794241   2.78545386   2.39871768   2.67606836   3.18370849   3.20899384   3.08888474  -2.69208289  -2.08849038  -2.61049256  -3.23752841  -3.43700295  -3.14574293   1.23740420   0.85089620   1.09138374   1.38041509   1.43565853   1.30470611   0.22710647   0.25698629   0.25698629   0.23672902   0.25698629   0.24822168   0.00031671   0.00158832   0.00461731   0.00591084   0.01081591   0.00705431
 1.50  3000.  0.0  2.0  -0.31448289  -0.07799633   0.00988788  -0.11016122   0.09013031  -0.01548894   2.38781926   2.17192783   2.17424599   2.37109954   2.28763288   2.40642829  -2.15724338  -2.04783461  -2.22891311  -2.34374058  -2.57685840  -2.54615111   1.01293976   0.86180529   0.96206260   1.01951307   1.12891496   1.09438041   0.17630921   0.19095993   0.19095993   0.18204984   0.19095993   0.18629512   0.00019923   0.00405078   0.00833460   0.00486094   0.01658172   0.01059528
 2.00  3000.  0.0  2.0  -0.22334449   0.09755638   0.03220564   0.01612631   0.12196661   0.12153091   2.30330374   1.56441043   1.61851064   1.60495025   1.67297485   1.63788547  -2.39855193  -1.24403051  -1.29558329  -1.30657167  -1.54957882  -1.45796731   1.25510864   0.51721363   0.53388936   0.60326147   0.65246563   0.62875573   0.15185343   0.16064366   0.16551138   0.15910866   0.16551138   0.16064366   0.00019255   0.00286708   0.00188391   0.00163575   0.00443061   0.00418614
 2.50  3000.  0.0  2.0  -0.02860646   0.28826983   0.40135471   0.19856193   0.57308102   0.29720529   1.87658136   1.45641667   1.20644561   1.55470289   0.97431626   1.42561539  -1.73899672  -1.37524763  -1.19240892  -1.44136162  -1.11547824  -1.37075585   0.83666219   0.54730332   0.50249962   0.60694391   0.49949685   0.55700021   0.13053086   0.13922748   0.13922748   0.13664036   0.13922748   0.13922748   0.00119971   0.00475811   0.00715825   0.00354466   0.01288907   0.00527827
 3.00  3000.  0.0  2.0   0.05981518   0.30613250   0.34250265   0.19928161   0.51829756   0.27046021   1.65018302   1.69465532   1.55940025   1.77061675   1.19474072   1.70848435  -1.30069896  -1.82589461  -1.67511282  -1.74327500  -1.39970536  -1.79624801   0.53610911   0.69998429   0.63977925   0.66327843   0.55658711   0.68421163   0.09663281   0.10444503   0.10444503   0.10242730   0.10444503   0.10444503   0.00140177   0.00337340   0.00362535   0.00259203   0.00562873   0.00302692
 3.50  3000.  0.0  2.0   0.15343467   0.43055473   0.60521094   0.28775211   0.56351331   0.35994439   1.59136959   1.56194778   1.19763510   1.77747108   1.23409872   1.68788041  -1.24022188  -1.85774762  -1.52795279  -1.90014251  -1.57904007  -1.94627436   0.45411326   0.73132617   0.61212981   0.72237910   0.63209297   0.75801234   0.07383793   0.08105136   0.07957651   0.07957651   0.08105136   0.08105136   0.00164129   0.00413595   0.00523599   0.00327064   0.00450771   0.00376049
 4.00  3000.  0.0  2.0   0.19232752   0.56480581   0.70900982   0.45532227   0.84798724   0.64066854   1.56937967   1.35420374   1.09494409   1.53335841   0.69967147   1.15550140  -1.20708226  -1.74901077  -1.54589670  -1.76382097  -1.15712364  -1.52416501   0.41180553   0.70986309   0.63780252   0.68695988   0.49959929   0.62693684   0.05460954   0.06017042   0.05915654   0.05864954   0.05915654   0.05915654   0.00146659   0.00611472   0.00643465   0.00477681   0.00644069   0.00584402
 4.50  3000.  0.0  2.0   0.14641978   0.62844858   0.78588041   0.57153418   0.69534750   0.72572344   1.59387939   1.27809701   1.02258669   1.31145429   1.15853163   0.98938214  -1.12498125  -1.71232046  -1.53102477  -1.55329006  -1.66580932  -1.36377756   0.35116650   0.70568401   0.64229853   0.61102092   0.69237041   0.57038471   0.04285967   0.04698467   0.04586433   0.04511516   0.04698467   0.04586433   0.00103962   0.00846024   0.00812072   0.00580582   0.00821887   0.00720245
 5.50  3000.  0.0  2.0   0.13260117   0.64607582   0.67504256   0.43572213   0.68398478   0.57954490   1.00652393   1.21763004   1.32068931   1.41616308   1.23681564   1.19185459  -0.06298854  -1.55394309  -1.74550306  -1.40049100  -1.65804930  -1.33486596  -0.10700847   0.63497349   0.69963508   0.50429854   0.66770612   0.50848815   0.02418173   0.02615753   0.02556491   0.02536641   0.02615753   0.02556491   0.00040182   0.01029051   0.00909558   0.00464463   0.01017938   0.00631549
 6.00  3000.  0.0  2.0   0.22937386   0.58143978   0.57789700   0.36245643   0.61689452   0.40317006   0.30778656   1.21536582   1.44672054   1.37749115   1.33466634   1.44801915   0.93699021  -1.39020442  -1.73080740  -1.16167245  -1.63755943  -1.38938298  -0.49811943   0.54741971   0.66287139   0.38157323   0.63100785   0.48275022   0.01761575   0.01910010   0.01895060   0.01865193   0.01910010   0.01895060   0.00065875   0.00785418   0.00751250   0.00309103   0.00829707   0.00354438
 0.00  3100.  0.0  2.0  -0.76333775  -0.75130357  -0.85167411  -0.70352521  -0.93677791  -0.72459468   3.35324460   2.89851055   3.39449912   2.86732027   3.72548502   2.83841738  -3.43730079  -2.10843083  -2.87383026  -2.34772280  -3.30732150  -2.12593709   1.68191550   0.77453660   1.12416201   1.00778719   1.26477613   0.80161665   0.38400520   0.43331036   0.43331036   0.41686864   0.44815384   0.43331036   0.00513505   0.00772769   0.01127426   0.00529049   0.01615315   0.00746591
 0.50  3100.  0.0  2.0  -0.68041031  -0.78873391  -0.76571725  -0.53869192  -1.03530694  -0.68816025   3.49211066   3.64829265   3.68756194   2.69720527   4.94379877   3.24095160  -3.93568724  -3.29650889  -3.50752665  -2.34520395  -5.12415001  -2.83452010   2.01197773   1.27646338   1.41438601   1.02905435   2.03992705   1.10394088   0.30667122   0.34856462   0.34856462   0.34306962   0.34856462   0.34856462   0.00187610   0.00626244   0.00827242   0.00109888   0.02026762   0.00529141
 1.00  3100.  0.0  2.0  -0.51674187  -0.35357380  -0.45033630  -0.39716139  -0.33457080  -0.44338107   3.01341053   2.42163204   3.37919870   2.79027159   2.86086370   3.15031180  -3.29462966  -2.06438269  -3.53650482  -2.70913869  -2.90784018  -3.11067070   1.68671461   0.82509606   1.48882116   1.19068081   1.21097881   1.27383419   0.26023288   0.29578348   0.28302752   0.27905252   0.29578348   0.28302752   0.00071212   0.00079082   0.01005835   0.00207623   0.00706728   0.00647913
 1.50  3100.  0.0  2.0  -0.29334152  -0.11471227  -0.03686573  -0.15945855   0.04643712  -0.10171304   2.55655110   2.40012752   2.17911070   2.29220989   2.34596248   2.21512661  -2.83743456  -2.39091485  -2.21616656  -2.24264808  -2.65044533  -2.11265664   1.50712584   1.00258164   0.96519894   1.00663246   1.16438921   0.87899489   0.19582452   0.21594214   0.21594214   0.21050819   0.21594214   0.21594214   0.00073302   0.00524681   0.00751876   0.00317861   0.01695265   0.00459639
 2.00  3100.  0.0  2.0  -0.19485242   0.08642195   0.18196340  -0.07891791   0.20983643   0.09483557   1.98370648   2.12210614   1.98387891   2.31966855   1.85373668   2.04469351  -1.84610725  -2.27548314  -2.22625435  -2.36047558  -2.07960719  -2.15594302   1.00189654   1.00224354   1.00072865   1.04614932   0.92590329   0.94277192   0.15830953   0.17013310   0.17013310   0.16650713   0.17401878   0.17013310   0.00030585   0.00855313   0.01230954   0.00351319   0.01214958   0.00873211
 2.50  3100.  0.0  2.0  -0.07169253   0.20832533   0.31140660   0.07409854   0.46779251   0.21798430   1.79841537   1.43472467   1.17833297   1.54722638   0.99344482   1.39922527  -1.87056952  -1.22598068  -1.01370459  -1.31378479  -0.97822317  -1.22036645   1.09313702   0.50521697   0.44674201   0.60168809   0.45139083   0.51774052   0.13044090   0.13941727   0.13941727   0.13807727   0.13941727   0.13941727   0.00066376   0.00336947   0.00510941   0.00169673   0.00969408   0.00376471
 3.00  3100.  0.0  2.0   0.16257672   0.35820360   0.37342343   0.22515754   0.56607529   0.29841507   1.20603410   1.55099382   1.45060213   1.60152170   1.05818169   1.60839141  -0.80907175  -1.66482994  -1.51766912  -1.50412539  -1.22213127  -1.66813387   0.41072261   0.65440948   0.58319429   0.58524404   0.49395410   0.64949435   0.09386094   0.10389678   0.10389678   0.10180910   0.10389678   0.10389678   0.00192869   0.00409256   0.00411943   0.00269078   0.00691557   0.00340039
 3.50  3100.  0.0  2.0   0.16837883   0.48817401   0.54018310   0.46408159   0.61819497   0.46997088   1.38950683   1.37251889   1.30646037   1.31252113   1.07859464   1.38478888  -0.95134321  -1.63610959  -1.59974969  -1.40602405  -1.39822288  -1.61698234   0.35175319   0.65308636   0.63238637   0.54892266   0.56511245   0.64393478   0.07504387   0.08246961   0.08171611   0.07947494   0.08246961   0.08171611   0.00150034   0.00437999   0.00471009   0.00424826   0.00516418   0.00415347
 4.00  3100.  0.0  2.0   0.23505898   0.53816212   0.76549420   0.43906574   0.81117854   0.60928426   1.43074390   1.33846919   0.92717231   1.49470521   0.74061017   1.14774221  -1.06043908  -1.70180685  -1.38117113  -1.69553407  -1.18767107  -1.47932262   0.35721439   0.68955596   0.57978891   0.65818507   0.50937407   0.60614289   0.05570339   0.06197641   0.06042006   0.06042006   0.06093956   0.06093956   0.00150425   0.00560061   0.00610431   0.00435651   0.00602808   0.00534054
 4.50  3100.  0.0  2.0   0.16651664   0.63473674   0.76418904   0.61093737   0.83575862   0.67402754   1.64387623   1.17634549   1.01779963   1.16979043   0.76483935   1.04100228  -1.26925209  -1.59576995  -1.55208552  -1.42555026  -1.28046253  -1.40845054   0.41042743   0.66122540   0.65694763   0.56630975   0.55526543   0.58477728   0.04408637   0.04796457   0.04720341   0.04604813   0.04720341   0.04720341   0.00132748   0.00777323   0.00817287   0.00558389   0.00729595   0.00680328
 5.00  3100.  0.0  2.0   0.17418883   0.73712150   0.86372048   0.62593249   0.93273137   0.75720384   1.52876275   0.97182411   0.85220642   1.13339221   0.59378601   0.83679155  -1.04535627  -1.40096754  -1.41115907  -1.36077756  -1.12436872  -1.16689733   0.29986036   0.59427423   0.61028317   0.53492547   0.50079431   0.48816709   0.03233338   0.03543163   0.03460386   0.03404448   0.03460386   0.03460386   0.00092990   0.01034559   0.01016690   0.00630145   0.00918442   0.00782210
 5.50  3100.  0.0  2.0   0.12122836   0.77517349   0.82366353   0.56004225   0.81004564   0.68957685   1.39396136   0.85140182   0.97104674   1.20617285   0.92748929   0.95755205  -0.68247914  -1.21825895  -1.49504704  -1.31911226  -1.43265511  -1.19757707   0.12240171   0.51798897   0.63198283   0.49484907   0.60518012   0.47803422   0.02440696   0.02625814   0.02585359   0.02544504   0.02625814   0.02585359   0.00045691   0.01138538   0.01134188   0.00575505   0.01164637   0.00773772
 6.00  3100.  0.0  2.0   0.13611554   0.71650096   0.74506427   0.44830573   0.72386347   0.55310522   0.96800990   0.86797668   1.09569433   1.28850739   1.11257660   1.18983660   0.04721641  -1.09487960  -1.50716728  -1.20560863  -1.52657553  -1.28650799  -0.19480024   0.44736882   0.60880180   0.41220026   0.61447672   0.47668486   0.01834694   0.01985426   0.01955759   0.01940759   0.01985426   0.01955759   0.00046324   0.01003520   0.01028353   0.00404927   0.01035747   0.00568195
 0.00  3200.  0.0  2.0  -0.74858968  -0.72799830  -1.00234704  -0.64227793  -0.13066543  -0.96477546   3.25392193   2.89622258   3.85894488   2.61580458   0.66428478   3.63765964  -3.82866942  -2.30550483  -3.37470579  -2.12925291   0.12219322  -3.04006843   2.16338205   0.89421985   1.29509438   0.95340462  -0.01031227   1.13181105   0.42452013   0.49379308   0.47921929   0.47518929   0.52784520   0.47921929   0.00714374   0.00861119   0.02058392   0.00514953   0.00010015   0.01920609
 0.50  3200.  0.0  2.0  -0.60738774  -0.74301500  -0.85457558  -0.60810562  -0.85503094  -0.83854821   3.10917185   3.61355350   4.11978598   3.02978592   4.30010790   3.93217051  -3.70414608  -3.42084132  -4.09165267  -2.84404149  -4.42706816  -3.76951928   2.07570471   1.36227408   1.64992929   1.25259698   1.78323008   1.48590870   0.35020397   0.39394414   0.38725159   0.38385659   0.39394414   0.38725159   0.00162516   0.00801943   0.01267538   0.00264810   0.01713279   0.01075532
 1.00  3200.  0.0  2.0  -0.47531735  -0.45897376  -0.48923639  -0.42196450  -0.43710019  -0.51610939   2.84630588   3.12163070   3.39906998   2.75137757   3.35247509   3.34317086  -3.35248599  -3.09148326  -3.52811184  -2.66882062  -3.56779648  -3.34584436   1.88016490   1.26963776   1.47770669   1.19208701   1.48870343   1.36386919   0.28459300   0.31939707   0.31359352   0.31074352   0.31939707   0.31359352   0.00029064   0.00596995   0.01000638   0.00226867   0.01390029   0.00709283
 1.50  3200.  0.0  2.0  -0.28955966  -0.15376858  -0.07653465  -0.16989487   0.01241431  -0.14532421   2.38308122   2.17815828   2.13217836   2.25003600   2.21771550   2.24827876  -2.78049613  -2.03946656  -2.11035213  -2.23302173  -2.41552034  -2.15515892   1.60385502   0.85187431   0.91708464   1.03140573   1.05821447   0.90173702   0.20603118   0.23501831   0.23036353   0.22360362   0.23036353   0.23036353   0.00036118   0.00231446   0.00567653   0.00322958   0.01321157   0.00353989
 2.00  3200.  0.0  2.0  -0.17081461   0.12646745   0.15270342  -0.05109200   0.30235469   0.06060947   2.05745638   1.91097412   1.72990574   1.93652908   1.60743703   1.92850908  -2.34110656  -2.03991386  -1.79722360  -1.88330089  -1.85791202  -1.95375112   1.38857357   0.91187490   0.81396447   0.88204085   0.86072652   0.85140766   0.16496696   0.18120079   0.18120079   0.17928079   0.18120079   0.18120079   0.00060386   0.00806455   0.00784284   0.00236791   0.01613265   0.00541397
 2.50  3200.  0.0  2.0  -0.04466800   0.17481391   0.15710072   0.07062846   0.32603286   0.31498585   1.51933833   1.62324328   1.60523413   1.69431948   1.31946018   1.44562198  -1.50774564  -1.61768146  -1.55214566  -1.61323451  -1.37254814  -1.53915271   0.98631704   0.71529992   0.67462768   0.76047591   0.61786401   0.71364453   0.12914213   0.14371576   0.14371576   0.13915756   0.14371576   0.13915756   0.00068056   0.00474036   0.00407009   0.00275773   0.00775901   0.00859460
 3.00  3200.  0.0  2.0   0.12758981   0.26147055   0.31802948   0.26169231   0.42537881   0.25393565   0.93745994   1.65527846   1.48209792   1.37162940   1.26689450   1.61884520  -0.44161596  -1.70203467  -1.46757035  -1.20415575  -1.33262669  -1.63585150   0.33762000   0.67968970   0.56516987   0.49839493   0.52825103   0.65849327   0.09723019   0.10723307   0.10620307   0.10315760   0.10723307   0.10620307   0.00120557   0.00310932   0.00360328   0.00298584   0.00485733   0.00305516
 3.50  3200.  0.0  2.0   0.17524890   0.31230215   0.53699519   0.28187180   0.70129353   0.47340732   1.12862039   1.66245943   1.26743607   1.56787420   0.85843986   1.27384507  -0.54981212  -1.84685384  -1.51650215  -1.54056702  -1.15104036  -1.44283548   0.20207643   0.72407450   0.59786877   0.58225481   0.47744825   0.58234399   0.07817139   0.08747622   0.08527949   0.08455649   0.08527949   0.08527949   0.00121546   0.00330652   0.00487239   0.00268202   0.00638362   0.00425386
 4.00  3200.  0.0  2.0   0.14519831   0.55293595   0.69638610   0.37405176   0.63038368   0.46499090   1.50796823   1.21339091   1.03668553   1.54287648   1.11190421   1.37306013  -1.05131662  -1.52462440  -1.46240167  -1.67665564  -1.52992795  -1.63268756   0.33787516   0.61994057   0.60420752   0.63990128   0.62846360   0.65097975   0.05952157   0.06462140   0.06360603   0.06360603   0.06462140   0.06462140   0.00103778   0.00489156   0.00561248   0.00373622   0.00514184   0.00462046
 4.50  3200.  0.0  2.0   0.25512511   0.66514830   0.82449858   0.53757302   0.89579698   0.69490263   1.45764453   1.01891619   0.81697146   1.27614036   0.56011094   0.90221601  -1.11514696  -1.40663224  -1.35060140  -1.51474645  -1.06717347  -1.23003551   0.35312450   0.58720596   0.58467871   0.59373478   0.47692079   0.51213022   0.04510817   0.04977598   0.04902082   0.04863782   0.04902082   0.04902082   0.00131507   0.00693463   0.00774530   0.00514985   0.00692039   0.00596936
 5.00  3200.  0.0  2.0   0.21273661   0.74143662   0.88231602   0.62298256   0.91083767   0.73097261   1.59570771   0.87794418   0.73707363   1.11438177   0.59015830   0.85135142  -1.25348374  -1.29125244  -1.32068535  -1.37549087  -1.14588632  -1.19533213   0.38894072   0.54928946   0.58496135   0.54448347   0.51488781   0.49984933   0.03356901   0.03667975   0.03613435   0.03557896   0.03613435   0.03613435   0.00128702   0.00954058   0.01073940   0.00643205   0.00951583   0.00778683
 5.50  3200.  0.0  2.0   0.16721214   0.80611066   0.92117123   0.61392152   0.94535980   0.74258080   1.57927449   0.71994946   0.67348950   1.10883014   0.56409877   0.81532168  -1.09985672  -1.09899595  -1.24123609  -1.30726697  -1.12319097  -1.10904470   0.29660409   0.47281062   0.55125136   0.50341033   0.50573515   0.45499998   0.02475381   0.02704854   0.02664598   0.02623643   0.02664598   0.02664598   0.00074219   0.01146160   0.01272188   0.00656819   0.01186013   0.00852883
 6.00  3200.  0.0  2.0   0.09997851   0.80100181   0.88481378   0.51082740   0.87597698   0.67273883   1.46347846   0.64206927   0.76243459   1.26206211   0.75812378   0.93278034  -0.73254278  -0.90493686  -1.26419808  -1.33054135  -1.28119158  -1.12409938   0.10731963   0.37840331   0.53982476   0.48066979   0.55216438   0.43462354   0.01865742   0.02004605   0.01974538   0.01974538   0.02004605   0.01974538   0.00038330   0.01100227   0.01233898   0.00559215   0.01315986   0.00729248
 0.00  3300.  0.0  2.0  -0.59452271  -0.21165843  -0.17047294  -0.15120992  -0.11213476  -0.20773512   2.72941081   1.32785248   1.06690244   0.72469372   0.73989157   1.21276524  -3.43334784  -0.81844892  -0.44603758  -0.10050508  -0.03015988  -0.67213678   2.17005647   0.39924934   0.24059421   0.22276085   0.04275154   0.34641845   0.46334328   0.53501722   0.53501722   0.53501722   0.54152260   0.53501722   0.00346476   0.00057037   0.00048637   0.00007690   0.00012115   0.00033077
 0.50  3300.  0.0  2.0  -0.58475045  -0.19143204  -0.16789347  -0.55819168  -0.14314117  -0.19604900   2.88280545   1.12679866   0.97534840   3.05822791   1.02500648   1.07592426  -3.47382593  -0.46555868  -0.24735680  -3.08394948  -0.36836356  -0.39808485   2.05767125   0.20960176   0.11528430   1.40512883   0.14925604   0.18527633   0.35923276   0.43111061   0.43111061   0.39672844   0.43111061   0.43111061   0.00202757   0.00015501   0.00011051   0.00565612   0.00010632   0.00022405
 1.00  3300.  0.0  2.0  -0.40158012  -0.21355781  -0.37630981  -0.46352784  -0.17676480  -0.43217823   2.50035751   1.46392959   3.21984686   3.14369276   1.30935829   3.29383370  -3.03508818  -0.93496143  -3.50445974  -3.35285923  -0.73714768  -3.55843620   1.83239151   0.39230045   1.51045439   1.52795135   0.28351243   1.52692986   0.28525269   0.34187004   0.31640040   0.30811961   0.34369004   0.31640040   0.00023227   0.00009903   0.01601435   0.00850271   0.00011426   0.01274983
 1.50  3300.  0.0  2.0  -0.18880742  -0.02748997   0.02526370  -0.09373681   0.10718847  -0.05853425   2.08730156   2.04023220   2.12317493   2.13463304   2.19313210   2.29184611  -2.60150269  -2.13030906  -2.33292921  -2.27630876  -2.60061822  -2.49998716   1.62406112   0.96129363   1.06107017   1.11053510   1.18519565   1.12436746   0.20855037   0.23836036   0.23339273   0.22853636   0.23339273   0.23339273   0.00080363   0.00683101   0.01250061   0.00581243   0.02248030   0.00946420
 2.00  3300.  0.0  2.0  -0.09317957   0.13721650   0.21117094  -0.00088169   0.34391589   0.11584978   1.77189054   1.67919719   1.57597422   1.73571456   1.45996988   1.79867438  -2.13620804  -1.78167690  -1.70380231  -1.73638291  -1.74684169  -1.94727598   1.38435890   0.83064749   0.80308210   0.86590732   0.83872131   0.90247264   0.17109069   0.19321742   0.19027070   0.18885070   0.19027070   0.19027070   0.00088557   0.00654258   0.00977661   0.00301614   0.01772813   0.00727937
 2.50  3300.  0.0  2.0   0.05755111   0.24892674   0.25855633   0.15201112   0.41195249   0.18150423   1.34355475   1.37495810   1.34527362   1.42950314   1.10064121   1.52917966  -1.55369237  -1.44789960  -1.37502311  -1.43549903  -1.23855567  -1.59867926   1.10678369   0.69994127   0.64884616   0.74850800   0.60906354   0.75517971   0.13600107   0.15520970   0.15394470   0.15025521   0.15394470   0.15394470   0.00173901   0.00516363   0.00556317   0.00355152   0.00997257   0.00434006
 3.00  3300.  0.0  2.0   0.20245819   0.19747421   0.32594033   0.20282223   0.30893557   0.26035881   0.62319504   1.55675786   1.25298503   1.24053588   1.30168143   1.39300031  -0.21522240  -1.52422776  -1.15924570  -0.99654964  -1.26397840  -1.36645906   0.34250167   0.63271295   0.46217453   0.44559977   0.50489454   0.58963245   0.10290788   0.11519317   0.11334026   0.11154229   0.11519317   0.11334026   0.00158306   0.00200053   0.00319499   0.00191072   0.00284226   0.00270487
 3.50  3300.  0.0  2.0   0.28620477   0.34187114   0.42858353   0.26480334   0.40448414   0.25815837   0.61268771   1.43949598   1.39310255   1.40484768   1.39326696   1.54558500   0.08834202  -1.54735717  -1.55773615  -1.25984839  -1.57873481  -1.57990034  -0.02618094   0.61929226   0.60257685   0.47185674   0.61656473   0.61998056   0.07903743   0.09021175   0.08887525   0.08756772   0.09021175   0.09021175   0.00160656   0.00297869   0.00349583   0.00207569   0.00314679   0.00252090
 4.00  3300.  0.0  2.0   0.20587969   0.52587369   0.65992874   0.36826429   0.77103081   0.55725044   1.19727412   1.12802938   1.03580757   1.41030533   0.69752959   1.00230066  -0.63340592  -1.34598113  -1.40915794  -1.44867325  -1.06346836  -1.16344298   0.16747628   0.54249624   0.57600431   0.54083863   0.45214049   0.46739337   0.06023689   0.06695087   0.06599993   0.06552893   0.06599993   0.06599993   0.00082523   0.00421332   0.00511216   0.00286958   0.00525910   0.00391478
 4.50  3300.  0.0  2.0   0.21423003   0.54398206   0.69592579   0.46535766   0.74240062   0.55414868   1.50333463   1.18721589   1.04739979   1.35530125   0.85389213   1.11883119  -1.13872339  -1.50508482  -1.55539638  -1.54690311  -1.33622807  -1.37923158   0.35076682   0.60844717   0.65337737   0.59415040   0.56955084   0.55225155   0.04714351   0.05222036   0.05149866   0.05077147   0.05149866   0.05149866   0.00102026   0.00613280   0.00728094   0.00439098   0.00644015   0.00512423
 5.00  3300.  0.0  2.0   0.24523406   0.73814134   0.87700048   0.64214945   0.89764166   0.69027628   1.59801299   0.79932310   0.67469512   1.03229196   0.55246454   0.87164013  -1.34186092  -1.17962996  -1.25261343  -1.30528399  -1.10551414  -1.19118237   0.42805763   0.49942771   0.55879709   0.51863445   0.50009916   0.49107866   0.03480631   0.03784225   0.03757425   0.03676345   0.03757425   0.03757425   0.00138569   0.00825514   0.01014501   0.00591496   0.00905594   0.00693940
 5.50  3300.  0.0  2.0   0.22095483   0.81664632   0.99939970   0.66980348   1.01410460   0.70646950   1.66755217   0.63303272   0.41586346   0.99174178   0.32395065   0.86895158  -1.38875733  -1.01267235  -1.00318774  -1.26513664  -0.89828571  -1.19192964   0.42905220   0.43676517   0.46924874   0.50119911   0.42836508   0.48856245   0.02567679   0.02794205   0.02734893   0.02714543   0.02734893   0.02794205   0.00127209   0.01049379   0.01242979   0.00721398   0.01142653   0.00918482
 6.00  3300.  0.0  2.0   0.13566523   0.84101679   0.98531273   0.60554699   0.96326268   0.75835970   1.73871862   0.53975114   0.46728053   1.09968918   0.49495588   0.70330518  -1.30941848  -0.84816255  -1.01382531  -1.28713845  -1.06262781  -0.93733344   0.35960530   0.36053468   0.45935580   0.48644401   0.48422000   0.37142538   0.01913388   0.02052152   0.02022385   0.02022385   0.02052152   0.02022385   0.00060801   0.01095286   0.01315281   0.00702688   0.01413667   0.00810570
 0.00  3400.  0.0  2.0  -0.47278558  -0.09636661  -0.05983717  -0.07414755  -0.05347127  -0.08070801   2.10224438   0.98366216   0.79826530   0.50863343   0.89108790   0.81300252  -2.37586617  -0.55281447  -0.19252912   0.13148631  -0.36890429  -0.31402643   1.63889044   0.36172664   0.14337459   0.13781217   0.20677653   0.26630298   0.49089328   0.54839234   0.54839234   0.54839234   0.54839234   0.54839234   0.00336410   0.00047759   0.00059847   0.00006317   0.00100079   0.00034391
 0.50  3400.  0.0  2.0  -0.47362757  -0.08351785  -0.05785481  -0.11588913  -0.03108248  -0.09356577   2.42436529   1.14465884   0.99393014   0.81727830   1.03983626   1.06267499  -2.78936138  -0.77935093  -0.47446941  -0.24172549  -0.61116256  -0.64334247   1.73656234   0.43107929   0.24322611   0.25687207   0.29581370   0.37411052   0.38418500   0.43657672   0.43657672   0.43657672   0.43657672   0.43657672   0.00238259   0.00059669   0.00064405   0.00006803   0.00118358   0.00037266
 1.00  3400.  0.0  2.0  -0.29034268  -0.14166010  -0.09626532  -0.16997364  -0.08892416  -0.16168207   2.01441312   1.29402226   1.18727208   2.12409740   1.17717160   1.27560868  -2.36573310  -0.89584237  -0.70446184  -2.23669292  -0.72333749  -0.84925898   1.53761839   0.44222330   0.31791171   1.12229331   0.31331649   0.42316704   0.30900159   0.35164120   0.35002120   0.33009328   0.35164120   0.35164120   0.00075928   0.00012766   0.00025642   0.00824168   0.00024663   0.00011583
 1.50  3400.  0.0  2.0  -0.11887099   0.03680504   0.17871687   0.06347592   0.26914376   0.13210403   1.68990198   1.39811154   1.34957459   1.64183912   1.29121520   1.61707755  -2.04111607  -1.30929886  -1.37647515  -1.79375372  -1.45165247  -1.83685859   1.38163812   0.65170842   0.67503298   0.95655770   0.71920067   0.92545889   0.22577463   0.25438938   0.24901536   0.24090438   0.24901536   0.24631836   0.00106159   0.00220083   0.00847587   0.00862685   0.01329979   0.01042117
 2.00  3400.  0.0  2.0  -0.02016504   0.24351547   0.33480790   0.15741370   0.35807041   0.23788816   1.42865276   1.25299593   1.22327318   1.39417814   1.13165528   1.40275319  -1.69599140  -1.37113802  -1.39198158  -1.50219271  -1.30534069  -1.62070015   1.21255781   0.71805289   0.70815378   0.82861585   0.66164470   0.83758131   0.18129069   0.20220742   0.19862509   0.19510532   0.20100742   0.19862509   0.00107912   0.00719155   0.01292036   0.00667332   0.01254701   0.00989313
 2.50  3400.  0.0  2.0   0.11746657   0.27169308   0.34258336   0.23698747   0.47236402   0.26312949   1.04150290   1.13452601   1.05936349   1.13369597   0.84624401   1.20583817  -1.19608084  -1.19963777  -1.10955874  -1.16666084  -0.99437587  -1.31394751   0.97579108   0.63493787   0.56649261   0.67697660   0.53614142   0.69195666   0.14449162   0.16262030   0.16056761   0.15661207   0.16056761   0.16056761   0.00151570   0.00450284   0.00643178   0.00469398   0.01008505   0.00505217
 3.00  3400.  0.0  2.0   0.26346165   0.30842939   0.41269570   0.41391777   0.53921679   0.34448812   0.48277754   1.07384344   0.91383591   0.69007156   0.66669636   0.98093706  -0.15428701  -1.04024618  -0.86280022  -0.54190177  -0.69903366  -0.95348034   0.34438554   0.49356890   0.38827055   0.32985409   0.34409550   0.47319169   0.10750200   0.12015782   0.11861956   0.11497446   0.11861956   0.11861956   0.00158260   0.00246994   0.00373906   0.00410320   0.00560533   0.00311273
 3.50  3400.  0.0  2.0   0.28259572   0.31083267   0.53326883   0.33016044   0.51391823   0.35119734   0.42946137   1.27740487   0.97843139   1.05204039   0.97286130   1.11274681   0.32056638  -1.28180860  -1.07564297  -0.83230803  -1.09275365  -1.06146789  -0.09761929   0.52338856   0.42951571   0.32186851   0.44345973   0.43767875   0.08252595   0.09275717   0.09041677   0.08930001   0.09157049   0.09157049   0.00099795   0.00230748   0.00387348   0.00202112   0.00356300   0.00239786
 4.00  3400.  0.0  2.0   0.28882363   0.35535776   0.58475057   0.40562773   0.61781853   0.42946966   0.83801759   1.33749526   1.08460576   1.16563942   0.92497947   1.10785493  -0.18037124  -1.43658488  -1.38514432  -1.11211234  -1.21315320  -1.14985189  -0.01362040   0.55678301   0.55533990   0.40474094   0.49364499   0.44435461   0.06085166   0.06936570   0.06762415   0.06636453   0.06805165   0.06805165   0.00085801   0.00332056   0.00391920   0.00228597   0.00398774   0.00283608
 4.50  3400.  0.0  2.0   0.24039839   0.49352364   0.73226503   0.46190704   0.71824372   0.50259315   1.36253118   1.17241036   0.85873565   1.25103694   0.81319236   1.10241711  -0.95389646  -1.40209088  -1.31208944  -1.37750378  -1.24378803  -1.27460353   0.26840472   0.55231411   0.55352157   0.51802047   0.52542254   0.49608633   0.04780732   0.05334701   0.05232776   0.05165452   0.05266676   0.05266676   0.00071850   0.00491093   0.00581785   0.00331408   0.00558876   0.00399306
 5.00  3400.  0.0  2.0   0.25831481   0.63605765   0.83273444   0.55430197   0.85235926   0.61970680   1.59075378   0.95232553   0.69663390   1.17849323   0.58091573   0.94998886  -1.37804947  -1.28481976  -1.25024201  -1.43654644  -1.11173541  -1.22632727   0.44158651   0.52387698   0.55185649   0.56023373   0.49713784   0.49208372   0.03562844   0.03920645   0.03869852   0.03818608   0.03869852   0.03869852   0.00124029   0.00712720   0.00920521   0.00545414   0.00824799   0.00590513
 5.50  3400.  0.0  2.0   0.29535660   0.78654771   1.00473409   0.69019987   0.93190066   0.69223620   1.63446070   0.66481878   0.33525256   0.93043056   0.46180904   0.86021379  -1.50687072  -1.04482395  -0.92751911  -1.23976343  -1.04850355  -1.18746630   0.49469773   0.44382558   0.44236456   0.49626012   0.48599266   0.48400537   0.02613528   0.02852562   0.02813805   0.02774548   0.02852562   0.02852562   0.00157854   0.00912198   0.01173311   0.00691479   0.01199286   0.00832008
 6.00  3400.  0.0  2.0   0.22366148   0.83597211   1.05258708   0.66560019   1.00581747   0.73511643   1.82126569   0.56757379   0.27396382   1.02846372   0.34153082   0.79108545  -1.67349094  -0.93185899  -0.87461374  -1.33326982  -0.94307607  -1.10407413   0.54282303   0.39685315   0.42202640   0.52483924   0.44940167   0.44506671   0.01951764   0.02117364   0.02088495   0.02088495   0.02117364   0.02117364   0.00133581   0.01043357   0.01395249   0.00826870   0.01442954   0.00921791
 0.00  3500.  0.0  2.0  -0.00844998  -0.01970388  -0.02816377  -0.04731957  -0.01434951  -0.01164139   0.13593098   0.68091851   0.75156013   0.45416784   0.77234830   0.51995984   0.33068262  -0.18697254  -0.13753254   0.23003335  -0.21525092   0.08859551   0.37505630   0.23944990   0.11200959   0.08358864   0.14035553   0.10530166   0.53655551   0.55060769   0.55060769   0.55060769   0.55060769   0.55060769   0.00019854   0.00067747   0.00070620   0.00011380   0.00099136   0.00045679
 0.50  3500.  0.0  2.0  -0.16330169   0.00557111   0.00921497  -0.06374902   0.03494923  -0.00739326   1.20169037   0.82855089   0.85877646   0.69750204   0.85082024   0.74057609  -1.08984490  -0.44382939  -0.36226923  -0.10929774  -0.41409286  -0.26167157   0.94218796   0.33685741   0.20628554   0.20655733   0.22682421   0.24314870   0.40852076   0.43820293   0.43820293   0.43820293   0.43820293   0.43820293   0.00172937   0.00095132   0.00106686   0.00014475   0.00147937   0.00062427
 1.00  3500.  0.0  2.0  -0.13156617   0.00080625   0.11741441  -0.03973613   0.16671951   0.06184065   1.47815957   0.95670538   0.91618667   0.91647902   0.86607359   0.90803804  -1.58091786  -0.63362982  -0.62017453  -0.48422514  -0.64402112  -0.63606011   1.14803309   0.40218285   0.33775483   0.36267826   0.35310844   0.41436993   0.31970672   0.35198082   0.34886429   0.34886429   0.34886429   0.34886429   0.00309918   0.00063710   0.00303950   0.00044323   0.00419179   0.00184657
 1.50  3500.  0.0  2.0   0.02749207   0.07317237   0.29615378   0.07411593   0.13339499   0.03267293   1.12683578   1.03558124   0.76834284   0.99736637   0.93519972   1.05397503  -1.23930730  -0.86095610  -0.64952513  -0.77603933  -0.70057304  -0.82097072   0.99960318   0.50410432   0.38110046   0.50245320   0.35842418   0.47348811   0.23642789   0.25940241   0.25564798   0.25438798   0.25940241   0.25940241   0.00261956   0.00100583   0.00577781   0.00181022   0.00152184   0.00069469
 2.00  3500.  0.0  2.0   0.10257199   0.12634619   0.34979581   0.32093923   0.44254746   0.25232811   1.02717384   1.06752753   0.74725730   0.83566118   0.59374257   0.88590595  -1.17148972  -0.96896841  -0.68226053  -0.88285577  -0.61075763  -0.86882385   0.96938677   0.54758237   0.39751874   0.60032640   0.38334987   0.53512728   0.18985117   0.21063683   0.20738167   0.20085892   0.20738167   0.20738167   0.00249384   0.00137373   0.00566486   0.00819542   0.00795189   0.00395918
 2.50  3500.  0.0  2.0   0.20584321   0.22279501   0.49187846   0.36523387   0.55480074   0.34149305   0.77595988   0.96810018   0.55472682   0.70275741   0.41563339   0.77251810  -0.88090444  -0.93089887  -0.56960212  -0.70923168  -0.47483825  -0.80106288   0.83782143   0.53858772   0.36994860   0.51696442   0.33805059   0.51360724   0.15076464   0.16811431   0.16442842   0.16078749   0.16534842   0.16534842   0.00236677   0.00197540   0.00742439   0.00594105   0.00832833   0.00428944
 3.00  3500.  0.0  2.0   0.32426520   0.33194512   0.56187139   0.39147109   0.67518616   0.45977647   0.27890670   0.77749554   0.38293496   0.53704629   0.14919892   0.49604911   0.00102460  -0.67763954  -0.29398868  -0.33869402  -0.12934875  -0.42091000   0.33059914   0.38648702   0.20018121   0.27615069   0.15392634   0.30845965   0.11103883   0.12266012   0.12056823   0.11852974   0.12056823   0.12056823   0.00180549   0.00197428   0.00482371   0.00301679   0.00666664   0.00370078
 3.50  3500.  0.0  2.0   0.35938397   0.33098907   0.51738603   0.44183465   0.63029242   0.44581120   0.22335559   0.98590624   0.78477475   0.63157378   0.48516676   0.67069872   0.45181072  -0.89450413  -0.80312305  -0.39075020  -0.53085895  -0.54491631  -0.10868385   0.38651375   0.33311413   0.18148609   0.24428682   0.25916639   0.08543731   0.09446417   0.09285806   0.09076339   0.09285806   0.09285806   0.00124373   0.00168774   0.00288201   0.00234586   0.00380586   0.00232566
 4.00  3500.  0.0  2.0   0.23358578   0.38035414   0.58073148   0.49499568   0.66340600   0.45900666   0.88315530   1.09624333   0.92570721   0.80703439   0.64807058   0.85206537  -0.21107351  -1.09029048  -1.14359188  -0.68768335  -0.84701234  -0.79123941  -0.00220387   0.41617231   0.45651827   0.24506493   0.34841414   0.30074485   0.06365858   0.06998755   0.06878783   0.06683757   0.06878783   0.06878783   0.00046254   0.00230696   0.00313834   0.00195524   0.00321616   0.00208930
 4.50  3500.  0.0  2.0   0.23967179   0.49992851   0.70825990   0.63305317   0.75214322   0.51036972   1.30996616   1.02680513   0.80261808   0.73244460   0.61230039   0.94750016  -0.88473291  -1.16742782  -1.19657470  -0.79350743  -0.97302952  -1.02968636   0.23489290   0.44715703   0.49941543   0.29245942   0.41284419   0.38775919   0.04908588   0.05377253   0.05314124   0.05128530   0.05314124   0.05314124   0.00055065   0.00345261   0.00480810   0.00271273   0.00427110   0.00284314
 5.00  3500.  0.0  2.0   0.33133991   0.57561030   0.77559402   0.60374014   0.78542902   0.54225178   1.41084116   1.01870967   0.74887441   0.98343570   0.65220405   1.04616164  -1.22217270  -1.30796087  -1.27140460  -1.20778338  -1.14585674  -1.27133663   0.38393053   0.51991004   0.55174040   0.46734733   0.50085922   0.49384576   0.03592738   0.03977410   0.03953210   0.03832871   0.03953210   0.03953210   0.00105106   0.00580115   0.00813783   0.00409011   0.00724877   0.00490177
 5.50  3500.  0.0  2.0   0.32403611   0.72120626   0.97060803   0.65583220   0.97161230   0.63421420   1.64383744   0.78474828   0.35212920   0.98673399   0.28468224   0.95922017  -1.62537686  -1.16853122  -0.94515227  -1.31849751  -0.85370743  -1.28398210   0.55699248   0.48663934   0.44883191   0.52724468   0.41117565   0.51418876   0.02688544   0.02931553   0.02894744   0.02857535   0.02894744   0.02931553   0.00197317   0.00823897   0.01107568   0.00674719   0.01007818   0.00750684
 6.00  3500.  0.0  2.0   0.31027411   0.79712087   1.04348864   0.71034313   1.03471169   0.73776229   1.78221321   0.67246413   0.25554764   0.93959038   0.21057398   0.80525950  -1.82942730  -1.09635065  -0.89636933  -1.31566901  -0.82691960  -1.17716299   0.63948087   0.46876534   0.44159497   0.53294038   0.41209679   0.48114997   0.02013429   0.02171819   0.02157919   0.02129850   0.02157919   0.02157919   0.00243086   0.01109995   0.01532578   0.00888444   0.01412044   0.00908620
 0.00  3600.  0.0  2.0   0.00378097   0.02847079   0.01964634  -0.02021907   0.03461861   0.01962524   0.05686157   0.75429491   1.04523723   0.60153291   1.04893967   0.65849156   0.73181664  -0.28191641  -0.62184187   0.05102132  -0.67969506  -0.06386800   0.05018666   0.26859252   0.31634289   0.13491124   0.34306512   0.14068500   0.53762432   0.54553552   0.54553552   0.54553552   0.54553552   0.54553552   0.00017713   0.00282673   0.00412310   0.00090297   0.00478709   0.00200698
 0.50  3600.  0.0  2.0  -0.00209207   0.15033183   0.18062566   0.04254447   0.20619610   0.12477121   0.32352656   0.62634842   0.78497241   0.61958484   0.75424227   0.57133775   0.32282244  -0.27288235  -0.46449623  -0.07128062  -0.48390419  -0.09792282   0.21254858   0.28365578   0.27726362   0.18945261   0.29024494   0.17345911   0.42517739   0.43409948   0.43409948   0.43409948   0.43409948   0.43409948   0.00047718   0.00436139   0.00618458   0.00139258   0.00704045   0.00317314
 1.00  3600.  0.0  2.0   0.05090863   0.13369125   0.15826368   0.09664250   0.18814833   0.09979382   0.67787797   0.56208238   0.64315066   0.62877836   0.59213499   0.55228019  -0.35981784  -0.15964587  -0.21592966  -0.18247319  -0.20885232  -0.05447180   0.53524405   0.22075936   0.15407968   0.24551040   0.15604537   0.14575626   0.33154356   0.35030269   0.35030269   0.34722611   0.35030269   0.35030269   0.00305615   0.00154969   0.00204203   0.00165709   0.00245964   0.00106411
 1.50  3600.  0.0  2.0   0.16331009   0.18533818   0.28070759   0.06845273   0.32394070   0.14198029   0.62144986   0.59520593   0.52654190   0.75474035   0.43865627   0.62502139  -0.46810106  -0.30337628  -0.22531970  -0.35119651  -0.17920296  -0.25620855   0.60662517   0.28942319   0.18168920   0.30447721   0.16975376   0.24373435   0.24242269   0.25986329   0.25863329   0.25863329   0.25863329   0.25986329   0.00395703   0.00144361   0.00266024   0.00061787   0.00318307   0.00104067
 2.00  3600.  0.0  2.0   0.18835889   0.16529065   0.19611566   0.17148773   0.23815858   0.12153556   0.72696173   0.75027578   0.76523636   0.74042092   0.67066145   0.79963983  -0.68276254  -0.52037659  -0.48682770  -0.47956103  -0.42840371  -0.51292479   0.70730963   0.37393628   0.27464612   0.37845667   0.25752486   0.35137072   0.19452597   0.21263964   0.21263964   0.20947933   0.21263964   0.21263964   0.00393827   0.00095928   0.00121004   0.00169017   0.00143899   0.00075078
 2.50  3600.  0.0  2.0   0.27336821   0.32202374   0.53509457   0.45961989   0.61412631   0.39160550   0.51993307   0.55455434   0.23277639   0.34682331   0.06156124   0.41956516  -0.48472738  -0.43717169  -0.13698550  -0.28208086  -0.01266121  -0.31603714   0.63297034   0.36288497   0.19138732   0.35183184   0.15368627   0.32359519   0.15549938   0.16977350   0.16800547   0.16357441   0.16800547   0.16800547   0.00310434   0.00227378   0.00563448   0.00658843   0.00698092   0.00360366
 3.00  3600.  0.0  2.0   0.43376019   0.39038531   0.58869073   0.54952143   0.66538755   0.46869016  -0.08833763   0.35908909  -0.00025515  -0.05777046  -0.16775387   0.16760141   0.34132355  -0.17295655   0.21765708   0.30146939   0.33489310   0.01702614   0.24322858   0.22739214   0.01360984   0.07115730  -0.01888002   0.16427774   0.11516424   0.12465369   0.12331518   0.12063816   0.12331518   0.12331518   0.00253579   0.00174199   0.00341721   0.00379062   0.00426291   0.00254024
 3.50  3600.  0.0  2.0   0.29369701   0.44565266   0.52255101   0.45756726   0.60029122   0.41602993   0.38692373   0.53045902   0.57294770   0.46634909   0.34928049   0.55058791   0.20463835  -0.36235746  -0.51911981  -0.20939999  -0.30970901  -0.34489816   0.02493248   0.20354528   0.23663134   0.14042597   0.16675583   0.19413657   0.08841999   0.09474795   0.09422595   0.09214127   0.09422595   0.09422595   0.00083619   0.00182740   0.00210203   0.00199836   0.00249040   0.00158070
 4.00  3600.  0.0  2.0   0.18351645   0.34200699   0.50464354   0.48851319   0.55797119   0.37460432   0.98709720   1.03827555   0.94071867   0.69629625   0.73548219   0.90191891  -0.35876270  -0.95049918  -1.08032713  -0.53220153  -0.85266626  -0.75917738   0.07090202   0.35762257   0.42614145   0.19174155   0.34186806   0.28025704   0.06598749   0.07073823   0.06995610   0.06799971   0.06995610   0.06995610   0.00032038   0.00166855   0.00217440   0.00171053   0.00204090   0.00138935
 4.50  3600.  0.0  2.0   0.16761992   0.39210481   0.60211460   0.45812899   0.62366989   0.40267785   1.47141471   1.17958708   0.94170749   1.05891659   0.80595602   1.09946694  -1.07588169  -1.25843239  -1.28063187  -1.08540277  -1.10801330  -1.11701719   0.30966532   0.46746634   0.51981598   0.39269532   0.45083046   0.40476319   0.05105370   0.05478856   0.05417474   0.05294511   0.05417474   0.05417474   0.00048342   0.00277641   0.00393564   0.00192358   0.00340337   0.00220948
 5.00  3600.  0.0  2.0   0.31841604   0.50674925   0.82133234   0.61571634   0.72899986   0.54970995   1.45637331   1.11624009   0.54484979   0.89134705   0.70299857   0.95859600  -1.31738618  -1.36939865  -1.02082684  -1.09203011  -1.15703715  -1.14139834   0.42690446   0.53231044   0.45014564   0.41860084   0.49595569   0.43400423   0.03700219   0.04032349   0.03962551   0.03869205   0.04009049   0.03962551   0.00107690   0.00487295   0.00607593   0.00319707   0.00623164   0.00358697
 5.50  3600.  0.0  2.0   0.35860430   0.68028332   0.95754103   0.69615741   0.95061154   0.65645535   1.59852419   0.84283306   0.31575724   0.85140669   0.26461030   0.86729639  -1.66087283  -1.21941959  -0.89443209  -1.18776315  -0.81291872  -1.18647985   0.58701686   0.50131815   0.42715703   0.47923422   0.39161557   0.47494046   0.02756198   0.02954648   0.02918988   0.02865278   0.02918988   0.02918988   0.00231551   0.00716331   0.00973646   0.00564982   0.00881632   0.00596626
 6.00  3600.  0.0  2.0   0.43154126   0.77305944   1.06473549   0.78445384   1.05456544   0.74461690   1.56290921   0.72015790   0.14428022   0.74572750   0.09953863   0.78274000  -1.74022874  -1.17469760  -0.79416690  -1.16334158  -0.71868465  -1.19693944   0.63863670   0.50221539   0.40794249   0.48719945   0.37458074   0.49767732   0.02037968   0.02217653   0.02177313   0.02136093   0.02177313   0.02177313   0.00354839   0.01056381   0.01446381   0.00838377   0.01333093   0.00888043
 0.00  3700.  0.0  2.0  -0.05445891  -0.01148768  -0.00252041  -0.03970640   0.01029951  -0.03630412   0.30545478   0.74770226   1.03793124   0.64664661   1.01098461   0.79065221   0.57336237  -0.11204451  -0.51650574   0.11336335  -0.51267855  -0.10119224   0.01391919   0.14300299   0.23431191   0.05341417   0.23182786   0.10109803   0.53953003   0.54341073   0.54341073   0.54341073   0.54341073   0.54341073   0.00005333   0.00109553   0.00221073   0.00047966   0.00245373   0.00079476
 0.50  3700.  0.0  2.0  -0.02542520   0.08101207   0.13201342   0.04684287   0.14463366   0.04793147   0.38428702   0.56182554   0.69905202   0.58850231   0.66233471   0.61334984   0.42087662   0.02990749  -0.19452926   0.07473767  -0.17519156   0.04399052   0.06955204   0.09602736   0.11716183   0.08032071   0.10899742   0.04981910   0.42888832   0.43412944   0.43412944   0.43238444   0.43412944   0.43412944   0.00018224   0.00129970   0.00249827   0.00109196   0.00266530   0.00094041
 1.00  3700.  0.0  2.0   0.04081378   0.09307170   0.14363887   0.02186703   0.16008806   0.05848519   0.45686934   0.54180617   0.62005655   0.59235151   0.57164287   0.59111236   0.18414104   0.02270737  -0.10348879   0.08021677  -0.07249386   0.04304512   0.19274902   0.09985276   0.07673267   0.07132312   0.06492591   0.05253308   0.34064671   0.34979657   0.34979657   0.34979657   0.34979657   0.34979657   0.00088249   0.00064498   0.00110874   0.00025830   0.00121328   0.00044823
 1.50  3700.  0.0  2.0   0.15776973   0.17050856   0.23563006   0.06974817   0.25575855   0.12980420   0.36682077   0.48774981   0.48876275   0.62440219   0.43089783   0.54690061   0.11561258  -0.04184232  -0.06111459  -0.07672205  -0.02124732  -0.02899487   0.25576968   0.15066127   0.08223843   0.15586262   0.06806595   0.10821955   0.24991298   0.25970212   0.25970212   0.25970212   0.25970212   0.25970212   0.00186664   0.00073047   0.00111924   0.00031047   0.00121674   0.00051520
 2.00  3700.  0.0  2.0   0.29276819   0.21144936   0.35356301   0.13618610   0.38125839   0.22659280   0.27410526   0.48738295   0.31913911   0.60834390   0.24380869   0.44342447   0.01991225  -0.12673841   0.01779667  -0.17381577   0.07241390  -0.03619337   0.34462483   0.20082491   0.07507893   0.21792650   0.05732638   0.14202304   0.20034949   0.21295547   0.21191547   0.21191547   0.21191547   0.21191547   0.00408108   0.00098518   0.00189045   0.00062235   0.00205489   0.00102104
 2.50  3700.  0.0  2.0   0.29732252   0.20045537   0.58098120   0.39441651   0.62486857   0.40173123   0.30196745   0.61397269  -0.04466304   0.24496744  -0.15684284   0.19942654  -0.04981671  -0.32460565   0.25439465   0.01482678   0.34284838   0.07457587   0.38043546   0.28418194   0.01993569   0.19128630  -0.00849837   0.13741839   0.16070359   0.17212991   0.16951379   0.16776573   0.16951379   0.16951379   0.00291427   0.00072359   0.00476770   0.00319562   0.00529513   0.00269089
 3.00  3700.  0.0  2.0   0.37871464   0.35192376   0.60606996   0.57349351   0.65285984   0.44581041   0.05751062   0.35026438  -0.10010360  -0.13928249  -0.22125172   0.12233641   0.22925250  -0.12335620   0.30865153   0.37312441   0.40524841   0.12135727   0.26152598   0.21908987  -0.00428797   0.06138281  -0.03474424   0.12593223   0.11783128   0.12589231   0.12456379   0.12189676   0.12456379   0.12456379   0.00221306   0.00138739   0.00307892   0.00379512   0.00341263   0.00207335
 3.50  3700.  0.0  2.0   0.34927873   0.36415762   0.58865236   0.56639118   0.64381324   0.44877222   0.17403356   0.49011570   0.15809037   0.01145358  -0.01037885   0.25154457   0.38100441  -0.20979164   0.02740172   0.31462908   0.18691439   0.06538058   0.00460440   0.15254688   0.03232544  -0.03222180  -0.02110055   0.04719824   0.09022638   0.09605150   0.09500866   0.09290800   0.09500866   0.09500866   0.00091992   0.00105681   0.00207820   0.00250852   0.00238045   0.00143372
 4.00  3700.  0.0  2.0   0.21850206   0.39774041   0.64805789   0.43960689   0.51046159   0.45846321   0.90329341   0.78967419   0.44567134   0.70105739   0.70502641   0.59039233  -0.33983337  -0.64050712  -0.50591597  -0.50222593  -0.74822265  -0.38456702   0.10119635   0.24811805   0.21578651   0.19300762   0.30198106   0.14462243   0.06692944   0.07053489   0.06974776   0.06895564   0.07053489   0.06974776   0.00037965   0.00127220   0.00211265   0.00132618   0.00172080   0.00130323
 4.50  3700.  0.0  2.0   0.19940143   0.39546749   0.66847545   0.49866341   0.68259937   0.43190111   1.41621386   1.10618031   0.66988337   0.88814874   0.55652109   0.96626385  -1.08041300  -1.14822602  -0.94754289  -0.88621100  -0.79505892  -0.94418516   0.33145441   0.42384659   0.39085208   0.32054631   0.32804765   0.33557032   0.05192472   0.05477042   0.05415211   0.05321131   0.05415211   0.05415211   0.00056295   0.00210218   0.00289636   0.00157817   0.00254869   0.00165371
 5.00  3700.  0.0  2.0   0.23704229   0.51783759   0.70665878   0.53824739   0.69832181   0.51649099   1.68470581   1.04221750   0.75636313   1.03899661   0.70509238   1.00619519  -1.61281935  -1.26847388  -1.21093332  -1.23622502  -1.12252025  -1.17314168   0.55046559   0.48928114   0.51593393   0.47127669   0.47609197   0.44014727   0.03848626   0.04038467   0.04038467   0.03944920   0.04038467   0.03991968   0.00141156   0.00372093   0.00593658   0.00313506   0.00525289   0.00297607
 5.50  3700.  0.0  2.0   0.39112008   0.63971406   0.92954042   0.69943335   0.91489575   0.62411632   1.53493337   0.90261599   0.30376755   0.79710220   0.27330697   0.91682837  -1.65945528  -1.27424613  -0.85451986  -1.13073632  -0.79005636  -1.23784778   0.60147068   0.51921879   0.40665582   0.45757741   0.37601487   0.49225315   0.02822824   0.02984215   0.02949054   0.02895744   0.02949054   0.02949054   0.00271452   0.00638257   0.00831299   0.00500727   0.00750743   0.00526419
 6.00  3700.  0.0  2.0   0.48503234   0.81113370   1.05348717   0.80408759   1.03506217   0.78290937   1.47218306   0.60317076   0.10512221   0.67488465   0.08318683   0.67325098  -1.73664715  -1.06676055  -0.74476534  -1.11503171  -0.68887985  -1.10515934   0.65834840   0.46397258   0.38839726   0.47477476   0.36090581   0.46739756   0.02105777   0.02200587   0.02200587   0.02160317   0.02200587   0.02173817   0.00470823   0.00900527   0.01314454   0.00812081   0.01205627   0.00768903
 0.00  3800.  0.0  2.0  -0.08958724  -0.02163268  -0.02370770  -0.06085134   0.02820603  -0.05637703   0.60870260   1.18461243   1.09351135   1.11050466   1.49242446   1.30830013   0.21843311  -0.74979523  -0.55044843  -0.54078189  -1.29096259  -0.87496224   0.10926064   0.40200548   0.22633431   0.30777134   0.56943538   0.42455316   0.53717482   0.53717482   0.54100057   0.53717482   0.53717482   0.53717482   0.00013790   0.00354110   0.00135438   0.00199988   0.00798844   0.00307250
 0.50  3800.  0.0  2.0  -0.03562977   0.08608943   0.17565980   0.03261600   0.17951149   0.05213619   0.52161173   0.68148005   0.74839188   0.70432449   0.73678202   0.79886891   0.29969872  -0.10824750  -0.30669191  -0.02888092  -0.31044774  -0.22519041   0.06399260   0.12939495   0.15802621   0.08733178   0.15683998   0.14930156   0.42856871   0.43029371   0.43029371   0.43029371   0.43029371   0.43029371   0.00018913   0.00162049   0.00360010   0.00094018   0.00365807   0.00134701
 1.00  3800.  0.0  2.0   0.04349955   0.11599392   0.21332574   0.05868179   0.21784100   0.07776182   0.52462462   0.58670055   0.57276657   0.63741327   0.55047757   0.70896389   0.16260798  -0.02587991  -0.10080474   0.02135316  -0.08704415  -0.13340119   0.14314286   0.10198223   0.07473189   0.07058729   0.06607892   0.11248603   0.34230159   0.34680491   0.34680491   0.34680491   0.34680491   0.34680491   0.00076855   0.00087746   0.00183590   0.00051557   0.00184581   0.00069362
 1.50  3800.  0.0  2.0   0.05491428   0.35243837   0.52582498   0.24688757   0.53241034   0.29930691   0.50424657   0.18861932  -0.01774597   0.34868975  -0.04662223   0.33466878   0.15175173   0.23175937   0.35408140   0.17640355   0.37528591   0.11615034   0.15317717   0.04525909  -0.05351576   0.04862050  -0.06435014   0.05448124   0.25502732   0.25623732   0.25623732   0.25623732   0.25623732   0.25623732   0.00034959   0.00312616   0.00599265   0.00184902   0.00601207   0.00252322
 2.00  3800.  0.0  2.0   0.19319845   0.26725640   0.38376874   0.23307361   0.39288468   0.28770227   0.29053105   0.31756305   0.20445153   0.36016784   0.16531288   0.30748022   0.25077050   0.12196733   0.18654774   0.14616732   0.21926409   0.15390874   0.15417221   0.08068457  -0.00749346   0.06711255  -0.02182137   0.04161415   0.20657640   0.21177678   0.21177678   0.21074178   0.21177678   0.21074178   0.00113333   0.00118646   0.00206319   0.00089009   0.00210352   0.00121473
 2.50  3800.  0.0  2.0   0.36301069   0.38414252   0.51500803   0.30950521   0.53141116   0.32679951   0.07289426   0.14730751  -0.02255416   0.28491092  -0.07930614   0.26502453   0.31582922   0.20217735   0.33869042   0.12660730   0.38734034   0.14038285   0.17528908   0.07363957  -0.04365528   0.09976788  -0.06209937   0.06468116   0.16354043   0.17054264   0.17054264   0.16967264   0.17054264   0.17054264   0.00300572   0.00181600   0.00285343   0.00130239   0.00293977   0.00141782
 3.00  3800.  0.0  2.0   0.30243962   0.33392641   0.43246131   0.42751363   0.44741935   0.29156434   0.20952748   0.32951992   0.21923818   0.10900725   0.16538392   0.40269655   0.16973448  -0.03124393   0.05547898   0.21806998   0.09970635  -0.05362768   0.22974760   0.16651026   0.06685441   0.08718237   0.05142572   0.15196447   0.12078224   0.12612132   0.12612132   0.12413427   0.12612132   0.12612132   0.00150965   0.00096404   0.00119079   0.00184230   0.00117123   0.00094192
 3.50  3800.  0.0  2.0   0.29719242   0.43051278   0.52603684   0.33319429   0.55509198   0.43654086   0.26258552   0.22038098   0.16237238   0.42694019   0.05748741   0.17056306   0.27057311   0.11520348   0.09162392  -0.04229230   0.19538902   0.21273612   0.07350384   0.04768758   0.01316261   0.10735104  -0.02325057  -0.00273013   0.09202838   0.09572786   0.09572786   0.09520386   0.09572786   0.09520386   0.00079071   0.00112092   0.00141601   0.00085081   0.00148759   0.00101274
 4.00  3800.  0.0  2.0   0.25128827   0.24175407   0.45001407   0.32270423   0.46970326   0.29473006   0.76652666   1.03293150   0.75233444   0.84303773   0.64191209   0.86671426  -0.24222586  -0.82180315  -0.72282884  -0.58943429  -0.58785339  -0.60269944   0.11308197   0.32455786   0.29380101   0.23965452   0.24059723   0.23118087   0.06754276   0.07154233   0.07075720   0.06996608   0.07075720   0.07075720   0.00041992   0.00104505   0.00122641   0.00084495   0.00113554   0.00081931
 4.50  3800.  0.0  2.0   0.23001651   0.39074975   0.54526201   0.43870877   0.54471642   0.38823211   1.33964897   1.06292002   0.87695047   0.96629469   0.80952436   1.03560832  -1.05741878  -1.08002518  -1.11496656  -0.94548946  -1.01075911  -1.00212314   0.35428427   0.40500128   0.45358814   0.35121664   0.40770476   0.36319227   0.05251257   0.05474745   0.05474745   0.05380215   0.05474745   0.05443345   0.00067952   0.00179534   0.00279594   0.00150230   0.00244945   0.00143632
 5.00  3800.  0.0  2.0   0.31573265   0.53433974   0.73735640   0.49671917   0.72180605   0.52711048   1.49091529   0.95908310   0.58816730   1.08891475   0.56570752   0.95386346  -1.46638758  -1.17078658  -0.99427605  -1.28054335  -0.93814378  -1.12017841   0.51603760   0.45428724   0.43034759   0.49101619   0.40216918   0.42337304   0.03880418   0.04025956   0.04025956   0.04002056   0.04025956   0.04002056   0.00156919   0.00308901   0.00454300   0.00309473   0.00403710   0.00253784
 5.50  3800.  0.0  2.0   0.44015212   0.61684454   0.82825479   0.66522429   0.89175326   0.61541602   1.41346406   0.92967453   0.49137455   0.84995770   0.26804492   0.92318568  -1.58184948  -1.30044260  -1.02969878  -1.19210413  -0.75938004  -1.25616006   0.58682216   0.52932819   0.46936748   0.48346683   0.35982499   0.50222329   0.02870871   0.03014712   0.03014712   0.02943940   0.02979601   0.02979601   0.00309794   0.00587558   0.00833853   0.00503877   0.00650955   0.00488396
 6.00  3800.  0.0  2.0   0.54362617   0.80369706   1.04503084   0.83960658   1.02092866   0.79397894   1.32084988   0.59510918   0.05178393   0.55130397   0.05751740   0.62413910  -1.63124519  -1.06763424  -0.66965736  -0.99995091  -0.64771551  -1.07275041   0.63333097   0.46650355   0.35727872   0.43608178   0.34303669   0.46054146   0.02148230   0.02215470   0.02215470   0.02161930   0.02215470   0.02188900   0.00548564   0.00843499   0.01164531   0.00747144   0.01072639   0.00729854
 0.00  3900.  0.0  2.0  -0.10639573  -0.06383999  -0.03088444  -0.06707510   0.02791359  -0.06357994   0.88818475   1.04242993   1.22468371   1.33142035   1.67534142   1.53094958  -0.16163962  -0.43602682  -0.74432218  -0.87987477  -1.58470112  -1.22641304   0.23939798   0.22937815   0.29990372   0.44159463   0.68810581   0.57275936   0.53148116   0.53528692   0.53528692   0.53148116   0.53148116   0.53148116   0.00045465   0.00065619   0.00148369   0.00271791   0.00932467   0.00409026
 0.50  3900.  0.0  2.0  -0.03622291   0.09499517   0.20072442   0.04810529   0.20014747   0.07020937   0.66907994   0.82444051   0.84696320   0.86157034   0.85517074   0.94283812   0.10523626  -0.32912701  -0.49476718  -0.28678476  -0.52541737  -0.48428337   0.11446014   0.21339375   0.23645918   0.18729241   0.24649983   0.26225167   0.42672768   0.42672768   0.42672768   0.42672768   0.42672768   0.42672768   0.00026812   0.00210126   0.00450947   0.00143321   0.00455460   0.00197474
 1.00  3900.  0.0  2.0   0.04998022   0.27743729   0.45168854   0.20771508   0.44824204   0.24760002   0.57151945   0.48005216   0.33100380   0.58084864   0.33483958   0.61279930   0.13289391  -0.06814182  -0.05758264  -0.08138229  -0.07370276  -0.22879205   0.11621375   0.14173389   0.09888904   0.12892199   0.10191048   0.18647999   0.34206186   0.34206186   0.34206186   0.34206186   0.34206186   0.34206186   0.00070001   0.00413350   0.00849966   0.00300037   0.00835859   0.00383217
 1.50  3900.  0.0  2.0   0.12239459   0.19418894   0.32958814   0.14139317   0.32193672   0.15861957   0.45534228   0.50625089   0.35505906   0.59126605   0.37006092   0.65645997   0.19097072  -0.00476693   0.07239958  -0.01542581   0.04454036  -0.17681117   0.10907883   0.09526847   0.01129040   0.08386675   0.01940534   0.14039816   0.25420958   0.25658693   0.25658693   0.25658693   0.25658693   0.25658693   0.00077019   0.00099611   0.00206763   0.00072708   0.00199548   0.00086968
 2.00  3900.  0.0  2.0   0.18667335   0.20287382   0.32560985   0.14920603   0.32062285   0.16427458   0.33591841   0.47356730   0.32664864   0.56193985   0.33188947   0.62090406   0.25770238   0.01345240   0.10446977  -0.00337588   0.08904198  -0.13902202   0.10440765   0.09353418   0.00049595   0.08679672   0.00386534   0.12651318   0.20800098   0.21108141   0.21108141   0.21108141   0.21108141   0.21108141   0.00094896   0.00048258   0.00086721   0.00036624   0.00083253   0.00040489
 2.50  3900.  0.0  2.0   0.31816421   0.32882714   0.47763853   0.25237005   0.47461949   0.28174530   0.15998041   0.26662991   0.04368905   0.40345330   0.04163333   0.41075515   0.31975484   0.14335243   0.31373876   0.07634542   0.30876836   0.01663899   0.11703275   0.06647942  -0.05409916   0.08176239  -0.05481917   0.08696034   0.16583788   0.17017709   0.17017709   0.17017709   0.17017709   0.17017709   0.00216477   0.00097979   0.00159814   0.00076092   0.00152974   0.00080772
 3.00  3900.  0.0  2.0   0.37229682   0.50065910   0.67471668   0.39470289   0.67809352   0.44775396  -0.03346415  -0.13192497  -0.41988626   0.07850069  -0.44545301   0.00077600   0.52244582   0.51445617   0.75791161   0.35992850   0.78056240   0.41219757   0.04587662  -0.06106015  -0.20877741  -0.00631454  -0.21931970  -0.04744695   0.12222639   0.12491340   0.12491340   0.12491340   0.12491340   0.12491340   0.00134744   0.00159781   0.00260880   0.00110757   0.00258842   0.00131750
 3.50  3900.  0.0  2.0   0.41276975   0.44435096   0.37228080   0.35331018   0.56925799   0.40471414  -0.19489729  -0.03763211   0.26071800   0.14271864  -0.23183055   0.04303210   0.79647404   0.49069521   0.13779594   0.36257339   0.63246888   0.44989514  -0.11382078  -0.09411646  -0.01944547  -0.04713291  -0.19953900  -0.09956006   0.09335151   0.09601546   0.09707029   0.09601546   0.09601546   0.09601546   0.00096081   0.00063266   0.00054737   0.00057382   0.00074326   0.00058231
 4.00  3900.  0.0  2.0   0.24761232   0.33450543   0.44114364   0.36878139   0.44831322   0.42570322   0.67480734   0.66990648   0.57915011   0.57583650   0.51440332   0.43282062  -0.18729402  -0.40590927  -0.45627464  -0.27065146  -0.37224440  -0.12608351   0.14266281   0.18976527   0.19923676   0.14208219   0.16400726   0.07329919   0.06892223   0.07094044   0.07094044   0.07013833   0.07094044   0.07013833   0.00043496   0.00082126   0.00103252   0.00080928   0.00097653   0.00084802
 4.50  3900.  0.0  2.0   0.23501966   0.36492107   0.51700064   0.44390382   0.50883409   0.31363156   1.23016091   1.01443534   0.78636881   0.82777242   0.75177629   1.13454495  -0.96046228  -0.98405885  -0.93349210  -0.75632035  -0.86913453  -1.08068514   0.35415251   0.37906673   0.38275676   0.29259896   0.35191900   0.40547724   0.05329307   0.05489993   0.05489993   0.05394135   0.05489993   0.05489993   0.00079605   0.00152806   0.00212154   0.00133975   0.00189608   0.00143114
 5.00  3900.  0.0  2.0   0.32572373   0.52660462   0.63941639   0.45755855   0.70837628   0.47005489   1.43950646   0.94101563   0.76299514   1.13985784   0.53045605   1.08439311  -1.43957386  -1.13947227  -1.14081603  -1.32087216  -0.86128972  -1.26579994   0.52669904   0.44916437   0.48508306   0.51320091   0.37158523   0.48860284   0.03943421   0.04040763   0.04064813   0.04040763   0.04040763   0.04040763   0.00196934   0.00298839   0.00474464   0.00328048   0.00361823   0.00285844
 5.50  3900.  0.0  2.0   0.43905232   0.62821950   0.82989230   0.64069690   0.80413233   0.64745608   1.38488325   0.85441902   0.39776383   0.85580403   0.41639223   0.81061266  -1.58108827  -1.21321104  -0.88978234  -1.18925210  -0.88382158  -1.14357147   0.60003492   0.49901736   0.41091647   0.48497737   0.40265677   0.46525199   0.02946087   0.03018657   0.03018657   0.02982647   0.03018657   0.02982647   0.00382690   0.00531846   0.00686415   0.00500864   0.00628340   0.00445662
 6.00  3900.  0.0  2.0   0.59622444   0.80714045   1.03240237   0.81891020   1.00381875   0.75715301   1.15402109   0.54018142  -0.00286824   0.55242448   0.02331176   0.68327317  -1.48378351  -1.00647735  -0.57744638  -0.99902218  -0.57968373  -1.14441531   0.58844715   0.44494591   0.31643796   0.43766342   0.31143353   0.49220484   0.02181143   0.02235234   0.02235234   0.02194893   0.02235234   0.02235234   0.00589010   0.00777383   0.00992141   0.00743981   0.00914606   0.00767469
 0.00  4000.  0.0  2.0  -0.11182944  -0.06571028  -0.00973104  -0.09438475  -0.02756655  -0.08753582   0.84119595   1.16951131   1.49668103   1.16126727   1.37406449   1.28237098  -0.06280403  -0.63633902  -1.20759039  -0.56751264  -1.01116076  -0.79677690   0.16817653   0.31151041   0.50322900   0.28460217   0.40711836   0.36932460   0.53082189   0.53082189   0.52891689   0.53082189   0.53082189   0.53082189   0.00011430   0.00094084   0.00407855   0.00058544   0.00220275   0.00093252
 0.50  4000.  0.0  2.0  -0.01729559   0.11523784   0.22123233   0.07325207   0.22004111   0.09514299   0.79470549   0.90249305   0.90989095   0.95058724   0.92956024   1.00227892  -0.09604097  -0.47865884  -0.62483731  -0.46695888  -0.67713384  -0.62134160   0.18104365   0.27505403   0.29050449   0.26329636   0.31178002   0.32575496   0.42172324   0.42172324   0.42172324   0.42172324   0.42172324   0.42172324   0.00059003   0.00272930   0.00528313   0.00207126   0.00543476   0.00265983
 1.00  4000.  0.0  2.0   0.00227131   0.32765667   0.21478260   0.08047927   0.50306408   0.30790024   0.67885726   0.48131231   0.68472905   0.78677042   0.32535083   0.58749734   0.06403860  -0.13116567  -0.26055013  -0.21314165  -0.13922225  -0.28251404   0.10566895   0.16844198   0.12179171   0.14350505   0.13538299   0.22095627   0.34149249   0.33854577   0.34149249   0.34149249   0.33854577   0.33854577   0.00026601   0.00537139   0.00202282   0.00081377   0.01009750   0.00523391
 1.50  4000.  0.0  2.0   0.02141139   0.12545364   0.22282390   0.09614780   0.21686765   0.10515515   0.65584649   0.67243080   0.58476440   0.72632795   0.60310591   0.78988932   0.05957908  -0.14892834  -0.12688173  -0.14993773  -0.16465950  -0.31252019   0.11155070   0.12861426   0.06398992   0.11708737   0.07778213   0.18318181   0.25506232   0.25506232   0.25506232   0.25506232   0.25506232   0.25506232   0.00014032   0.00032664   0.00055940   0.00029043   0.00054657   0.00031879
 2.00  4000.  0.0  2.0   0.09917582   0.26215607   0.40258929   0.22069417   0.39438020   0.23825767   0.52881895   0.39425808   0.19898051   0.47815287   0.21963753   0.52694427   0.12286147   0.08022573   0.21329426   0.05168107   0.17587178  -0.09226164   0.11107951   0.06101699  -0.04437580   0.05827261  -0.03088930   0.11400523   0.20914857   0.20914857   0.20914857   0.20914857   0.20914857   0.20914857   0.00027614   0.00066879   0.00118606   0.00057855   0.00113429   0.00062695
 2.50  4000.  0.0  2.0   0.17641301   0.31657724   0.46911719   0.26907070   0.45684793   0.28369478   0.40658096   0.30008469   0.05251423   0.38767112   0.08433640   0.44211900   0.18405781   0.13647136   0.33156997   0.10912677   0.28379874  -0.02543481   0.10986364   0.05059868  -0.07702008   0.04878632  -0.05985362   0.09398614   0.16884358   0.16970358   0.16970358   0.16970358   0.16970358   0.16970358   0.00059215   0.00103767   0.00179055   0.00088291   0.00169706   0.00093699
 3.00  4000.  0.0  2.0   0.31842927   0.36986360   0.51931696   0.39153470   0.50953614   0.41896794   0.11519455   0.19433771  -0.05881918   0.11756219  -0.03890639   0.12862432   0.41661926   0.20875871   0.41802753   0.34200363   0.38776394   0.27245210   0.04628792   0.03330603  -0.09955476  -0.02171931  -0.08987118  -0.00777383   0.12335439   0.12535291   0.12535291   0.12468791   0.12535291   0.12468791   0.00092703   0.00089465   0.00128263   0.00080951   0.00122635   0.00082836
 3.50  4000.  0.0  2.0   0.35475230   0.36678800   0.48327975   0.53914886   0.47848207   0.33509646   0.03795971   0.22476088   0.04913409  -0.21152146   0.05050668   0.31886698   0.48542917   0.15818442   0.28480230   0.64882664   0.27843433   0.08398689   0.02140496   0.05352992  -0.04498296  -0.12591832  -0.04451130   0.06081674   0.09428488   0.09639753   0.09639753   0.09481688   0.09639753   0.09639753   0.00113403   0.00092293   0.00085900   0.00142017   0.00083397   0.00092133
 4.00  4000.  0.0  2.0   0.33514461   0.32871927   0.43725130   0.27422459   0.43675590   0.29367375   0.33227245   0.54643939   0.41420464   0.65596928   0.38354530   0.64167670   0.17701418  -0.21946915  -0.18950400  -0.28820859  -0.14748865  -0.29732314   0.04481542   0.13583475   0.10069506   0.16208534   0.08119181   0.15105907   0.06893067   0.07095497   0.07095497   0.07095497   0.07095497   0.07095497   0.00057450   0.00068741   0.00078337   0.00072178   0.00074684   0.00066694
 4.50  4000.  0.0  2.0   0.25951332   0.45137167   0.43044654   0.38427997   0.60777870   0.40506577   1.04627879   0.69113093   0.85726176   0.85336390   0.37543261   0.81891108  -0.76543442  -0.60646978  -0.92933943  -0.73858937  -0.40503354  -0.72762563   0.32275877   0.25720607   0.38555990   0.30517737   0.18381382   0.29532870   0.05365267   0.05429895   0.05525753   0.05429895   0.05429895   0.05429895   0.00097195   0.00132510   0.00217435   0.00138502   0.00155654   0.00129370
 5.00  4000.  0.0  2.0   0.38464119   0.46614279   0.62855409   0.52549995   0.60700971   0.54068245   1.17579117   0.99210265   0.65018477   0.85619548   0.66609324   0.82219264  -1.14320836  -1.15239613  -0.94060794  -0.97622026  -0.93629711  -0.96500283   0.43532857   0.46140826   0.40386713   0.39039702   0.39653130   0.38629070   0.03953137   0.04075824   0.04075824   0.04002682   0.04075824   0.04002682   0.00194538   0.00310247   0.00379053   0.00260368   0.00347708   0.00246823
 5.50  4000.  0.0  2.0   0.47433311   0.66018533   0.84353054   0.61319253   0.81678619   0.62088741   1.23196483   0.71306252   0.27558110   0.86258814   0.30623447   0.83737243  -1.41316607  -1.03999041  -0.70992742  -1.17344090  -0.72137640  -1.16707812   0.54594860   0.43619543   0.33716303   0.48151995   0.33613388   0.48086221   0.02957245   0.02994304   0.02994304   0.02994304   0.02994304   0.02994304   0.00389860   0.00470378   0.00555490   0.00496755   0.00513686   0.00471513
 6.00  4000.  0.0  2.0   0.62962576   0.82483121   0.92181574   0.78188448   0.89350473   0.78936307   0.97076141   0.39492218   0.16412902   0.54681180   0.19848681   0.51277750  -1.27238981  -0.81569606  -0.69812840  -0.95905644  -0.71367259  -0.93875324   0.51044722   0.36890952   0.35176612   0.41894948   0.35257805   0.41319003   0.02211260   0.02225160   0.02266049   0.02225160   0.02266049   0.02225160   0.00551112   0.00640302   0.00880391   0.00679989   0.00818638   0.00645778
 0.00  4100.  0.0  2.0  -0.11501544  -0.06514759   0.01700571  -0.07339840   0.02495114  -0.06708459   0.95053271   1.21904293   1.84899341   1.60007514   1.89170333   1.75417027  -0.22397225  -0.71950837  -1.83333643  -1.31105485  -1.94273790  -1.59977878   0.22318277   0.34421272   0.79033863   0.62034535   0.83889932   0.73642874   0.52530802   0.52530802   0.52144232   0.52144232   0.52144232   0.52144232   0.00021808   0.00109806   0.01044668   0.00435288   0.01167043   0.00593234
 0.50  4100.  0.0  2.0  -0.05049792   0.03240258   0.09055483   0.00250954   0.09637658   0.01511645   0.86779728   0.97212329   1.03316869   1.01513772   1.04610594   1.06273863  -0.15141255  -0.45937897  -0.62321375  -0.47040041  -0.67990245  -0.59951001   0.17899041   0.23672325   0.25010210   0.24204144   0.27574106   0.29211664   0.42009317   0.42009317   0.42009317   0.42009317   0.42009317   0.42009317   0.00022574   0.00077237   0.00137211   0.00060922   0.00151443   0.00079127
 1.00  4100.  0.0  2.0   0.02448419   0.13760415   0.54302310   0.10917866   0.53802935   0.34365116   0.73619865   0.73438259   0.29473584   0.79682503   0.31422146   0.56417720  -0.04247439  -0.24123588  -0.13010546  -0.27152722  -0.17626677  -0.29857589   0.13709744   0.16173683   0.13425844   0.16767853   0.15374097   0.23244928   0.33764677   0.33764677   0.33471003   0.33764677   0.33471003   0.33471003   0.00042013   0.00122352   0.01117714   0.00106322   0.01114790   0.00608797
 1.50  4100.  0.0  2.0   0.05775653   0.16011214   0.25415269   0.13733380   0.24958677   0.14546955   0.65030309   0.63668359   0.55664026   0.69116126   0.57373202   0.72932957   0.04092589  -0.12903442  -0.12419051  -0.14946385  -0.16525586  -0.27408533   0.10394039   0.11525244   0.06064276   0.11506566   0.07787606   0.17105749   0.25267498   0.25267498   0.25267498   0.25267498   0.25267498   0.25267498   0.00021162   0.00040795   0.00064167   0.00038611   0.00063882   0.00041385
 2.00  4100.  0.0  2.0   0.04116445   0.50176240   0.70476453   0.46069192   0.69577317   0.48688893   0.67367929  -0.06592823  -0.39213317   0.03186478  -0.36668155   0.04763519   0.00448478   0.48325769   0.72461260   0.42600991   0.67867843   0.30885604   0.12531066  -0.07857201  -0.21598966  -0.06898200  -0.19784409  -0.01353439   0.20921850   0.20619299   0.20619299   0.20619299   0.20619299   0.20619299   0.00014830   0.00325704   0.00581957   0.00297408   0.00566208   0.00322216
 2.50  4100.  0.0  2.0   0.22011718   0.39369330   0.55375184   0.35946709   0.54271629   0.37561096   0.33432147   0.14354552  -0.11989647   0.22064284  -0.08777207   0.26404406   0.26974305   0.29380673   0.49633334   0.26096457   0.44398068   0.12538901   0.05401564  -0.01564064  -0.14358691  -0.01489142  -0.12296624   0.04097444   0.16821523   0.16821523   0.16821523   0.16821523   0.16821523   0.16821523   0.00071238   0.00137195   0.00230279   0.00126600   0.00220485   0.00133546
 3.00  4100.  0.0  2.0   0.31576749   0.46793470   0.64394269   0.42526495   0.63061182   0.44560019   0.19484142   0.04979188  -0.28113042   0.13001658  -0.24098422   0.16535120   0.32984925   0.31569424   0.60282687   0.29071733   0.54309563   0.17668298   0.05740565  -0.00450680  -0.16490810  -0.00667232  -0.14193704   0.03356827   0.12360412   0.12426412   0.12426412   0.12426412   0.12426412   0.12426412   0.00110570   0.00142917   0.00198796   0.00134131   0.00190234   0.00137697
 3.50  4100.  0.0  2.0   0.41288499   0.42344001   0.55988582   0.38346461   0.55141698   0.39923088  -0.04942309   0.13450506  -0.11062053   0.19720005  -0.08865880   0.23421903   0.57447742   0.23978770   0.44468605   0.23591186   0.40986778   0.13803137  -0.03009785   0.01807812  -0.11027121   0.01132758  -0.09793125   0.03896841   0.09414562   0.09572878   0.09572878   0.09572878   0.09572878   0.09572878   0.00128950   0.00094396   0.00085922   0.00095713   0.00084722   0.00094239
 4.00  4100.  0.0  2.0   0.33311293   0.41001091   0.52455334   0.36780980   0.52137619   0.38555421   0.15038580   0.17634765  -0.00394073   0.25065421  -0.01120372   0.26345404   0.44832610   0.25338717   0.36955693   0.22830045   0.37653316   0.17166546  -0.04833732  -0.03632735  -0.11817262  -0.03061527  -0.12295384  -0.02037603   0.06973333   0.07054393   0.07054393   0.07054393   0.07054393   0.07054393   0.00052889   0.00058047   0.00062676   0.00057834   0.00061973   0.00058077
 4.50  4100.  0.0  2.0   0.23059497   0.45656674   0.41156389   0.40264998   0.40208046   0.42284233   0.89847743   0.49886725   0.72016282   0.62029853   0.71436128   0.60942069  -0.52029510  -0.29974695  -0.65408093  -0.38671183  -0.63458892  -0.41356891   0.25553273   0.14897965   0.27375856   0.18011873   0.26148321   0.18435318   0.05394234   0.05394234   0.05490642   0.05394234   0.05490642   0.05394234   0.00076919   0.00097848   0.00140582   0.00094206   0.00131632   0.00096104
 5.00  4100.  0.0  2.0   0.36532126   0.48881996   0.63008372   0.44859674   0.61190547   0.46396030   1.05049493   0.79461703   0.49570875   0.90255902   0.51225872   0.88505912  -0.94468342  -0.86812174  -0.67800496  -0.94805227  -0.68009054  -0.96670322   0.37850790   0.35971228   0.29897043   0.38566106   0.29473596   0.39417171   0.03980307   0.04029852   0.04029852   0.04029852   0.04029852   0.04029852   0.00177283   0.00241959   0.00276312   0.00245050   0.00258562   0.00248337
 5.50  4100.  0.0  2.0   0.52606139   0.68140888   0.73472573   0.64021322   0.81837883   0.65699312   0.99842391   0.57276725   0.46489194   0.70507393   0.21313874   0.66788251  -1.12463847  -0.84156186  -0.85188284  -0.95761402  -0.56111041  -0.94913804   0.44389082   0.36176993   0.38599277   0.40072160   0.26953377   0.40150578   0.02963917   0.02982717   0.03019876   0.02982717   0.02982717   0.02982717   0.00345580   0.00416385   0.00555096   0.00427197   0.00434218   0.00427946
 6.00  4100.  0.0  2.0   0.61537952   0.75462496   0.90303242   0.78846014   0.87547777   0.80522897   0.93295833   0.50819765   0.12933654   0.45087990   0.16929864   0.40277023  -1.20488086  -0.90290180  -0.60834806  -0.81526196  -0.63353641  -0.78943859   0.48547777   0.39992809   0.30896861   0.35998204   0.31394831   0.35454550   0.02235532   0.02249532   0.02249532   0.02235532   0.02249532   0.02235532   0.00524223   0.00636563   0.00705084   0.00568870   0.00659503   0.00563488
 0.00  4200.  0.0  2.0  -0.11221005  -0.05320087  -0.02310905  -0.08228300  -0.01132461  -0.07446927   1.01413318   1.39666355   1.63080707   1.41437666   1.64871336   1.52264458  -0.32539223  -1.01604732  -1.41456859  -0.99537301  -1.49208304  -1.21785878   0.25668079   0.47412756   0.58252297   0.46838540   0.61995462   0.55994645   0.52109271   0.51911271   0.51911271   0.51911271   0.51911271   0.51911271   0.00036969   0.00277741   0.00492777   0.00222537   0.00554917   0.00304445
 0.50  4200.  0.0  2.0   0.00290606   0.12678122   0.21814827   0.09337104   0.22797125   0.10581792   0.97046163   0.99203341   1.04338231   1.05206926   1.04680912   1.09970491  -0.39451845  -0.63614163  -0.84389945  -0.66895923  -0.89436934  -0.80768560   0.28878506   0.33568290   0.37612222   0.34754303   0.40341302   0.40811135   0.41373213   0.41373213   0.41373213   0.41373213   0.41373213   0.41373213   0.00127010   0.00342351   0.00600710   0.00295852   0.00649471   0.00347340
 1.00  4200.  0.0  2.0  -0.03208429   0.37937010   0.54869661   0.01696524   0.54759510   0.35145349   0.87120835   0.48364901   0.33733730   0.95482941   0.35117698   0.59790140  -0.16934214  -0.19845684  -0.21063075  -0.39091624  -0.25777829  -0.36792331   0.16599505   0.19273738   0.16546398   0.19364370   0.18847701   0.26215998   0.33630660   0.33186320   0.33186320   0.33630660   0.33186320   0.33186320   0.00012643   0.00678114   0.01154520   0.00024180   0.01172986   0.00649968
 1.50  4200.  0.0  2.0   0.07350411   0.17370680   0.26372304   0.15657237   0.26141849   0.15799680   0.70086655   0.64453650   0.58729302   0.70483804   0.59900921   0.73683054  -0.05475897  -0.15075998  -0.18679090  -0.19927233  -0.22363697  -0.30288288   0.13471316   0.11832550   0.08294741   0.13402884   0.09993918   0.18221623   0.25000294   0.25000294   0.25000294   0.25000294   0.25000294   0.25000294   0.00026717   0.00045524   0.00068789   0.00045528   0.00069597   0.00046490
 2.00  4200.  0.0  2.0   0.15040110   0.37000115   0.36658222   0.24416653   0.50633914   0.35645567   0.51112113   0.20665765   0.32688796   0.49088742   0.03597941   0.30751377   0.12475293   0.25611735   0.06670614   0.01093292   0.31394271   0.08613915   0.07679977  -0.01871153  -0.00394470   0.05892092  -0.08463262   0.05311220   0.20622296   0.20521796   0.20622296   0.20622296   0.20521796   0.20521796   0.00049162   0.00109629   0.00135850   0.00084384   0.00169195   0.00109666
 2.50  4200.  0.0  2.0   0.28947734   0.45084765   0.60594789   0.42941602   0.59836382   0.43964126   0.19777323   0.00722499  -0.23232154   0.06994240  -0.21060716   0.11219402   0.41115034   0.44621527   0.60705911   0.41051991   0.56515530   0.27359420  -0.01491727  -0.08387189  -0.19144115  -0.07861772  -0.17372441  -0.01447772   0.16670691   0.16670691   0.16670691   0.16670691   0.16670691   0.16670691   0.00092781   0.00160882   0.00260991   0.00157704   0.00253318   0.00161327
 3.00  4200.  0.0  2.0   0.28604499   0.43275251   0.56744340   0.40866685   0.55969450   0.42028976   0.25567691   0.11606284  -0.10825155   0.16679104  -0.08216776   0.21495542   0.30262595   0.27681273   0.44411003   0.26745176   0.39708102   0.13319319   0.04063842  -0.00686323  -0.12030171  -0.01308884  -0.10070084   0.04241848   0.12390879   0.12390879   0.12390879   0.12390879   0.12390879   0.12390879   0.00081671   0.00093616   0.00095082   0.00090853   0.00093765   0.00091568
 3.50  4200.  0.0  2.0   0.33693250   0.49168275   0.43017381   0.46029597   0.62207717   0.47713496   0.12557852  -0.02692422   0.20112215   0.03024935  -0.25139488   0.06529580   0.43362489   0.41749040   0.13714143   0.40971148   0.57878897   0.30059579  -0.00694409  -0.05849856  -0.00852257  -0.06505539  -0.16820492  -0.02557245   0.09501957   0.09501957   0.09607040   0.09501957   0.09501957   0.09501957   0.00097033   0.00091753   0.00091147   0.00090121   0.00083567   0.00090580
 4.00  4200.  0.0  2.0   0.43074332   0.61006555   0.50162931   0.56973060   0.49510477   0.59206679  -0.15313548  -0.36142503  -0.01127671  -0.29539901   0.00421920  -0.27832490   0.77493150   0.80712839   0.38838824   0.79799577   0.36210054   0.71777560  -0.15693740  -0.22212977  -0.11214643  -0.22714584  -0.10289759  -0.20205033   0.06963489   0.06963489   0.07084609   0.06963489   0.07084609   0.06963489   0.00115957   0.00107799   0.00109261   0.00105492   0.00109710   0.00107189
 4.50  4200.  0.0  2.0   0.31359369   0.36986612   0.46596224   0.34036466   0.45907613   0.35524650   0.48376978   0.52569529   0.37565579   0.58005049   0.37598770   0.59599122  -0.01591042  -0.24207790  -0.17476419  -0.25438532  -0.17065447  -0.32008637   0.08966620   0.13741035   0.08937301   0.13896863   0.08424568   0.15873684   0.05392600   0.05457328   0.05457328   0.05457328   0.05457328   0.05457328   0.00070622   0.00099965   0.00108058   0.00098405   0.00104590   0.00102946
 5.00  4200.  0.0  2.0   0.31837771   0.48550820   0.60634419   0.45120950   0.59260616   0.47161211   0.97433756   0.64062458   0.39433557   0.72854641   0.40769160   0.70786833  -0.78230780  -0.61238874  -0.46098634  -0.67110184  -0.46510198  -0.69167456   0.33774575   0.26887663   0.21149510   0.28779689   0.20868749   0.29607215   0.04027627   0.04027627   0.04027627   0.04027627   0.04027627   0.04027627   0.00172015   0.00200693   0.00224031   0.00198905   0.00214011   0.00208328
 5.50  4200.  0.0  2.0   0.47600219   0.55253520   0.65798384   0.52297636   0.63861508   0.54302377   0.88173354   0.68423647   0.44036701   0.78160215   0.46806771   0.74335975  -0.88093418  -0.83526394  -0.68083505  -0.91311800  -0.69964188  -0.90996259   0.34803937   0.34735141   0.29945735   0.37217523   0.30277311   0.37554070   0.02978222   0.03016180   0.03016180   0.03016180   0.03016180   0.03016180   0.00235802   0.00317571   0.00342960   0.00315212   0.00324302   0.00329073
 6.00  4200.  0.0  2.0   0.65426727   0.75114890   0.87480568   0.72000726   0.85178452   0.74129365   0.72416784   0.41328610   0.09510795   0.53177482   0.13140792   0.47740514  -0.92741935  -0.73698460  -0.49770683  -0.84590117  -0.52411603  -0.81892935   0.37865938   0.33018683   0.25537892   0.36711301   0.26165412   0.36240569   0.02216269   0.02258707   0.02258707   0.02258707   0.02258707   0.02258707   0.00427558   0.00534546   0.00567337   0.00543452   0.00538002   0.00554407
 0.00  4300.  0.0  2.0  -0.10580515  -0.04117208  -0.00098459  -0.07279444   0.01575293  -0.09393412   0.87891333   1.67014993   1.97526905   1.67642156   1.98192772   1.14394012  -0.12049727  -1.47659177  -2.01996126  -1.43766663  -2.09191205  -0.58777342   0.15681128   0.67996846   0.85990053   0.66660721   0.89915900   0.27075969   0.51940228   0.51320149   0.51320149   0.51320149   0.51320149   0.51940228   0.00012106   0.00691313   0.01222849   0.00574389   0.01354275   0.00037881
 0.50  4300.  0.0  2.0   0.01559269   0.12395010   0.21417018   0.09757295   0.22950157   0.11384464   0.99702994   1.02373707   1.08181066   1.06587915   1.06999636   1.09228617  -0.45887117  -0.68151232  -0.90672953  -0.70033639  -0.94482174  -0.81381021   0.31240015   0.34923788   0.39904847   0.35768879   0.42437577   0.41156389   0.41028597   0.41028597   0.41028597   0.41028597   0.41028597   0.41028597   0.00164283   0.00365922   0.00640953   0.00328549   0.00697033   0.00385355
 1.00  4300.  0.0  2.0   0.05074235   0.22473496   0.33790704   0.20353502   0.34399060   0.20843607   0.83001208   0.70438295   0.64715640   0.75647601   0.64177528   0.78172042  -0.22826125  -0.31285748  -0.38929102  -0.35166681  -0.41958714  -0.44659430   0.20259981   0.19843289   0.18781689   0.21411777   0.20701504   0.25890626   0.33138373   0.32986373   0.32986373   0.32986373   0.32986373   0.32986373   0.00074140   0.00247991   0.00402721   0.00239184   0.00424763   0.00252413
 1.50  4300.  0.0  2.0   0.19545008   0.33085598   0.46589156   0.31859638   0.46613199   0.31225546   0.54309807   0.39288075   0.24713807   0.44006762   0.25155784   0.47969143   0.02035978   0.02430094   0.05363674  -0.01701301   0.02249726  -0.11955491   0.11757872   0.06843642   0.01677705   0.08415593   0.03327828   0.13187411   0.24685776   0.24685776   0.24685776   0.24685776   0.24685776   0.24685776   0.00119042   0.00212799   0.00348533   0.00212357   0.00353727   0.00207221
 2.00  4300.  0.0  2.0   0.16779624   0.56828359   0.76945929   0.25894808   0.76599184   0.55182600   0.52248256  -0.16205147  -0.47056652   0.49062887  -0.45998020  -0.07089847   0.08960721   0.56630450   0.75872353  -0.00966477   0.72636404   0.40890403   0.08286476  -0.12296522  -0.23265743   0.06415490  -0.21721454  -0.05216562   0.20430509   0.20226736   0.20226736   0.20430509   0.20226736   0.20226736   0.00057122   0.00404540   0.00674977   0.00091980   0.00670370   0.00391953
 2.50  4300.  0.0  2.0   0.34702811   0.50508887   0.66516296   0.49420801   0.65914537   0.49558773   0.11509644  -0.08758862  -0.33815595  -0.04679126  -0.31955403  -0.00093258   0.47620244   0.53144101   0.69173432   0.50787726   0.65162494   0.37508119  -0.04845306  -0.12107721  -0.22421662  -0.11712566  -0.20611213  -0.05140183   0.16523854   0.16523854   0.16523854   0.16523854   0.16523854   0.16523854   0.00126610   0.00199574   0.00311614   0.00203539   0.00304594   0.00198435
 3.00  4300.  0.0  2.0   0.27024047   0.47467458   0.46909689   0.36137608   0.60082510   0.46720274   0.29642442   0.00692370   0.12812309   0.27358660  -0.17895971   0.09429597   0.27979836   0.40801495   0.20809259   0.17117490   0.49806945   0.25889198   0.02919586  -0.06883666  -0.04320957   0.00953791  -0.14562121  -0.00777112   0.12356490   0.12290990   0.12356490   0.12356490   0.12290990   0.12290990   0.00075993   0.00085310   0.00102532   0.00092221   0.00090264   0.00086689
 3.50  4300.  0.0  2.0   0.29097707   0.38452139   0.46941371   0.37012045   0.46584177   0.37534831   0.22436571   0.20752901   0.10310103   0.23308505   0.11525396   0.29408340   0.36711809   0.20941040   0.24632434   0.22404434   0.21624022   0.07784336  -0.00771747   0.00097526  -0.05901347  -0.01292317  -0.04569268   0.04781195   0.09536119   0.09536119   0.09536119   0.09536119   0.09536119   0.09536119   0.00089361   0.00095640   0.00080585   0.00089382   0.00082358   0.00094762
 4.00  4300.  0.0  2.0   0.36026192   0.45721437   0.54272182   0.43830341   0.53808721   0.44854575   0.04578719   0.03101616  -0.08717331   0.05515081  -0.07418231   0.10371119   0.54973642   0.38133744   0.44003630   0.40719207   0.41325377   0.28441858  -0.07563070  -0.06101044  -0.12762194  -0.07931860  -0.11697069  -0.03322071   0.07037711   0.07037711   0.07037711   0.07037711   0.07037711   0.07037711   0.00126084   0.00120674   0.00099603   0.00115875   0.00100400   0.00120003
 4.50  4300.  0.0  2.0   0.34564332   0.46697180   0.56274660   0.43959406   0.55727238   0.45654900   0.20484834   0.10636757  -0.04392001   0.15411097  -0.03711288   0.17334912   0.38872037   0.30613707   0.38845240   0.30504018   0.37744110   0.22610943  -0.06293060  -0.07116616  -0.13520374  -0.07720726  -0.13283998  -0.05007179   0.05389939   0.05389939   0.05389939   0.05389939   0.05389939   0.05389939   0.00075786   0.00080683   0.00084816   0.00077034   0.00083825   0.00082184
 5.00  4300.  0.0  2.0   0.32339421   0.46993256   0.45980295   0.43916413   0.56463023   0.46136431   0.74271777   0.50603287   0.61250505   0.57849345   0.32518616   0.56486119  -0.41776588  -0.35072385  -0.56833956  -0.38997138  -0.25370470  -0.42468461   0.21273466   0.17041990   0.24239640   0.18161320   0.11859203   0.19438960   0.04000158   0.04000158   0.04049353   0.04000158   0.04000158   0.04000158   0.00117657   0.00146029   0.00185198   0.00141826   0.00162884   0.00151238
 5.50  4300.  0.0  2.0   0.48893052   0.56953691   0.67386381   0.54176847   0.65837935   0.56478888   0.78196914   0.61298353   0.38335838   0.70095623   0.40871304   0.66225185  -0.72901539  -0.71850104  -0.58058375  -0.78626499  -0.60182069  -0.78596204   0.31066393   0.31462323   0.26782106   0.33648272   0.27256372   0.34001269   0.02951651   0.02989310   0.02989310   0.02989310   0.02989310   0.02989310   0.00244445   0.00332435   0.00350712   0.00330502   0.00336775   0.00347383
 6.00  4300.  0.0  2.0   0.60022947   0.74506591   0.84985807   0.71727893   0.83190340   0.74333922   0.73165120   0.30975635   0.04308422   0.41663586   0.07337992   0.35405081  -0.86079754  -0.54391615  -0.35504258  -0.64160664  -0.38020765  -0.60936312   0.35229816   0.24919172   0.18921857   0.28248676   0.19582155   0.27598519   0.02238944   0.02238944   0.02238944   0.02238944   0.02238944   0.02238944   0.00401193   0.00431758   0.00454287   0.00432984   0.00435921   0.00449389
 0.00  4400.  0.0  2.0  -0.09107154  -0.05464130  -0.01547556  -0.07453082   0.00149052  -0.05940094   0.99322982   1.70743008   2.02760661   1.68041651   2.01417293   1.24325702  -0.31634862  -1.50781394  -2.08353026  -1.43816438  -2.12677152  -0.79610798   0.23812902   0.68163108   0.87888746   0.65951323   0.90832327   0.36910427   0.51357108   0.50922591   0.50922591   0.50922591   0.50922591   0.51357108   0.00063215   0.00725377   0.01301018   0.00618633   0.01399734   0.00172025
 0.50  4400.  0.0  2.0   0.02776605   0.12132384   0.21368195   0.10171917   0.23066983   0.12093468   0.99096565   1.04028091   1.09548016   1.05869498   1.07072006   1.05997697  -0.46880954  -0.70314250  -0.93388944  -0.69589405  -0.95631020  -0.77446780   0.31242758   0.35224207   0.40660846   0.35108190   0.42755123   0.39296886   0.40707953   0.40707953   0.40707953   0.40707953   0.40707953   0.40707953   0.00197625   0.00394741   0.00694481   0.00360916   0.00747992   0.00416731
 1.00  4400.  0.0  2.0   0.07073845   0.37311258   0.53678967   0.34943832   0.54706354   0.35824834   0.81969907   0.57444179   0.44060127   0.61829018   0.42113155   0.62416666  -0.24540195  -0.33575915  -0.37463379  -0.35820324  -0.39116179  -0.42901758   0.20785059   0.24127564   0.22835265   0.24897606   0.24435264   0.28666126   0.32940593   0.32628940   0.32628940   0.32628940   0.32628940   0.32628940   0.00098295   0.00746418   0.01239302   0.00708841   0.01291614   0.00740362
 1.50  4400.  0.0  2.0   0.21311145   0.32867438   0.46203312   0.32463285   0.46641205   0.31566752   0.54636433   0.42811705   0.28292135   0.44601268   0.27281459   0.48300429  -0.01330914  -0.02789866  -0.00341227  -0.03521815  -0.01928107  -0.12979156   0.12850598   0.08481136   0.03635735   0.08719722   0.04862117   0.13288987   0.24456031   0.24456031   0.24456031   0.24456031   0.24456031   0.24456031   0.00139156   0.00220423   0.00356731   0.00225473   0.00366351   0.00218731
 2.00  4400.  0.0  2.0   0.09105996   0.57550514   0.77702806   0.14894403   0.77611651   0.55734062   0.71470510  -0.13938865  -0.45256305   0.72911486  -0.44895245  -0.06388761  -0.10397791   0.52269995   0.71440269  -0.23157787   0.68789756   0.39331584   0.14145472  -0.10936241  -0.21673631   0.13271409  -0.20213698  -0.04976358   0.20368962   0.20059921   0.20059921   0.20368962   0.20059921   0.20059921   0.00026412   0.00421391   0.00689915   0.00032781   0.00691634   0.00405073
 2.50  4400.  0.0  2.0   0.17948893   0.52215118   0.68482915   0.52162723   0.68073431   0.51220356   0.51318269  -0.08936133  -0.34351096  -0.07150005  -0.33143501  -0.01977822   0.08885058   0.51865031   0.67120378   0.50903513   0.63821770   0.38655499   0.07553404  -0.12125455  -0.21781498  -0.11899947  -0.20166017  -0.05864896   0.16563810   0.16393999   0.16393999   0.16393999   0.16393999   0.16393999   0.00049743   0.00216993   0.00333699   0.00227834   0.00328424   0.00213537
 3.00  4400.  0.0  2.0   0.22094959   0.63471492   0.80847063   0.29140111   0.80352384   0.62880382   0.41810434  -0.35714700  -0.65521901   0.43005286  -0.64180255  -0.28438372   0.17070736   0.77563620   0.98463569   0.02706903   0.95239098   0.63640441   0.05179810  -0.21072590  -0.32896557   0.04958398  -0.31383391  -0.14691902   0.12325451   0.12127744   0.12127744   0.12325451   0.12127744   0.12127744   0.00056560   0.00191597   0.00282704   0.00064615   0.00276354   0.00193679
 3.50  4400.  0.0  2.0   0.32538028   0.41514510   0.49883263   0.40675514   0.49657784   0.40846079   0.14542744   0.12410459   0.03476375   0.14163896   0.04122931   0.20453227   0.46661428   0.31467708   0.31629895   0.32806774   0.29311922   0.17416266  -0.06319584  -0.05131223  -0.09196444  -0.06284981  -0.08088675   0.00760144   0.09470192   0.09470192   0.09470192   0.09470192   0.09470192   0.09470192   0.00081433   0.00088099   0.00077632   0.00082552   0.00078580   0.00090698
 4.00  4400.  0.0  2.0   0.43069198   0.54031276   0.63726574   0.52547719   0.63428072   0.53546773  -0.11569510  -0.17743418  -0.31577425  -0.15443953  -0.30813885  -0.10742024   0.72481355   0.60968518   0.67827819   0.62762834   0.65608672   0.49883967  -0.15326110  -0.15493873  -0.22285966  -0.16913209  -0.21288233  -0.11532634   0.06951702   0.06951702   0.06951702   0.06951702   0.06951702   0.06951702   0.00100602   0.00102358   0.00093542   0.00097404   0.00093580   0.00103035
 4.50  4400.  0.0  2.0   0.47449876   0.58445867   0.67567048   0.56385236   0.67112906   0.57879427  -0.27376310  -0.33032766  -0.46468712  -0.30379454  -0.45326342  -0.26981027   0.96740303   0.82870302   0.89378760   0.85498505   0.87123878   0.74582800  -0.28197234  -0.26469860  -0.32532798  -0.28411973  -0.31682346  -0.24029194   0.05360372   0.05360372   0.05360372   0.05360372   0.05360372   0.05360372   0.00104282   0.00101751   0.00097405   0.00097518   0.00096611   0.00103172
 5.00  4400.  0.0  2.0   0.32046667   0.41298779   0.47523497   0.39341255   0.46849089   0.41096817   0.46745208   0.39247551   0.31172791   0.43101401   0.32154384   0.43800199   0.01433006  -0.08697274  -0.08585679  -0.08612006  -0.09795060  -0.15067557   0.05093850   0.06397350   0.04107451   0.05831763   0.04338033   0.08334722   0.04007377   0.04007377   0.04007377   0.04007377   0.04007377   0.04007377   0.00092932   0.00111771   0.00117453   0.00106473   0.00114684   0.00115725
 5.50  4400.  0.0  2.0   0.43057248   0.55821671   0.64571946   0.53373840   0.63502901   0.55866627   0.70201510   0.44592948   0.26801419   0.51780864   0.28715556   0.48168921  -0.52683761  -0.41998258  -0.32712250  -0.46768100  -0.34681157  -0.47404029   0.24288418   0.19867624   0.15948849   0.21301395   0.16443176   0.21798927   0.02975125   0.02975125   0.02975125   0.02975125   0.02975125   0.02975125   0.00210890   0.00245505   0.00258455   0.00240791   0.00251229   0.00256548
 6.00  4400.  0.0  2.0   0.54780837   0.68875785   0.78532337   0.66174204   0.77070189   0.69056386   0.75164638   0.37343353   0.14495308   0.47400500   0.17331614   0.41126506  -0.79274427  -0.53211159  -0.38868156  -0.62163769  -0.41672738  -0.59417084   0.32603646   0.24012843   0.19399682   0.27034470   0.20242389   0.26586502   0.02228656   0.02228656   0.02228656   0.02228656   0.02228656   0.02228656   0.00307087   0.00351457   0.00380405   0.00347867   0.00368359   0.00367494
 0.00  4500.  0.0  2.0  -0.09469116  -0.08622369  -0.07258652  -0.09074514  -0.06193424  -0.07710234   0.83459821   1.06106313   1.26431076   1.03093901   1.24285308   1.03331239  -0.05116627  -0.41400194  -0.75213001  -0.36022906  -0.77353761  -0.42615476   0.10745423   0.17339238   0.25168438   0.15912637   0.27301484   0.19277949   0.51327883   0.51327883   0.51327883   0.51327883   0.51327883   0.51327883   0.00015666   0.00039306   0.00082278   0.00032317   0.00090363   0.00045262
 0.50  4500.  0.0  2.0   0.03888391   0.12700704   0.22517929   0.11563551   0.24275140   0.13364497   0.97216059   1.04244574   1.09461666   1.04185905   1.05113510   1.01701342  -0.45457283  -0.71464994  -0.95295264  -0.68524305  -0.94411659  -0.72121996   0.30159862   0.35424263   0.41143995   0.34129972   0.42029802   0.36762243   0.40488198   0.40488198   0.40488198   0.40488198   0.40488198   0.40488198   0.00224407   0.00442400   0.00780991   0.00413471   0.00828674   0.00460461
 1.00  4500.  0.0  2.0   0.00489429   0.37659234   0.54320080   0.36050590   0.55493135   0.36828800   0.87158277   0.58468382   0.44962836   0.60854663   0.41487420   0.59417567  -0.23007001  -0.35784353  -0.40494675  -0.35730463  -0.39775392  -0.39375002   0.17791751   0.24710120   0.23867912   0.24398391   0.24550611   0.26860381   0.32913942   0.32429162   0.32429162   0.32429162   0.32429162   0.32429162   0.00031193   0.00804452   0.01338281   0.00775373   0.01384806   0.00796429
 1.50  4500.  0.0  2.0   0.23434887   0.33560393   0.47056396   0.33667091   0.47777489   0.32773077   0.51676496   0.43240542   0.28495071   0.43381462   0.26314039   0.45642901   0.00025134  -0.04477426  -0.02554949  -0.03192586  -0.02634170  -0.10318004   0.12089826   0.08843750   0.04340673   0.08127253   0.05043575   0.11877144   0.24305199   0.24305199   0.24305199   0.24305199   0.24305199   0.24305199   0.00163782   0.00240842   0.00387125   0.00249077   0.00399167   0.00240784
 2.00  4500.  0.0  2.0   0.20346128   0.38791141   0.52683711   0.28137187   0.52887434   0.37601726   0.52555290   0.25938471   0.07427911   0.48338092   0.06613130   0.30235659   0.03693954   0.15975483   0.23205244  -0.03006229   0.21924121   0.07670929   0.09358389   0.00433730  -0.06196861   0.06501169  -0.05170017   0.04474723   0.20134838   0.20029838   0.20029838   0.20134838   0.20029838   0.20029838   0.00079786   0.00132189   0.00193086   0.00110583   0.00197178   0.00132623
 2.50  4500.  0.0  2.0   0.11336367   0.36373160   0.48052073   0.37082316   0.47986998   0.35701234   0.68551969   0.28453709   0.13293258   0.27684277   0.13435903   0.32680433  -0.08688077   0.15246013   0.19970762   0.17044846   0.17839479   0.06155494   0.12897853   0.00089088  -0.05673755  -0.00705631  -0.04423867   0.04686991   0.16540240   0.16367932   0.16367932   0.16367932   0.16367932   0.16367932   0.00037124   0.00071112   0.00090559   0.00078038   0.00090914   0.00075956
 3.00  4500.  0.0  2.0   0.22024104   0.48049900   0.60759958   0.28222496   0.60598652   0.47505780   0.43311516  -0.00941020  -0.19965539   0.45311183  -0.19748880   0.04281415   0.15649165   0.44593097   0.54060640   0.00417704   0.52127757   0.33567491   0.04514039  -0.10469148  -0.17912037   0.05053391  -0.16838576  -0.05018072   0.12245040   0.12111688   0.12111688   0.12245040   0.12111688   0.12111688   0.00052918   0.00068719   0.00080953   0.00058557   0.00080337   0.00074870
 3.50  4500.  0.0  2.0   0.40569478   0.50245435   0.60632433   0.50193481   0.60368734   0.49774239  -0.02847197  -0.07715918  -0.21182363  -0.07469192  -0.20699601  -0.01172518   0.65029754   0.52739550   0.56201481   0.54847538   0.54179801   0.39767171  -0.14539154  -0.13997687  -0.18786553  -0.15249058  -0.17760454  -0.07901995   0.09358225   0.09358225   0.09358225   0.09358225   0.09358225   0.09358225   0.00084457   0.00092321   0.00097050   0.00091191   0.00096730   0.00098181
 4.00  4500.  0.0  2.0   0.45377220   0.55787863   0.65305174   0.54922574   0.65180032   0.55529538  -0.17646571  -0.23810909  -0.36455477  -0.22426081  -0.36363763  -0.17363702   0.81365018   0.69986429   0.73991994   0.71953259   0.72569116   0.58080921  -0.20662484  -0.20423375  -0.25611242  -0.21781472  -0.24883734  -0.15393395   0.06911746   0.06911746   0.06911746   0.06911746   0.06911746   0.06911746   0.00084657   0.00089393   0.00088637   0.00085605   0.00088539   0.00093295
 4.50  4500.  0.0  2.0   0.40011329   0.57478464   0.51504143   0.45324443   0.65157154   0.57078359  -0.07185812  -0.29593172  -0.03574591  -0.00879795  -0.38496285  -0.23361180   0.73379085   0.77209179   0.40674152   0.51614211   0.76690402   0.67284994  -0.19059506  -0.23749268  -0.13389073  -0.14974146  -0.26927821  -0.20161464   0.05431956   0.05366679   0.05431956   0.05431956   0.05366679   0.05366679   0.00142587   0.00107598   0.00126991   0.00137293   0.00103058   0.00109059
 5.00  4500.  0.0  2.0   0.36752106   0.45164179   0.50919979   0.43226720   0.50507139   0.44961856   0.16332409   0.14021765   0.08573064   0.17372380   0.09540793   0.19001483   0.46552441   0.29525067   0.26561498   0.30685276   0.24733655   0.22179836  -0.13010929  -0.09046671  -0.10629847  -0.10303716  -0.10003242  -0.06706101   0.04007999   0.04007999   0.04007999   0.04007999   0.04007999   0.04007999   0.00098740   0.00115900   0.00116433   0.00108035   0.00115399   0.00118676
 5.50  4500.  0.0  2.0   0.40363249   0.51932188   0.59586222   0.49642670   0.58878035   0.52070435   0.55234552   0.37216375   0.24399673   0.43321214   0.25868331   0.40911646  -0.22685697  -0.21057736  -0.17106522  -0.24258354  -0.19026555  -0.26883597   0.12899573   0.11198268   0.08520938   0.11925099   0.09079211   0.13215267   0.02960142   0.02960142   0.02960142   0.02960142   0.02960142   0.02960142   0.00145574   0.00179566   0.00194646   0.00172819   0.00191280   0.00186679
 6.00  4500.  0.0  2.0   0.52102890   0.64923770   0.73410454   0.62373563   0.72448807   0.65385205   0.62397405   0.31135732   0.12345217   0.40101708   0.14349649   0.33973351  -0.54187218  -0.35465016  -0.25043053  -0.42960249  -0.27396014  -0.40643819   0.23235489   0.16671959   0.12875622   0.19132344   0.13630596   0.18782200   0.02238379   0.02238379   0.02238379   0.02238379   0.02238379   0.02238379   0.00235159   0.00279310   0.00310704   0.00272477   0.00304438   0.00291869
 0.00  4600.  0.0  2.0  -0.07813198  -0.05877714  -0.03197561  -0.06371209  -0.02148300  -0.05319390   0.95328089   1.23878539   1.47931024   1.17016744   1.43841082   1.17825256  -0.25369869  -0.73420861  -1.16578645  -0.61945795  -1.15713996  -0.68357848   0.19201256   0.31414893   0.44453067   0.27529035   0.45441699   0.30571321   0.50943568   0.50943568   0.50943568   0.50943568   0.50943568   0.50943568   0.00087235   0.00196405   0.00376700   0.00161316   0.00386142   0.00186767
 0.50  4600.  0.0  2.0  -0.00092693   0.04657123   0.10632489   0.03494313   0.11602436   0.04611530   0.88219912   1.00075676   1.08362806   0.98670878   1.04265383   0.96368137  -0.23895088  -0.51638056  -0.74959150  -0.46865893  -0.73473717  -0.48803788   0.18323364   0.23421170   0.28405288   0.21667814   0.28978715   0.23104070   0.40554400   0.40554400   0.40554400   0.40554400   0.40554400   0.40554400   0.00089903   0.00149863   0.00258346   0.00134193   0.00263627   0.00144003
 1.00  4600.  0.0  2.0   0.09558068   0.38453970   0.55078094   0.36695905   0.56000761   0.37148994   0.75811433   0.57312455   0.44060109   0.59044336   0.39903489   0.56720038  -0.17965819  -0.35102587  -0.40721577  -0.33651972  -0.38540248  -0.35068333   0.16855538   0.23998816   0.23682330   0.22954695   0.23795668   0.24396265   0.32590982   0.32256354   0.32256354   0.32256354   0.32256354   0.32256354   0.00125053   0.00862525   0.01425704   0.00816691   0.01454769   0.00819812
 1.50  4600.  0.0  2.0   0.13221485   0.18824413   0.27435272   0.18846446   0.28008914   0.18292637   0.67959276   0.69332411   0.64309276   0.69162877   0.61591244   0.69358866  -0.10685021  -0.24507523  -0.31505037  -0.22460578  -0.30460873  -0.26422843   0.13700253   0.13852260   0.12342421   0.12657752   0.12615026   0.15116633   0.24344511   0.24344511   0.24344511   0.24344511   0.24344511   0.24344511   0.00059409   0.00069112   0.00097012   0.00072191   0.00099507   0.00070040
 2.00  4600.  0.0  2.0   0.23265017   0.60605120   0.80937714   0.30525481   0.81106642   0.58626434   0.48448030  -0.13372750  -0.45433709   0.46092434  -0.46511160  -0.08870960   0.06260615   0.46922124   0.65694683  -0.02711349   0.64973610   0.39844053   0.08032878  -0.09078413  -0.19332167   0.06151267  -0.18499425  -0.05795580   0.20038944   0.19826181   0.19826181   0.20038944   0.19826181   0.19826181   0.00100903   0.00505930   0.00800433   0.00133253   0.00806271   0.00480808
 2.50  4600.  0.0  2.0   0.28516917   0.36101959   0.47492904   0.37121579   0.47531537   0.35222973   0.35059243   0.31722666   0.17245935   0.29649330   0.16757432   0.34923510   0.20690263   0.10496545   0.13897908   0.14004283   0.12631820   0.03710686   0.02435680   0.01534291  -0.03566773  -0.00053823  -0.02611506   0.05030638   0.16285022   0.16285022   0.16285022   0.16285022   0.16285022   0.16285022   0.00071755   0.00074620   0.00092681   0.00081508   0.00093307   0.00078471
 3.00  4600.  0.0  2.0   0.32359831   0.65394343   0.82474417   0.39479568   0.82163951   0.63912532   0.21876695  -0.37704413  -0.66449509   0.21990670  -0.66077304  -0.31722360   0.38287827   0.80390050   0.97835230   0.23288786   0.95885299   0.69528130  -0.05638541  -0.24124418  -0.33732311  -0.04107541  -0.32630853  -0.18740624   0.12117756   0.11982906   0.11982906   0.12117756   0.11982906   0.11982906   0.00082556   0.00206182   0.00299596   0.00091655   0.00295697   0.00201060
 3.50  4600.  0.0  2.0   0.34608117   0.41764522   0.50242297   0.41916730   0.50132143   0.41407468   0.12560401   0.13176449   0.04200595   0.12901287   0.04089585   0.17761287   0.50351207   0.32216290   0.30259090   0.34482917   0.28972266   0.21853435  -0.10697762  -0.07541522  -0.09994637  -0.08716956  -0.09215472  -0.02197968   0.09369603   0.09369603   0.09369603   0.09369603   0.09369603   0.09369603   0.00072017   0.00073743   0.00069456   0.00071812   0.00070248   0.00084069
 4.00  4600.  0.0  2.0   0.46963665   0.56796318   0.66558142   0.56388623   0.66442687   0.56506372  -0.20205680  -0.25719261  -0.38816211  -0.25123129  -0.38957355  -0.20121074   0.85140472   0.72861684   0.76209586   0.75085944   0.75148599   0.61468387  -0.23646481  -0.22606489  -0.27108613  -0.23950644  -0.26494740  -0.17245149   0.06888772   0.06888772   0.06888772   0.06888772   0.06888772   0.06888772   0.00080419   0.00085704   0.00089811   0.00083075   0.00089352   0.00091557
 4.50  4600.  0.0  2.0   0.40474793   0.46628708   0.51563735   0.45847270   0.51474482   0.46379335  -0.08515729  -0.03608179  -0.04553756  -0.02971239  -0.04681993   0.02346222   0.77394449   0.52336918   0.42788024   0.55710109   0.41877721   0.41393266  -0.22628360  -0.15959795  -0.15237366  -0.17995178  -0.14772356  -0.11325938   0.05415974   0.05415974   0.05415974   0.05415974   0.05415974   0.05415974   0.00122328   0.00128201   0.00113953   0.00119998   0.00114183   0.00132012
 5.00  4600.  0.0  2.0   0.46950516   0.54849240   0.60340943   0.53325276   0.60019659   0.54792047  -0.25725230  -0.25603623  -0.29370124  -0.23844835  -0.28484138  -0.20724916   1.00619345   0.79901778   0.74208362   0.83314887   0.72218946   0.71774515  -0.34536559  -0.28794834  -0.29314251  -0.31189582  -0.28517848  -0.25845859   0.03975013   0.03975013   0.03975013   0.03975013   0.03975013   0.03975013   0.00120022   0.00133678   0.00128051   0.00123866   0.00126892   0.00136645
 5.50  4600.  0.0  2.0   0.42174881   0.52140620   0.58307736   0.49950632   0.57931873   0.52290514   0.24269214   0.13199192   0.05225065   0.18297967   0.06160990   0.17130687   0.26535039   0.20042101   0.19244428   0.18606353   0.17511721   0.13606358  -0.07010503  -0.06030893  -0.07612583  -0.06210459  -0.07017045  -0.03790362   0.02954249   0.02954249   0.02954249   0.02954249   0.02954249   0.02954249   0.00105061   0.00134420   0.00153007   0.00126352   0.00152174   0.00139020
 6.00  4600.  0.0  2.0   0.50951309   0.62903721   0.60765456   0.60485341   0.70098888   0.63479972   0.46376019   0.21129018   0.32484307   0.28910959   0.07008521   0.23646284  -0.25447938  -0.13879762  -0.36557216  -0.19631315  -0.08872945  -0.18758029   0.12650074   0.08108281   0.16442185   0.09823297   0.05602918   0.10004988   0.02218867   0.02218867   0.02247435   0.02218867   0.02218867   0.02218867   0.00185975   0.00230229   0.00267862   0.00221805   0.00262465   0.00240406
 0.00  4700.  0.0  2.0  -0.08024274  -0.07995063  -0.07148232  -0.08413956  -0.06076600  -0.07782494   0.77846542   1.06106266   1.29486390   0.99463493   1.23257377   0.99528350   0.03999622  -0.40930551  -0.80466921  -0.29865246  -0.76054126  -0.33866129   0.04699034   0.15205661   0.26291012   0.11536173   0.25850987   0.13221203   0.51089134   0.51089134   0.51089134   0.51089134   0.51089134   0.51089134   0.00026782   0.00052919   0.00102220   0.00039664   0.00103034   0.00044140
 0.50  4700.  0.0  2.0   0.01136285   0.05971194   0.11922926   0.04554269   0.12829050   0.05229134   0.84618113   0.97724963   1.07580079   0.96504164   1.01957956   0.94011923  -0.18927980  -0.49444504  -0.75940825  -0.44301557  -0.71583205  -0.45086850   0.15321832   0.22069847   0.28521591   0.19874069   0.27874186   0.20772746   0.40510943   0.40510943   0.40510943   0.40510943   0.40510943   0.40510943   0.00102794   0.00171609   0.00288663   0.00148935   0.00291429   0.00152113
 1.00  4700.  0.0  2.0   0.10769262   0.40196323   0.56900020   0.37920276   0.57225406   0.37809622   0.71885238   0.54196130   0.41538308   0.56312703   0.37180314   0.53914456  -0.12790321  -0.32594149  -0.40043735  -0.30914747  -0.36393179  -0.30902813   0.13892965   0.22637021   0.23374071   0.21331137   0.22730564   0.21939884   0.32540039   0.32197420   0.32197420   0.32197420   0.32197420   0.32197420   0.00136696   0.00938301   0.01540634   0.00866795   0.01534206   0.00845250
 1.50  4700.  0.0  2.0   0.15619749   0.21108971   0.29963285   0.20950343   0.30218813   0.19879648   0.63123623   0.66036565   0.60746298   0.65885522   0.58016028   0.66612725  -0.05826974  -0.22379272  -0.29991446  -0.20112314  -0.28226925  -0.23593738   0.11138957   0.12763647   0.11729655   0.11371543   0.11652401   0.13454974   0.24303554   0.24303554   0.24303554   0.24303554   0.24303554   0.24303554   0.00073548   0.00086269   0.00120561   0.00087571   0.00120713   0.00081406
 2.00  4700.  0.0  2.0   0.24578618   0.41437820   0.55161422   0.30710648   0.55113923   0.39648626   0.46716613   0.25924732   0.08031397   0.47174406   0.06634786   0.28866643   0.07444158   0.12017835   0.17182114  -0.04779701   0.17415823   0.07743714   0.06903634   0.01662295  -0.03806510   0.06497807  -0.03385145   0.03603184   0.19987002   0.19878002   0.19878002   0.19987002   0.19878002   0.19878002   0.00112762   0.00175434   0.00245918   0.00140361   0.00246396   0.00167126
 2.50  4700.  0.0  2.0   0.42198431   0.51766033   0.66899506   0.52762622   0.66860452   0.49774261   0.06167947  -0.01779979  -0.24825923  -0.03878316  -0.25644164   0.02762760   0.47165122   0.41120657   0.52281242   0.44835262   0.51692695   0.34202951  -0.07259645  -0.09235850  -0.16869208  -0.11046679  -0.16176101  -0.06032854   0.16159260   0.16159260   0.16159260   0.16159260   0.16159260   0.16159260   0.00186059   0.00230553   0.00338576   0.00244278   0.00338358   0.00217148
 3.00  4700.  0.0  2.0   0.33423033   0.65501331   0.82150457   0.39521876   0.81864636   0.63425172   0.20770168  -0.36539091  -0.64268657   0.22964655  -0.64241314  -0.30353479   0.39297432   0.78534435   0.94244174   0.21861587   0.92846381   0.68509844  -0.06998066  -0.23918502  -0.32649233  -0.04184532  -0.31744136  -0.19042587   0.12086790   0.11950941   0.11950941   0.12086790   0.11950941   0.11950941   0.00088621   0.00210210   0.00301190   0.00094581   0.00298488   0.00201016
 3.50  4700.  0.0  2.0   0.42865484   0.50303098   0.60634769   0.51069140   0.60432213   0.49651589  -0.04821371  -0.05167253  -0.18773896  -0.07162725  -0.18867738  -0.01557739   0.67776087   0.50024883   0.52080708   0.54011165   0.50945404   0.41829020  -0.18167877  -0.14557913  -0.18209259  -0.16353317  -0.17480606  -0.10125954   0.09308480   0.09308480   0.09308480   0.09308480   0.09308480   0.09308480   0.00087525   0.00090004   0.00098333   0.00092169   0.00097862   0.00098877
 4.00  4700.  0.0  2.0   0.47516527   0.56338671   0.66083965   0.56288953   0.65972044   0.56057173  -0.20235371  -0.23765538  -0.36943881  -0.23983605  -0.37277051  -0.19536062   0.86199076   0.71392103   0.73952576   0.74031307   0.73234701   0.61708439  -0.25551834  -0.23034729  -0.26884045  -0.24372092  -0.26390383  -0.18021254   0.06881380   0.06881380   0.06881380   0.06881380   0.06881380   0.06881380   0.00077806   0.00082205   0.00089933   0.00081190   0.00089452   0.00089255
 4.50  4700.  0.0  2.0   0.41184569   0.46951925   0.52025800   0.46391401   0.51973843   0.46690129  -0.08878198  -0.03518818  -0.04570189  -0.03017316  -0.05010744   0.01757924   0.79254174   0.53127314   0.42406492   0.56057208   0.41969731   0.42404727  -0.25076675  -0.17424852  -0.15739677  -0.19175521  -0.15445707  -0.12359050   0.05424864   0.05424864   0.05424864   0.05424864   0.05424864   0.05424864   0.00118560   0.00123792   0.00112953   0.00116699   0.00113140   0.00130091
 5.00  4700.  0.0  2.0   0.50239242   0.57485989   0.62765412   0.56320980   0.62620933   0.57353288  -0.33730446  -0.31964811  -0.34060587  -0.30832672  -0.33923791  -0.26674141   1.08238104   0.85287572   0.76259933   0.88934460   0.75190393   0.75580271  -0.37350411  -0.30411087  -0.29283980  -0.32822164  -0.28808420  -0.26337910   0.03981905   0.03981905   0.03981905   0.03981905   0.03981905   0.03981905   0.00136611   0.00145615   0.00136780   0.00136075   0.00136226   0.00149219
 5.50  4700.  0.0  2.0   0.45876684   0.55114270   0.60886865   0.53008060   0.60680167   0.55227873  -0.04925011  -0.11637810  -0.17070958  -0.07235611  -0.16348313  -0.07445518   0.72259735   0.59714541   0.55427657   0.59620112   0.53585361   0.52483326  -0.26445336  -0.23001617  -0.23442399  -0.23994498  -0.22679765  -0.20309081   0.02950952   0.02950952   0.02950952   0.02950952   0.02950952   0.02950952   0.00100135   0.00127805   0.00146269   0.00118578   0.00146150   0.00132145
 6.00  4700.  0.0  2.0   0.41173169   0.58240488   0.55644723   0.48395749   0.64913938   0.51024551   0.52678588   0.17620888   0.32429979   0.44840888   0.07430782   0.41441196  -0.18373022   0.02848380  -0.24043675  -0.23902268   0.02785847  -0.25849400   0.09205400   0.00492756   0.09887114   0.10199479  -0.00537834   0.11604513   0.02241841   0.02213373   0.02241841   0.02241841   0.02213373   0.02241841   0.00156887   0.00183262   0.00205070   0.00185324   0.00222364   0.00205080
 0.00  4800.  0.0  2.0  -0.07297300  -0.07456263  -0.06599122  -0.08125113  -0.05370589  -0.07518795   0.76982935   1.08798138   1.34171510   1.01879342   1.25653904   1.01361363   0.05913649  -0.45706396  -0.89228831  -0.33357127  -0.80942405  -0.36439496   0.02647501   0.16677087   0.29674582   0.12133605   0.27567804   0.13514207   0.51071651   0.51071651   0.51071651   0.51071651   0.51071651   0.51071651   0.00035080   0.00067730   0.00126435   0.00049027   0.00125131   0.00052547
 0.50  4800.  0.0  2.0   0.08124615   0.16874754   0.27046144   0.14788702   0.27510830   0.15083731   0.87672573   0.99810751   1.08344374   0.98897390   1.01675844   0.95430944  -0.33737294  -0.69864205  -1.01980606  -0.63691099  -0.94675156  -0.62204331   0.22817547   0.33657608   0.43801659   0.30439793   0.41672358   0.30336371   0.40312393   0.40312393   0.40312393   0.40312393   0.40312393   0.40312393   0.00329243   0.00613149   0.01052976   0.00531587   0.01033924   0.00520601
 1.00  4800.  0.0  2.0   0.04529960   0.08085265   0.62020526   0.07133731   0.61403287   0.40665990   0.73534409   0.83536164   0.34353826   0.83838760   0.31018932   0.49216374  -0.04982674  -0.30223489  -0.36978826  -0.27577307  -0.33039626  -0.26970753   0.07853035   0.12974615   0.22794849   0.11379660   0.21745028   0.20113243   0.32729134   0.32729134   0.32207409   0.32729134   0.32207409   0.32207409   0.00046786   0.00060768   0.01838139   0.00056523   0.01783209   0.00972357
 1.50  4800.  0.0  2.0   0.29538142   0.39218342   0.52956486   0.38309766   0.52451587   0.36042575   0.39265816   0.34584081   0.20234646   0.36061551   0.18415186   0.38647094   0.12361191   0.01092894  -0.00027250   0.01860980   0.01651463  -0.02375835   0.05336891   0.05908037   0.03279689   0.04964552   0.03084298   0.07048894   0.24170349   0.24170349   0.24170349   0.24170349   0.24170349   0.24170349   0.00244434   0.00346069   0.00533678   0.00336968   0.00521367   0.00303533
 2.00  4800.  0.0  2.0   0.14384910   0.17518955   0.56700438   0.17755149   0.56511988   0.40343290   0.64453710   0.72285136   0.04604221   0.71837700   0.03192722   0.26425498  -0.05376586  -0.27507439   0.19645454  -0.25371517   0.20301578   0.10975532   0.09449111   0.13583487  -0.04933318   0.12198533  -0.04722968   0.01696801   0.20116234   0.20116234   0.19893982   0.20116234   0.19893982   0.19893982   0.00046485   0.00046589   0.00269476   0.00047482   0.00268065   0.00175565
 2.50  4800.  0.0  2.0   0.32431500   0.38044111   0.48220027   0.38747256   0.48149143   0.36186131   0.24214667   0.26939264   0.16223006   0.25363979   0.15151561   0.30916416   0.35269626   0.16223314   0.13196934   0.19519731   0.13253488   0.10230455  -0.06065464  -0.02156995  -0.03891665  -0.03926493  -0.03498538   0.00662149   0.16257050   0.16257050   0.16257050   0.16257050   0.16257050   0.16257050   0.00089162   0.00087385   0.00101251   0.00091938   0.00101229   0.00086678
 3.00  4800.  0.0  2.0   0.34574084   0.66376179   0.82556227   0.39767441   0.82291085   0.63832582   0.18590182  -0.37824544  -0.64258014   0.22999138  -0.64625469  -0.31508156   0.41860507   0.79345500   0.92808982   0.21510380   0.92128833   0.70240633  -0.09001377  -0.24686708  -0.32275326  -0.04669988  -0.31669252  -0.20441137   0.12131740   0.11993893   0.11993893   0.12131740   0.11993893   0.11993893   0.00094125   0.00220338   0.00310478   0.00097609   0.00307745   0.00207157
 3.50  4800.  0.0  2.0   0.43505421   0.49847057   0.59728240   0.50752913   0.59564220   0.48765218  -0.04993605  -0.02800888  -0.15308585  -0.05288663  -0.15733316   0.00694508   0.68135609   0.47100832   0.47245334   0.51647934   0.46638337   0.39989146  -0.19427782  -0.14015545  -0.16684255  -0.16092283  -0.16155020  -0.10148774   0.09344241   0.09344241   0.09344241   0.09344241   0.09344241   0.09344241   0.00091205   0.00091747   0.00099228   0.00094132   0.00098927   0.00098651
 4.00  4800.  0.0  2.0   0.48121465   0.55947644   0.65696683   0.56208944   0.65602584   0.55557537  -0.20107829  -0.21393882  -0.34865884  -0.22440113  -0.35440469  -0.18439379   0.86378900   0.68616649   0.70864684   0.72029697   0.70552329   0.61120439  -0.26839349  -0.22655680  -0.26137956  -0.24317657  -0.25797605  -0.18464823   0.06923533   0.06923533   0.06923533   0.06923533   0.06923533   0.06923533   0.00079141   0.00082489   0.00091775   0.00082405   0.00091199   0.00090070
 4.50  4800.  0.0  2.0   0.43282229   0.48507667   0.53880968   0.48218180   0.53825872   0.48371388  -0.12382939  -0.05902591  -0.07817332  -0.05892499  -0.08423804  -0.02099252   0.83837375   0.55855994   0.45103009   0.58931469   0.44957441   0.46782390  -0.28286957  -0.19373074  -0.17267734  -0.21104221  -0.17074233  -0.14616211   0.05420505   0.05420505   0.05420505   0.05420505   0.05420505   0.05420505   0.00112084   0.00114546   0.00106299   0.00108978   0.00106212   0.00123606
 5.00  4800.  0.0  2.0   0.48670608   0.55258160   0.60420507   0.54371709   0.60364195   0.55130030  -0.28013396  -0.25029246  -0.26651977  -0.24167505  -0.26990061  -0.20272897   1.01658446   0.77301452   0.66914082   0.80622171   0.66489608   0.67705444  -0.35405264  -0.27712907  -0.25795540  -0.29867902  -0.25551438  -0.23269417   0.04029225   0.04029225   0.04029225   0.04029225   0.04029225   0.04029225   0.00133807   0.00141570   0.00136662   0.00133633   0.00136328   0.00147267
 5.50  4800.  0.0  2.0   0.50239207   0.58528195   0.63572292   0.56560484   0.63420777   0.58601697  -0.35115906  -0.38611929  -0.41514547  -0.35098490  -0.41019306  -0.34304307   1.17004038   1.00018981   0.92150837   1.01534626   0.90568691   0.91949416  -0.45690605  -0.40218259  -0.39167453  -0.42099437  -0.38467313  -0.36875881   0.02988290   0.02988290   0.02988290   0.02988290   0.02988290   0.02988290   0.00106562   0.00131959   0.00150256   0.00122775   0.00150202   0.00136771
 6.00  4800.  0.0  2.0   0.38312076   0.53862188   0.49403140   0.43777040   0.49205367   0.46300887   0.32649407   0.03562605   0.24442876   0.30991053   0.25189895   0.28320108   0.21499934   0.35666310   0.02219836   0.09288073   0.00368855   0.05696313  -0.08477734  -0.14757325  -0.03327654  -0.05434798  -0.02531805  -0.03110273   0.02271592   0.02243024   0.02271592   0.02271592   0.02271592   0.02271592   0.00103503   0.00146048   0.00144011   0.00123234   0.00143728   0.00138911
 0.00  4900.  0.0  2.0  -0.05734110  -0.04019953  -0.01216672  -0.05349743  -0.00172187  -0.04695698   0.93947605   1.33142859   1.64229399   1.24441615   1.53284072   1.23872582  -0.21616630  -0.90237718  -1.47326834  -0.73204771  -1.34262674  -0.76390721   0.13956290   0.37016107   0.56858985   0.29807810   0.52485408   0.31340740   0.50902613   0.50902613   0.50902613   0.50902613   0.50902613   0.50902613   0.00141254   0.00318107   0.00587906   0.00235065   0.00557662   0.00246082
 0.50  4900.  0.0  2.0   0.04183784   0.09591856   0.16143399   0.07365041   0.16051995   0.07306086   0.77455505   0.93491957   1.04499744   0.92627314   0.98194712   0.91359101  -0.09727382  -0.48032692  -0.78829556  -0.41682007  -0.70988495  -0.42651449   0.09671451   0.20945323   0.29945081   0.17802683   0.27415713   0.18376560   0.40566377   0.40566377   0.40566377   0.40566377   0.40566377   0.40566377   0.00140002   0.00234651   0.00385465   0.00192811   0.00362714   0.00183090
 1.00  4900.  0.0  2.0   0.15436996   0.23095280   0.33332970   0.21106166   0.32568346   0.19471087   0.62900007   0.67338691   0.65674128   0.69433330   0.62687989   0.70390348  -0.03413775  -0.26862491  -0.43659391  -0.25496677  -0.39699954  -0.27882090   0.08777163   0.14482925   0.18155987   0.13188540   0.17027298   0.14456914   0.32557020   0.32557020   0.32557020   0.32557020   0.32557020   0.32557020   0.00202863   0.00316549   0.00510346   0.00284924   0.00484317   0.00254858
 1.50  4900.  0.0  2.0   0.18140322   0.24061671   0.33165543   0.23128435   0.32403880   0.20898125   0.55982949   0.59132218   0.54080010   0.60712550   0.52621405   0.63687975   0.03425175  -0.15647849  -0.25519374  -0.14982908  -0.23806862  -0.19733673   0.05697634   0.09322542   0.09751806   0.08371084   0.09482455   0.10692736   0.24397446   0.24397446   0.24397446   0.24397446   0.24397446   0.24397446   0.00088745   0.00104918   0.00145009   0.00102057   0.00138945   0.00088619
 2.00  4900.  0.0  2.0   0.14236983   0.17513900   0.84794361   0.17287464   0.83698447   0.60130322   0.62517933   0.69895233  -0.53503340   0.70856791  -0.53357267  -0.14472001  -0.01497336  -0.23786475   0.70542261  -0.23295543   0.70192322   0.47425968   0.06821291   0.11445607  -0.21644667   0.10656014  -0.21170417  -0.10669505   0.20257077   0.20257077   0.19920077   0.20257077   0.19920077   0.19920077   0.00044909   0.00045306   0.00943049   0.00045408   0.00917697   0.00530036
 2.50  4900.  0.0  2.0   0.47457649   0.56592474   0.71180558   0.57168107   0.70758620   0.52987895  -0.08022630  -0.12842473  -0.33146456  -0.13750727  -0.33667320  -0.05264709   0.66021117   0.53073018   0.58037080   0.55320434   0.57879797   0.44137164  -0.17619443  -0.15158663  -0.19236539  -0.16515746  -0.18813415  -0.11485669   0.16293111   0.16293111   0.16293111   0.16293111   0.16293111   0.16293111   0.00229059   0.00278937   0.00391481   0.00288042   0.00386665   0.00249276
 3.00  4900.  0.0  2.0   0.35020447   0.67136878   0.82936516   0.39715298   0.82539058   0.63971249   0.17662802  -0.39452671  -0.64703925   0.23563726  -0.64964244  -0.32220567   0.43608678   0.80975269   0.92120821   0.20647724   0.91563172   0.71623893  -0.10817068  -0.25858492  -0.32207250  -0.04930612  -0.31663169  -0.21721292   0.12231629   0.12092783   0.12092783   0.12231629   0.12092783   0.12092783   0.00097373   0.00230916   0.00321929   0.00099887   0.00318324   0.00211540
 3.50  4900.  0.0  2.0   0.36468405   0.41018929   0.48662629   0.41557008   0.48583850   0.40054244   0.12205985   0.18642433   0.11676369   0.17105824   0.10792553   0.21029074   0.51282796   0.25217525   0.18831769   0.28787866   0.18932847   0.20174844  -0.14427710  -0.06592973  -0.06562650  -0.08414017  -0.06321526  -0.03759507   0.09486122   0.09486122   0.09486122   0.09486122   0.09486122   0.09486122   0.00082287   0.00080909   0.00076163   0.00079246   0.00076486   0.00089358
 4.00  4900.  0.0  2.0   0.48184405   0.55144950   0.64460609   0.55429558   0.64353291   0.54515025  -0.20355342  -0.19930570  -0.32734674  -0.21067559  -0.33408956  -0.17598551   0.87800412   0.67592706   0.68699056   0.71061927   0.68599244   0.61640402  -0.28746309  -0.23035201  -0.25898613  -0.24755686  -0.25627168  -0.19538137   0.07001946   0.07001946   0.07001946   0.07001946   0.07001946   0.07001946   0.00076172   0.00080383   0.00092187   0.00080543   0.00091446   0.00086245
 4.50  4900.  0.0  2.0   0.43448003   0.48104537   0.53539583   0.47969613   0.53482694   0.57853705  -0.11465600  -0.03747754  -0.06130038  -0.04168378  -0.06808765  -0.26817485   0.84319581   0.54058566   0.43081801   0.57463790   0.43109954   0.74369390  -0.30200860  -0.19694785  -0.17164009  -0.21529287  -0.17033008  -0.25989269   0.05470250   0.05470250   0.05470250   0.05470250   0.05470250   0.05437500   0.00110312   0.00113255   0.00107305   0.00108496   0.00106889   0.00100095
 5.00  4900.  0.0  2.0   0.48763112   0.54909301   0.60274643   0.54150233   0.60233335   0.54842991  -0.27012702  -0.23144160  -0.25334528  -0.22229544  -0.25888645  -0.19376648   1.02109602   0.76123802   0.65299738   0.78880056   0.65212959   0.67369161  -0.37258320  -0.28402721  -0.25868880  -0.30244305  -0.25739575  -0.23907825   0.04062888   0.04062888   0.04062888   0.04062888   0.04062888   0.04062888   0.00130484   0.00138472   0.00137142   0.00131373   0.00136675   0.00146154
 5.50  4900.  0.0  2.0   0.56908415   0.64675331   0.70155904   0.63253478   0.70052475   0.64758315  -0.50929502  -0.52329529  -0.55243887  -0.50279748  -0.55184380  -0.48150650   1.32143086   1.11994985   1.02313279   1.14860717   1.01404460   1.03308358  -0.50970439  -0.43913188  -0.41637848  -0.46274635  -0.41208058  -0.39911980   0.02985714   0.02985714   0.02985714   0.02985714   0.02985714   0.02985714   0.00143578   0.00162244   0.00170934   0.00152666   0.00170487   0.00168376
 6.00  4900.  0.0  2.0   0.44924037   0.52529568   0.56650233   0.50454949   0.56540506   0.52913507   0.03660345  -0.01249264  -0.02080542   0.03857611  -0.01566594   0.01905709   0.62863580   0.48679692   0.37958391   0.47609125   0.36291444   0.42371879  -0.25780968  -0.20799396  -0.18102573  -0.21589536  -0.17328308  -0.18246173   0.02264250   0.02264250   0.02264250   0.02264250   0.02264250   0.02264250   0.00134193   0.00166771   0.00172699   0.00152805   0.00172327   0.00173159
 0.00  5100.  0.0  2.0   0.00384131   0.02888515   0.06923750   0.00834962   0.07760384   0.00486436   0.87602837   1.29173900   1.67260560   1.22993122   1.53187228   1.29538347  -0.24115222  -0.97286657  -1.67167850  -0.83256657  -1.48413477  -0.95063539   0.16508076   0.41299019   0.66576927   0.35117916   0.59556176   0.39825982   0.52011380   0.52011380   0.52011380   0.52011380   0.52011380   0.52011380   0.00284654   0.00544817   0.01021665   0.00428756   0.00933437   0.00457316
 0.50  5100.  0.0  2.0   0.13561613   0.24923448   0.38420599   0.20734760   0.36684781   0.20698713   0.70928659   0.81766955   0.84865582   0.83991162   0.79562805   0.86531434  -0.16055669  -0.55719731  -0.84355219  -0.51889317  -0.75479342  -0.58260337   0.14626389   0.27558842   0.36739153   0.25428982   0.33440697   0.27991109   0.42539916   0.42539916   0.42539916   0.42539916   0.42539916   0.42539916   0.00380656   0.00757897   0.01361923   0.00610697   0.01220335   0.00623885
 1.00  5100.  0.0  2.0   0.28277171   0.43848129   0.61477566   0.40201217   0.59215673   0.38519413   0.47294061   0.36205781   0.22096792   0.41456267   0.20809828   0.44325695  -0.00655160  -0.11483158  -0.18969933  -0.13076620  -0.15532672  -0.17747678   0.11087142   0.12827868   0.13357500   0.12692906   0.12176504   0.14537728   0.34428938   0.34428938   0.34428938   0.34428938   0.34428938   0.34428938   0.00506877   0.00880407   0.01453928   0.00776019   0.01339424   0.00727630
 1.50  5100.  0.0  2.0   0.10269428   0.39759840   0.52358988   0.37768241   0.50205073   0.35466149   0.58323536   0.21819415   0.10286792   0.25399331   0.11539406   0.29742213   0.13543910   0.20041814   0.13830924   0.18855351   0.13086774   0.12534205  -0.02978008  -0.03983038  -0.03938278  -0.04208066  -0.03339631  -0.01444000   0.26466146   0.26196444   0.26196444   0.26196444   0.26196444   0.26196444   0.00042897   0.00220382   0.00308290   0.00206145   0.00283752   0.00185097
 2.00  5100.  0.0  2.0   0.36943644   0.45719878   0.57777848   0.44546752   0.55880879   0.41005838   0.11119491   0.06588743  -0.05982663   0.09836489  -0.04163840   0.16833317   0.49233230   0.35131114   0.30906563   0.33061043   0.28927199   0.24331691  -0.12688854  -0.09151335  -0.09960460  -0.08934915  -0.08855701  -0.05294408   0.21582228   0.21582228   0.21582228   0.21582228   0.21582228   0.21582228   0.00199889   0.00256616   0.00362558   0.00248763   0.00339786   0.00217525
 2.50  5100.  0.0  2.0   0.27608647   0.45084161   0.55780151   0.44719200   0.54788372   0.41350308   0.29256930   0.05286930  -0.06558919   0.06941280  -0.06083097   0.13965243   0.35043784   0.39056717   0.34857310   0.38126731   0.33758265   0.28953977  -0.09343659  -0.11772937  -0.12387667  -0.11819893  -0.11570390  -0.07851899   0.17718526   0.17628026   0.17628026   0.17628026   0.17628026   0.17628026   0.00090383   0.00105017   0.00124469   0.00105837   0.00119673   0.00093531
 3.00  5100.  0.0  2.0   0.36783327   0.41680978   0.88688591   0.41860124   0.87743073   0.68405866   0.10729679   0.14635808  -0.82894740   0.14740719  -0.82156171  -0.46532457   0.52010371   0.28648955   1.09856414   0.29420758   1.08364411   0.86906637  -0.15427728  -0.08042007  -0.38984743  -0.08645747  -0.38085030  -0.28267652   0.13132627   0.13132627   0.12997777   0.13132627   0.12997777   0.12997777   0.00092609   0.00096817   0.00389831   0.00097763   0.00377686   0.00241939
 3.50  5100.  0.0  2.0   0.37153772   0.41850316   0.48851650   0.41938466   0.48567934   0.40223374   0.06928534   0.11676502   0.05520947   0.11708159   0.05122764   0.15443810   0.59320513   0.33875517   0.25521684   0.35000292   0.24955878   0.28057313  -0.19544996  -0.10909231  -0.09714086  -0.11579195  -0.09154878  -0.08156895   0.10170363   0.10170363   0.10170363   0.10170363   0.10170363   0.10170363   0.00070408   0.00072216   0.00071955   0.00070805   0.00072051   0.00075183
 4.00  5100.  0.0  2.0   0.34352151   0.51349706   0.58929785   0.51349648   0.58665778   0.50238558   0.12544359  -0.11467191  -0.19540376  -0.11728842  -0.19792252  -0.08522122   0.60055581   0.61062249   0.53980460   0.63249155   0.53339009   0.55206448  -0.23594442  -0.23178098  -0.21490041  -0.24388508  -0.21008686  -0.19980287   0.07628206   0.07549643   0.07549643   0.07549643   0.07549643   0.07549643   0.00112927   0.00089941   0.00095010   0.00087852   0.00094882   0.00094319
 4.50  5100.  0.0  2.0   0.42200475   0.46106150   0.51134094   0.46037536   0.50957203   0.57996378  -0.08548981   0.00215676  -0.01739877  -0.00173381  -0.01999369  -0.28920355   0.84662161   0.50769510   0.37578193   0.53715237   0.37018492   0.78048713  -0.33892157  -0.20197974  -0.16021907  -0.21805158  -0.15661605  -0.29273324   0.05927906   0.05927906   0.05927906   0.05927906   0.05927906   0.05865925   0.00113093   0.00119944   0.00117457   0.00116409   0.00118046   0.00104180
 5.00  5100.  0.0  2.0   0.49322485   0.54577697   0.60093174   0.54056742   0.59973620   0.54137147  -0.27475979  -0.22091261  -0.25245511  -0.21329037  -0.25391859  -0.18382744   1.05712322   0.75648902   0.63998068   0.77972931   0.63351909   0.67147258  -0.42191851  -0.30066978  -0.26360879  -0.31646982  -0.26043941  -0.25541778   0.04393522   0.04393522   0.04393522   0.04393522   0.04393522   0.04393522   0.00126896   0.00137255   0.00143530   0.00132361   0.00143705   0.00143766
 5.50  5100.  0.0  2.0   0.47797315   0.61650411   0.66649997   0.60460983   0.66619519   0.61657535  -0.28011931  -0.46021071  -0.47930245  -0.43699805  -0.47939929  -0.42513722   1.08614185   1.04856399   0.92621506   1.06530415   0.91777258   0.96695669  -0.43793026  -0.41957722  -0.38174658  -0.43699647  -0.37839064  -0.37921632   0.03312131   0.03259409   0.03259409   0.03259409   0.03259409   0.03259409   0.00158554   0.00145637   0.00170839   0.00139122   0.00171117   0.00150792
 6.00  5100.  0.0  2.0   0.53000179   0.58912960   0.62505673   0.57365176   0.62328533   0.59326399  -0.38952981  -0.38551691  -0.37584086  -0.35503654  -0.36676532  -0.35762582   1.22081308   1.00053977   0.85668274   1.02006937   0.83534050   0.93415625  -0.51237469  -0.42379573  -0.37783564  -0.44696763  -0.36903329  -0.39365458   0.02445115   0.02445115   0.02445115   0.02445115   0.02445115   0.02445115   0.00157854   0.00183071   0.00185635   0.00170451   0.00185977   0.00191818
 0.00  5200.  0.0  2.0   0.02818166   0.06384336   0.12791002   0.04192288   0.12742772   0.04342187   0.82229591   1.23022783   1.57632634   1.18030940   1.46473762   1.23631887  -0.18363182  -0.93044266  -1.61015445  -0.80323047  -1.46006412  -0.91429256   0.13445545   0.39696528   0.64465273   0.33850045   0.59185784   0.38469783   0.52217151   0.52217151   0.52217151   0.52217151   0.52217151   0.52217151   0.00314821   0.00625780   0.01232957   0.00504815   0.01109069   0.00552906
 0.50  5200.  0.0  2.0   0.18113120   0.28561259   0.42214056   0.24745359   0.40337186   0.25083680   0.56746708   0.71495570   0.78943565   0.73377286   0.73257263   0.76452794   0.03675120  -0.43163516  -0.81187151  -0.39004045  -0.71168210  -0.47335829   0.04178990   0.21305718   0.35733966   0.18911362   0.31751104   0.22788371   0.42766663   0.42766663   0.42766663   0.42766663   0.42766663   0.42766663   0.00446944   0.00813430   0.01469997   0.00679691   0.01313490   0.00711027
 1.00  5200.  0.0  2.0   0.19538507   0.27057954   0.37843300   0.24698725   0.36003314   0.23358392   0.46119354   0.52884101   0.51886981   0.56004336   0.50898851   0.58630078   0.19429080  -0.11037754  -0.30936783  -0.10913438  -0.28628960  -0.16154334  -0.02985338   0.07238052   0.12474166   0.06494514   0.11920237   0.08959003   0.34771858   0.34771858   0.34771858   0.34771858   0.34771858   0.34771858   0.00193976   0.00254952   0.00385167   0.00228453   0.00346760   0.00209935
 1.50  5200.  0.0  2.0   0.23143881   0.41554285   0.54546253   0.39564317   0.52325399   0.37147240   0.36126915   0.17634405   0.06055822   0.21708439   0.07368573   0.26256155   0.29716504   0.23513186   0.16604350   0.21534586   0.15961845   0.15153153  -0.07357184  -0.05049814  -0.04797778  -0.05023395  -0.04244637  -0.02265032   0.26286994   0.26151994   0.26151994   0.26151994   0.26151994   0.26151994   0.00134865   0.00232715   0.00324973   0.00218424   0.00297731   0.00195275
 2.00  5200.  0.0  2.0   0.38570602   0.47819660   0.60367401   0.46581749   0.58414363   0.42947013   0.07081620   0.01237959  -0.11757170   0.05028516  -0.09993699   0.12045857   0.54259473   0.40812075   0.35743087   0.37762839   0.34034425   0.29409980  -0.15511647  -0.11667259  -0.11852104  -0.11023586  -0.10859369  -0.07646654   0.21652150   0.21652150   0.21652150   0.21652150   0.21652150   0.21652150   0.00213666   0.00275231   0.00391687   0.00266848   0.00365667   0.00232519
 2.50  5200.  0.0  2.0   0.18091763   0.46357741   0.57222142   0.45736532   0.55961298   0.42456438   0.48422003   0.01808561  -0.10174173   0.04339156  -0.09266393   0.11038061   0.18420243   0.42474511   0.37799279   0.40391908   0.36462131   0.31970393  -0.04580692  -0.13244697  -0.13555736  -0.12820394  -0.12655640  -0.09306214   0.17828303   0.17648503   0.17648503   0.17648503   0.17648503   0.17648503   0.00057150   0.00109689   0.00130943   0.00109857   0.00124488   0.00097149
 3.00  5200.  0.0  2.0   0.28018826   0.31297527   0.67074943   0.31188696   0.66225138   0.52003760   0.29201673   0.36906963  -0.34644233   0.37984402  -0.34134750  -0.10495463   0.35947708   0.07708874   0.62814098   0.07070114   0.61499483   0.52843236  -0.11092493  -0.01201881  -0.22732357  -0.01171848  -0.21805833  -0.16975378   0.13241930   0.13241930   0.13107580   0.13241930   0.13107580   0.13107580   0.00073693   0.00070595   0.00114346   0.00070182   0.00110805   0.00088199
 3.50  5200.  0.0  2.0   0.45714155   0.51786672   0.60351470   0.51803872   0.59718834   0.49132197  -0.13133520  -0.12361537  -0.22427339  -0.12024662  -0.22049762  -0.06058064   0.79754360   0.58015777   0.53118663   0.58609228   0.51801737   0.49851128  -0.27715005  -0.19976081  -0.19880895  -0.20419073  -0.19006948  -0.16505041   0.10155938   0.10155938   0.10155938   0.10155938   0.10155938   0.10155938   0.00088299   0.00093177   0.00105213   0.00093404   0.00103144   0.00090142
 4.00  5200.  0.0  2.0   0.37239141   0.58333092   0.66618337   0.58436407   0.66254597   0.56604514   0.06610078  -0.28530510  -0.38381900  -0.29131398  -0.38541471  -0.24330972   0.66752583   0.78928766   0.72750947   0.81411417   0.72195352   0.72302484  -0.27318670  -0.30458237  -0.28693990  -0.31756597  -0.28276777  -0.27163663   0.07615164   0.07536452   0.07536452   0.07536452   0.07536452   0.07536452   0.00108069   0.00093733   0.00105227   0.00092949   0.00104226   0.00094185
 4.50  5200.  0.0  2.0   0.42288290   0.46224695   0.51028004   0.46117074   0.50862476   0.58332538  -0.07766779   0.00232406  -0.01345379  -0.00167912  -0.01760438  -0.30249634   0.84634402   0.50785033   0.36499636   0.53808714   0.36228519   0.80386451  -0.35248797  -0.20838195  -0.15937876  -0.22532329  -0.15700312  -0.31051935   0.05943888   0.05943888   0.05943888   0.05943888   0.05943888   0.05881808   0.00113111   0.00121800   0.00119266   0.00118123   0.00119798   0.00106651
 5.00  5200.  0.0  2.0   0.49493419   0.54460284   0.59909641   0.54075849   0.59852942   0.54271676  -0.26610431  -0.20819299  -0.24236913  -0.20583803  -0.24677528  -0.18925795   1.05670677   0.74023609   0.62152547   0.77007866   0.61929497   0.68460673  -0.43642945  -0.30066460  -0.26009657  -0.31964935  -0.25863692  -0.26891307   0.04406407   0.04406407   0.04406407   0.04406407   0.04406407   0.04406407   0.00126882   0.00137952   0.00145395   0.00133827   0.00145811   0.00145379
 5.50  5200.  0.0  2.0   0.47547872   0.61153676   0.66268548   0.60094072   0.66251230   0.61249870  -0.26136726  -0.43715568  -0.46351208  -0.41606430  -0.46481447  -0.41279066   1.07692269   1.02394474   0.90339233   1.04085110   0.89640129   0.95658500  -0.44941342  -0.41776295  -0.37743812  -0.43509702  -0.37437422  -0.38206501   0.03319473   0.03266501   0.03266501   0.03266501   0.03266501   0.03266501   0.00154516   0.00144546   0.00173173   0.00138932   0.00173315   0.00149427
 6.00  5200.  0.0  2.0   0.53435167   0.59320879   0.63179755   0.57859614   0.63058813   0.59767681  -0.38562466  -0.38260606  -0.37842290  -0.35012063  -0.37235271  -0.35879443   1.22339175   0.99635102   0.84729596   1.00931689   0.82966032   0.93086386  -0.52458271  -0.42804829  -0.37572357  -0.44828676  -0.36814849  -0.39560179   0.02460533   0.02460533   0.02460533   0.02460533   0.02460533   0.02460533   0.00166553   0.00191765   0.00194023   0.00179514   0.00194678   0.00201746
 0.50  5300.  0.0  2.0   0.21055884   0.32199768   0.47094284   0.28528133   0.45709535   0.29241339   0.48800930   0.61727475   0.68430128   0.64326717   0.60968683   0.66794182   0.12620156  -0.32927617  -0.72179150  -0.29894692  -0.59600797  -0.37925548  -0.00031852   0.16991634   0.32268099   0.14950344   0.27137453   0.18928587   0.42926486   0.42926486   0.42926486   0.42926486   0.42926486   0.42926486   0.00483380   0.00870364   0.01588766   0.00745477   0.01443462   0.00790412
 1.00  5300.  0.0  2.0   0.14729121   0.30012561   0.41740228   0.27935674   0.40023767   0.26507128   0.47080483   0.45176045   0.42882640   0.47530811   0.41372774   0.50800140   0.25759532  -0.02724411  -0.22578667  -0.01436336  -0.19241103  -0.07846987  -0.07824145   0.03668524   0.09080388   0.02230340   0.08003584   0.05368945   0.35023277   0.34846277   0.34846277   0.34846277   0.34846277   0.34846277   0.00127474   0.00282338   0.00430233   0.00257243   0.00390845   0.00237469
 1.50  5300.  0.0  2.0   0.24958723   0.68353615   0.90343044   0.65576483   0.86617140   0.62990869   0.31545445  -0.30395444  -0.59341077  -0.25241281  -0.55290483  -0.20019163   0.35799539   0.60755355   0.67665118   0.58507078   0.64876577   0.50933097  -0.11062817  -0.16403877  -0.19988736  -0.16445078  -0.18755636  -0.13028066   0.26558692   0.26290990   0.26290990   0.26290990   0.26290990   0.26290990   0.00147871   0.00901656   0.01430667   0.00842226   0.01309965   0.00779464
 2.00  5300.  0.0  2.0   0.40299402   0.49783456   0.62904878   0.48395736   0.60523923   0.44927061   0.03067904  -0.03763347  -0.17788699   0.00551074  -0.14994864   0.07366357   0.58571900   0.45862664   0.41335325   0.42229980   0.38512372   0.34002784  -0.17718741  -0.13834443  -0.14190946  -0.13014237  -0.12681245  -0.09651909   0.21750041   0.21750041   0.21750041   0.21750041   0.21750041   0.21750041   0.00228638   0.00292450   0.00418921   0.00282955   0.00387851   0.00248529
 2.50  5300.  0.0  2.0   0.29450473   0.47746163   0.59031843   0.47100162   0.57512813   0.43872357   0.24750342  -0.02137612  -0.14985074   0.00531436  -0.13620370   0.07254070   0.40750848   0.46875239   0.42428460   0.44628839   0.40767722   0.36207403  -0.13105429  -0.15413111  -0.15654606  -0.14988107  -0.14607942  -0.11475424   0.17883342   0.17793342   0.17793342   0.17793342   0.17793342   0.17793342   0.00103229   0.00115659   0.00139684   0.00115827   0.00131471   0.00102710
 3.00  5300.  0.0  2.0   0.28391839   0.31529920   0.91400191   0.31329499   0.89885718   0.70400991   0.25678194   0.33180847  -0.93977143   0.34526761  -0.92050864  -0.55367588   0.41376143   0.12937313   1.22288564   0.12033743   1.19696709   0.98096981  -0.14097733  -0.03705053  -0.44395664  -0.03644112  -0.43006861  -0.33644523   0.13309356   0.13309356   0.13107654   0.13309356   0.13107654   0.13107654   0.00074533   0.00069178   0.00422775   0.00069402   0.00402631   0.00252942
 3.50  5300.  0.0  2.0   0.47383171   0.53602661   0.62017816   0.53597776   0.61341289   0.50775675  -0.17498199  -0.17369785  -0.26493361  -0.16950406  -0.26308368  -0.10564019   0.90472830   0.66995411   0.58384971   0.67483473   0.57614970   0.58275321  -0.36099978  -0.26003925  -0.23069522  -0.26465266  -0.22490659  -0.22273220   0.10216870   0.10216870   0.10216870   0.10216870   0.10216870   0.10216870   0.00095061   0.00099615   0.00110595   0.00100134   0.00108066   0.00096717
 4.00  5300.  0.0  2.0   0.36992526   0.58652358   0.66847287   0.58593865   0.66362284   0.56607396   0.07423452  -0.30154138  -0.39904800  -0.30119999  -0.39848360  -0.25107420   0.66922353   0.81413725   0.74326914   0.82977661   0.73600831   0.74059211  -0.28658625  -0.32153912  -0.29694776  -0.33097816  -0.29189412  -0.28677256   0.07651723   0.07573111   0.07573111   0.07573111   0.07573111   0.07573111   0.00107932   0.00095399   0.00109256   0.00094607   0.00107669   0.00094881
 4.50  5300.  0.0  2.0   0.42245944   0.46390381   0.51027149   0.46261063   0.50826673   0.62910574  -0.06721593  -0.00282617  -0.01548683  -0.00668801  -0.01948314  -0.41706463   0.84067095   0.51515864   0.36133100   0.54571574   0.35912642   0.92689614  -0.36231028  -0.21734422  -0.16086318  -0.23507100  -0.15862280  -0.36300848   0.05965964   0.05965964   0.05965964   0.05965964   0.05965964   0.05872902   0.00113042   0.00123183   0.00121326   0.00119811   0.00121660   0.00103069
 5.00  5300.  0.0  2.0   0.50419724   0.55501415   0.60873016   0.55177506   0.60709901   0.55244618  -0.28084687  -0.23430029  -0.27106244  -0.23471517  -0.27279422  -0.22039545   1.08080873   0.76929135   0.64908345   0.80347535   0.64391077   0.72485283  -0.45917502  -0.31806063  -0.27467133  -0.33977611  -0.27181554  -0.29170192   0.04404935   0.04404935   0.04404935   0.04404935   0.04404935   0.04404935   0.00119613   0.00132861   0.00142744   0.00129069   0.00142743   0.00139202
 5.50  5300.  0.0  2.0   0.49286861   0.63128484   0.69122734   0.62273360   0.68991185   0.63461026  -0.28233789  -0.47245070  -0.52680634  -0.45764102  -0.52498809  -0.46202256   1.12491015   1.07664691   0.97730901   1.10128149   0.96653106   1.02744754  -0.49361434  -0.45425250  -0.41662146  -0.47572520  -0.41174956  -0.42472136   0.03298566   0.03263205   0.03263205   0.03263205   0.03263205   0.03263205   0.00162513   0.00158034   0.00184197   0.00152578   0.00184104   0.00164473
 6.00  5300.  0.0  2.0   0.52718484   0.58259268   0.62150712   0.56802874   0.62063337   0.58758171  -0.36215526  -0.35462746  -0.35671221  -0.31820533  -0.35234818  -0.33804911   1.21732711   0.97450188   0.82665475   0.97987121   0.81078990   0.91581824  -0.54090432  -0.43037269  -0.37515573  -0.44763034  -0.36792971  -0.39848940   0.02466191   0.02466191   0.02466191   0.02466191   0.02466191   0.02466191   0.00154910   0.00179144   0.00185651   0.00168542   0.00186315   0.00188265
 0.00  5400.  0.0  2.0  -0.01117952   0.03638753   0.09424877   0.01873713   0.10372165   0.02520730   0.71609993   0.90815869   1.13915772   0.91568603   1.07680584   0.93840464   0.06376202  -0.35834708  -0.86186493  -0.32758301  -0.78807115  -0.39677494  -0.00149896   0.13647180   0.29136063   0.11211107   0.26924999   0.14363822   0.52833190   0.52833190   0.52833190   0.52833190   0.52833190   0.52833190   0.00049365   0.00112310   0.00212170   0.00090123   0.00214849   0.00096762
 0.50  5400.  0.0  2.0   0.12568272   0.17891691   0.26631125   0.15660241   0.25610387   0.15766005   0.41772562   0.61506448   0.71907338   0.61768672   0.67110411   0.64888283   0.38654975  -0.09741126  -0.44666521  -0.04927784  -0.37329474  -0.13394346  -0.14332375   0.02892338   0.14104140   0.00357675   0.11636701   0.04484068   0.42792900   0.42792900   0.42792900   0.42792900   0.42792900   0.42792900   0.00123054   0.00178703   0.00303813   0.00154842   0.00270046   0.00162063
 1.00  5400.  0.0  2.0   0.15788236   0.32136588   0.44019404   0.29820125   0.42654363   0.29006833   0.42662461   0.38477066   0.36756040   0.40802534   0.33332020   0.43595947   0.31606061   0.04270437  -0.16357392   0.06749067  -0.10217495   0.00067383  -0.10788752   0.00542113   0.06248488  -0.01621236   0.03946128   0.01740029   0.35150136   0.34976636   0.34976636   0.34976636   0.34976636   0.34976636   0.00129555   0.00284587   0.00437116   0.00259231   0.00396895   0.00249025
 1.50  5400.  0.0  2.0   0.26370941   0.70255316   0.92719885   0.67923538   0.89408257   0.65082483   0.27707031  -0.35266777  -0.64654832  -0.31293254  -0.61862101  -0.25268016   0.39394429   0.65106511   0.72098129   0.64483045   0.70965907   0.55842504  -0.12297242  -0.17698616  -0.21581135  -0.18650342  -0.21043228  -0.14691037   0.26549702   0.26284997   0.26284997   0.26284997   0.26284997   0.26284997   0.00157229   0.00928933   0.01477618   0.00877149   0.01362484   0.00807691
 2.00  5400.  0.0  2.0   0.42093529   0.51636040   0.64977488   0.50376153   0.62875154   0.46958761  -0.01210802  -0.08503219  -0.22152374  -0.04283765  -0.20320118   0.02510454   0.63208060   0.50820528   0.44652955   0.47116880   0.43205638   0.38909023  -0.20027136  -0.15981804  -0.15490483  -0.15171739  -0.14578657  -0.11790982   0.21891883   0.21891883   0.21891883   0.21891883   0.21891883   0.21891883   0.00244504   0.00309323   0.00444654   0.00301338   0.00414087   0.00265815
 2.50  5400.  0.0  2.0   0.30314100   0.48965492   0.60369752   0.48274443   0.58908764   0.45035007   0.22946589  -0.05337849  -0.18022190  -0.02346104  -0.16898708   0.04541574   0.42260038   0.49995640   0.44683046   0.47148588   0.43382850   0.38631652  -0.13880046  -0.16667433  -0.16512005  -0.15975964  -0.15585490  -0.12471158   0.17935284   0.17846284   0.17846284   0.17846284   0.17846284   0.17846284   0.00109276   0.00120035   0.00145238   0.00120618   0.00136929   0.00106775
 3.00  5400.  0.0  2.0   0.28466757   0.32122028   0.93243897   0.31839524   0.91569056   0.71784175   0.26678438   0.31515058  -0.98611328   0.33247580  -0.96356368  -0.58514487   0.39422073   0.14524597   1.26431597   0.12929171   1.23540227   1.00936910  -0.13617101  -0.04546887  -0.46112514  -0.04156760  -0.44563363  -0.34914728   0.13390266   0.13390266   0.13189563   0.13390266   0.13189563   0.13189563   0.00077744   0.00073818   0.00444080   0.00074148   0.00423102   0.00265475
 3.50  5400.  0.0  2.0   0.38887071   0.43857939   0.50485137   0.43761367   0.49931137   0.41734598   0.00426535   0.02786872  -0.02103557   0.03450985  -0.02281764   0.08061035   0.74838296   0.48729034   0.35070804   0.48922918   0.34753277   0.41522881  -0.31910641  -0.20336278  -0.15228941  -0.20720105  -0.14807152  -0.17188734   0.10324692   0.10324692   0.10324692   0.10324692   0.10324692   0.10324692   0.00077785   0.00078635   0.00081760   0.00079026   0.00080985   0.00080994
 4.00  5400.  0.0  2.0   0.45942093   0.52167368   0.59454759   0.52019205   0.59031830   0.50622809  -0.15494959  -0.16099653  -0.23761654  -0.15809663  -0.23958220  -0.12274265   0.92167226   0.68139786   0.58141007   0.69372496   0.57787807   0.62200532  -0.39312685  -0.28049045  -0.24167374  -0.28896396  -0.23806229  -0.25183505   0.07667063   0.07667063   0.07667063   0.07667063   0.07667063   0.07667063   0.00086262   0.00094846   0.00107058   0.00093861   0.00106086   0.00096890
 4.50  5400.  0.0  2.0   0.43959497   0.48192002   0.52712252   0.48047306   0.52466751   0.62771693  -0.10182814  -0.05070420  -0.06224241  -0.05261531  -0.06603988  -0.42123978   0.88114369   0.56801867   0.40597276   0.59492634   0.40444032   0.93883992  -0.38818680  -0.24304936  -0.18032118  -0.25960676  -0.17834669  -0.37498485   0.05971392   0.05971392   0.05971392   0.05971392   0.05971392   0.05909561   0.00108028   0.00117726   0.00117309   0.00114550   0.00117325   0.00105327
 5.00  5400.  0.0  2.0   0.48379086   0.53461468   0.58375315   0.52994356   0.58238862   0.53038123  -0.23627390  -0.20359152  -0.23220134  -0.19938007  -0.23541759  -0.18818813   1.04677790   0.74816028   0.61452225   0.77734862   0.61157068   0.70478859  -0.45965260  -0.31801349  -0.26714567  -0.33855003  -0.26511961  -0.29260302   0.04461146   0.04461146   0.04461146   0.04461146   0.04461146   0.04461146   0.00116900   0.00131778   0.00144222   0.00128136   0.00143940   0.00135431
 5.50  5400.  0.0  2.0   0.45426662   0.60370484   0.66798911   0.59486272   0.66655059   0.60785313  -0.13029641  -0.37552890  -0.45617064  -0.35745833  -0.45442840  -0.37744087   0.95663767   0.97047643   0.90084632   0.99080669   0.88982452   0.94161306  -0.45030598  -0.42820537  -0.39957093  -0.44895830  -0.39418771  -0.40736765   0.03347442   0.03312181   0.03312181   0.03312181   0.03312181   0.03312181   0.00146191   0.00156188   0.00188533   0.00151987   0.00187844   0.00160447
 6.00  5400.  0.0  2.0   0.51206137   0.57049954   0.61155964   0.55688881   0.61094269   0.57474130  -0.30203646  -0.31338361  -0.32726956  -0.27712761  -0.32446276  -0.30003531   1.15762166   0.93064374   0.79104147   0.93405031   0.77706188   0.87520172  -0.53256505  -0.42209010  -0.36701477  -0.43876281  -0.36029467  -0.38978508   0.02491049   0.02491049   0.02491049   0.02491049   0.02491049   0.02491049   0.00152254   0.00176813   0.00185236   0.00167659   0.00186133   0.00185489
 0.00  5500.  0.0  2.0   0.06422839   0.16197804   0.27777705   0.13505616   0.28828628   0.15109916   0.77809486   0.93576991   1.15884190   0.95625974   1.09345190   0.96571627  -0.14123377  -0.59986401  -1.20042317  -0.57305355  -1.12035588  -0.63953863   0.09995970   0.27430446   0.49215390   0.24701376   0.46680273   0.28179694   0.52691623   0.52691623   0.52691623   0.52691623   0.52691623   0.52691623   0.00285331   0.00670123   0.01333147   0.00565479   0.01344651   0.00625348
 0.50  5500.  0.0  2.0   0.13053449   0.18443557   0.27029360   0.16523014   0.26313387   0.16648539   0.37760719   0.57263695   0.70276930   0.57374499   0.64246723   0.61033324   0.45608692  -0.03548525  -0.43471106   0.01276450  -0.34308316  -0.08476432  -0.18334149  -0.00253001   0.13315580  -0.02908467   0.10058843   0.02066767   0.42941243   0.42941243   0.42941243   0.42941243   0.42941243   0.42941243   0.00107083   0.00155209   0.00264589   0.00140429   0.00237981   0.00146236
 1.00  5500.  0.0  2.0   0.05485087   0.33991019   0.47338739   0.31549194   0.45844185   0.31399573   0.52682029   0.31364211   0.26270557   0.34423410   0.23099309   0.36275796   0.32745072   0.13649669  -0.04684918   0.14877095   0.01336945   0.08465217  -0.15591479  -0.04637958   0.00779180  -0.06070134  -0.01457980  -0.02486609   0.35999513   0.35674368   0.35674368   0.35674368   0.35674368   0.35674368   0.00032056   0.00266524   0.00423513   0.00244673   0.00384111   0.00244910
 1.50  5500.  0.0  2.0   0.26947646   0.46340230   0.61025288   0.44782192   0.59320295   0.42888877   0.25172334   0.03721880  -0.10197363   0.06597521  -0.11125400   0.10900818   0.43236093   0.38749875   0.32221551   0.38734267   0.34995066   0.31209766  -0.14634137  -0.12081523  -0.11757302  -0.13141342  -0.12678917  -0.09325674   0.26940268   0.26811768   0.26811768   0.26811768   0.26811768   0.26811768   0.00158465   0.00248473   0.00357996   0.00239695   0.00329651   0.00220076
 2.00  5500.  0.0  2.0   0.43608575   0.52665904   0.65953049   0.51472313   0.64292032   0.48180206  -0.06158326  -0.12406763  -0.25368155  -0.08143535  -0.24938418  -0.01362779   0.69380554   0.55672246   0.47932224   0.51682793   0.48335948   0.43298197  -0.23094964  -0.18275939  -0.17123947  -0.17344851  -0.16979655  -0.13827091   0.22281450   0.22281450   0.22281450   0.22281450   0.22281450   0.22281450   0.00252218   0.00310675   0.00445959   0.00303882   0.00419130   0.00269989
 2.50  5500.  0.0  2.0   0.19715095   0.71001048   0.88161603   0.70181283   0.86152635   0.66222535   0.43330178  -0.54011462  -0.79326246  -0.50734989  -0.77405474  -0.42186037   0.25165863   0.95728184   1.01948491   0.92706663   1.00344606   0.82514943  -0.09095969  -0.32539662  -0.36338106  -0.31894659  -0.35409480  -0.27753752   0.18326752   0.18065140   0.18065140   0.18065140   0.18065140   0.18065140   0.00074846   0.00417716   0.00607933   0.00413861   0.00573029   0.00365228
 3.00  5500.  0.0  2.0   0.37617596   0.42713469   0.93124358   0.42423760   0.91537185   0.71832255   0.08323272   0.08662311  -0.97889603   0.10483024  -0.96178731  -0.57666733   0.55624793   0.35517669   1.24717974   0.33851900   1.22779252   0.99196536  -0.19635049  -0.12066170  -0.45733258  -0.11724474  -0.44635736  -0.34582600   0.13657043   0.13657043   0.13527188   0.13657043   0.13527188   0.13527188   0.00104534   0.00104147   0.00442450   0.00105466   0.00420436   0.00266189
 3.50  5500.  0.0  2.0   0.48246768   0.54631071   0.62822432   0.54527839   0.62076020   0.51780080  -0.20191330  -0.22627171  -0.31135120  -0.22136548  -0.31140584  -0.15255691   0.95267853   0.74434258   0.63465336   0.74891528   0.63326548   0.65034474  -0.40065451  -0.30147594  -0.25634647  -0.30641740  -0.25367953  -0.26252329   0.10452608   0.10452608   0.10452608   0.10452608   0.10452608   0.10452608   0.00100698   0.00104673   0.00119550   0.00105523   0.00115858   0.00100750
 4.00  5500.  0.0  2.0   0.46155733   0.52468937   0.59787882   0.52375694   0.59394568   0.50918629  -0.14910438  -0.17035253  -0.24773659  -0.16967454  -0.25255665  -0.12954163   0.91462731   0.69269104   0.58562516   0.70857751   0.58730415   0.63055204  -0.39863938  -0.28964812  -0.24496555  -0.30040531  -0.24371700  -0.26050837   0.07772196   0.07772196   0.07772196   0.07772196   0.07772196   0.07772196   0.00092078   0.00100260   0.00115279   0.00099728   0.00113683   0.00101944
 4.50  5500.  0.0  2.0   0.43129751   0.47548521   0.51817075   0.47358337   0.51541341   0.46391252  -0.07846537  -0.04878461  -0.05592452  -0.04850404  -0.06003700  -0.01728745   0.85833989   0.57260864   0.39980027   0.59680006   0.39956380   0.51636876  -0.38812378  -0.25079135  -0.18122083  -0.26692233  -0.17977911  -0.22168253   0.06043912   0.06043912   0.06043912   0.06043912   0.06043912   0.06043912   0.00106080   0.00115988   0.00118122   0.00113830   0.00117577   0.00119100
 5.00  5500.  0.0  2.0   0.47608220   0.53365749   0.58119588   0.52856216   0.57974144   0.52646376  -0.20126929  -0.20526799  -0.23026570  -0.19878682  -0.23422802  -0.18066574   1.00643539   0.75250678   0.60811292   0.77965308   0.60686381   0.69889827  -0.45266399  -0.32518157  -0.26748376  -0.34607330  -0.26618634  -0.29578608   0.04503350   0.04503350   0.04503350   0.04503350   0.04503350   0.04503350   0.00115530   0.00133909   0.00148595   0.00130156   0.00147633   0.00135234
 5.50  5500.  0.0  2.0   0.45613687   0.61564784   0.68126723   0.60706928   0.67944989   0.61861703  -0.11140628  -0.39156939  -0.48094179  -0.37344325  -0.47886257  -0.39287843   0.93636927   0.98007199   0.91623910   1.00038573   0.90529432   0.95260828  -0.45529370  -0.43662881  -0.40798163  -0.45832252  -0.40253927  -0.41653823   0.03359578   0.03306856   0.03306856   0.03306856   0.03306856   0.03306856   0.00149353   0.00160119   0.00194886   0.00156099   0.00194229   0.00162818
 6.00  5500.  0.0  2.0   0.50317210   0.56243261   0.60534437   0.54946670   0.60477074   0.56654213  -0.25946476  -0.28250597  -0.30815773  -0.24581288  -0.30629287  -0.27460424   1.11731755   0.89546759   0.76576200   0.89675448   0.75298624   0.84816650  -0.53188481  -0.41581140  -0.36225036  -0.43203480  -0.35577256  -0.38620818   0.02505183   0.02505183   0.02505183   0.02505183   0.02505183   0.02505183   0.00149742   0.00174003   0.00184727   0.00166185   0.00185412   0.00181993
 0.50  5600.  0.0  2.0   0.12177183   0.20633101   0.30165453   0.18152448   0.31055589   0.18928517   0.48558506   0.50899361   0.59917076   0.56428722   0.53323398   0.56847344   0.25476195   0.03192588  -0.32753031  -0.00271386  -0.24137083  -0.04889921  -0.07445973  -0.00746677   0.09842350  -0.00707144   0.06900305   0.01826870   0.44993981   0.44993981   0.44993981   0.44993981   0.44993981   0.44993981   0.00106821   0.00178897   0.00278464   0.00155839   0.00281318   0.00159885
 1.00  5600.  0.0  2.0   0.05737065   0.56867967   0.78136777   0.53206182   0.76156228   0.52498857   0.51143634  -0.00562012  -0.16357658   0.05847298  -0.19043932   0.08529491   0.36081899   0.29932320   0.16204370   0.27954529   0.22371005   0.20640469  -0.17481271  -0.05876149  -0.00982193  -0.06561625  -0.03406826  -0.02480497   0.36243248   0.35768448   0.35768448   0.35768448   0.35768448   0.35768448   0.00035996   0.01057260   0.01799000   0.00959263   0.01675513   0.00940294
 1.50  5600.  0.0  2.0   0.13138209   0.46425230   0.61336062   0.44443445   0.59954896   0.43163045   0.46865185  -0.01826982  -0.15289572   0.03265102  -0.17299371   0.06224490   0.30828856   0.48617272   0.40495599   0.45770090   0.44659400   0.39132785  -0.13810794  -0.17559909  -0.16347187  -0.17471250  -0.17801748  -0.13714321   0.28725653   0.28492910   0.28492910   0.28492910   0.28492910   0.28492910   0.00055861   0.00220020   0.00321371   0.00211554   0.00297330   0.00199113
 2.00  5600.  0.0  2.0   0.27563981   0.32632357   0.40369167   0.31647551   0.39769070   0.29567796   0.23939900   0.25065484   0.24340906   0.29217551   0.22022190   0.33249357   0.45136653   0.25415133   0.05858650   0.21249542   0.09328998   0.15492747  -0.16505386  -0.09725666  -0.04597788  -0.08711519  -0.05607857  -0.06067582   0.22745320   0.22745320   0.22745320   0.22745320   0.22745320   0.22745320   0.00087568   0.00078753   0.00093019   0.00079450   0.00087957   0.00073298
 2.50  5600.  0.0  2.0   0.19752854   0.70920900   0.87736093   0.69887621   0.85901679   0.66365458   0.43877583  -0.54335074  -0.78178598  -0.50033546  -0.77025848  -0.42654796   0.24035666   0.96133479   1.00148569   0.91609813   0.99710051   0.82777568  -0.08961201  -0.32965269  -0.35908613  -0.31676700  -0.35481637  -0.28067552   0.18619429   0.18364807   0.18364807   0.18364807   0.18364807   0.18364807   0.00083815   0.00402963   0.00585365   0.00399012   0.00553023   0.00356320
 3.00  5600.  0.0  2.0   0.30496461   0.34472257   0.39459867   0.34286087   0.94814047   0.32150638   0.19531453   0.21981144   0.23572567   0.23444024  -1.07681326   0.28693211   0.55857309   0.31219827   0.07749120   0.29912739   1.38474255   0.22139333  -0.25844123  -0.14731377  -0.05365944  -0.14535435  -0.52070286  -0.10979108   0.13800812   0.13800812   0.13800812   0.13800812   0.13608098   0.13800812   0.00084922   0.00083341   0.00083515   0.00085580   0.00434065   0.00085814
 3.50  5600.  0.0  2.0   0.39867487   0.45238479   0.51897430   0.45154510   0.51376746   0.43071559  -0.00120594  -0.01200937  -0.05785922  -0.00491860  -0.06519053   0.04970149   0.75489938   0.53408783   0.37648744   0.53490920   0.38474920   0.44936929  -0.33777655  -0.23040062  -0.16498291  -0.23465262  -0.16619731  -0.19451740   0.10602384   0.10602384   0.10602384   0.10602384   0.10602384   0.10602384   0.00088884   0.00089895   0.00095856   0.00091352   0.00094304   0.00092222
 4.00  5600.  0.0  2.0   0.33872775   0.59607781   0.67601829   0.59544607   0.67066350   0.57433831   0.16076980  -0.34985077  -0.44364040  -0.35027027  -0.44668040  -0.28872371   0.59373606   0.88049315   0.78282408   0.89898956   0.78453866   0.79508783  -0.28771834  -0.36353157  -0.31941927  -0.37655191  -0.31844319  -0.32591824   0.07914339   0.07799659   0.07799659   0.07799659   0.07799659   0.07799659   0.00120925   0.00105788   0.00127646   0.00105629   0.00124586   0.00104001
 4.50  5600.  0.0  2.0   0.42657899   0.47455443   0.51613719   0.47257392   0.51366520   0.46154702  -0.05928090  -0.05587199  -0.05994108  -0.05392892  -0.06639381  -0.01697709   0.84029783   0.58654514   0.40237427   0.60833539   0.40618100   0.52016721  -0.39055386  -0.26208062  -0.18494944  -0.27797250  -0.18525430  -0.22880266   0.06093656   0.06093656   0.06093656   0.06093656   0.06093656   0.06093656   0.00105873   0.00116888   0.00121256   0.00115500   0.00120833   0.00119042
 5.00  5600.  0.0  2.0   0.47686235   0.54948027   0.60916756   0.54404645   0.60586063   0.54495777  -0.15022626  -0.22439122  -0.29566963  -0.21362176  -0.29424868  -0.21017059   0.96708199   0.79144911   0.69238616   0.81246632   0.68441380   0.75084325  -0.47077957  -0.36441291  -0.31788521  -0.38391387  -0.31344526  -0.33961504   0.04506722   0.04506722   0.04506722   0.04506722   0.04506722   0.04506722   0.00113292   0.00136542   0.00156373   0.00133203   0.00155181   0.00138892
 5.50  5600.  0.0  2.0   0.44609882   0.59818850   0.66357571   0.58890021   0.66156250   0.59898067  -0.07592557  -0.36044842  -0.45414636  -0.33745316  -0.45206329  -0.35659858   0.90531779   0.95794777   0.89486499   0.97191372   0.88402162   0.92478634  -0.45764740  -0.43786032  -0.40708654  -0.45792115  -0.40146554  -0.41520824   0.03372483   0.03354983   0.03354983   0.03354983   0.03354983   0.03354983   0.00139481   0.00160261   0.00199092   0.00157339   0.00197911   0.00161132
 6.00  5600.  0.0  2.0   0.49805810   0.55983168   0.60350332   0.54692767   0.60284907   0.56192905  -0.22373692  -0.26745782  -0.30061712  -0.22823075  -0.29937099  -0.25719188   1.07874495   0.87658470   0.75151798   0.87349582   0.73984012   0.82663025  -0.52957053  -0.41500012  -0.36089165  -0.43003294  -0.35473628  -0.38333149   0.02503550   0.02503550   0.02503550   0.02503550   0.02503550   0.02503550   0.00146979   0.00170736   0.00184311   0.00164144   0.00184536   0.00178264
 0.50  5700.  0.0  2.0   0.23531851   0.37304694   0.54396929   0.34008247   0.55239345   0.35615182   0.50645233   0.45317881   0.43444409   0.52454981   0.37157461   0.50617405   0.04339806  -0.14747373  -0.46376042  -0.19440177  -0.38053203  -0.21907904   0.03687798   0.10874183   0.21917582   0.11078528   0.19097181   0.13031441   0.44217050   0.44217050   0.44217050   0.44217050   0.44217050   0.44217050   0.00463676   0.00826476   0.01428277   0.00736248   0.01435592   0.00769837
 1.00  5700.  0.0  2.0   0.41901645   0.57671874   0.79541606   0.54071504   0.77955455   0.53225956   0.06284770  -0.04208937  -0.21514707   0.03574771  -0.24865435   0.06053034   0.54473365   0.34656749   0.21201799   0.30086092   0.28111665   0.23136772  -0.18209037  -0.08439051  -0.03283576  -0.07981361  -0.05994154  -0.03907134   0.36845250   0.36845250   0.36845250   0.36845250   0.36845250   0.36845250   0.00655096   0.01028939   0.01750582   0.00941967   0.01647149   0.00916408
 1.50  5700.  0.0  2.0   0.26369367   0.72750462   0.96589730   0.70237889   0.94772487   0.68188471   0.25916464  -0.47334377  -0.79197942  -0.40762627  -0.80564532  -0.37033492   0.44471603   0.81910135   0.89489008   0.77135250   0.93447062   0.70633708  -0.17218079  -0.26440056  -0.30361770  -0.25660236  -0.31822385  -0.22124183   0.28132941   0.27897203   0.27897203   0.27897203   0.27897203   0.27897203   0.00141640   0.00863158   0.01395331   0.00822414   0.01318065   0.00769711
 2.00  5700.  0.0  2.0   0.27248542   0.32586053   0.40556164   0.31374447   0.39889990   0.29658722   0.26172011   0.25303489   0.23524927   0.30488111   0.21336537   0.33432962   0.41960804   0.24790684   0.06642737   0.19423136   0.10060304   0.14783419  -0.15885347  -0.09960413  -0.05560231  -0.08549359  -0.06528311  -0.06216900   0.23220296   0.23220296   0.23220296   0.23220296   0.23220296   0.23220296   0.00084388   0.00078872   0.00093585   0.00078805   0.00088661   0.00074731
 2.50  5700.  0.0  2.0   0.30255058   0.70699648   0.87556939   0.69634395   0.86017967   0.66576044   0.20640362  -0.56192302  -0.80046641  -0.51485542  -0.79922886  -0.45247148   0.46907800   0.99913909   1.03613327   0.94732001   1.04576164   0.87038504  -0.17712262  -0.35172459  -0.38073798  -0.33641746  -0.38216692  -0.30389712   0.18793330   0.18627514   0.18627514   0.18627514   0.18627514   0.18627514   0.00114556   0.00394644   0.00579503   0.00391371   0.00549231   0.00352884
 3.00  5700.  0.0  2.0   0.40527228   0.45716330   0.51968852   0.45376548   0.95058458   0.42777419  -0.03825067  -0.05176177  -0.05666292  -0.02886680  -1.09802625   0.03404174   0.79671172   0.58968996   0.36046776   0.56470765   1.41124270   0.47717035  -0.35247430  -0.25246030  -0.15551312  -0.24588185  -0.53414134  -0.20659178   0.13885789   0.13885789   0.13885789   0.13885789   0.13758930   0.13885789   0.00110590   0.00113248   0.00123818   0.00114995   0.00439528   0.00109185
 3.50  5700.  0.0  2.0   0.48961070   0.55681663   0.63507811   0.55500300   0.62841391   0.52986905  -0.21324776  -0.27107276  -0.34066532  -0.25927226  -0.34771724  -0.19323049   0.96927406   0.80311683   0.65808877   0.79708329   0.66994038   0.70014724  -0.42220323  -0.33353757  -0.26854804  -0.33528827  -0.27202330  -0.29108399   0.10643396   0.10643396   0.10643396   0.10643396   0.10643396   0.10643396   0.00106896   0.00112515   0.00129241   0.00113797   0.00125061   0.00109395
 4.00  5700.  0.0  2.0   0.35533661   0.52109620   0.59141387   0.51988939   0.58810051   0.50598636   0.12180646  -0.18661737  -0.25628383  -0.18331915  -0.26632948  -0.14124554   0.63758144   0.72540170   0.59562074   0.73851957   0.60670081   0.65681052  -0.31223759  -0.31334134  -0.25461017  -0.32487132  -0.25743839  -0.28276051   0.07940902   0.07902902   0.07902902   0.07902902   0.07902902   0.07902902   0.00112059   0.00105816   0.00129545   0.00105854   0.00126947   0.00106123
 4.50  5700.  0.0  2.0   0.41049910   0.45907856   0.50098810   0.45708168   0.49845281   0.44794956  -0.01158179  -0.02251825  -0.02652077  -0.01943700  -0.03397001   0.01304078   0.79073347   0.55493702   0.36260242   0.57573029   0.36862456   0.49318071  -0.37996002  -0.25500768  -0.17180499  -0.27158672  -0.17296980  -0.22460199   0.06159749   0.06159749   0.06159749   0.06159749   0.06159749   0.06159749   0.00115585   0.00125813   0.00131088   0.00124901   0.00130025   0.00128311
 5.00  5700.  0.0  2.0   0.47195079   0.54763547   0.60785940   0.54153239   0.60462368   0.54126123  -0.12324783  -0.22428100  -0.29947736  -0.20866472  -0.29931466  -0.20192287   0.93748220   0.79667027   0.69512451   0.81041695   0.68946389   0.74425648  -0.46955393  -0.37366994  -0.32284485  -0.39073185  -0.31934846  -0.34332411   0.04530695   0.04530695   0.04530695   0.04530695   0.04530695   0.04530695   0.00115217   0.00137921   0.00160999   0.00135562   0.00159340   0.00139181
 5.50  5700.  0.0  2.0   0.43101492   0.60173117   0.66707884   0.59176268   0.66467808   0.59979726  -0.02076927  -0.37105835  -0.46746096  -0.34236054  -0.46506964  -0.35821964   0.84557498   0.97253047   0.90630405   0.97772282   0.89559587   0.92744750  -0.44578936  -0.45055958  -0.41551958  -0.46749019  -0.40986167  -0.42230242   0.03406077   0.03353804   0.03353804   0.03353804   0.03353804   0.03353804   0.00139768   0.00161674   0.00205993   0.00159763   0.00204447   0.00162342
 6.00  5700.  0.0  2.0   0.48461460   0.54895938   0.59350488   0.53594847   0.59292324   0.55508147  -0.17007180  -0.23764055  -0.27781757  -0.19491246  -0.27780488  -0.24660939   1.02025786   0.84528958   0.72390904   0.83629942   0.71416915   0.82457186  -0.51854621  -0.40982985  -0.35476214  -0.42294930  -0.34928736  -0.39187480   0.02527459   0.02527459   0.02527459   0.02527459   0.02527459   0.02527459   0.00146040   0.00168877   0.00183854   0.00163640   0.00183993   0.00175849
 0.50  5800.  0.0  2.0   0.19813426   0.35515680   0.54848887   0.32567642   0.55570870   0.34274234   0.64034495   0.48076848   0.33729519   0.55043953   0.28452194   0.51724079  -0.03616933  -0.09814856  -0.28182077  -0.14935753  -0.20795366  -0.15800766   0.00577483   0.03582012   0.11368144   0.04048189   0.08704147   0.05782776   0.45228924   0.45228924   0.45228924   0.45228924   0.45228924   0.45228924   0.00381433   0.00712556   0.01266799   0.00642532   0.01278941   0.00671185
 1.00  5800.  0.0  2.0   0.25347992   0.34341811   0.48077169   0.31775721   0.46939606   0.31661918   0.23040280   0.25640335   0.21188772   0.31104997   0.17656549   0.31885451   0.53612681   0.22442553   0.00210287   0.19951573   0.06713177   0.15223001  -0.22526825  -0.09269718  -0.01897228  -0.09309015  -0.04258699  -0.06278442   0.37252136   0.37252136   0.37252136   0.37252136   0.37252136   0.37252136   0.00166953   0.00218728   0.00340494   0.00202959   0.00314912   0.00200395
 1.50  5800.  0.0  2.0   0.27212304   0.47601026   0.62925602   0.45739407   0.61989538   0.44280958   0.21230855  -0.05074198  -0.19548148   0.00862512  -0.22323580   0.03531472   0.52126850   0.52098239   0.43585501   0.47227186   0.48553924   0.41463534  -0.21470056  -0.19487046  -0.17975954  -0.18483894  -0.19653172  -0.15044503   0.28350699   0.28236199   0.28236199   0.28236199   0.28236199   0.28236199   0.00140473   0.00207398   0.00295595   0.00201698   0.00278636   0.00187849
 2.00  5800.  0.0  2.0   0.28575353   0.33446286   0.40758675   0.32106764   0.40542705   0.30403374   0.19038244   0.19974779   0.21583886   0.25945536   0.17829861   0.29058831   0.53169050   0.32823783   0.09206952   0.26376818   0.14875415   0.21177801  -0.21459419  -0.13663232  -0.06792894  -0.11862078  -0.08782938  -0.09072810   0.23502486   0.23502486   0.23502486   0.23502486   0.23502486   0.23502486   0.00088218   0.00083595   0.00096587   0.00083178   0.00092109   0.00079330
 2.50  5800.  0.0  2.0   0.22626982   0.52497562   0.62716221   0.51524019   0.61775048   0.49478212   0.29767165  -0.23984188  -0.30016118  -0.18974104  -0.31358790  -0.15036996   0.52822898   0.80403441   0.60075815   0.74643123   0.62955066   0.68862351  -0.27614833  -0.33700350  -0.24577679  -0.31945599  -0.25613934  -0.29046120   0.19375594   0.19216770   0.19216770   0.19216770   0.19216770   0.19216770   0.00081332   0.00121079   0.00144825   0.00122138   0.00137342   0.00113841
 3.00  5800.  0.0  2.0   0.32092296   0.36020389   0.40416094   0.35593003   0.40002710   0.33858621   0.15312150   0.16600096   0.21246914   0.19334391   0.19496089   0.23774472   0.61743094   0.38269669   0.08760318   0.34953984   0.11339196   0.28054084  -0.29831067  -0.18472330  -0.05958494  -0.17419592  -0.06749608  -0.14169655   0.14105476   0.14105476   0.14105476   0.14105476   0.14105476   0.14105476   0.00096547   0.00096574   0.00097086   0.00098482   0.00095504   0.00099277
 3.50  5800.  0.0  2.0   0.49282821   0.55921746   0.63268630   0.55649257   0.62736883   0.53322654  -0.23046654  -0.29179784  -0.33918715  -0.27567828  -0.35182675  -0.21143585   1.00119571   0.83979350   0.65640591   0.82743282   0.67656997   0.73033788  -0.44270131  -0.35336542  -0.26952499  -0.35267169  -0.27645496  -0.30768561   0.10817202   0.10817202   0.10817202   0.10817202   0.10817202   0.10817202   0.00111113   0.00116494   0.00132419   0.00117770   0.00128357   0.00114155
 4.00  5800.  0.0  2.0   0.33362640   0.52771748   0.59656448   0.52589903   0.59316607   0.51340436   0.17384395  -0.21102791  -0.27326368  -0.20345302  -0.28433639  -0.16399993   0.58750236   0.75612251   0.60792003   0.76241450   0.62149632   0.68302134  -0.30124015  -0.32955868  -0.26029081  -0.33864229  -0.26406857  -0.29684371   0.08035055   0.07960039   0.07960039   0.07960039   0.07960039   0.07960039   0.00123922   0.00111794   0.00137653   0.00111900   0.00134820   0.00112406
 4.50  5800.  0.0  2.0   0.41856875   0.48104831   0.53582552   0.47839739   0.53166732   0.47266533   0.01875705  -0.06019226  -0.11465001  -0.05222450  -0.11753899  -0.03289485   0.76572261   0.61299867   0.47224037   0.62705731   0.47338804   0.56041191  -0.39799945  -0.29970769  -0.23036163  -0.31460514  -0.22948340  -0.27248163   0.06164677   0.06164677   0.06164677   0.06164677   0.06164677   0.06164677   0.00107885   0.00123905   0.00136192   0.00122843   0.00134615   0.00128082
 5.00  5800.  0.0  2.0   0.47003344   0.54686899   0.60878532   0.54069583   0.60532688   0.54319687  -0.10357904  -0.22510317  -0.30793142  -0.20654182  -0.30807963  -0.21131316   0.91319210   0.80130868   0.70171080   0.80965303   0.69718565   0.76082416  -0.46886095  -0.38200481  -0.32866591  -0.39721523  -0.32556965  -0.35745138   0.04553170   0.04553170   0.04553170   0.04553170   0.04553170   0.04553170   0.00118940   0.00140798   0.00166595   0.00138883   0.00164746   0.00142595
 5.50  5800.  0.0  2.0   0.42433462   0.59890412   0.66488534   0.58848254   0.66251690   0.60125955   0.01287267  -0.36777445  -0.46800011  -0.33389583  -0.46701108  -0.37026341   0.80620157   0.97390381   0.90462178   0.97008753   0.89648434   0.94988992  -0.43998013  -0.45838596  -0.41861324  -0.47170756  -0.41402540  -0.43971281   0.03421010   0.03368987   0.03368987   0.03368987   0.03368987   0.03368987   0.00138526   0.00164972   0.00213409   0.00163985   0.00211111   0.00164467
 6.00  5800.  0.0  2.0   0.47742669   0.54507576   0.58966311   0.53175718   0.58908957   0.55194653  -0.13154972  -0.22829570  -0.27229064  -0.18070062  -0.27340990  -0.24245084   0.97388024   0.83721636   0.71478163   0.81953806   0.70699621   0.82380172  -0.50998508  -0.41347079  -0.35517104  -0.42310215  -0.35041786  -0.39819275   0.02524327   0.02524327   0.02524327   0.02524327   0.02524327   0.02524327   0.00144404   0.00166010   0.00184020   0.00162009   0.00183798   0.00171553
 0.50  5900.  0.0  2.0   0.12607163   0.19727833   0.27921969   0.17350429   0.29092972   0.18461472   0.50562691   0.52808972   0.65119112   0.60799715   0.57965890   0.57943365   0.26086440   0.04109178  -0.41453114  -0.04230157  -0.31179233  -0.04939672  -0.12064804  -0.04524335   0.12299111  -0.02318466   0.08368493  -0.00705100   0.45211758   0.45211758   0.45211758   0.45211758   0.45211758   0.45211758   0.00087179   0.00121929   0.00167360   0.00109134   0.00174662   0.00110380
 1.00  5900.  0.0  2.0   0.16217558   0.58044085   0.79396410   0.55110674   0.79757958   0.55436214   0.42122886  -0.08821690  -0.26435002   0.00434271  -0.31465283   0.00681086   0.32776875   0.44084812   0.28272973   0.34386264   0.35557520   0.29805006  -0.13324139  -0.12543040  -0.06529443  -0.09737670  -0.09010546  -0.06600321   0.37358679   0.37072997   0.37072997   0.37072997   0.37072997   0.37072997   0.00095675   0.00960951   0.01554528   0.00893224   0.01552257   0.00894469
 1.50  5900.  0.0  2.0   0.27585103   0.72651204   0.95851104   0.70390259   0.94196812   0.68332941   0.15641429  -0.54553198  -0.81943574  -0.47231309  -0.83331116  -0.43345268   0.62981247   0.95312107   0.94069368   0.88686205   0.98075555   0.81609142  -0.27376013  -0.33544580  -0.32944712  -0.31812666  -0.34393381  -0.27727246   0.28509522   0.28288768   0.28288768   0.28288768   0.28288768   0.28288768   0.00136912   0.00777239   0.01258757   0.00750054   0.01197743   0.00704953
 2.00  5900.  0.0  2.0   0.47609082   0.54810826   0.65716174   0.53267933   0.64738494   0.51184664  -0.25667572  -0.28162150  -0.30540431  -0.21371979  -0.32374608  -0.18148787   1.06126961   0.83722183   0.55487734   0.76122894   0.59439175   0.71293989  -0.46193190  -0.34618915  -0.21901127  -0.32296549  -0.23373749  -0.29621970   0.23572014   0.23572014   0.23572014   0.23572014   0.23572014   0.23572014   0.00243608   0.00280348   0.00379963   0.00275572   0.00362980   0.00254202
 2.50  5900.  0.0  2.0   0.33913965   0.52545430   0.62397797   0.51508808   0.61515990   0.49621775   0.05341764  -0.25264531  -0.29379740  -0.19628803  -0.30912768  -0.16251648   0.76607558   0.82815682   0.58790916   0.75947136   0.62039352   0.70895427  -0.36756020  -0.35321765  -0.24300119  -0.33051520  -0.25485153  -0.30401382   0.19441609   0.19363609   0.19363609   0.19363609   0.19363609   0.19363609   0.00119925   0.00119817   0.00144498   0.00121079   0.00137526   0.00113641
 3.00  5900.  0.0  2.0   0.43162410   0.47346156   0.52988269   0.46808020   0.52458792   0.44753001  -0.10732861  -0.09945218  -0.07122835  -0.06353277  -0.08959969  -0.01396390   0.88549970   0.64905405   0.35460311   0.60171637   0.38638863   0.52927646  -0.40368869  -0.28430671  -0.15371641  -0.26759389  -0.16528263  -0.23355954   0.14153491   0.14153491   0.14153491   0.14153491   0.14153491   0.14153491   0.00127053   0.00124162   0.00132478   0.00125714   0.00128831   0.00122632
 3.50  5900.  0.0  2.0   0.42151451   0.47501442   0.53379344   0.47112000   0.52948365   0.45613811  -0.05158978  -0.09076545  -0.09822342  -0.06673398  -0.11300031  -0.02409828   0.81497075   0.63349144   0.39662207   0.60733991   0.41961839   0.53387137  -0.38159839  -0.28210545  -0.17415128  -0.27528429  -0.18183717  -0.23868756   0.10867592   0.10867592   0.10867592   0.10867592   0.10867592   0.10867592   0.00107558   0.00109069   0.00117001   0.00110014   0.00114679   0.00112064
 4.00  5900.  0.0  2.0   0.36375452   0.53542233   0.60320532   0.53124431   0.59930320   0.52243676   0.10915822  -0.24044217  -0.29605600  -0.22187128  -0.30646231  -0.19310752   0.64808467   0.79401370   0.62766412   0.78361536   0.64164225   0.71683443  -0.32735043  -0.34875887  -0.26889996  -0.35068746  -0.27279294  -0.31351465   0.08048482   0.08011282   0.08011282   0.08011282   0.08011282   0.08011282   0.00123917   0.00117660   0.00145134   0.00117391   0.00142004   0.00118961
 4.50  5900.  0.0  2.0   0.39756064   0.46152630   0.51785984   0.45812312   0.51391577   0.45580448   0.06186991  -0.03105865  -0.08836737  -0.01859659  -0.09274413  -0.00944393   0.73267920   0.59990646   0.45458048   0.60716657   0.45831020   0.55200005  -0.39429300  -0.30250130  -0.22842014  -0.31494609  -0.22855685  -0.27664566   0.06244855   0.06244855   0.06244855   0.06244855   0.06244855   0.06244855   0.00114521   0.00130103   0.00144117   0.00129155   0.00142002   0.00134876
 5.00  5900.  0.0  2.0   0.45722261   0.53579843   0.59987234   0.52910954   0.59648033   0.53559621  -0.05815173  -0.20339341  -0.29456837  -0.18003010  -0.29579237  -0.19900472   0.85965706   0.78451838   0.68678080   0.78482189   0.68439503   0.75379828  -0.45544608  -0.38257656  -0.32636024  -0.39474905  -0.32411858  -0.36150809   0.04597745   0.04597745   0.04597745   0.04597745   0.04597745   0.04597745   0.00125082   0.00146188   0.00173574   0.00144624   0.00171093   0.00148350
 5.50  5900.  0.0  2.0   0.42088513   0.59234584   0.65995625   0.58114179   0.65766744   0.59645880   0.02267562  -0.36651009  -0.47137789  -0.32694570  -0.47119148  -0.37285967   0.79985664   0.98527866   0.91437050   0.97236907   0.90759176   0.96326885  -0.44496607  -0.46975672  -0.42635905  -0.47938699  -0.42224860  -0.45073312   0.03433147   0.03398785   0.03398785   0.03398785   0.03398785   0.03398785   0.00137263   0.00168603   0.00218071   0.00168505   0.00215399   0.00167728
 6.00  5900.  0.0  2.0   0.46475605   0.53697054   0.58234085   0.52292648   0.58101935   0.54513953  -0.08377536  -0.21663023  -0.26593088  -0.16193782  -0.26529474  -0.23611453   0.91813627   0.83202750   0.70940207   0.80212462   0.69956110   0.82369917  -0.49717520  -0.41921675  -0.35770679  -0.42363430  -0.35181856  -0.40485878   0.02536214   0.02536214   0.02536214   0.02536214   0.02536214   0.02536214   0.00143593   0.00163560   0.00184091   0.00160911   0.00183451   0.00167076
 1.00  6000.  0.0  2.0   0.23744054   0.35359017   0.50623797   0.33536702   0.50711708   0.34091626   0.43323221   0.27833652   0.12209849   0.34301665   0.08826283   0.31835114   0.23210395   0.22804852   0.10955867   0.16045016   0.16516285   0.15645447  -0.11113346  -0.11747658  -0.07309590  -0.10107332  -0.09358022  -0.08643053   0.37216681   0.37216681   0.37216681   0.37216681   0.37216681   0.37216681   0.00162894   0.00219255   0.00300738   0.00205710   0.00301478   0.00199813
 1.50  6000.  0.0  2.0   0.27291897   0.47011512   0.61224931   0.45136812   0.60353825   0.43713226   0.14774745  -0.09471842  -0.17370439  -0.02276881  -0.20380904   0.00053241   0.65991477   0.61767463   0.41283199   0.54535110   0.47028335   0.49175501  -0.29675429  -0.25073030  -0.17476686  -0.22866931  -0.19614868  -0.19413833   0.28591431   0.28483431   0.28483431   0.28483431   0.28483431   0.28483431   0.00128602   0.00178681   0.00250919   0.00175102   0.00238188   0.00164074
 2.00  6000.  0.0  2.0   0.31534042   0.34649055   0.40005763   0.33381316   0.39662537   0.32109727   0.04773489   0.12316183   0.23588275   0.18566777   0.20251223   0.19740292   0.82488886   0.48814971   0.05507239   0.41698308   0.11189552   0.38981572  -0.40347553  -0.24041514  -0.05401582  -0.21890986  -0.07556062  -0.19901690   0.23821138   0.23821138   0.23821138   0.23821138   0.23821138   0.23821138   0.00088832   0.00084392   0.00097653   0.00084675   0.00093363   0.00082024
 2.50  6000.  0.0  2.0   0.34789035   0.75252992   0.89884705   0.74248473   0.88820737   0.71527859   0.02672788  -0.74780436  -0.88461978  -0.69144727  -0.89734028  -0.63555106   0.80156487   1.30028429   1.12636654   1.22499260   1.15981135   1.15157214  -0.38701194  -0.52023350  -0.42429389  -0.49259974  -0.43739903  -0.45777357   0.19365693   0.19212863   0.19212863   0.19212863   0.19212863   0.19212863   0.00123946   0.00395414   0.00545713   0.00395220   0.00524350   0.00361336
 3.00  6000.  0.0  2.0   0.43261431   0.47155625   0.52298842   0.46748605   0.51723318   0.44641352  -0.12020633  -0.10998043  -0.06234082  -0.07789462  -0.07832471  -0.02332951   0.91278153   0.67514871   0.34410160   0.63055970   0.37326502   0.54929385  -0.42381506  -0.30196048  -0.15235712  -0.28606350  -0.16240551  -0.24719711   0.14258374   0.14258374   0.14258374   0.14258374   0.14258374   0.14258374   0.00127715   0.00124379   0.00133747   0.00126966   0.00129789   0.00123322
 3.50  6000.  0.0  2.0   0.42306920   0.47551540   0.53055001   0.47239072   0.52670380   0.45763431  -0.06326334  -0.10855899  -0.09973493  -0.08466720  -0.11692017  -0.04138489   0.83632196   0.66528638   0.39647380   0.63685454   0.42438476   0.56130750  -0.39780410  -0.30071361  -0.17580607  -0.29283781  -0.18580695  -0.25442605   0.10939513   0.10939513   0.10939513   0.10939513   0.10939513   0.10939513   0.00109921   0.00112246   0.00122716   0.00113903   0.00119933   0.00114897
 4.00  6000.  0.0  2.0   0.37093734   0.60497938   0.67507127   0.60124927   0.67014008   0.58831305   0.09155061  -0.41753721  -0.47376899  -0.39769272  -0.48339126  -0.35682594   0.66937629   0.98194084   0.80300579   0.96747750   0.81879600   0.88604856  -0.34227270  -0.42270988  -0.33351497  -0.42300406  -0.33864175  -0.37900344   0.08093732   0.08020313   0.08020313   0.08020313   0.08020313   0.08020313   0.00130405   0.00122284   0.00155288   0.00122378   0.00150731   0.00121367
 4.50  6000.  0.0  2.0   0.40230796   0.46857726   0.52636550   0.46396304   0.52145622   0.46320503   0.08016443  -0.04077425  -0.10632189  -0.02053004  -0.10864631  -0.01702674   0.69192386   0.60396652   0.45967572   0.59729746   0.46236553   0.54982687  -0.38252950  -0.30862953  -0.23082515  -0.31480540  -0.23059172  -0.27904072   0.06259689   0.06259689   0.06259689   0.06259689   0.06259689   0.06259689   0.00121008   0.00136482   0.00151413   0.00135621   0.00148891   0.00140985
 5.00  6000.  0.0  2.0   0.45090379   0.53471289   0.60085084   0.52758075   0.59622619   0.53510310  -0.02712054  -0.20841480  -0.30907264  -0.18017416  -0.30702286  -0.20382780   0.81692077   0.79644178   0.70282121   0.78714431   0.69691721   0.76217265  -0.44394767  -0.39381347  -0.33578864  -0.40158262  -0.33186921  -0.36986678   0.04621020   0.04621020   0.04621020   0.04621020   0.04621020   0.04621020   0.00128639   0.00148979   0.00178946   0.00147956   0.00176083   0.00150772
 5.50  6000.  0.0  2.0   0.40900234   0.59449889   0.66369627   0.58328710   0.66067210   0.60040019   0.08196397  -0.37292509  -0.48813021  -0.32842440  -0.48679937  -0.38545205   0.71996874   0.99384895   0.92681763   0.96983611   0.91936116   0.97787610  -0.42153031  -0.48087966  -0.43452575  -0.48522535  -0.42994211  -0.46327442   0.03452875   0.03401551   0.03401551   0.03401551   0.03401551   0.03401551   0.00138706   0.00174673   0.00230296   0.00175871   0.00227182   0.00172043
 6.00  6000.  0.0  2.0   0.45804505   0.53524947   0.58161416   0.52074065   0.57986907   0.54322968  -0.05747777  -0.22008173  -0.27510430  -0.16129959  -0.27383225  -0.23865210   0.88766193   0.84195998   0.72123162   0.80433856   0.71106263   0.83099436  -0.49163554  -0.42866208  -0.36549497  -0.42956587  -0.35938331  -0.41226403   0.02537712   0.02537712   0.02537712   0.02537712   0.02537712   0.02537712   0.00147538   0.00163629   0.00185419   0.00162156   0.00184571   0.00166782
 1.00  6100.  0.0  2.0   0.21956382   0.33595513   0.50204301   0.32332228   0.50179083   0.32791574   0.48002038   0.31450216   0.09022007   0.36126505   0.06337667   0.32975549   0.22087283   0.22184328   0.17201949   0.17458570   0.22352064   0.18043760  -0.13691967  -0.13794980  -0.10984791  -0.12979466  -0.13116211  -0.11689806   0.37178726   0.37178726   0.37178726   0.37178726   0.37178726   0.37178726   0.00150011   0.00197570   0.00271437   0.00187515   0.00274570   0.00180062
 1.50  6100.  0.0  2.0   0.28159121   0.72388898   0.94895169   0.70436136   0.93295444   0.68996617   0.12325206  -0.56762056  -0.81328069  -0.49191841  -0.82072320  -0.49747887   0.70347433   1.00938264   0.92821628   0.93019639   0.96124725   0.93078069  -0.32642301  -0.37331236  -0.32913975  -0.35010489  -0.34089226  -0.34089907   0.28591431   0.28379667   0.28379667   0.28379667   0.28379667   0.28379667   0.00121475   0.00717052   0.01140247   0.00699903   0.01098352   0.00653517
 2.00  6100.  0.0  2.0   0.31052762   0.33858301   0.38994737   0.32947533   0.38752166   0.31702675   0.05198614   0.13564830   0.26277741   0.18655621   0.22443724   0.19527372   0.83794339   0.48529188   0.01931169   0.42890120   0.08602282   0.40498659  -0.42040227  -0.24734846  -0.04249924  -0.23207384  -0.06909556  -0.21204095   0.23911040   0.23911040   0.23911040   0.23911040   0.23911040   0.23911040   0.00082765   0.00080921   0.00096954   0.00081981   0.00092666   0.00079398
 2.50  6100.  0.0  2.0   0.33222153   0.73085823   0.87886017   0.72433557   0.86589068   0.69854573   0.06577916  -0.70406153  -0.84022088  -0.65615770  -0.84822851  -0.61190284   0.77339540   1.26165628   1.07963212   1.20102364   1.11099411   1.14482342  -0.38950760  -0.51331951  -0.41213053  -0.49394215  -0.42514989  -0.46525460   0.19777236   0.19630399   0.19630399   0.19630399   0.19630399   0.19630399   0.00116170   0.00363007   0.00508198   0.00366448   0.00487049   0.00334843
 3.00  6100.  0.0  2.0   0.33398625   0.36394818   0.39655236   0.35960051   0.39463909   0.34602951   0.10119377   0.12798662   0.23093261   0.16327743   0.20324220   0.19694370   0.70333035   0.45197732   0.04613437   0.39982492   0.09185520   0.34287026  -0.35709531  -0.22950594  -0.04640064  -0.20957346  -0.06392660  -0.18001777   0.14421129   0.14421129   0.14421129   0.14421129   0.14421129   0.14421129   0.00111131   0.00109351   0.00113839   0.00111846   0.00111065   0.00113294
 3.50  6100.  0.0  2.0   0.42132635   0.47443622   0.52512135   0.47062796   0.52412230   0.45794409  -0.06555360  -0.11993473  -0.09072121  -0.09237544  -0.11877918  -0.05411287   0.84935012   0.69303073   0.38398774   0.65703147   0.42872038   0.58642771  -0.41068234  -0.31871258  -0.17225189  -0.30691508  -0.19017524  -0.26983014   0.11045896   0.11045896   0.11045896   0.11045896   0.11045896   0.11045896   0.00112446   0.00115931   0.00128934   0.00117704   0.00126248   0.00119226
 4.00  6100.  0.0  2.0   0.36912004   0.60411183   0.67104726   0.59986935   0.66575987   0.58856055   0.09188933  -0.43015554  -0.47087722  -0.40559953  -0.48003129  -0.36980650   0.67491151   1.00924983   0.79917371   0.98520218   0.81573432   0.91008997  -0.34984701  -0.43906133  -0.33315469  -0.43461365  -0.33868781  -0.39272681   0.08148071   0.08075752   0.08075752   0.08075752   0.08075752   0.08075752   0.00132259   0.00125330   0.00160004   0.00125676   0.00155818   0.00125190
 4.50  6100.  0.0  2.0   0.42511216   0.49011061   0.54784422   0.48568762   0.54280008   0.48615521   0.03469335  -0.09571049  -0.16255508  -0.07305977  -0.16595979  -0.07509559   0.73382885   0.66404882   0.51221461   0.65079421   0.51844393   0.61166619  -0.40344102  -0.33610510  -0.25124782  -0.33906194  -0.25292898  -0.30650605   0.06262269   0.06262269   0.06262269   0.06262269   0.06262269   0.06262269   0.00121492   0.00136175   0.00152886   0.00135700   0.00150222   0.00141153
 5.00  6100.  0.0  2.0   0.46394428   0.54511288   0.61282856   0.53822961   0.60801130   0.54896483  -0.06131977  -0.24330354  -0.35029493  -0.21337549  -0.34840699  -0.24892258   0.86071574   0.84270511   0.74952138   0.82888642   0.74484037   0.81992197  -0.46876107  -0.41714979  -0.35613491  -0.42290230  -0.35282940  -0.39765812   0.04615700   0.04615700   0.04615700   0.04615700   0.04615700   0.04615700   0.00129908   0.00149661   0.00182353   0.00149376   0.00179273   0.00151070
 5.50  6100.  0.0  2.0   0.41316872   0.59383493   0.66626631   0.58310814   0.66253388   0.60156191   0.08699799  -0.37199445  -0.50062888  -0.32568134  -0.49796718  -0.39063506   0.70792421   0.99509197   0.93656341   0.96452683   0.92815841   0.98515382  -0.42346911  -0.48721700  -0.44050057  -0.48801236  -0.43538558  -0.47106571   0.03451296   0.03417333   0.03417333   0.03417333   0.03417333   0.03417333   0.00141123   0.00181025   0.00238376   0.00182920   0.00235068   0.00177274
 6.00  6100.  0.0  2.0   0.39835436   0.48662813   0.53914061   0.46832225   0.53783581   0.49857412   0.20888909  -0.02895783  -0.12101501   0.05082032  -0.12121822  -0.06806290   0.54254485   0.60912641   0.53559749   0.53796715   0.52605926   0.62885193  -0.36546650  -0.34927595  -0.30336106  -0.33492029  -0.29659745  -0.34642361   0.02548300   0.02548300   0.02548300   0.02548300   0.02548300   0.02548300   0.00144267   0.00159597   0.00189692   0.00161409   0.00187553   0.00159083
 1.00  6200.  0.0  2.0   0.41048099   0.56473488   0.78650449   0.54812730   0.79177049   0.55238499   0.11645128  -0.06487841  -0.30108996   0.00073651  -0.35373853  -0.04188981   0.51980144   0.48059435   0.33737383   0.40199679   0.43007567   0.42521096  -0.21637736  -0.18868998  -0.10160396  -0.16526892  -0.14216580  -0.15838447   0.37123940   0.37123940   0.37123940   0.37123940   0.37123940   0.37123940   0.00579695   0.00880648   0.01406605   0.00847598   0.01420603   0.00826555
 1.50  6200.  0.0  2.0   0.14891521   0.74108976   0.96781474   0.72527350   0.96048699   0.72015052   0.38879653  -0.61122724  -0.88952051  -0.53974627  -0.90061818  -0.54371961   0.48010400   1.09788299   1.02003648   1.00203943   1.05267963   0.98013801  -0.26152149  -0.42505329  -0.36885892  -0.38974799  -0.38030311  -0.36715965   0.28601306   0.28287769   0.28287769   0.28287769   0.28287769   0.28287769   0.00018729   0.00759819   0.01139908   0.00734332   0.01136450   0.00708947
 2.00  6200.  0.0  2.0   0.30359432   0.33197794   0.38098265   0.32375632   0.37939743   0.31215865   0.06729658   0.14589616   0.28755847   0.19769586   0.24653972   0.19905711   0.83669785   0.48775374  -0.01344683   0.42604751   0.05922315   0.41394575  -0.43152041  -0.25682512  -0.03247022  -0.23857770  -0.06212336  -0.22317301   0.23984460   0.23984460   0.23984460   0.23984460   0.23984460   0.23984460   0.00077063   0.00076969   0.00095817   0.00078842   0.00091325   0.00076096
 2.50  6200.  0.0  2.0   0.23025937   0.51837989   0.60418273   0.51264144   0.59854855   0.49405956   0.27074388  -0.25509820  -0.23410077  -0.20629696  -0.25840382  -0.17491496   0.59937316   0.86208384   0.49719151   0.78989291   0.54660647   0.74374726  -0.33860574  -0.38623283  -0.21043565  -0.35861730  -0.23046484  -0.33256511   0.19676268   0.19531428   0.19531428   0.19531428   0.19531428   0.19531428   0.00088912   0.00113946   0.00141488   0.00117344   0.00136240   0.00110950
 3.00  6200.  0.0  2.0   0.42825957   0.46233088   0.50411287   0.45883249   0.49964217   0.44045161  -0.11569772  -0.10076443  -0.01086211  -0.06553274  -0.03204510  -0.02120865   0.92414944   0.68397340   0.27281359   0.62804518   0.31324090   0.56016360  -0.44397029  -0.31835570  -0.12692500  -0.29581191  -0.14264176  -0.26122206   0.14490117   0.14490117   0.14490117   0.14490117   0.14490117   0.14490117   0.00127393   0.00125011   0.00134507   0.00128242   0.00130346   0.00125464
 3.50  6200.  0.0  2.0   0.51639679   0.57137903   0.62888334   0.56680859   0.62448176   0.55203639  -0.28991376  -0.35193945  -0.33507686  -0.32032243  -0.35327880  -0.27824859   1.07579024   0.92849317   0.61738123   0.88366139   0.65192438   0.81032150  -0.49852471  -0.40837023  -0.25579049  -0.39174650  -0.26955707  -0.35352381   0.11046947   0.11046947   0.11046947   0.11046947   0.11046947   0.11046947   0.00128158   0.00129911   0.00149351   0.00131654   0.00144975   0.00129910
 4.00  6200.  0.0  2.0   0.37229656   0.54814156   0.61028367   0.54389404   0.60782714   0.53785885   0.08423295  -0.30290153  -0.32676329  -0.27659518  -0.34593268  -0.25472720   0.68343954   0.88558635   0.64329063   0.85597716   0.67498756   0.79597276  -0.35816738  -0.39860822  -0.27536920  -0.39107175  -0.28795289  -0.35439858   0.08189825   0.08154125   0.08154125   0.08154125   0.08154125   0.08154125   0.00135068   0.00132490   0.00166380   0.00132843   0.00162103   0.00134613
 4.50  6200.  0.0  2.0   0.42558763   0.49054859   0.54945562   0.48596907   0.54442155   0.48836494   0.03817671  -0.10361032  -0.17591680  -0.07798175  -0.18029438  -0.08625244   0.72750137   0.67859498   0.52427427   0.65831606   0.53344264   0.62678247  -0.40620061  -0.34726762  -0.25746649  -0.34678874  -0.26061706  -0.31668095   0.06297330   0.06297330   0.06297330   0.06297330   0.06297330   0.06297330   0.00125539   0.00138484   0.00157154   0.00138516   0.00154138   0.00143574
 5.00  6200.  0.0  2.0   0.45524943   0.53647055   0.60712598   0.52943503   0.60218525   0.54181304  -0.03188201  -0.22647738  -0.34572378  -0.19399112  -0.34458012  -0.23721509   0.82579922   0.82942164   0.74280700   0.80860032   0.74070644   0.81157917  -0.46155129  -0.41805269  -0.35570057  -0.42008789  -0.35373429  -0.39968049   0.04659927   0.04659927   0.04659927   0.04659927   0.04659927   0.04659927   0.00137819   0.00155983   0.00188662   0.00156165   0.00185523   0.00157038
 5.50  6200.  0.0  2.0   0.36624327   0.56320253   0.64652533   0.55135466   0.64244818   0.57586482   0.30098069  -0.23521715  -0.41439082  -0.17956014  -0.41077445  -0.27508512   0.42980106   0.82737282   0.83099332   0.77962202   0.82105569   0.84657672  -0.32139706  -0.43179766  -0.40814295  -0.42457567  -0.40180715  -0.42784564   0.03481893   0.03431418   0.03431418   0.03431418   0.03431418   0.03431418   0.00137450   0.00192525   0.00255724   0.00197035   0.00251595   0.00185919
 6.00  6200.  0.0  2.0   0.38390216   0.47273382   0.52900237   0.45466564   0.52772874   0.48612225   0.30356466   0.03878771  -0.07555581   0.12297286  -0.07696548  -0.00782833   0.39824370   0.51200899   0.46289382   0.42886421   0.45557407   0.54227188  -0.30999825  -0.31410234  -0.27524731  -0.29312576  -0.26926880  -0.31538517   0.02571010   0.02571010   0.02571010   0.02571010   0.02571010   0.02571010   0.00149051   0.00162865   0.00193919   0.00165841   0.00191429   0.00161602
 1.00  6300.  0.0  2.0   0.24500858   0.33406480   0.46653434   0.32239002   0.47273369   0.32394138   0.30762326   0.25625865   0.19176258   0.31503073   0.14026244   0.27268024   0.47089728   0.31665824   0.02043774   0.23748714   0.11171007   0.26333158  -0.23811089  -0.17215374  -0.03608353  -0.14617405  -0.07557788  -0.13877279   0.37168737   0.37168737   0.37168737   0.37168737   0.37168737   0.37168737   0.00133787   0.00173364   0.00232537   0.00166885   0.00240487   0.00155296
 1.50  6300.  0.0  2.0   0.14798168   0.73944107   0.96497874   0.72483389   0.95916867   0.70566079   0.40102442  -0.60626653  -0.87584751  -0.53705195  -0.89438339  -0.52442999   0.45926991   1.08240406   0.98204914   0.98708510   1.03009631   0.96388726  -0.26021250  -0.42145834  -0.35204661  -0.38680032  -0.37215880  -0.36546045   0.28728664   0.28417624   0.28417624   0.28417624   0.28417624   0.28417624   0.00013859   0.00735931   0.01105571   0.00717814   0.01104834   0.00657883
 2.00  6300.  0.0  2.0   0.45027090   0.50377924   0.61391017   0.50174482   0.60779724   0.48673672  -0.23477838  -0.21670470  -0.21662730  -0.18644406  -0.25221713  -0.18314099   1.12380665   0.81986062   0.44672917   0.78749154   0.52053726   0.77487801  -0.54332198  -0.37804788  -0.19203111  -0.37063596  -0.22406974  -0.35390115   0.24231281   0.24231281   0.24231281   0.24231281   0.24231281   0.24231281   0.00190057   0.00211983   0.00307437   0.00215916   0.00295072   0.00198700
 2.50  6300.  0.0  2.0   0.31440640   0.49628852   0.58914286   0.49510653   0.58301320   0.47735815   0.10004520  -0.20135752  -0.20379305  -0.17152850  -0.22952264  -0.15224158   0.76392536   0.80203645   0.46404962   0.76416281   0.51927896   0.73657119  -0.40725439  -0.36951406  -0.20357777  -0.35933350  -0.22699952  -0.33991151   0.20131841   0.20061341   0.20061341   0.20061341   0.20061341   0.20061341   0.00105424   0.00107912   0.00142214   0.00111593   0.00136259   0.00105027
 3.00  6300.  0.0  2.0   0.41932096   0.45043427   0.49055193   0.44779606   0.48549592   0.43210277  -0.10334454  -0.08203538   0.01553068  -0.04848410  -0.00354351  -0.01545200   0.92454753   0.67614137   0.24399372   0.61960154   0.28386784   0.56711210  -0.45333069  -0.32257473  -0.11889166  -0.29900358  -0.13484085  -0.27038806   0.14644944   0.14644944   0.14644944   0.14644944   0.14644944   0.14644944   0.00123099   0.00121714   0.00133995   0.00124952   0.00129531   0.00123372
 3.50  6300.  0.0  2.0   0.41934188   0.46269109   0.50989082   0.45954459   0.50569792   0.45024926  -0.08351801  -0.11491432  -0.07045219  -0.08662082  -0.08732626  -0.06122502   0.89190829   0.70818773   0.35793524   0.66448496   0.39081681   0.61046956  -0.44408177  -0.33695001  -0.16618387  -0.32003967  -0.17898255  -0.28854162   0.11263656   0.11263656   0.11263656   0.11263656   0.11263656   0.11263656   0.00115468   0.00118882   0.00139525   0.00120904   0.00135531   0.00122397
 4.00  6300.  0.0  2.0   0.35704751   0.55233663   0.61451625   0.54886541   0.61019021   0.54449189   0.11582269  -0.31577043  -0.33893693  -0.29054651  -0.35213192  -0.27440062   0.65367594   0.89907909   0.64480707   0.86733523   0.67054987   0.81425618  -0.35322983  -0.40718950  -0.27515572  -0.39788407  -0.28531858  -0.36326079   0.08276639   0.08206517   0.08206517   0.08206517   0.08206517   0.08206517   0.00147524   0.00137424   0.00173802   0.00138446   0.00169428   0.00140413
 4.50  6300.  0.0  2.0   0.40721702   0.47197585   0.53395416   0.46765751   0.52929580   0.47007103   0.07860501  -0.06885697  -0.15069891  -0.04270218  -0.15695895  -0.05087788   0.69172653   0.65399655   0.50165073   0.62970233   0.51493091   0.59797000  -0.39939760  -0.34466053  -0.25170761  -0.34163722  -0.25693762  -0.31072280   0.06369568   0.06369568   0.06369568   0.06369568   0.06369568   0.06369568   0.00133609   0.00145014   0.00164195   0.00145788   0.00161291   0.00149556
 5.00  6300.  0.0  2.0   0.45634549   0.53400190   0.60559223   0.52778309   0.60160172   0.53698845  -0.03357510  -0.23192165  -0.36036452  -0.19970749  -0.36404310  -0.23434687   0.82232360   0.83976822   0.75658737   0.81524644   0.76300551   0.80885443  -0.46548161  -0.42781923  -0.36262074  -0.42752488  -0.36477360  -0.40266357   0.04700532   0.04700532   0.04700532   0.04700532   0.04700532   0.04700532   0.00144221   0.00159860   0.00194405   0.00160845   0.00191156   0.00161484
 5.50  6300.  0.0  2.0   0.36217452   0.55436043   0.64042724   0.54225327   0.63648355   0.56780619   0.36472722  -0.17948722  -0.38071451  -0.12094804  -0.37841270  -0.22552577   0.31627937   0.73968945   0.77246455   0.68424508   0.76493733   0.76917459  -0.27370842  -0.39742030  -0.38466207  -0.38583763  -0.37927395  -0.39815033   0.03472772   0.03439409   0.03439409   0.03439409   0.03439409   0.03439409   0.00137043   0.00201845   0.00269158   0.00207018   0.00264317   0.00194197
 6.00  6300.  0.0  2.0   0.38212064   0.46902957   0.52859615   0.45183989   0.52694850   0.48285705   0.34272893   0.06473507  -0.06814817   0.14918156  -0.06955006   0.01446002   0.33212125   0.47380857   0.44252565   0.38528487   0.43621122   0.50899084  -0.28681404  -0.30324599  -0.26828140  -0.27873449  -0.26270702  -0.30602674   0.02572273   0.02572273   0.02572273   0.02572273   0.02572273   0.02572273   0.00154232   0.00168962   0.00201406   0.00172629   0.00198743   0.00167431
 1.00  6400.  0.0  2.0   0.24238153   0.33118657   0.46700953   0.32120818   0.46990568   0.32103277   0.32243804   0.27264157   0.19571651   0.32969769   0.15933125   0.28077860   0.45936556   0.29822518   0.00594848   0.21563689   0.07787611   0.25484117  -0.24041121  -0.16855398  -0.03077616  -0.13961117  -0.06156448  -0.13661290   0.37033886   0.37033886   0.37033886   0.37033886   0.37033886   0.37033886   0.00133755   0.00172040   0.00227993   0.00166667   0.00236980   0.00152304
 1.50  6400.  0.0  2.0   0.26154794   0.47744590   0.62633221   0.47088310   0.62794486   0.46108450   0.22861570  -0.10117146  -0.24677838  -0.05523781  -0.28483380  -0.05925382   0.56396364   0.66783584   0.48000973   0.60013665   0.55395898   0.58190036  -0.27871342  -0.29770649  -0.20727071  -0.27485201  -0.23877665  -0.24987384   0.28409633   0.28304133   0.28304133   0.28304133   0.28304133   0.28304133   0.00097743   0.00163005   0.00200666   0.00158723   0.00206154   0.00143683
 2.00  6400.  0.0  2.0   0.46399441   0.52970828   0.61846480   0.52262469   0.62348384   0.50469089  -0.26813302  -0.29069309  -0.24082045  -0.23853530  -0.29633422  -0.22656401   1.16913405   0.94483147   0.48059809   0.85852462   0.57436921   0.84149663  -0.56569556  -0.44180761  -0.20791533  -0.40490479  -0.24723029  -0.38888534   0.23859694   0.23859694   0.23859694   0.23859694   0.23859694   0.23859694   0.00184470   0.00213410   0.00283412   0.00211899   0.00282526   0.00189039
 2.50  6400.  0.0  2.0   0.31714839   0.71034469   0.85092163   0.70866528   0.84229395   0.68311403   0.09185652  -0.67230540  -0.77091628  -0.63154761  -0.79056753  -0.59602809   0.77983154   1.26064106   0.98932161   1.19619900   1.04061059   1.15516100  -0.41754402  -0.53325951  -0.38246171  -0.50887615  -0.40500177  -0.48517857   0.19830177   0.19688334   0.19688334   0.19688334   0.19688334   0.19688334   0.00103275   0.00332191   0.00467325   0.00339862   0.00453860   0.00306846
 3.00  6400.  0.0  2.0   0.41197436   0.43885364   0.47772400   0.43840835   0.47528723   0.42330092  -0.08950091  -0.05694672   0.04692037  -0.03005752   0.01816267  -0.00086874   0.91944198   0.65650792   0.20444765   0.60643626   0.26060423   0.55914400  -0.45962468  -0.32117571  -0.10533373  -0.29985996  -0.12951625  -0.27243017   0.14788784   0.14788784   0.14788784   0.14788784   0.14788784   0.14788784   0.00120219   0.00118410   0.00133057   0.00122384   0.00129192   0.00121103
 3.50  6400.  0.0  2.0   0.42292510   0.46059335   0.50722505   0.46100505   0.50504405   0.45313748  -0.09652272  -0.11161576  -0.06316810  -0.09522448  -0.08748398  -0.07568582   0.90919015   0.70616051   0.33980344   0.67566697   0.38569942   0.62956451  -0.45597885  -0.33987410  -0.15890289  -0.32811613  -0.17840407  -0.29928521   0.11333079   0.11333079   0.11333079   0.11333079   0.11333079   0.11333079   0.00118021   0.00119787   0.00143439   0.00123223   0.00139417   0.00125288
 4.00  6400.  0.0  2.0   0.36074861   0.60511389   0.66685488   0.60459588   0.66197299   0.59791591   0.10002668  -0.44826660  -0.46799075  -0.43204676  -0.48069393  -0.41213322   0.67549110   1.03796666   0.76890928   1.01434412   0.79698898   0.95938059  -0.36711319  -0.46186344  -0.32021496  -0.45503324  -0.33210971  -0.41952841   0.08350258   0.08246961   0.08246961   0.08246961   0.08246961   0.08246961   0.00151833   0.00136453   0.00178208   0.00138001   0.00173630   0.00138342
 4.50  6400.  0.0  2.0   0.41106628   0.47209152   0.53343787   0.46968176   0.53091490   0.47283334   0.07190316  -0.07436474  -0.15712064  -0.05313585  -0.17178135  -0.06564436   0.69228237   0.66203526   0.50036821   0.63993661   0.52735176   0.61687986  -0.40289474  -0.35235313  -0.25066817  -0.34913817  -0.26255247  -0.32262101   0.06419613   0.06419613   0.06419613   0.06419613   0.06419613   0.06419613   0.00137100   0.00147681   0.00168227   0.00148893   0.00164896   0.00152795
 5.00  6400.  0.0  2.0   0.47910007   0.55317677   0.62731257   0.54830907   0.62279859   0.56047316  -0.07571698  -0.27186381  -0.41189080  -0.24340143  -0.41485158  -0.29136683   0.85390192   0.87622036   0.79984971   0.85276796   0.80697024   0.86965346  -0.47872645  -0.44378906  -0.37787842  -0.44289758  -0.38048966  -0.42976320   0.04704602   0.04704602   0.04704602   0.04704602   0.04704602   0.04704602   0.00149241   0.00166388   0.00201828   0.00167591   0.00198137   0.00167080
 5.50  6400.  0.0  2.0   0.35408763   0.54999586   0.64047147   0.53942081   0.63627561   0.56119083   0.41048944  -0.15775757  -0.38301896  -0.10228046  -0.38135003  -0.19886870   0.24441805   0.70703003   0.76504096   0.65083133   0.76026337   0.73082052  -0.24753138  -0.38835336  -0.38262702  -0.37525887  -0.37872149  -0.38616767   0.03524546   0.03475169   0.03475169   0.03475169   0.03475169   0.03475169   0.00139481   0.00212731   0.00280962   0.00218528   0.00275581   0.00207136
 6.00  6400.  0.0  2.0   0.37493378   0.46182272   0.52563691   0.44582550   0.52405393   0.47862974   0.39293098   0.09700038  -0.05816102   0.17975477  -0.06089187   0.03282584   0.25280873   0.42942721   0.42125445   0.33808311   0.41782088   0.48554075  -0.25695461  -0.28963469  -0.26090650  -0.26247816  -0.25665168  -0.30210500   0.02600428   0.02600428   0.02600428   0.02600428   0.02600428   0.02600428   0.00158313   0.00173521   0.00205053   0.00177802   0.00201626   0.00171519
 1.00  6500.  0.0  2.0   0.38748587   0.53404030   0.76131893   0.52568527   0.76512259   0.52176784   0.21880893   0.07329606  -0.17999559   0.12487848  -0.21574371   0.06281822   0.41196825   0.31049021   0.15945566   0.23376628   0.22805328   0.30143602  -0.19172198  -0.12885205  -0.03169991  -0.10231464  -0.05979948  -0.11180723   0.36930156   0.36930156   0.36930156   0.36930156   0.36930156   0.36930156   0.00549867   0.00831944   0.01347033   0.00817947   0.01371239   0.00762124
 1.50  6500.  0.0  2.0   0.20092363   0.70722212   0.97533859   0.70696549   0.97581521   0.68833863   0.52426581  -0.39317720  -0.89078388  -0.37698872  -0.92071905  -0.37916079   0.22910982   0.83043533   1.01332379   0.80606472   1.07883839   0.79860165  -0.19012267  -0.35322721  -0.38286648  -0.35016424  -0.41256080  -0.33007547   0.28472563   0.28259800   0.28259800   0.28259800   0.28259800   0.28259800   0.00100594   0.00761315   0.01116033   0.00752992   0.01131081   0.00695114
 2.00  6500.  0.0  2.0   0.46411684   0.53285248   0.63032528   0.52841419   0.63422143   0.50760602  -0.25766267  -0.29401491  -0.27157845  -0.24644066  -0.32103869  -0.23457905   1.16175827   0.95124791   0.50618618   0.86640058   0.59323038   0.85553829  -0.57190405  -0.45052883  -0.21924411  -0.41319025  -0.25581547  -0.39985483   0.23974567   0.23974567   0.23974567   0.23974567   0.23974567   0.23974567   0.00184564   0.00211424   0.00277326   0.00210909   0.00277192   0.00185150
 2.50  6500.  0.0  2.0   0.20886399   0.49684873   0.58587746   0.49515927   0.58417846   0.47610275   0.32700075  -0.21013273  -0.19411359  -0.16969663  -0.22913451  -0.14717290   0.56759234   0.84278538   0.44233261   0.77081634   0.51146581   0.74087686  -0.35412892  -0.40147078  -0.19715035  -0.37086299  -0.22697269  -0.34988490   0.20004906   0.19865559   0.19865559   0.19865559   0.19865559   0.19865559   0.00068423   0.00099868   0.00134289   0.00103650   0.00130458   0.00095744
 3.00  6500.  0.0  2.0   0.40645577   0.43188864   0.69180924   0.43390048   0.68802335   0.41529874  -0.07281126  -0.03860784  -0.47043001  -0.01894252  -0.49651681   0.02035711   0.90681663   0.64131663   0.72676679   0.59862684   0.78292776   0.53812223  -0.46217588  -0.32102871  -0.29834584  -0.30246982  -0.32328445  -0.26793297   0.14907652   0.14907652   0.14853652   0.14907652   0.14853652   0.14907652   0.00117595   0.00116530   0.00173080   0.00121021   0.00167988   0.00118055
 3.50  6500.  0.0  2.0   0.41723142   0.45444102   0.50130873   0.45623709   0.50036838   0.44574656  -0.08122543  -0.09891474  -0.04994025  -0.08664691  -0.07827887  -0.05879196   0.89580293   0.69875862   0.31938610   0.67049697   0.37280909   0.61280189  -0.45721730  -0.34327717  -0.15253328  -0.33140730  -0.17581747  -0.29610057   0.11536354   0.11536354   0.11536354   0.11536354   0.11536354   0.11536354   0.00118432   0.00122334   0.00149073   0.00125673   0.00145236   0.00126190
 4.00  6500.  0.0  2.0   0.38157264   0.59978924   0.65988018   0.60115002   0.65668772   0.59289513   0.05481385  -0.43390150  -0.44761602  -0.42345898  -0.46598204  -0.39819880   0.71928631   1.02413978   0.73687907   1.00468656   0.77462786   0.94210719  -0.38671798  -0.46034995  -0.30737346  -0.45419332  -0.32409976  -0.41434271   0.08403887   0.08336262   0.08336262   0.08336262   0.08336262   0.08336262   0.00149285   0.00140105   0.00184063   0.00141548   0.00179579   0.00141113
 4.50  6500.  0.0  2.0   0.40953414   0.46994242   0.53550215   0.46779738   0.53041229   0.47190614   0.07492871  -0.07554763  -0.17445115  -0.05450490  -0.17994914  -0.07248627   0.69142794   0.67060312   0.52224766   0.64455626   0.53763614   0.63170687  -0.40780747  -0.36081739  -0.26192043  -0.35435166  -0.26840177  -0.33266674   0.06487038   0.06487038   0.06487038   0.06487038   0.06487038   0.06487038   0.00139983   0.00150123   0.00171683   0.00151116   0.00168146   0.00154599
 5.00  6500.  0.0  2.0   0.47438124   0.55367664   0.62930412   0.55022147   0.62507353   0.56182546  -0.05152935  -0.27660029  -0.42510867  -0.25200254  -0.42960355  -0.30051117   0.81388557   0.88345034   0.81027763   0.86136940   0.82079786   0.88288578  -0.46335057  -0.45050442  -0.38244089  -0.44917522  -0.38666132  -0.43881766   0.04742459   0.04742459   0.04742459   0.04742459   0.04742459   0.04742459   0.00157707   0.00171148   0.00207750   0.00172375   0.00203416   0.00171546
 5.50  6500.  0.0  2.0   0.34967353   0.54471305   0.63853665   0.53482437   0.63464943   0.55995783   0.43736959  -0.14215578  -0.38458848  -0.08812420  -0.38433608  -0.19959838   0.20192723   0.68872368   0.76408827   0.63148567   0.76221755   0.73671412  -0.23214101  -0.38454709  -0.38345117  -0.37027552  -0.38096880  -0.39399467   0.03535484   0.03502920   0.03502920   0.03502920   0.03502920   0.03502920   0.00144341   0.00218466   0.00285257   0.00224945   0.00279127   0.00210668
 6.00  6500.  0.0  2.0   0.38113249   0.46823139   0.53500582   0.45380282   0.53326075   0.48636002   0.38874118   0.07876485  -0.09637500   0.15620492  -0.09925684   0.00773311   0.24186676   0.44460752   0.45825619   0.35676216   0.45630944   0.51058844  -0.25416874  -0.29839864  -0.27579212  -0.27162953  -0.27238496  -0.31495625   0.02602640   0.02602640   0.02602640   0.02602640   0.02602640   0.02602640   0.00170767   0.00183049   0.00214563   0.00187878   0.00210670   0.00180102
 1.00  6600.  0.0  2.0   0.21071093   0.30850124   0.45685676   0.30201327   0.46153766   0.29921494   0.49232917   0.41695085   0.28221161   0.46619556   0.25282714   0.39142613   0.25166929   0.10739429  -0.13032291   0.02658158  -0.07028107   0.11813704  -0.17467455  -0.10052548   0.02407188  -0.06985486  -0.00100465  -0.08957027   0.37044866   0.37044866   0.37044866   0.37044866   0.37044866   0.37044866   0.00129677   0.00171041   0.00228695   0.00167735   0.00243754   0.00147629
 1.50  6600.  0.0  2.0   0.20140445   0.70744953   0.97462934   0.70816207   0.97615109   0.68622712   0.53105200  -0.38166674  -0.87108081  -0.36364259  -0.89920644  -0.37105247   0.21732147   0.80719391   0.96619973   0.77431559   1.02877055   0.78433531  -0.18584555  -0.34158570  -0.35868491  -0.33333985  -0.38682022  -0.32183482   0.28353696   0.28138934   0.28138934   0.28138934   0.28138934   0.28138934   0.00098126   0.00761308   0.01118555   0.00755395   0.01137627   0.00687437
 2.00  6600.  0.0  2.0   0.29339794   0.34292042   0.40717486   0.34081701   0.41123853   0.32587675   0.10872329   0.10445154   0.18793203   0.14574047   0.14281378   0.14185208   0.83297678   0.59704569   0.08800694   0.51636155   0.17013857   0.52448777  -0.47189335  -0.34106489  -0.08286462  -0.30432190  -0.11781415  -0.29800222   0.24022918   0.24022918   0.24022918   0.24022918   0.24022918   0.24022918   0.00034435   0.00032726   0.00039494   0.00032541   0.00039485   0.00027364
 2.50  6600.  0.0  2.0   0.20588216   0.50513007   0.59946296   0.50440274   0.59923803   0.48237760   0.33542749  -0.23599425  -0.24589062  -0.20131875  -0.28103974  -0.17163521   0.56646039   0.88318948   0.49989704   0.81422682   0.56965960   0.77742014  -0.36276025  -0.42621118  -0.22247840  -0.39496158  -0.25284798  -0.37097619   0.20002408   0.19862562   0.19862562   0.19862562   0.19862562   0.19862562   0.00044325   0.00086031   0.00116406   0.00088275   0.00113949   0.00079445
 3.00  6600.  0.0  2.0   0.30595125   0.33219509   0.91139951   0.33387015   0.90596862   0.32249799   0.16531788   0.19178446  -0.97899252   0.21127479  -0.99880061   0.22655956   0.67208846   0.41895523   1.22233862   0.37478689   1.27227650   0.34678543  -0.38412637  -0.24774954  -0.47643053  -0.22785446  -0.49904998  -0.20763291   0.15059424   0.15059424   0.14898662   0.15059424   0.14898662   0.15059424   0.00099858   0.00103872   0.00398712   0.00108169   0.00391053   0.00108038
 3.50  6600.  0.0  2.0   0.49492781   0.53292094   0.58460391   0.53583448   0.58419694   0.52300719  -0.26269970  -0.28168613  -0.24299206  -0.27264334  -0.27333323  -0.24472954   1.08062055   0.88278887   0.50347455   0.85632946   0.56221218   0.80532227  -0.52936276  -0.41328580  -0.21883557  -0.40140471  -0.24523449  -0.37038693   0.11538400   0.11538400   0.11538400   0.11538400   0.11538400   0.11538400   0.00123658   0.00127203   0.00157915   0.00129801   0.00153896   0.00127818
 4.00  6600.  0.0  2.0   0.37954128   0.59553948   0.65406572   0.59745878   0.65169935   0.59134968   0.05254819  -0.43048324  -0.43940829  -0.42206536  -0.46015825  -0.40721670   0.72862026   1.02653196   0.72370262   1.00697232   0.76663136   0.96155803  -0.39663456  -0.46608500  -0.30326895  -0.45885523  -0.32282784  -0.42713435   0.08505673   0.08439247   0.08439247   0.08439247   0.08439247   0.08439247   0.00148851   0.00142776   0.00190345   0.00144147   0.00185320   0.00143775
 4.50  6600.  0.0  2.0   0.42845008   0.48757697   0.55369544   0.48484915   0.54976348   0.49101642   0.03918328  -0.11478030  -0.21842721  -0.09107319  -0.22876689  -0.11930629   0.71768269   0.70806215   0.55619975   0.67457413   0.58118647   0.67925047  -0.41885720  -0.37735609  -0.27274309  -0.36623556  -0.28444216  -0.35294645   0.06524977   0.06524977   0.06524977   0.06524977   0.06524977   0.06524977   0.00141210   0.00151432   0.00173972   0.00152917   0.00170290   0.00155501
 5.00  6600.  0.0  2.0   0.47909006   0.55353294   0.63319052   0.55009005   0.62696492   0.56299060  -0.06521882  -0.27970497  -0.44586927  -0.25410394  -0.44369030  -0.30960499   0.83085776   0.88896562   0.83143027   0.86204666   0.83459512   0.89676344  -0.47572502  -0.45631910  -0.39177080  -0.45187676  -0.39294793  -0.44823345   0.04787809   0.04787809   0.04787809   0.04787809   0.04787809   0.04787809   0.00161599   0.00175873   0.00211714   0.00177633   0.00208029   0.00175346
 5.50  6600.  0.0  2.0   0.35163705   0.54252957   0.63957620   0.53394604   0.63584690   0.55882291   0.44977357  -0.13138227  -0.39405839  -0.08146843  -0.39508990  -0.19646151   0.17196311   0.67105792   0.76802111   0.61551022   0.76946407   0.73217981  -0.22233296  -0.38075125  -0.38572255  -0.36611518  -0.38494405  -0.39660727   0.03564769   0.03548719   0.03548719   0.03548719   0.03548719   0.03548719   0.00151017   0.00228582   0.00296180   0.00235399   0.00289262   0.00219653
 6.00  6600.  0.0  2.0   0.37773082   0.46371191   0.53391429   0.45078476   0.53231215   0.48342157   0.41945213   0.10089291  -0.09583679   0.17442150  -0.10013511   0.02112525   0.18984555   0.41198182   0.44963108   0.32517017   0.45106703   0.49148817  -0.23548815  -0.28853420  -0.27299585  -0.26100802  -0.27134735  -0.31125520   0.02626713   0.02626713   0.02626713   0.02626713   0.02626713   0.02626713   0.00179998   0.00189491   0.00221109   0.00195467   0.00216195   0.00186130
 1.00  6700.  0.0  2.0   0.18090729   0.28418724   0.44154198   0.27928935   0.44362667   0.27497704   0.64162114   0.52134901   0.31811916   0.56589889   0.29807478   0.48268248   0.05302907  -0.02422838  -0.16681294  -0.10069431  -0.11158251   0.01487927  -0.10024969  -0.05430541   0.03212768  -0.02539084   0.00567287  -0.05749696   0.36405582   0.36405582   0.36405582   0.36405582   0.36405582   0.36405582   0.00110214   0.00145284   0.00190143   0.00142895   0.00204577   0.00123794
 1.50  6700.  0.0  2.0   0.22013328   0.45855000   0.62901136   0.45638494   0.62832102   0.43931795   0.44443726   0.03995459  -0.20691042   0.07628369  -0.22146703   0.05227536   0.31591899   0.48972058   0.39271953   0.42418052   0.43657762   0.45846329  -0.21442645  -0.24696386  -0.17424177  -0.22239703  -0.19358431  -0.22103543   0.28308746   0.28200246   0.28200246   0.28200246   0.28200246   0.28200246   0.00091140   0.00155644   0.00180636   0.00152604   0.00192270   0.00132848
 2.00  6700.  0.0  2.0   0.28175541   0.33846504   0.41163792   0.33737928   0.41330230   0.32095128   0.16428483   0.13370758   0.17723251   0.17151042   0.14607166   0.16598535   0.76708791   0.56173550   0.09047256   0.48207908   0.15489172   0.49856493  -0.45304005  -0.33247745  -0.08412057  -0.29494015  -0.11184774  -0.29317704   0.23954993   0.23954993   0.23954993   0.23954993   0.23954993   0.23954993   0.00034653   0.00031607   0.00033889   0.00030332   0.00035157   0.00025391
 2.50  6700.  0.0  2.0   0.19872666   0.50613779   0.60690545   0.50658599   0.60324265   0.48665140   0.35991838  -0.23365383  -0.27298203  -0.20398744  -0.29024629  -0.19055733   0.55063536   0.88867023   0.52841618   0.82234774   0.57409026   0.81498719  -0.36796430  -0.43682127  -0.23628736  -0.40514464  -0.25614442  -0.39592533   0.19942971   0.19799131   0.19799131   0.19799131   0.19799131   0.19799131   0.00025141   0.00075461   0.00100024   0.00076265   0.00101249   0.00066142
 3.00  6700.  0.0  2.0   0.38859838   0.41779104   0.91232275   0.42057175   0.90317521   0.40543911  -0.01403020   0.00037695  -0.98468522   0.01983696  -0.99011792   0.03578900   0.84781372   0.60644156   1.22456855   0.55973436   1.25761354   0.53910633  -0.45253926  -0.31838526  -0.47939692  -0.29690290  -0.49530129  -0.28081261   0.15068473   0.15068473   0.14961592   0.15068473   0.14961592   0.15068473   0.00102732   0.00105617   0.00397670   0.00109078   0.00392572   0.00105857
 3.50  6700.  0.0  2.0   0.40634867   0.44519257   0.49477943   0.44599169   0.49258506   0.43895286  -0.04821377  -0.07478177  -0.03529361  -0.05883282  -0.05665141  -0.05074168   0.86485506   0.67904148   0.29064356   0.64122305   0.33841572   0.61543287  -0.45751597  -0.34602468  -0.14428183  -0.32819201  -0.16607174  -0.30679920   0.11798064   0.11798064   0.11798064   0.11798064   0.11798064   0.11798064   0.00115926   0.00124460   0.00156937   0.00126448   0.00153154   0.00127159
 4.00  6700.  0.0  2.0   0.37623422   0.59158642   0.65079654   0.59226215   0.64648234   0.58813264   0.06102353  -0.42240006  -0.43353479  -0.41015837  -0.44684237  -0.40517707   0.72079159   1.02099085   0.71228296   0.99389356   0.74723936   0.96368529  -0.39826657  -0.46828545  -0.30019975  -0.45664936  -0.31670489  -0.43120160   0.08610357   0.08545030   0.08545030   0.08545030   0.08545030   0.08545030   0.00148513   0.00145757   0.00195672   0.00147111   0.00191416   0.00146642
 4.50  6700.  0.0  2.0   0.42686770   0.48675374   0.55314751   0.48591367   0.54963908   0.49052032   0.04323997  -0.11680054  -0.22309137  -0.10069809  -0.23406735  -0.12483798   0.71296321   0.71417899   0.55614506   0.68912163   0.58319522   0.68943815  -0.42104668  -0.38393910  -0.27266123  -0.37599793  -0.28550058  -0.36019583   0.06608084   0.06608084   0.06608084   0.06608084   0.06608084   0.06608084   0.00145052   0.00153819   0.00177306   0.00155142   0.00173664   0.00157865
 5.00  6700.  0.0  2.0   0.46981896   0.54533801   0.62672097   0.54317324   0.62276786   0.55551698  -0.04197364  -0.26500786  -0.43864827  -0.24457107  -0.44493967  -0.29978034   0.80344071   0.87754432   0.81992099   0.85536793   0.83708530   0.89222461  -0.46828057  -0.45615832  -0.38725650  -0.45320445  -0.39555688  -0.45064018   0.04863152   0.04863152   0.04863152   0.04863152   0.04863152   0.04863152   0.00169581   0.00180855   0.00215257   0.00182865   0.00211148   0.00180030
 5.50  6700.  0.0  2.0   0.35155184   0.54114885   0.64208251   0.53307583   0.63666785   0.55822099   0.45680259  -0.12534877  -0.40928191  -0.07741952  -0.40467246  -0.19570465   0.15776320   0.66120517   0.78219387   0.60525809   0.77732682   0.73093705  -0.22009452  -0.37951350  -0.39238039  -0.36368849  -0.38896181  -0.39932114   0.03600530   0.03584730   0.03584730   0.03584730   0.03584730   0.03584730   0.00156510   0.00237194   0.00303820   0.00244957   0.00297965   0.00226334
 6.00  6700.  0.0  2.0   0.37473926   0.46001834   0.53384055   0.44824834   0.53198579   0.48035078   0.44600658   0.11999949  -0.09951160   0.18844888  -0.10366428   0.03425121   0.14412887   0.38244836   0.44728230   0.29980220   0.44980892   0.47296778  -0.21890653  -0.27916207  -0.27280904  -0.25254287  -0.27181224  -0.30731519   0.02653383   0.02653383   0.02653383   0.02653383   0.02653383   0.02653383   0.00189490   0.00195628   0.00226378   0.00201960   0.00221524   0.00190673
 1.00  6800.  0.0  2.0   0.36997704   0.52544172   0.75772094   0.52504192   0.76538212   0.50884495   0.32258906   0.13253148  -0.15136304   0.16723684  -0.18890982   0.08883346   0.30848989   0.24927478   0.08072129   0.17540929   0.16178136   0.30908668  -0.17988765  -0.12244956   0.00923668  -0.09071283  -0.02931787  -0.13542216   0.36151022   0.36151022   0.36151022   0.36151022   0.36151022   0.36151022   0.00542717   0.00814498   0.01277083   0.00814835   0.01330009   0.00722839
 2.00  6800.  0.0  2.0   0.26799857   0.33283247   0.41685665   0.33371629   0.41631341   0.31770804   0.23169860   0.16875278   0.16688391   0.20105482   0.14782472   0.18338312   0.68194617   0.51656360   0.08999976   0.44020832   0.14021236   0.48274078  -0.42465361  -0.31880081  -0.08305717  -0.28146498  -0.10559783  -0.29320492   0.23886069   0.23886069   0.23886069   0.23886069   0.23886069   0.23886069   0.00037191   0.00031578   0.00029009   0.00029571   0.00031550   0.00024126
 2.50  6800.  0.0  2.0   0.19695159   0.72917962   0.89738322   0.73394739   0.88810234   0.69920308   0.38652909  -0.72359965  -0.92877097  -0.69302037  -0.93133741  -0.65797051   0.51059644   1.34502166   1.14743184   1.27444021   1.18265985   1.25894478  -0.35922969  -0.59689827  -0.45285482  -0.56431787  -0.47128177  -0.55454704   0.20233151   0.20022962   0.20022962   0.20022962   0.20022962   0.20022962   0.00016762   0.00327322   0.00446610   0.00337485   0.00447788   0.00290098
 3.00  6800.  0.0  2.0   0.38367712   0.42005574   0.91828962   0.42203284   0.91117662   0.40824287   0.00410951  -0.00698608  -1.01328475   0.01304488  -1.02272961   0.02254294   0.83301449   0.62500280   1.25723299   0.57431938   1.29836738   0.56304734  -0.45502447  -0.33429803  -0.49540709  -0.30955971  -0.51616207  -0.29694189   0.15084456   0.15084456   0.14978573   0.15084456   0.14978573   0.15084456   0.00084417   0.00088788   0.00386102   0.00090789   0.00385653   0.00086673
 3.50  6800.  0.0  2.0   0.39778398   0.44050584   0.49160725   0.44107017   0.48787173   0.43630373  -0.01187802  -0.05354276  -0.02211296  -0.03728324  -0.03639518  -0.03992316   0.81860643   0.65361602   0.26478789   0.61328605   0.30534748   0.60290449  -0.44339650  -0.34042543  -0.13441987  -0.32064461  -0.15372647  -0.30527800   0.11904946   0.11904946   0.11904946   0.11904946   0.11904946   0.11904946   0.00114309   0.00124337   0.00159383   0.00126002   0.00156245   0.00126557
 4.00  6800.  0.0  2.0   0.37028264   0.58533635   0.64442229   0.58654175   0.64133719   0.58450318   0.07859948  -0.40457723  -0.41667784  -0.39536998  -0.43317436  -0.40024579   0.70206879   1.00212586   0.68569140   0.97772617   0.72683396   0.96192323  -0.39558721  -0.46464771  -0.29009461  -0.45360430  -0.30997400  -0.43385603   0.08711544   0.08647116   0.08647116   0.08647116   0.08647116   0.08647116   0.00146163   0.00148868   0.00202011   0.00150087   0.00197800   0.00148803
 4.50  6800.  0.0  2.0   0.40997109   0.46948882   0.54034656   0.46922337   0.53497273   0.47525088   0.08112322  -0.07854439  -0.20034764  -0.06619440  -0.20375157  -0.09694937   0.67545673   0.67717195   0.52913591   0.65566771   0.54739392   0.66720214  -0.41133453  -0.37365164  -0.26280643  -0.36660286  -0.27204610  -0.35593801   0.06720031   0.06720031   0.06720031   0.06720031   0.06720031   0.06720031   0.00151530   0.00159636   0.00183126   0.00161728   0.00178914   0.00163348
 5.00  6800.  0.0  2.0   0.47669479   0.54857252   0.63090053   0.54610369   0.62622194   0.55824630  -0.05843328  -0.27590814  -0.45726861  -0.25465636  -0.46045596  -0.31163756   0.81923126   0.89203197   0.83765000   0.86581663   0.85165176   0.90877068  -0.47760250  -0.46541687  -0.39472476  -0.45955275  -0.40174687  -0.46040384   0.04910473   0.04910473   0.04910473   0.04910473   0.04910473   0.04910473   0.00170013   0.00183100   0.00219381   0.00185515   0.00215738   0.00181380
 5.50  6800.  0.0  2.0   0.34585761   0.54318812   0.64618702   0.53544459   0.64115696   0.56009770   0.47549207  -0.12774375  -0.42732488  -0.08185782  -0.42434689  -0.19960701   0.13135894   0.66031346   0.79816922   0.60466189   0.79770666   0.73333998  -0.21233271  -0.38142573  -0.39900601  -0.36485576  -0.39830498  -0.40275964   0.03658198   0.03611717   0.03611717   0.03611717   0.03611717   0.03611717   0.00160775   0.00248403   0.00315512   0.00257172   0.00309812   0.00234604
 6.00  6800.  0.0  2.0   0.37362971   0.45431353   0.53324148   0.44409761   0.53030704   0.47376126   0.45940722   0.14210486  -0.10455914   0.20471540  -0.10536200   0.05685594   0.11940257   0.35096456   0.44827610   0.27312423   0.44792896   0.44282915  -0.21194785  -0.26889588  -0.27397788  -0.24338921  -0.27209215  -0.29795993   0.02693126   0.02693126   0.02693126   0.02693126   0.02693126   0.02693126   0.00193974   0.00200863   0.00228370   0.00207357   0.00224247   0.00194950
 1.00  6900.  0.0  2.0   0.08650582   0.53118875   0.78662627   0.53211820   0.79062634   0.50873423   0.81623479   0.22071146  -0.18194265   0.24953380  -0.18675424   0.16958592  -0.08185486   0.08132809   0.07749155   0.01385778   0.10867461   0.17296078  -0.07608763  -0.04947549   0.01322957  -0.02004396  -0.00295945  -0.08109216   0.36633486   0.36336816   0.36336816   0.36336816   0.36336816   0.36336816   0.00075007   0.00915259   0.01431028   0.00918712   0.01500502   0.00796282
 1.50  6900.  0.0  2.0   0.20861910   0.72249866   0.99563938   0.72415573   0.99465968   0.69131987   0.54317959  -0.37807710  -0.88008461  -0.34916282  -0.87670992  -0.37406389   0.17900288   0.76683210   0.90645304   0.70164209   0.92676417   0.77686849  -0.16850492  -0.31771332  -0.31918786  -0.29063895  -0.33001129  -0.31453147   0.28133940   0.27907192   0.27907192   0.27907192   0.27907192   0.27907192   0.00097720   0.00832912   0.01220467   0.00834408   0.01263633   0.00732331
 2.00  6900.  0.0  2.0   0.41550808   0.51745057   0.64785573   0.51917687   0.65150265   0.49489685   0.00159785  -0.15239897  -0.29687158  -0.12734745  -0.31889472  -0.13207944   0.82771225   0.75930828   0.48492929   0.69139716   0.53843063   0.72272868  -0.45909162  -0.38999113  -0.20876129  -0.35562859  -0.23373946  -0.36194130   0.23720849   0.23720849   0.23720849   0.23720849   0.23720849   0.23720849   0.00191845   0.00225649   0.00262013   0.00219655   0.00276034   0.00191206
 2.50  6900.  0.0  2.0   0.42062555   0.50030650   0.62180030   0.50478970   0.61750305   0.47800123  -0.06600069  -0.19862195  -0.31479834  -0.17204793  -0.32578554  -0.15719200   0.91750991   0.83948560   0.55207938   0.77034669   0.59693964   0.77880444  -0.49924805  -0.42543566  -0.24559783  -0.39151397  -0.26852382  -0.39124595   0.19970440   0.19970440   0.19970440   0.19970440   0.19970440   0.19970440   0.00072852   0.00070351   0.00086326   0.00071368   0.00089800   0.00059474
 3.00  6900.  0.0  2.0   0.38129655   0.42471141   0.70556459   0.42596345   0.70289018   0.41192915   0.01712029  -0.01808056  -0.53477473   0.00143982  -0.55437346   0.01057860   0.82254201   0.64559236   0.78837147   0.59350397   0.84337209   0.58246038  -0.45898371  -0.35061284  -0.33211235  -0.32412990  -0.35939472  -0.31059981   0.15115421   0.15115421   0.15061921   0.15115421   0.15061921   0.15115421   0.00067977   0.00071345   0.00144537   0.00071904   0.00143952   0.00065948
 3.50  6900.  0.0  2.0   0.47289106   0.51605705   0.57582758   0.51794905   0.57274797   0.50750317  -0.18248690  -0.22587378  -0.22009935  -0.21320138  -0.23638741  -0.20470067   0.99070089   0.82416194   0.45957731   0.78770750   0.50534776   0.76850830  -0.50983986  -0.40379507  -0.20620143  -0.38560395  -0.22877191  -0.36669792   0.11800109   0.11800109   0.11800109   0.11800109   0.11800109   0.11800109   0.00117715   0.00125620   0.00161096   0.00127482   0.00158763   0.00123128
 4.00  6900.  0.0  2.0   0.36414267   0.53438051   0.59890648   0.53494249   0.59645063   0.53624020   0.09838485  -0.27961486  -0.30859328  -0.26987224  -0.32597348  -0.28555695   0.68051506   0.87519338   0.56955119   0.84890403   0.61385545   0.84621567  -0.39197587  -0.42214678  -0.24861561  -0.40955867  -0.27060455  -0.39416997   0.08798747   0.08766897   0.08766897   0.08766897   0.08766897   0.08766897   0.00144504   0.00156608   0.00210454   0.00157936   0.00206354   0.00156693
 4.50  6900.  0.0  2.0   0.41781118   0.47710097   0.54654205   0.47872219   0.54106088   0.48243263   0.06746237  -0.09603494  -0.21657928  -0.09197797  -0.21864689  -0.11714821   0.68437508   0.69512237   0.53710843   0.68371816   0.55553938   0.68981837  -0.41675360  -0.38327617  -0.26441907  -0.38022108  -0.27446197  -0.36686079   0.06809760   0.06809760   0.06809760   0.06809760   0.06809760   0.06809760   0.00149186   0.00158452   0.00183201   0.00160716   0.00179828   0.00161330
 5.00  6900.  0.0  2.0   0.47506663   0.54906891   0.63120234   0.54649636   0.62831687   0.55931500  -0.04722959  -0.27674556  -0.45972386  -0.25643867  -0.46851519  -0.31769960   0.79798731   0.89226352   0.83102092   0.86524290   0.85411307   0.91748241  -0.46986730  -0.46802290  -0.39038526  -0.46089016  -0.40199540  -0.46660986   0.04976000   0.04976000   0.04976000   0.04976000   0.04976000   0.04976000   0.00175757   0.00188090   0.00224195   0.00191334   0.00220037   0.00185491
 5.50  6900.  0.0  2.0   0.34672977   0.53754118   0.64332367   0.53051802   0.63758225   0.55192442   0.47599521  -0.11484289  -0.42936236  -0.07250938  -0.42390934  -0.17939888   0.12434034   0.64580126   0.79837898   0.59290637   0.79618596   0.70989848  -0.21092834  -0.37834335  -0.39959728  -0.36225004  -0.39859121  -0.39562371   0.03700951   0.03670485   0.03670485   0.03670485   0.03670485   0.03670485   0.00161671   0.00252988   0.00316932   0.00261095   0.00312517   0.00238977
 6.00  6900.  0.0  2.0   0.37643564   0.45394726   0.53521311   0.44492372   0.53175186   0.46941107   0.46296139   0.14892736  -0.11637177   0.20533771  -0.11572198   0.07482038   0.10297318   0.33648150   0.45628834   0.26535985   0.45569808   0.41635558  -0.20651876  -0.26486517  -0.27739061  -0.24169486  -0.27587576  -0.28927504   0.02716313   0.02716313   0.02716313   0.02716313   0.02716313   0.02716313   0.00200364   0.00208346   0.00234842   0.00214810   0.00231850   0.00203922
 1.00  7000.  0.0  2.0   0.06834129   0.28255106   0.45081354   0.28300005   0.45681888   0.26761352   0.91981191   0.61892434   0.34542756   0.64571171   0.34276059   0.55547935  -0.22049982  -0.17461603  -0.25186620  -0.23877274  -0.22682341  -0.06919294  -0.02330049  -0.00075561   0.07517283   0.02740973   0.06176655  -0.03792226   0.36385761   0.36235261   0.36235261   0.36235261   0.36235261   0.36235261   0.00070908   0.00175699   0.00214587   0.00175233   0.00244507   0.00143843
 1.50  7000.  0.0  2.0   0.06133239   0.71617042   0.99684120   0.72091077   0.99746293   0.68338662   0.86229793  -0.32184164  -0.86280675  -0.30232298  -0.85639250  -0.32608171  -0.11441874   0.68823347   0.87083805   0.63185321   0.88646250   0.71950652  -0.07642397  -0.28869461  -0.30324080  -0.26427553  -0.31281113  -0.29654275   0.28098856   0.27757359   0.27757359   0.27757359   0.27757359   0.27757359   0.00015600   0.00845295   0.01234334   0.00850366   0.01289130   0.00737485
 2.00  7000.  0.0  2.0   0.23521637   0.31434915   0.41644433   0.31742075   0.41571349   0.30028423   0.41843811   0.29758717   0.18656519   0.31874149   0.18408862   0.29302301   0.40983079   0.32685454   0.03808806   0.26095563   0.06714266   0.32061186  -0.31135050  -0.24185383  -0.06011013  -0.20751744  -0.07524903  -0.22558212   0.23774690   0.23774690   0.23774690   0.23774690   0.23774690   0.23774690   0.00039378   0.00033186   0.00022440   0.00029413   0.00027464   0.00024495
 2.50  7000.  0.0  2.0   0.16698820   0.72584209   0.89428740   0.72920243   0.89338174   0.69799856   0.53473673  -0.63793858  -0.89611047  -0.62034867  -0.91013039  -0.59101062   0.31825008   1.22830365   1.08444464   1.16912153   1.13251565   1.15766807  -0.28794936  -0.55828614  -0.42552725  -0.52632707  -0.45007738  -0.51688769   0.19908009   0.19689333   0.19689333   0.19689333   0.19689333   0.19689333   0.00018380   0.00367227   0.00451074   0.00363291   0.00466650   0.00322724
 3.00  7000.  0.0  2.0   0.37721045   0.42404310   0.71359118   0.42692447   0.70968389   0.41042079   0.04129004  -0.00911749  -0.56374051   0.00389767  -0.57407117   0.01549844   0.79306973   0.63490599   0.81556549   0.58918109   0.85822266   0.58051911  -0.45344917  -0.35131920  -0.34392418  -0.32671181  -0.36593930  -0.31501236   0.15121414   0.15121414   0.15067914   0.15121414   0.15067914   0.15121414   0.00061035   0.00063555   0.00134724   0.00063283   0.00137202   0.00056134
 3.50  7000.  0.0  2.0   0.38947774   0.43237122   0.49551457   0.43553362   0.49348034   0.42532376   0.02260038  -0.02185181  -0.03735763  -0.01646051  -0.05464163  -0.00608859   0.78314900   0.61985664   0.27358815   0.59176832   0.32244203   0.56766074  -0.44009157  -0.33514956  -0.14095432  -0.31985415  -0.16560489  -0.29722823   0.11896456   0.11896456   0.11896456   0.11896456   0.11896456   0.11896456   0.00098539   0.00110539   0.00147472   0.00111792   0.00145321   0.00108973
 4.00  7000.  0.0  2.0   0.35790627   0.52763501   0.59878281   0.53159104   0.59458650   0.52807988   0.12354512  -0.25329543  -0.30795694  -0.25706821  -0.31758847  -0.25924550   0.64880851   0.84207996   0.56203963   0.83346165   0.59754869   0.81494646  -0.38321454  -0.41194060  -0.24676757  -0.40699625  -0.26534958  -0.38404695   0.08880956   0.08849356   0.08849356   0.08849356   0.08849356   0.08849356   0.00141535   0.00158587   0.00214326   0.00159830   0.00211433   0.00156227
 4.50  7000.  0.0  2.0   0.40072628   0.46136379   0.53575076   0.46549243   0.53086102   0.47079970   0.10955472  -0.05810759  -0.19487394  -0.06463676  -0.19784168  -0.09766744   0.64120247   0.65624495   0.50861555   0.65767216   0.53033695   0.67739071  -0.40463423  -0.37150157  -0.25327102  -0.37341304  -0.26563138  -0.36653807   0.06878655   0.06878655   0.06878655   0.06878655   0.06878655   0.06878655   0.00155217   0.00162682   0.00187184   0.00164545   0.00184051   0.00164667
 5.00  7000.  0.0  2.0   0.46811636   0.54230487   0.62837899   0.54143065   0.62260512   0.55299522  -0.02899519  -0.26048947  -0.45851673  -0.24789434  -0.45588907  -0.30645072   0.77723512   0.87502624   0.82492071   0.85739037   0.83337249   0.90910947  -0.46536062  -0.46404579  -0.38789146  -0.46071480  -0.39301393  -0.46679764   0.05060134   0.05060134   0.05060134   0.05060134   0.05060134   0.05060134   0.00181661   0.00192513   0.00226703   0.00195589   0.00223757   0.00189298
 5.50  7000.  0.0  2.0   0.34844936   0.53980964   0.64729044   0.53337615   0.64174149   0.54813905   0.48071189  -0.11777043  -0.44543121  -0.07882425  -0.44048306  -0.16391291   0.10855535   0.64700468   0.81142815   0.59619201   0.81190791   0.68858743  -0.20539484  -0.38153512  -0.40468175  -0.36532323  -0.40557222  -0.38904237   0.03739775   0.03709908   0.03709908   0.03709908   0.03709908   0.03709908   0.00164287   0.00263993   0.00327261   0.00272344   0.00324126   0.00253854
 6.00  7000.  0.0  2.0   0.37660732   0.45172394   0.53535645   0.44258557   0.53132480   0.46671155   0.47171906   0.15901849  -0.12383335   0.21418843  -0.12141490   0.08300394   0.08173350   0.32016328   0.46046646   0.24874861   0.45924038   0.40715475  -0.19891550  -0.26034128  -0.27936148  -0.23618778  -0.27810270  -0.28948662   0.02754271   0.02754271   0.02754271   0.02754271   0.02754271   0.02754271   0.00203090   0.00213975   0.00238569   0.00220752   0.00236184   0.00207638
 1.00  7200.  0.0  2.0   0.06754204   0.51620165   0.80010097   0.52438261   0.80453252   0.48211964   1.02861406   0.44339829  -0.10343441   0.44460305  -0.06886893   0.39489012  -0.40274462  -0.26175839  -0.07754543  -0.29653208  -0.11133672  -0.13530760   0.04980978   0.09167029   0.08326343   0.10878541   0.09566342   0.03569737   0.36288869   0.35967227   0.35967227   0.35967227   0.35967227   0.35967227   0.00084560   0.01062934   0.01636863   0.01078384   0.01767087   0.00888592
 1.50  7200.  0.0  2.0   0.18193084   0.43167680   0.61272960   0.43919836   0.62268813   0.40340402   0.75635233   0.27171884  -0.10056932   0.27782916  -0.10774781   0.25700915  -0.12780614   0.15574659   0.19688501   0.11173973   0.22491481   0.20842030  -0.05412382  -0.12445076  -0.08816526  -0.10292381  -0.10315234  -0.14336866   0.27664462   0.27551462   0.27551462   0.27551462   0.27551462   0.27551462   0.00088168   0.00157252   0.00153993   0.00156080   0.00182913   0.00127065
 2.00  7200.  0.0  2.0   0.18287639   0.28219050   0.40994781   0.29530547   0.42315591   0.26935402   0.77433485   0.53753797   0.23051245   0.50968776   0.19599359   0.49371535  -0.07776238   0.00165482  -0.02992124   0.00403558   0.04273663   0.07310316  -0.13813593  -0.13298994  -0.03896873  -0.12771270  -0.07652564  -0.15526344   0.23531458   0.23531458   0.23531458   0.23531458   0.23531458   0.23531458   0.00060020   0.00047041   0.00020582   0.00040160   0.00025714   0.00035426
 2.50  7200.  0.0  2.0   0.24888223   0.48783035   0.62356127   0.49553365   0.62619737   0.46666690   0.47701185  -0.04785053  -0.29633310  -0.04681643  -0.30448871  -0.03320548   0.25363666   0.60205955   0.49321014   0.56248030   0.52912352   0.57893776  -0.23445326  -0.32690320  -0.22016507  -0.30332931  -0.23936706  -0.30512832   0.19850154   0.19776654   0.19776654   0.19776654   0.19776654   0.19776654   0.00060092   0.00079902   0.00069167   0.00074887   0.00079734   0.00063279
 3.00  7200.  0.0  2.0   0.35645194   0.41133646   0.71699186   0.41705780   0.71445426   0.39888252   0.16024692   0.07111393  -0.57064099   0.07155892  -0.57316175   0.07573393   0.62321033   0.52092829   0.80123586   0.48741574   0.83394176   0.49742241  -0.38943190  -0.31083148  -0.33779250  -0.28962056  -0.35673241  -0.28601238   0.15192336   0.15192336   0.15137836   0.15192336   0.15137836   0.15192336   0.00060338   0.00062551   0.00124796   0.00059444   0.00134233   0.00050429
 3.50  7200.  0.0  2.0   0.46052606   0.51450427   0.58512856   0.51891538   0.58448211   0.50539835  -0.11770825  -0.20589098  -0.26881227  -0.20694244  -0.28061349  -0.20182245   0.91259970   0.80860780   0.50440891   0.78409647   0.54569796   0.77946628  -0.49599569  -0.41551919  -0.22920115  -0.39943088  -0.25097879  -0.38710353   0.11939953   0.11939953   0.11939953   0.11939953   0.11939953   0.11939953   0.00080404   0.00093417   0.00117892   0.00091675   0.00122486   0.00080867
 4.00  7200.  0.0  2.0   0.31441528   0.51294309   0.59177578   0.51843891   0.59019017   0.51484555   0.26681470  -0.19338092  -0.28600325  -0.20456082  -0.29980404  -0.21893918   0.47018234   0.76421284   0.51681480   0.76218136   0.56047160   0.77160352  -0.31806461  -0.38769273  -0.22934073  -0.38393895  -0.25272817  -0.37512821   0.09144478   0.09082148   0.09082148   0.09082148   0.09082148   0.09082148   0.00132377   0.00162901   0.00221165   0.00162596   0.00219873   0.00155470
 4.50  7200.  0.0  2.0   0.40012448   0.46207231   0.53850511   0.46773585   0.53742016   0.47145802   0.12771224  -0.04840787  -0.19878418  -0.06304125  -0.21116113  -0.09968461   0.60832815   0.63624304   0.48925760   0.64589116   0.52631761   0.68023978  -0.39592542  -0.36689386  -0.24190010  -0.37097460  -0.26246624  -0.37226905   0.07008439   0.07008439   0.07008439   0.07008439   0.07008439   0.07008439   0.00154609   0.00162372   0.00187411   0.00162392   0.00185521   0.00161806
 5.00  7200.  0.0  2.0   0.46438175   0.53739174   0.62661893   0.54024283   0.62342774   0.54790103  -0.01089175  -0.24408915  -0.46103542  -0.24858016  -0.46434295  -0.30033638   0.74573259   0.85087507   0.81153647   0.85421925   0.83069305   0.90661785  -0.45644750  -0.45785083  -0.38005941  -0.46266519  -0.39132603  -0.47125285   0.05201948   0.05201948   0.05201948   0.05201948   0.05201948   0.05201948   0.00190067   0.00201111   0.00235447   0.00201674   0.00234030   0.00194687
 5.50  7200.  0.0  2.0   0.33545918   0.53418378   0.64410498   0.52996081   0.63991803   0.54384777   0.52296702  -0.10251541  -0.45082933  -0.07479090  -0.44852376  -0.16119110   0.04953018   0.62800255   0.80957451   0.58879984   0.81568374   0.69367421  -0.18542850  -0.37878277  -0.40370762  -0.36605235  -0.40790695  -0.39890952   0.03857827   0.03814292   0.03814292   0.03814292   0.03814292   0.03814292   0.00172923   0.00279945   0.00342986   0.00286247   0.00339910   0.00265137
 6.00  7200.  0.0  2.0   0.36512746   0.44451377   0.52923541   0.43632147   0.52856398   0.45469341   0.52420740   0.18316125  -0.12033500   0.23179392  -0.12935649   0.11809911  -0.00374617   0.28591388   0.44704182   0.21979264   0.46441128   0.36447802  -0.16457273  -0.25080084  -0.27368196  -0.22748728  -0.28194512  -0.27789039   0.02840575   0.02840575   0.02840575   0.02840575   0.02840575   0.02840575   0.00220561   0.00225111   0.00248298   0.00231358   0.00244487   0.00219339
 1.00  7400.  0.0  2.0   0.08213914   0.15554669   0.83061123   0.16002537   0.84170368   0.49243008   1.10004868   0.99956626  -0.06187428   0.99913464  -0.02051813   0.51696285  -0.55523123  -0.62477593  -0.20396606  -0.64878179  -0.25897136  -0.34931670   0.11635093   0.16639997   0.14949799   0.17680384   0.17232924   0.12732688   0.36364784   0.36364784   0.36019169   0.36364784   0.36019169   0.36019169   0.00115259   0.00153682   0.01968350   0.00154814   0.02186472   0.01098208
 1.50  7400.  0.0  2.0   0.20763493   0.29636080   1.04505018   0.30328467   1.06968352   0.69561673   0.82380162   0.64309406  -0.85887670   0.64167876  -0.86842908  -0.14477235  -0.29292185  -0.26131879   0.75759037  -0.29199232   0.76535356   0.41137363   0.01951421   0.02960395  -0.24054492   0.04515451  -0.24286020  -0.17350120   0.27919179   0.27919179   0.27662464   0.27919179   0.27662464   0.27662464   0.00132074   0.00162461   0.01507908   0.00163035   0.01682881   0.00932299
 2.00  7400.  0.0  2.0   0.33029119   0.45819753   0.62177117   0.47405415   0.64729617   0.42783157   0.59023980   0.27463332  -0.15242287   0.23762060  -0.20300532   0.26219531  -0.05074244   0.12983114   0.26256148   0.14567000   0.34172903   0.18433515  -0.09306992  -0.13404706  -0.12135131  -0.13692540  -0.15864492  -0.15459536   0.23333280   0.23333280   0.23333280   0.23333280   0.23333280   0.23333280   0.00200416   0.00232182   0.00232619   0.00229520   0.00268879   0.00191655
 2.50  7400.  0.0  2.0   0.22910247   0.70271896   0.88070003   0.71490290   0.89997694   0.66665243   0.64563580  -0.40591892  -0.83213455  -0.42148018  -0.86517733  -0.38255146  -0.03721043   0.83179313   0.96030871   0.81439821   1.01512137   0.82642001  -0.09493988  -0.37566108  -0.37334962  -0.36285112  -0.39882839  -0.36714293   0.19782230   0.19631398   0.19631398   0.19631398   0.19631398   0.19631398   0.00057005   0.00385629   0.00409491   0.00382751   0.00462420   0.00325985
 3.00  7400.  0.0  2.0   0.22892749   0.29139040   0.93853633   0.29950455   0.94978778   0.28536826   0.55429514   0.41636664  -1.06939563   0.40566806  -1.09593948   0.38617827   0.13834218   0.11922814   1.26517865   0.09932420   1.32048905   0.14792372  -0.19246531  -0.15509562  -0.49948688  -0.13957058  -0.52715127  -0.15212840   0.15233729   0.15233729   0.15068473   0.15233729   0.15068473   0.15233729   0.00035121   0.00036779   0.00362273   0.00033826   0.00400168   0.00028539
 3.50  7400.  0.0  2.0   0.43826145   0.50351368   0.57978161   0.50977421   0.58501443   0.49608085   0.00309948  -0.13708642  -0.25250811  -0.14729968  -0.27366342  -0.15662066   0.73936515   0.70908837   0.46689433   0.69434066   0.51962772   0.72100545  -0.42909002  -0.37991686  -0.21452782  -0.36691170  -0.24204208  -0.36942190   0.12026857   0.12026857   0.12026857   0.12026857   0.12026857   0.12026857   0.00083889   0.00092492   0.00105757   0.00089178   0.00113337   0.00074476
 4.00  7400.  0.0  2.0   0.29574818   0.50410453   0.59344873   0.50993111   0.59265185   0.50799491   0.33370465  -0.16220354  -0.30861781  -0.17777521  -0.31754115  -0.20897501   0.39381295   0.73161504   0.54018692   0.73353215   0.57679970   0.77463084  -0.29861954  -0.38398243  -0.24282715  -0.38076965  -0.26317764  -0.38691013   0.09178940   0.09116559   0.09116559   0.09116559   0.09116559   0.09116559   0.00091629   0.00140444   0.00195706   0.00138740   0.00198155   0.00127002
 4.50  7400.  0.0  2.0   0.35068393   0.41094485   0.71054076   0.41274249   0.49587993   0.42038661   0.39574380   0.19834225  -0.60095999   0.19286320  -0.05286696   0.13090341   0.18538168   0.26951077   0.87613919   0.26513581   0.30870465   0.34564717  -0.20979036  -0.21336100  -0.39100560  -0.20956027  -0.18119477  -0.23393038   0.07161968   0.07161968   0.07113023   0.07161968   0.07161968   0.07161968   0.00154661   0.00167263   0.00343303   0.00167447   0.00190691   0.00158418
 5.00  7400.  0.0  2.0   0.45543898   0.52999636   0.62327564   0.52955413   0.61985967   0.53997168   0.02428630  -0.21624644  -0.45269211  -0.21357467  -0.45019720  -0.28194994   0.69795528   0.81466282   0.78371408   0.80751200   0.79587361   0.89135556  -0.44210679  -0.44749961  -0.36605347  -0.44655638  -0.37486910  -0.47113040   0.05297642   0.05297642   0.05297642   0.05297642   0.05297642   0.05297642   0.00196644   0.00206788   0.00239339   0.00209651   0.00239694   0.00198349
 5.50  7400.  0.0  2.0   0.33332579   0.52624047   0.64513464   0.52273684   0.64130068   0.53447745   0.53668869  -0.07657902  -0.46845316  -0.05580592  -0.46398369  -0.13710704   0.02305047   0.59456446   0.82357006   0.56338770   0.82868446   0.66807277  -0.17795412  -0.36954969  -0.40961019  -0.35943693  -0.41446783  -0.39385400   0.03940851   0.03912583   0.03912583   0.03912583   0.03912583   0.03912583   0.00179673   0.00297699   0.00350867   0.00302702   0.00352351   0.00276951
 6.00  7400.  0.0  2.0   0.36517523   0.43890330   0.53044763   0.42918608   0.52644681   0.44671602   0.53202819   0.20364300  -0.14053486   0.25369003  -0.13500227   0.14225413  -0.02482756   0.25606978   0.46610877   0.18489181   0.46445332   0.33481463  -0.15977352  -0.24254226  -0.28265090  -0.21524032  -0.28257879  -0.27101765   0.02916391   0.02916391   0.02916391   0.02916391   0.02916391   0.02916391   0.00229699   0.00236208   0.00252334   0.00243769   0.00253640   0.00226772
 1.00  7600.  0.0  2.0   0.10824451   0.18635333   0.49604550   0.18754751   0.51580364   0.14747391   1.14859651   1.01114884   0.44925779   1.02673520   0.47359011   1.03333562  -0.68641784  -0.70626983  -0.51214813  -0.74644751  -0.55347874  -0.66325216   0.17630981   0.21235562   0.20451132   0.22570113   0.22307944   0.18017838   0.36415728   0.36415728   0.36230228   0.36415728   0.36230228   0.36415728   0.00175592   0.00222120   0.00428379   0.00220387   0.00552961   0.00167448
 1.50  7600.  0.0  2.0   0.20856803   0.28264444   0.99835175   0.75445475   1.03693117   0.67597663   0.91179800   0.74975576  -0.73326136  -0.10650165  -0.76475988  -0.02241100  -0.45278720  -0.43234530   0.60968400   0.22272638   0.63117036   0.23669714   0.08676734   0.10320645  -0.18366230  -0.08400662  -0.18916270  -0.10506793   0.27526616   0.27526616   0.27276893   0.27276893   0.27276893   0.27276893   0.00124445   0.00142520   0.01259820   0.01039375   0.01464499   0.00843330
 2.00  7600.  0.0  2.0   0.22015852   0.29476492   0.87999312   0.30496465   0.41749919   0.26321792   0.83463127   0.64738737  -0.68315589   0.63304636   0.32778736   0.65419472  -0.34896151  -0.28650404   0.70275581  -0.30451753  -0.22056777  -0.25205220   0.04117722   0.03702349  -0.25658251   0.04911758   0.05243337   0.02210389   0.23443051   0.23443051   0.23248264   0.23443051   0.23443051   0.23443051   0.00033441   0.00029606   0.00303498   0.00028384   0.00020937   0.00022205
 2.50  7600.  0.0  2.0   0.11823905   0.70909817   0.87207607   0.72457756   0.90651097   0.66515848   0.97445770  -0.33418411  -0.79135830  -0.36289469  -0.84581831  -0.29941833  -0.43895877   0.68003154   0.88569404   0.67905345   0.95245313   0.67837653   0.06497492  -0.30385851  -0.34095489  -0.29816124  -0.36855836  -0.30164145   0.19945464   0.19717302   0.19717302   0.19717302   0.19717302   0.19717302   0.00013367   0.00393284   0.00391059   0.00394853   0.00463568   0.00330603
 3.00  7600.  0.0  2.0   0.31684328   0.38251546   0.93250250   0.39287413   0.95604661   0.73513499   0.47989072   0.30488138  -1.03537501   0.28224787  -1.07932246  -0.58005514   0.07029733   0.12650598   1.19617428   0.12478744   1.26207254   1.02817974  -0.12528916  -0.12934048  -0.46952624  -0.12327109  -0.49952722  -0.44632705   0.15261259   0.15261259   0.15149383   0.15261259   0.15149383   0.15149383   0.00068821   0.00066321   0.00344327   0.00062307   0.00396917   0.00289778
 3.50  7600.  0.0  2.0   0.32763814   0.39909470   0.49181898   0.40985495   0.49835351   0.39848684   0.35992530   0.17913664  -0.03823098   0.14933461  -0.05245822   0.12110547   0.28881618   0.32708801   0.22664944   0.33815519   0.26768606   0.40102704  -0.24507768  -0.22920570  -0.12513917  -0.22740227  -0.14754068  -0.24695756   0.12184134   0.12184134   0.12184134   0.12184134   0.12184134   0.12184134   0.00065756   0.00075357   0.00083745   0.00071449   0.00092335   0.00059148
 4.00  7600.  0.0  2.0   0.37493671   0.45915428   0.59118535   0.46773702   0.59121416   0.46638054   0.32667181   0.07671667  -0.30510519   0.04513580  -0.30302166  -0.00304632   0.27348444   0.40751699   0.54176834   0.43187469   0.56133539   0.51073252  -0.24970287  -0.27074035  -0.26078811  -0.27711905  -0.27474720  -0.30300931   0.09249162   0.09249162   0.09249162   0.09249162   0.09249162   0.09249162   0.00131642   0.00158105   0.00179222   0.00154291   0.00190401   0.00130527
 4.50  7600.  0.0  2.0   0.35545477   0.41918896   0.71315162   0.42320487   0.71049706   0.42929411   0.28808772   0.10217371  -0.64094168   0.08371381  -0.63659087   0.02154419   0.39045739   0.43439273   0.91232359   0.45022489   0.92889851   0.53775531  -0.31152717  -0.28794537  -0.39390082  -0.29387114  -0.40680528  -0.32191200   0.07307030   0.07307030   0.07258534   0.07307030   0.07258534   0.07307030   0.00149944   0.00158766   0.00313248   0.00159521   0.00321131   0.00149883
 5.00  7600.  0.0  2.0   0.43610039   0.51208564   0.60994862   0.51442838   0.60712150   0.52160621   0.09285225  -0.15258928  -0.41482833  -0.16576081  -0.40925487  -0.22868820   0.60535307   0.72935621   0.71781119   0.74561608   0.72789723   0.82899998  -0.40757816  -0.41515678  -0.33558221  -0.42489904  -0.34494689  -0.45013789   0.05433470   0.05433470   0.05433470   0.05433470   0.05433470   0.05433470   0.00201085   0.00211088   0.00238510   0.00212743   0.00243256   0.00197867
 5.50  7600.  0.0  2.0   0.32082356   0.51657680   0.64226751   0.50927263   0.63882522   0.51782374   0.57792272  -0.04829322  -0.47413560  -0.01871878  -0.46591694  -0.09181653  -0.03524874   0.56096023   0.82172243   0.51693634   0.82144958   0.61826772  -0.15680374  -0.36094593  -0.40800063  -0.34385482  -0.41070616  -0.37894741   0.04046318   0.04018299   0.04018299   0.04018299   0.04018299   0.04018299   0.00179000   0.00306266   0.00348137   0.00317110   0.00356032   0.00286916
 6.00  7600.  0.0  2.0   0.35710850   0.42932011   0.67735088   0.42029261   0.52523834   0.43103359   0.56282103   0.23204241  -0.55372758   0.27590598  -0.14643326   0.18848611  -0.07427581   0.22187743   0.91845014   0.15756690   0.47532925   0.28083952  -0.14139734  -0.23372731  -0.45859756  -0.20854499  -0.28854250  -0.25416838   0.03001134   0.03001134   0.02969232   0.03001134   0.03001134   0.03001134   0.00232510   0.00244246   0.00514260   0.00250382   0.00253841   0.00231589
 1.00  7800.  0.0  2.0  -0.00629137   0.04629728   0.88484730   0.04529340   0.13082645   0.01534276   1.32920567   1.20421666   0.07265377   1.24010029   1.06907066   1.26530326  -0.82481268  -0.80837874  -0.52080955  -0.88653262  -0.93941009  -0.85231782   0.20929272   0.22206605   0.31128796   0.25441894   0.30892237   0.23290699   0.36871020   0.36871020   0.36293863   0.36871020   0.36871020   0.36871020   0.00029619   0.00031252   0.02941510   0.00029575   0.00033899   0.00020817
 1.50  7800.  0.0  2.0   0.10314657   0.14906578   0.66815687   0.15580769   0.71120532   0.11619965   1.10599179   1.00463703  -0.06887661   0.99883323  -0.11002667   1.03447942  -0.63176534  -0.66003565   0.01892075  -0.68301457   0.04789322  -0.64182774   0.14494365   0.17765744   0.00900068   0.18828697   0.00149966   0.16062021   0.27923031   0.27923031   0.27657818   0.27923031   0.27657818   0.27923031   0.00021380   0.00018581   0.00275750   0.00018741   0.00378319   0.00012105
 2.00  7800.  0.0  2.0   0.24514906   0.31068099   0.89626745   0.32308281   0.43223006   0.27500247   0.87311134   0.68776928  -0.68820379   0.65893585   0.32493154   0.71099138  -0.46875271  -0.39886459   0.66823535  -0.39167789  -0.25579273  -0.37323465   0.09503950   0.09113386  -0.23568901   0.08961907   0.07253678   0.07413082   0.23603867   0.23603867   0.23399091   0.23603867   0.23603867   0.23603867   0.00045323   0.00036546   0.00338388   0.00035717   0.00024325   0.00027254
 2.50  7800.  0.0  2.0   0.24945563   0.47431931   0.58762853   0.49073975   0.62118279   0.43970596   0.82430543   0.27565314  -0.11932911   0.23208863  -0.16806883   0.29057535  -0.40060989   0.02645108   0.19824923   0.04950951   0.25745134   0.05421627   0.06473669  -0.06821987  -0.09318154  -0.07370747  -0.11824645  -0.08082160   0.19609422   0.19532922   0.19532922   0.19532922   0.19532922   0.19532922   0.00052517   0.00064291   0.00034706   0.00061702   0.00049044   0.00050803
 3.00  7800.  0.0  2.0   0.32459413   0.37627706   0.68916704   0.38779579   0.71505194   0.53301324   0.55405253   0.40174761  -0.45486272   0.36918418  -0.49448142  -0.04468928  -0.09067997  -0.04837313   0.59213925  -0.03353871   0.64727681   0.44356913  -0.04983846  -0.04991207  -0.24943536  -0.05243892  -0.27421219  -0.22877103   0.15453046   0.15453046   0.15396046   0.15453046   0.15396046   0.15396046   0.00065560   0.00062562   0.00096193   0.00059532   0.00114924   0.00085430
 3.50  7800.  0.0  2.0   0.38752630   0.45904519   0.80020272   0.47236981   0.57909380   0.44658073   0.39859334   0.17422582  -0.78764411   0.12561087  -0.21880141   0.12875007   0.07347064   0.20462277   0.98017246   0.24783229   0.40334638   0.29018206  -0.12563361  -0.15946310  -0.40698598  -0.17428006  -0.19784678  -0.18946813   0.12311540   0.12311540   0.12268540   0.12311540   0.12311540   0.12311540   0.00111916   0.00115085   0.00207665   0.00109263   0.00101660   0.00091143
 4.00  7800.  0.0  2.0   0.42528267   0.50802349   0.62345904   0.51920504   0.63267509   0.50459341   0.18642300  -0.05718926  -0.38941063  -0.10152951  -0.40676022  -0.12065635   0.44373206   0.56161529   0.60103450   0.60279447   0.64373330   0.66148941  -0.32246598  -0.33181965  -0.26935698  -0.34532340  -0.29372559  -0.36627710   0.09367715   0.09367715   0.09367715   0.09367715   0.09367715   0.09367715   0.00136092   0.00149888   0.00155446   0.00145337   0.00171637   0.00124377
 4.50  7800.  0.0  2.0   0.34582508   0.41089088   0.70311973   0.41750965   0.70343269   0.41583443   0.35138724   0.15017930  -0.62718476   0.11766207  -0.62364943   0.07111226   0.29247911   0.36263418   0.88562683   0.39836527   0.90178116   0.47921716  -0.27523275  -0.26294955  -0.38395625  -0.27758385  -0.39704177  -0.30595642   0.07427872   0.07427872   0.07403872   0.07427872   0.07403872   0.07427872   0.00121614   0.00129752   0.00292990   0.00129253   0.00312003   0.00115583
 5.00  7800.  0.0  2.0   0.42813261   0.50032014   0.60050967   0.50547949   0.60246470   0.50624235   0.14945602  -0.08948010  -0.37562237  -0.11740684  -0.38099633  -0.16570029   0.50746641   0.62882347   0.64123212   0.66591625   0.66642983   0.74283201  -0.36476907  -0.37162530  -0.29867240  -0.39028809  -0.31561934  -0.41630510   0.05529983   0.05529983   0.05529983   0.05529983   0.05529983   0.05529983   0.00202937   0.00219409   0.00243294   0.00218127   0.00251947   0.00202347
 5.50  7800.  0.0  2.0   0.30621705   0.50923954   0.63732748   0.50537143   0.63614893   0.50533791   0.63597769  -0.01737109  -0.46672529  -0.00537460  -0.46063451  -0.05375526  -0.12004146   0.51549375   0.79771696   0.49655228   0.80003435   0.57467735  -0.12341597  -0.34469136  -0.39527379  -0.33873182  -0.39968235  -0.36633388   0.04134121   0.04106452   0.04106452   0.04106452   0.04106452   0.04106452   0.00184990   0.00314680   0.00351693   0.00321744   0.00366475   0.00298791
 6.00  7800.  0.0  2.0   0.34927366   0.42328195   0.67706470   0.41467982   0.52320635   0.41834883   0.59924377   0.25661576  -0.56496112   0.29431955  -0.14706202   0.23022897  -0.13349280   0.18666743   0.92374219   0.13050488   0.46558818   0.23070590  -0.11852807  -0.22282494  -0.46037845  -0.20063425  -0.28352231  -0.23888383   0.03060830   0.03060830   0.03039953   0.03060830   0.03060830   0.03060830   0.00245114   0.00254027   0.00520938   0.00259567   0.00262362   0.00245210
 1.00  8000.  0.0  2.0   0.02177779   0.06432964   0.13603755   0.07515302   0.16343624   0.04826802   1.35234396   1.24122739   1.03668695   1.23334139   1.03322704   1.27064452  -0.93424671  -0.90497814  -0.91645104  -0.93322880  -0.92547609  -0.93114442   0.26953195   0.26957039   0.30519090   0.28461776   0.31089559   0.28015001   0.37632157   0.37632157   0.37632157   0.37632157   0.37632157   0.37632157   0.00066138   0.00062966   0.00045199   0.00064130   0.00068253   0.00051896
 1.50  8000.  0.0  2.0   0.32119550   0.39212566   0.71368844   0.40194372   0.76536562   0.34743601   0.82878047   0.61532457  -0.12894701   0.62394641  -0.17525036   0.70727492  -0.53202446  -0.40442738   0.04374900  -0.46120844   0.06724337  -0.47903583   0.14556841   0.11560202   0.00738226   0.14220447   0.00403243   0.13823804   0.28290766   0.28290766   0.28143766   0.28290766   0.28143766   0.28290766   0.00318472   0.00329349   0.00393051   0.00333221   0.00551331   0.00271559
 2.00  8000.  0.0  2.0   0.28570383   0.34510312   0.92288002   0.35457971   0.45658752   0.30581330   0.84387699   0.64219484  -0.72578957   0.62751956   0.28540513   0.69597884  -0.50640340  -0.39596708   0.67214583  -0.40690261  -0.24506905  -0.40861626   0.12014171   0.09972403  -0.22872376   0.10367252   0.07546731   0.09478352   0.24027890   0.24027890   0.23812124   0.24027890   0.24027890   0.24027890   0.00069896   0.00053756   0.00397265   0.00051870   0.00033246   0.00040225
 2.50  8000.  0.0  2.0   0.28438462   0.74220626   0.84510739   0.76301031   0.91727151   0.69101887   0.81293478  -0.24437936  -0.67302613  -0.30409706  -0.79985800  -0.18931080  -0.46168192   0.44059234   0.68859019   0.48780537   0.81566112   0.44190484   0.09839107  -0.19128865  -0.25349797  -0.20974181  -0.30034189  -0.20207870   0.20013972   0.19856148   0.19856148   0.19856148   0.19856148   0.19856148   0.00064697   0.00414916   0.00336018   0.00420241   0.00437766   0.00349243
 3.00  8000.  0.0  2.0   0.35333809   0.39323193   0.68416023   0.40495684   0.72255341   0.54731638   0.56600620   0.42633322  -0.42312478   0.38660068  -0.48435090  -0.01370453  -0.16989526  -0.13535979   0.52283765  -0.10683838   0.59390719   0.36454525  -0.01421020  -0.00771726  -0.21626534  -0.01794548  -0.24557180  -0.19646373   0.15698772   0.15698772   0.15640772   0.15698772   0.15640772   0.15640772   0.00062196   0.00053772   0.00074163   0.00051611   0.00093486   0.00073497
 3.50  8000.  0.0  2.0   0.32101812   0.37899024   0.96569788   0.39199378   0.48928853   0.36611497   0.57719147   0.39905205  -1.15076263   0.35060518   0.02795358   0.35348286  -0.14833054  -0.07425294   1.29705316  -0.02944377   0.10300814   0.02345730  -0.02764832  -0.03812905  -0.50758012  -0.05538267  -0.07363477  -0.07778751   0.12559717   0.12559717   0.12432406   0.12559717   0.12559717   0.12559717   0.00057702   0.00067176   0.00340053   0.00064854   0.00072972   0.00056073
 4.00  8000.  0.0  2.0   0.21418667   0.45029190   0.57588016   0.46247547   0.58949526   0.44504959   0.77948991   0.14367593  -0.26386121   0.09244675  -0.28509049   0.07621277  -0.27424448   0.27677434   0.43667461   0.32975073   0.47990736   0.39880515  -0.02131808  -0.20321876  -0.20143718  -0.22320628  -0.22529087  -0.25253014   0.09690072   0.09628290   0.09628290   0.09628290   0.09628290   0.09628290   0.00068356   0.00145375   0.00147918   0.00142489   0.00168299   0.00123551
 4.50  8000.  0.0  2.0   0.31315518   0.38318430   0.68869149   0.38975508   0.69650167   0.38444014   0.48924861   0.25832530  -0.58525908   0.22232985  -0.59704747   0.17714624   0.08994942   0.21096428   0.81311196   0.25191966   0.84673117   0.34805667  -0.18832976  -0.20125574  -0.35155743  -0.21803651  -0.37240674  -0.25819299   0.07615237   0.07615237   0.07567391   0.07615237   0.07567391   0.07615237   0.00120148   0.00124646   0.00285140   0.00123683   0.00312826   0.00108903
 5.00  8000.  0.0  2.0   0.41350472   0.48627479   0.58408907   0.48730794   0.59033755   0.48674957   0.22790146  -0.02071413  -0.31977629  -0.03703453  -0.33314459  -0.08855112   0.37800812   0.52104536   0.54935058   0.54194264   0.58334713   0.63716894  -0.30594891  -0.32457895  -0.25728491  -0.33498614  -0.27795555  -0.37346618   0.05639761   0.05639761   0.05639761   0.05639761   0.05639761   0.05639761   0.00199710   0.00215648   0.00236312   0.00215495   0.00249535   0.00197532
 5.50  8000.  0.0  2.0   0.34521463   0.53430422   0.63707496   0.53341989   0.64389272   0.52822711   0.57218522  -0.03589992  -0.43721016  -0.04168810  -0.45017062  -0.07487100  -0.15551036   0.43104790   0.67597942   0.43809426   0.70062046   0.50773556  -0.07840624  -0.28175126  -0.32343571  -0.28699303  -0.33763663  -0.31530016   0.04241317   0.04213947   0.04213947   0.04213947   0.04213947   0.04213947   0.00184408   0.00324131   0.00366587   0.00326904   0.00388227   0.00301684
 6.00  8000.  0.0  2.0   0.33900656   0.41294372   0.67583641   0.40444516   0.67656010   0.40600186   0.63917455   0.29515141  -0.57314048   0.32755358  -0.57038220   0.26889184  -0.19470682   0.13208116   0.92220197   0.08421622   0.92307381   0.18482249  -0.09501401  -0.20277682  -0.45754240  -0.18412452  -0.45948755  -0.22514685   0.03139281   0.03139281   0.03108177   0.03139281   0.03108177   0.03139281   0.00250683   0.00256563   0.00523830   0.00261766   0.00549252   0.00245914
 1.00  8200.  0.0  2.0   0.04490346   0.08473929   0.16603720   0.09935133   0.19141067   0.08016042   1.38717003   1.28653682   1.01616139   1.25298928   1.02760109   1.27420667  -1.05801510  -1.02784625  -0.91555659  -1.01365994  -0.94811527  -1.00309441   0.34096658   0.33573822   0.31093612   0.33118039   0.32735567   0.32666051   0.38987132   0.38987132   0.38987132   0.38987132   0.38987132   0.38987132   0.00138606   0.00124598   0.00086462   0.00126653   0.00129674   0.00117142
 1.50  8200.  0.0  2.0   0.37421594   0.43324025   1.21126592   0.45851958   0.59473368   0.41066617   0.78353270   0.59240268  -0.94465005   0.55271917   0.17461370   0.63219376  -0.55777666  -0.43298533   0.59673481  -0.43980747  -0.24932214  -0.46346097   0.17015392   0.13518250  -0.11962180   0.14546805   0.11013122   0.14569140   0.29411519   0.29411519   0.29099866   0.29411519   0.29411519   0.29411519   0.00473669   0.00463375   0.02776319   0.00483332   0.00548551   0.00419165
 2.00  8200.  0.0  2.0   0.05094130   0.38329505   0.43134205   0.39525075   0.49305615   0.35001106   1.31415998   0.56423109   0.28952761   0.55408005   0.19855710   0.62956757  -0.94318251  -0.33282394  -0.25491750  -0.36321598  -0.17094352  -0.37868917   0.26523141   0.07793250   0.08207003   0.09314467   0.05236501   0.08953174   0.25128168   0.24913899   0.24913899   0.24913899   0.24913899   0.24913899   0.00003810   0.00083750   0.00029078   0.00079875   0.00049819   0.00067026
 2.50  8200.  0.0  2.0   0.34221221   0.81392496   0.88768984   0.83378332   0.98049536   0.76267792   0.72867148  -0.37263690  -0.76117553  -0.42086708  -0.92864574  -0.29636921  -0.43873452   0.51876619   0.74779343   0.54886349   0.90920671   0.49328576   0.10154771  -0.20686183  -0.26722741  -0.21994639  -0.32487689  -0.21094798   0.20793106   0.20626291   0.20626291   0.20626291   0.20626291   0.20626291   0.00098414   0.00550045   0.00415786   0.00558075   0.00558847   0.00477630
 3.00  8200.  0.0  2.0   0.38856766   0.41882285   0.91250496   0.84871691   0.98710122   0.78300140   0.56618933   0.42108076  -0.93774633  -0.58849636  -1.07832400  -0.47968945  -0.24861780  -0.19086899   0.99690240   0.80221259   1.14287774   0.75969540   0.02502074   0.02378233  -0.37744414  -0.33525347  -0.43287493  -0.32937039   0.16065364   0.16065364   0.15947496   0.15947496   0.15947496   0.15947496   0.00069204   0.00053571   0.00277014   0.00364592   0.00362621   0.00315024
 3.50  8200.  0.0  2.0   0.33936819   0.39147956   0.96134306   0.40313764   0.49254718   0.37178632   0.60480466   0.41806517  -1.13848969   0.36960006   0.02608531   0.39308888  -0.24193140  -0.14719613   1.25668669  -0.09750483   0.07470745  -0.05829687   0.01286489  -0.00352199  -0.48710293  -0.02538670  -0.05740394  -0.04733174   0.12898839   0.12898839   0.12770030   0.12898839   0.12898839   0.12898839   0.00053489   0.00058176   0.00310108   0.00057184   0.00062154   0.00051434
 4.00  8200.  0.0  2.0   0.23112398   0.50482102   0.59400621   0.51453704   0.61783839   0.48646981   0.79265796   0.07030659  -0.28621963   0.02488056  -0.32446322   0.03853725  -0.38511986   0.26155786   0.41309572   0.31111998   0.46683249   0.35520965   0.05615277  -0.16631494  -0.18208214  -0.18736620  -0.20741189  -0.20964356   0.09918567   0.09826105   0.09826105   0.09826105   0.09826105   0.09826105   0.00061707   0.00135145   0.00133978   0.00134527   0.00158225   0.00118461
 4.50  8200.  0.0  2.0   0.31350773   0.37516774   0.67670054   0.38017727   0.69310447   0.36781090   0.54206834   0.32748106  -0.54717519   0.29436499  -0.57580744   0.26857325  -0.03963971   0.07509312   0.73904736   0.11356728   0.78796418   0.19762221  -0.11827615  -0.13369849  -0.31688049  -0.14993199  -0.34283196  -0.18911810   0.07803078   0.07803078   0.07755581   0.07803078   0.07755581   0.07803078   0.00115344   0.00121248   0.00275878   0.00120791   0.00308406   0.00106817
 5.00  8200.  0.0  2.0   0.39683148   0.46860514   0.56230857   0.46819542   0.57319432   0.46290712   0.29420362   0.04347012  -0.27467842   0.02892053  -0.29519115  -0.01259818   0.26225849   0.41799065   0.47939345   0.43701890   0.51921645   0.53115394  -0.25067193  -0.27854506  -0.22660872  -0.28781985  -0.24909918  -0.32953264   0.05792971   0.05792971   0.05792971   0.05792971   0.05792971   0.05792971   0.00178314   0.00193863   0.00204642   0.00195479   0.00223743   0.00173985
 5.50  8200.  0.0  2.0   0.34246180   0.52871616   0.63381392   0.52483808   0.64275523   0.52085757   0.59967170   0.00329326  -0.42388641   0.00472078  -0.43763238  -0.03633120  -0.21078290   0.36162581   0.63773525   0.35952614   0.66060337   0.44884606  -0.05252151  -0.24983753  -0.30268072  -0.25050236  -0.31544196  -0.29061841   0.04326906   0.04299687   0.04299687   0.04299687   0.04299687   0.04299687   0.00185797   0.00320757   0.00350163   0.00325830   0.00376803   0.00295963
 6.00  8200.  0.0  2.0   0.33696209   0.40504135   0.67807860   0.39746421   0.68263520   0.39671442   0.67472640   0.34693408  -0.57821110   0.37032555  -0.58246243   0.31927632  -0.26367248   0.04790372   0.91003880   0.01524343   0.91824137   0.11348226  -0.06471065  -0.16678453  -0.44892778  -0.15546782  -0.45412464  -0.19847356   0.03180197   0.03180197   0.03159720   0.03180197   0.03159720   0.03180197   0.00254896   0.00266452   0.00513458   0.00270796   0.00542648   0.00251628
 1.50  8400.  0.0  2.0   0.41743459   0.47608272   0.58020219   0.50831343   0.65283893   0.46665633   0.77938055   0.59661185   0.18888654   0.52131278   0.10750874   0.59092416  -0.63474480  -0.51492884  -0.27098240  -0.47026490  -0.22355929  -0.48849795   0.21709837   0.18247428   0.12025078   0.17051248   0.11101083   0.16960314   0.30750030   0.30750030   0.30750030   0.30750030   0.30750030   0.30750030   0.00680483   0.00653776   0.00567199   0.00687714   0.00771951   0.00625432
 2.00  8400.  0.0  2.0   0.08071829   0.41153704   0.45850930   0.43406659   0.52669578   0.39348460   1.27126847   0.54087952   0.23436527   0.49645970   0.13315359   0.57256720  -0.93456213  -0.34115287  -0.21132733  -0.33787285  -0.12096042  -0.35946402   0.26797317   0.08500708   0.06928283   0.08986414   0.03811465   0.08864171   0.25870338   0.25647578   0.25647578   0.25647578   0.25647578   0.25647578   0.00007543   0.00120546   0.00042238   0.00118278   0.00072249   0.00106596
 2.50  8400.  0.0  2.0   0.39093729   0.86170357   0.91463093   0.88611301   1.02038001   0.81973076   0.64496775  -0.47024773  -0.83702966  -0.51866232  -1.02768576  -0.38776768  -0.39929939   0.59722596   0.81595059   0.61246178   0.99535240   0.54368370   0.09577894  -0.23253991  -0.28927712  -0.23622057  -0.35216938  -0.22258420   0.21524292   0.21352483   0.21352483   0.21352483   0.21352483   0.21352483   0.00135297   0.00664169   0.00470667   0.00674725   0.00646408   0.00599569
 3.00  8400.  0.0  2.0   0.43987495   0.45855164   0.69440054   0.65812429   0.75674466   0.60590862   0.48838807   0.34142699  -0.44203522  -0.13526902  -0.55168129  -0.04034052  -0.22655294  -0.14151512   0.49277557   0.32587970   0.60597496   0.29276204   0.02762118   0.01331122  -0.19390324  -0.16074056  -0.23711412  -0.15934170   0.16445941   0.16445941   0.16386441   0.16386441   0.16386441   0.16386441   0.00082521   0.00059459   0.00049792   0.00083522   0.00070408   0.00076245
 3.50  8400.  0.0  2.0   0.36987156   0.41402200   0.95677682   0.42209032   1.02524132   0.38633908   0.59078184   0.39920491  -1.12415533   0.36302554  -1.25583520   0.41172376  -0.29156756  -0.17592656   1.21517085  -0.13876713   1.35500734  -0.12536940   0.04116532   0.01735602  -0.46567616  -0.00238015  -0.51997630  -0.01729725   0.13191013   0.13191013   0.13061706   0.13191013   0.13061706   0.13191013   0.00045817   0.00046144   0.00274745   0.00047108   0.00349852   0.00044446
 4.00  8400.  0.0  2.0   0.26510249   0.52790508   0.58518445   0.53402640   0.61580808   0.50222640   0.74337029   0.04972705  -0.25013048   0.01798303  -0.29848299   0.04641996  -0.39499220   0.21955685   0.33681204   0.25331621   0.39446435   0.28816324   0.07892251  -0.12947761  -0.14479839  -0.14624021  -0.16923756  -0.16827939   0.10130931   0.10038468   0.10038468   0.10038468   0.10038468   0.10038468   0.00057371   0.00114350   0.00117439   0.00116893   0.00142007   0.00103932
 4.50  8400.  0.0  2.0   0.32107434   0.37267261   0.66677234   0.37597249   0.68849268   0.35592537   0.57963729   0.38668761  -0.51361570   0.35820275  -0.54847331   0.36051212  -0.17292868  -0.06762850   0.66849670  -0.03348494   0.71816323   0.02157818  -0.03470291  -0.05371638  -0.28298728  -0.06932379  -0.30731989  -0.09850389   0.07983278   0.07983278   0.07935781   0.07983278   0.07935781   0.07983278   0.00110717   0.00116234   0.00262438   0.00116613   0.00299374   0.00104438
 5.00  8400.  0.0  2.0   0.39505933   0.45990996   0.55003527   0.45859886   0.56392945   0.44468973   0.34330709   0.10774838  -0.23858126   0.09387026  -0.26068384   0.08056010   0.15657416   0.30168365   0.41266539   0.32125118   0.45073949   0.38840848  -0.19865611  -0.22462142  -0.19574548  -0.23460747  -0.21673210  -0.26817307   0.05926872   0.05926872   0.05926872   0.05926872   0.05926872   0.05926872   0.00173750   0.00190051   0.00191953   0.00193036   0.00214169   0.00172979
 5.50  8400.  0.0  2.0   0.34729966   0.53049187   0.63404447   0.52439209   0.64322588   0.51192469   0.59302153   0.00086740  -0.42540648   0.00665556  -0.43544540  -0.00224198  -0.21182992   0.36155664   0.62141906   0.35644120   0.63821738   0.40869201  -0.05009996  -0.24933243  -0.28964807  -0.24927729  -0.29960021  -0.27527217   0.04397443   0.04384043   0.04384043   0.04384043   0.04384043   0.04384043   0.00186952   0.00309631   0.00333177   0.00315644   0.00362682   0.00290646
 6.00  8400.  0.0  2.0   0.33763241   0.40668454   0.68376638   0.39453629   0.68584469   0.38936492   0.69443368   0.35923340  -0.59882477   0.39382898  -0.58786322   0.35862862  -0.31567757   0.01393080   0.91282524  -0.03173361   0.89841050   0.05242550  -0.03877309  -0.15139598  -0.44395642  -0.13412902  -0.43887462  -0.17377797   0.03246024   0.03246024   0.03225946   0.03246024   0.03225946   0.03246024   0.00251809   0.00260162   0.00493868   0.00269879   0.00537562   0.00251229
 1.50  8600.  0.0  2.0   0.11264700   0.52439259   0.64476723   0.55475937   0.71140928   0.51444261   1.25067919   0.60216138   0.12960922   0.52408633   0.07230640   0.59156169  -0.94872848  -0.60849733  -0.26385999  -0.55013510  -0.24842565  -0.56768638   0.28854030   0.23810544   0.12978114   0.21734898   0.13414431   0.21634380   0.32695866   0.32373224   0.32373224   0.32373224   0.32373224   0.32373224   0.00118425   0.00938931   0.00823513   0.00970323   0.01087254   0.00903929
 2.00  8600.  0.0  2.0   0.10922347   0.72543151   0.80278911   0.76530615   0.90576667   0.71241776   1.23341507   0.01634523  -0.42756303  -0.08420370  -0.58723099   0.02675968  -0.92714485   0.02522889   0.34264863   0.09446928   0.47312518   0.03580762   0.27040963  -0.00773691  -0.10145905  -0.02850303  -0.14209110  -0.01691441   0.26688422   0.26335940   0.26335940   0.26335940   0.26335940   0.26335940   0.00014839   0.00858397   0.00639684   0.00897053   0.00887328   0.00827571
 2.50  8600.  0.0  2.0   0.44063254   0.90176627   0.94665249   0.93716050   1.06026301   0.87521223   0.55989872  -0.52234549  -0.90517442  -0.60124195  -1.10892212  -0.46424440  -0.35230322   0.61730243   0.87008978   0.65803424   1.05839633   0.57475603   0.08613221  -0.23516032  -0.30506175  -0.24527083  -0.37015762  -0.22571311   0.22062693   0.21885890   0.21885890   0.21885890   0.21885890   0.21885890   0.00183193   0.00789152   0.00537812   0.00810356   0.00744658   0.00743605
 3.00  8600.  0.0  2.0   0.33915523   0.35633938   0.70173850   0.35926216   0.77223743   0.32568985   0.72731549   0.56150822  -0.47007705   0.56413244  -0.59664625   0.63181036  -0.48780810  -0.35513477   0.51185085  -0.38886631   0.64019908  -0.40110297   0.12443634   0.08604232  -0.19829052   0.09876732  -0.24656379   0.09232602   0.16949814   0.16949814   0.16829447   0.16949814   0.16829447   0.16949814   0.00016310   0.00010963   0.00047024   0.00010779   0.00068833   0.00011140
 3.50  8600.  0.0  2.0   0.40634590   0.44098145   0.95878353   0.44403712   1.03815067   0.40646150   0.53788201   0.34225692  -1.13560137   0.33086599  -1.29034748   0.40236582  -0.28641587  -0.14262797   1.20901881  -0.14174660   1.36953439  -0.15749265   0.04801953   0.01071623  -0.45888143   0.00525929  -0.51999466   0.00045270   0.13546618   0.13546618   0.13415312   0.13546618   0.13415312   0.13546618   0.00040359   0.00037340   0.00254505   0.00040178   0.00334254   0.00039654
 4.00  8600.  0.0  2.0   0.28979647   0.48434452   0.55173649   0.48980829   0.58392431   0.45420907   0.77981857   0.19908376  -0.19294224   0.17034686  -0.24007190   0.23032370  -0.51247013   0.02297242   0.27338920   0.05406437   0.32737324   0.04901228   0.12620181  -0.05697060  -0.12323371  -0.07464873  -0.14649634  -0.08278273   0.10380688   0.10349688   0.10349688   0.10349688   0.10349688   0.10349688   0.00055235   0.00109398   0.00104787   0.00114611   0.00128966   0.00107853
 4.50  8600.  0.0  2.0   0.36132154   0.39819695   0.67460543   0.39950018   0.70168319   0.55528679   0.53512482   0.37459728  -0.51320272   0.35409157  -0.55524776  -0.08062406  -0.21143150  -0.13196910   0.62633247  -0.10711965   0.67745382   0.41041092   0.00768684  -0.00458925  -0.25796009  -0.01797752  -0.28069367  -0.22207291   0.08121001   0.08121001   0.08073654   0.08121001   0.08073654   0.08073654   0.00101634   0.00105098   0.00242243   0.00106235   0.00281300   0.00201518
 5.00  8600.  0.0  2.0   0.40013454   0.45764166   0.74375849   0.45568347   0.55570536   0.43375918   0.38580545   0.16409472  -0.73446198   0.15212404  -0.22320867   0.16942632   0.03363647   0.17377136   0.91352832   0.19051389   0.37156453   0.22462989  -0.12843548  -0.15682987  -0.37962045  -0.16565413  -0.17788754  -0.18790134   0.06048887   0.06048887   0.05996165   0.06048887   0.06048887   0.06048887   0.00169324   0.00183882   0.00415676   0.00187632   0.00202120   0.00171830
 5.50  8600.  0.0  2.0   0.35421674   0.53985842   0.63220000   0.53419517   0.64529289   0.51521326   0.47119092  -0.10250098  -0.46799988  -0.10362952  -0.48968704  -0.09079529  -0.00347751   0.52431848   0.66581765   0.53363947   0.70070057   0.56447428  -0.14235705  -0.31647365  -0.29592778  -0.32430024  -0.31494399  -0.34348434   0.04489940   0.04463470   0.04463470   0.04463470   0.04463470   0.04463470   0.00151371   0.00277479   0.00297306   0.00285145   0.00330626   0.00263545
 6.00  8600.  0.0  2.0   0.33965545   0.40497673   0.68656612   0.39667614   0.69290117   0.38362458   0.71381705   0.38707147  -0.60475654   0.40362522  -0.60498492   0.39900125  -0.37339287  -0.04861760   0.89035432  -0.06642935   0.89216139  -0.01645747  -0.00783810  -0.11970125  -0.42571849  -0.11572403  -0.42918515  -0.14345935   0.03324226   0.03324226   0.03294270   0.03324226   0.03294270   0.03324226   0.00246819   0.00252965   0.00475330   0.00256318   0.00520225   0.00244548
 1.50  8800.  0.0  2.0  -0.00071875   0.55581663   0.70535899   0.58500594   0.76113460   0.54154622   1.42114377   0.67205001   0.12334674   0.60009178   0.10055805   0.67412662  -1.06025505  -0.77737216  -0.33680111  -0.72318612  -0.36282447  -0.74676369   0.31340183   0.32383294   0.17459263   0.30290854   0.19569319   0.30356580   0.34480699   0.33975442   0.33975442   0.33975442   0.33975442   0.33975442   0.00022538   0.01327615   0.01204443   0.01354047   0.01533246   0.01269536
 2.00  8800.  0.0  2.0   0.31926019   0.48462788   0.52663018   0.50960469   0.59980556   0.47462241   0.88456821   0.49650855   0.12337646   0.42031677   0.02144952   0.50156811  -0.68646424  -0.39136900  -0.12573437  -0.33623870  -0.04379929  -0.37377174   0.20939361   0.12167659   0.04272485   0.10305224   0.01684977   0.10852233   0.27365794   0.27240794   0.27240794   0.27240794   0.27240794   0.27240794   0.00225675   0.00255073   0.00093731   0.00248380   0.00153162   0.00246796
 2.50  8800.  0.0  2.0   0.29392133   0.28135804   0.67099910   0.68258614   0.75638634   0.27066191   0.86924435   0.79366842  -0.31930132  -0.05571326  -0.46127034   0.81670404  -0.64477497  -0.59458745   0.33104120   0.15007614   0.46143252  -0.60595120   0.18372046   0.16914514  -0.12477210  -0.07600931  -0.17036117   0.16834033   0.22821750   0.22821750   0.22640448   0.22640448   0.22640448   0.22821750   0.00035183   0.00019472   0.00075022   0.00228569   0.00123517   0.00017095
 3.00  8800.  0.0  2.0   0.37260479   0.37054787   0.95720040   0.37779858   1.06487210   0.34811341   0.66050643   0.53371197  -1.06660667   0.52500274  -1.27356817   0.60011463  -0.44540001  -0.33288034   1.09236202  -0.36395174   1.29572891  -0.39311235   0.11280516   0.07557202  -0.40280445   0.09116166  -0.47670342   0.09196702   0.17588102   0.17588102   0.17401878   0.17588102   0.17401878   0.17588102   0.00020091   0.00013275   0.00316997   0.00012258   0.00444250   0.00013056
 3.50  8800.  0.0  2.0   0.44072968   0.46211991   0.78169401   0.46355810   0.84546143   0.42767086   0.47703481   0.29064036  -0.72878616   0.29717580  -0.84407826   0.38246965  -0.25991729  -0.09802758   0.79241251  -0.13386986   0.91134602  -0.17196843   0.04437588  -0.00586250  -0.30612496   0.00703639  -0.35172026   0.01090105   0.14007604   0.14007604   0.13919202   0.14007604   0.13919202   0.14007604   0.00037363   0.00032735   0.00110140   0.00036415   0.00138627   0.00037109
 4.00  8800.  0.0  2.0   0.29262844   0.50772239   0.81527835   0.51025189   0.58876395   0.47303935   0.80608910   0.16005000  -0.85403558   0.15025324  -0.24851847   0.23231194  -0.58497041   0.03296951   0.94611963   0.03347435   0.31197951  -0.00178707   0.16065653  -0.05412939  -0.36991371  -0.05913268  -0.13493835  -0.05582790   0.10807179   0.10745748   0.10684316   0.10745748   0.10745748   0.10745748   0.00056066   0.00095199   0.00245991   0.00102757   0.00111712   0.00099482
 4.50  8800.  0.0  2.0   0.38984170   0.41515160   0.67012491   0.60771161   0.70206614   0.57172560   0.50667912   0.36088935  -0.50064620  -0.14180956  -0.55071665  -0.07354382  -0.23563724  -0.16244254   0.58663525   0.37110536   0.64254910   0.35135681   0.02627874   0.01722798  -0.23732538  -0.18888025  -0.26079495  -0.19114899   0.08356739   0.08356739   0.08309691   0.08309691   0.08309691   0.08309691   0.00099483   0.00098139   0.00219049   0.00204566   0.00258019   0.00191550
 5.00  8800.  0.0  2.0   0.42502928   0.47106051   0.73942072   0.47043638   0.76339803   0.44375958   0.38597140   0.18553720  -0.70883441   0.16937587  -0.74608804   0.21101806  -0.06643851   0.06655859   0.84703742   0.08881590   0.89237103   0.09293877  -0.05617739  -0.08854793  -0.34584618  -0.10053105  -0.36662452  -0.11107315   0.06154389   0.06154389   0.06119528   0.06154389   0.06119528   0.06154389   0.00163940   0.00175500   0.00392991   0.00179022   0.00447068   0.00166183
 5.50  8800.  0.0  2.0   0.35463419   0.53122388   0.61388488   0.52738996   0.63116170   0.50431963   0.51033406  -0.04068659  -0.41450596  -0.04858855  -0.44395221  -0.01889693  -0.10895848   0.39914412   0.57564287   0.41629046   0.61721463   0.43141229  -0.08256638  -0.25179288  -0.25382990  -0.26239552  -0.27488821  -0.27783450   0.04581139   0.04567889   0.04567889   0.04567889   0.04567889   0.04567889   0.00144982   0.00268762   0.00279337   0.00276025   0.00314336   0.00257652
 6.00  8800.  0.0  2.0   0.35120536   0.40921471   0.68756649   0.40020293   0.69760557   0.51341320   0.70077278   0.39794583  -0.60470208   0.41398965  -0.61378104   0.07604743  -0.39269767  -0.09644715   0.85753787  -0.11189453   0.87029174   0.30741928   0.00895086  -0.09103421  -0.40182805  -0.08812264  -0.41027678  -0.26123773   0.03388504   0.03388504   0.03358799   0.03388504   0.03358799   0.03358799   0.00242846   0.00247938   0.00454931   0.00249681   0.00499254   0.00441916
 1.50  9000.  0.0  2.0   0.16380981   0.32130948   0.42893407   0.33877199   0.46572698   0.30802052   1.30016467   1.06787587   0.61599852   1.02789474   0.62466140   1.08041679  -1.12015058  -1.05218145  -0.69308098  -1.03076565  -0.74138227  -1.03943797   0.38131668   0.38847869   0.26260936   0.37859560   0.28936565   0.37535818   0.36075107   0.35889607   0.35889607   0.35889607   0.35889607   0.35889607   0.00332222   0.00562303   0.00332437   0.00543039   0.00477457   0.00528777
 2.00  9000.  0.0  2.0   0.36130799   0.83331357   0.92769538   0.86980842   1.02752321   0.81451010   0.84877078  -0.04060613  -0.58771310  -0.14391956  -0.72370281  -0.01128417  -0.69937135  -0.06106212   0.42346271   0.02326166   0.51676851  -0.06795130   0.22419148   0.05596424  -0.11319588   0.02578547  -0.13685049   0.05056668   0.28302752   0.28041043   0.28041043   0.28041043   0.28041043   0.28041043   0.00325828   0.01457962   0.01095356   0.01484675   0.01461823   0.01409111
 2.50  9000.  0.0  2.0   0.32433282   0.30872472   0.70091863   0.32024767   0.78863109   0.29910615   0.82888231   0.76858286  -0.36951025   0.72396775  -0.51364156   0.79045636  -0.63203650  -0.59900800   0.36923303  -0.58079033   0.49866368  -0.61037256   0.18313307   0.17504453  -0.13661343   0.17142985  -0.18110085   0.17416326   0.23463034   0.23463034   0.23277237   0.23463034   0.23277237   0.23463034   0.00051253   0.00028809   0.00094734   0.00024805   0.00153929   0.00026452
 3.00  9000.  0.0  2.0   0.58359089   0.54723794   0.98784905   0.56037582   1.10109848   0.53281407   0.21754842   0.17640988  -1.12991317   0.14264199  -1.34714325   0.22651337  -0.04998709  -0.01715468   1.14558260  -0.02146445   1.35676845  -0.06802065  -0.01997596  -0.03117738  -0.41985742  -0.02414474  -0.49598285  -0.01584458   0.17977238   0.17977238   0.17848381   0.17977238   0.17848381   0.17977238   0.00170896   0.00114470   0.00357883   0.00108398   0.00501964   0.00110079
 3.50  9000.  0.0  2.0   0.61245777   0.59583796   0.78482559   0.60083634   0.85465393   0.56837406   0.09386096  -0.01106139  -0.75339440  -0.01189062  -0.88034925   0.08105336   0.09299951   0.19264831   0.81798684   0.15313751   0.94667905   0.09806871  -0.07762477  -0.11131453  -0.31568008  -0.09261509  -0.36431377  -0.08136956   0.14372248   0.14372248   0.14327248   0.14372248   0.14327248   0.14372248   0.00117220   0.00083823   0.00112244   0.00081930   0.00141508   0.00083538
 4.00  9000.  0.0  2.0   0.34532010   0.58566739   0.81737816   0.58639711   0.62255882   0.54998167   0.70514012  -0.02377219  -0.87287227  -0.01843590  -0.33811897   0.07834355  -0.51959034   0.20784496   0.95734675   0.17766168   0.39139538   0.11867320   0.14339765  -0.11689296  -0.37188056  -0.10669966  -0.16087251  -0.09370971   0.10991009   0.10929078   0.10898078   0.10929078   0.10929078   0.10929078   0.00049467   0.00092819   0.00232752   0.00100602   0.00099265   0.00099490
 4.50  9000.  0.0  2.0   0.40107895   0.61570289   0.66555528   0.61821994   0.70121836   0.58148195   0.53667469  -0.12373406  -0.50902814  -0.13686779  -0.56519399  -0.04679648  -0.32925908   0.31770879   0.58762736   0.32581816   0.64807060   0.27315992   0.06879391  -0.16064109  -0.23718275  -0.16834120  -0.26223377  -0.15729315   0.08648515   0.08601767   0.08601767   0.08601767   0.08601767   0.08601767   0.00102720   0.00190096   0.00200402   0.00204194   0.00239952   0.00196129
 5.00  9000.  0.0  2.0   0.44708980   0.47918027   0.72178343   0.47830726   0.74963284   0.45094041   0.35908620   0.18621458  -0.67048142   0.17334746  -0.71333984   0.22830121  -0.10076560   0.01399027   0.78236260   0.03114507   0.82945146   0.01687114  -0.02258669  -0.05113288  -0.31568159  -0.06191292  -0.33556305  -0.06520253   0.06362757   0.06362757   0.06345457   0.06362757   0.06345457   0.06362757   0.00163084   0.00168836   0.00368575   0.00173058   0.00422866   0.00163037
 5.50  9000.  0.0  2.0   0.36835453   0.54162484   0.61160992   0.53802040   0.63231667   0.51169574   0.53197767  -0.01602472  -0.39329803  -0.02489339  -0.42865273   0.02474451  -0.21395179   0.30107172   0.51510335   0.31901754   0.56024015   0.30879609  -0.01751951  -0.19327122  -0.22227057  -0.20419364  -0.24360908  -0.20997671   0.04664546   0.04638275   0.04638275   0.04638275   0.04638275   0.04638275   0.00143859   0.00262601   0.00263217   0.00270164   0.00299174   0.00254817
 6.00  9000.  0.0  2.0   0.37298653   0.42600010   0.69377791   0.41372198   0.70459868   0.52557470   0.65445368   0.36751003  -0.61780345   0.39202121  -0.62681831   0.07005433  -0.37942490  -0.09884440   0.83607035  -0.12386457   0.84791267   0.27280084   0.01763080  -0.07777483  -0.38104013  -0.07052338  -0.38883605  -0.23469686   0.03444942   0.03444942   0.03415436   0.03444942   0.03415436   0.03415436   0.00237113   0.00236818   0.00427215   0.00239410   0.00473049   0.00424156
 1.50  9200.  0.0  2.0   0.01244630   0.04054277   0.78340023   0.55103463   0.79657176   0.49468693   1.53447193   1.44792756   0.41355060   1.14362183   0.51484479   1.23963954  -1.26526304  -1.23714730  -0.91946816  -1.56315781  -1.08683051  -1.60246890   0.40938484   0.40407145   0.45477481   0.67697338   0.53150442   0.68084747   0.38030709   0.38030709   0.37428601   0.37428601   0.37428601   0.37428601   0.00113865   0.00096774   0.02686541   0.02576652   0.03159284   0.02373360
 2.00  9200.  0.0  2.0   0.40068332   0.40830958   0.62294731   0.41598692   0.69565192   0.39294797   0.83422405   0.73791513   0.01409468   0.70519883  -0.07134303   0.77135262  -0.74284936  -0.68019032  -0.07963500  -0.66710569  -0.02708939  -0.69998088   0.25259565   0.23366008   0.03783567   0.22891169   0.02607559   0.23451430   0.29260687   0.29260687   0.29121187   0.29260687   0.29121187   0.29260687   0.00464556   0.00381236   0.00239812   0.00364428   0.00367916   0.00363647
 2.50  9200.  0.0  2.0   0.35500061   0.34115206   0.73684847   0.34784861   0.82619628   0.33035308   0.79459866   0.73256274  -0.42527112   0.69569938  -0.56891015   0.76254799  -0.62805511  -0.59258565   0.40947504  -0.57980433   0.53432604  -0.61618525   0.18627017   0.17728349  -0.14877359   0.17532887  -0.19052996   0.18149759   0.24033397   0.24033397   0.23841106   0.24033397   0.23841106   0.24033397   0.00075828   0.00044824   0.00125595   0.00037187   0.00200322   0.00042134
 3.00  9200.  0.0  2.0   0.43298659   0.41060579   0.74791100   0.42261370   0.83158519   0.40127420   0.56479058   0.50435186  -0.58483780   0.46171861  -0.73394460   0.54200129  -0.39685623  -0.34973932   0.61646833  -0.33966357   0.76055323  -0.39065937   0.10145354   0.08600982  -0.23484646   0.08738468  -0.28723342   0.09867763   0.18395701   0.18395701   0.18266343   0.18395701   0.18266343   0.18395701   0.00031451   0.00018552   0.00057942   0.00015633   0.00088443   0.00017808
 3.50  9200.  0.0  2.0   0.26675600   0.61391612   0.79239885   0.62471864   0.86439489   0.59874847   0.91492325  -0.02894371  -0.77257515  -0.05328901  -0.90389365   0.03681536  -0.74546858   0.19266595   0.83177903   0.17598207   0.96412276   0.11550880   0.22664981  -0.11045865  -0.31959629  -0.09812064  -0.36941427  -0.08360523   0.14754273   0.14618973   0.14572973   0.14618973   0.14572973   0.14618973   0.00019092   0.00091007   0.00107105   0.00086235   0.00136031   0.00089942
 4.00  9200.  0.0  2.0   0.33911376   0.53949162   0.90402237   0.54671429   0.59306420   0.51535892   0.73607088   0.09749657  -1.08084937   0.09059576  -0.27140353   0.18853313  -0.57767809   0.07396084   1.15708420   0.04389643   0.31437960  -0.02418252   0.16887376  -0.06843304  -0.44205657  -0.05378675  -0.13060169  -0.03635890   0.11217722   0.11155291   0.11061930   0.11155291   0.11155291   0.11155291   0.00050123   0.00080532   0.00240130   0.00088573   0.00091073   0.00088127
 4.50  9200.  0.0  2.0   0.42651802   0.63501661   0.66365445   0.63784877   0.70285271   0.60422087   0.50483679  -0.15831384  -0.50601829  -0.16334761  -0.57004971  -0.06684924  -0.33700968   0.33359951   0.56907640   0.32120840   0.63693447   0.25428414   0.07933388  -0.16323647  -0.22658662  -0.16049675  -0.25424681  -0.14318324   0.08808437   0.08761589   0.08761589   0.08761589   0.08761589   0.08761589   0.00098775   0.00175757   0.00180498   0.00191859   0.00218530   0.00185935
 5.00  9200.  0.0  2.0   0.47056871   0.49362593   0.72682625   0.49289301   0.75769859   0.46614654   0.33931108   0.17481862  -0.67789847   0.16602691  -0.72669511   0.23267753  -0.12961608  -0.01132999   0.76521754  -0.00259859   0.81687244  -0.03507844  -0.00263736  -0.03341606  -0.30370215  -0.04122416  -0.32479497  -0.03732227   0.06543687   0.06543687   0.06509425   0.06543687   0.06509425   0.06543687   0.00162736   0.00160963   0.00338430   0.00165506   0.00391760   0.00158675
 5.50  9200.  0.0  2.0   0.38546788   0.55336067   0.60754128   0.55105756   0.63069574   0.52380578   0.53411449  -0.00689242  -0.37693881  -0.01890399  -0.41487762   0.04476363  -0.30335462   0.21937084   0.46464296   0.23985070   0.50832795   0.20799612   0.04713627  -0.13794862  -0.19548624  -0.14996646  -0.21457279  -0.14608726   0.04799931   0.04761039   0.04761039   0.04761039   0.04761039   0.04761039   0.00146409   0.00255841   0.00244826   0.00263416   0.00281664   0.00250936
 6.00  9200.  0.0  2.0   0.39563278   0.56782838   0.68450163   0.56106198   0.69920079   0.53594060   0.56491701  -0.02505431  -0.60662146  -0.02156065  -0.62628583   0.03624671  -0.29952716   0.30016554   0.79306969   0.30484223   0.81773902   0.27776940   0.00030111  -0.21509448  -0.35187587  -0.22137665  -0.36477456  -0.22072445   0.03504925   0.03485297   0.03485297   0.03485297   0.03485297   0.03485297   0.00210250   0.00401661   0.00394666   0.00417635   0.00443807   0.00401579
 2.00  9400.  0.0  2.0   0.43428850   0.45653108   0.68245407   0.46799590   0.75145746   0.44066566   0.85397818   0.72090420  -0.03321144   0.68106132  -0.10006800   0.76392495  -0.83444030  -0.72970916  -0.08837017  -0.71111494  -0.06267684  -0.76624240   0.30216136   0.26641717   0.05286579   0.25997955   0.05319009   0.27472931   0.30126723   0.30126723   0.29977723   0.30126723   0.29977723   0.30126723   0.00660183   0.00565289   0.00400888   0.00543890   0.00589196   0.00542334
 2.50  9400.  0.0  2.0   0.38735857   0.37717141   1.16989483   0.38152585   1.29285053   0.36573891   0.76582780   0.69450019  -1.27054367   0.65999755  -1.47265976   0.73140003  -0.63618975  -0.58821851   1.13025483  -0.57517906   1.29646373  -0.62337240   0.19575435   0.18147353  -0.37620114   0.17873948  -0.42800059   0.19071238   0.24562303   0.24562303   0.24259250   0.24562303   0.24259250   0.24562303   0.00113913   0.00071621   0.01206447   0.00058320   0.01602926   0.00067405
 3.00  9400.  0.0  2.0   0.66206533   0.61837736   0.77296818   0.62926005   0.85861777   0.61284374   0.09555247   0.08638392  -0.62707503   0.03687448  -0.77950593   0.11518396   0.01700045   0.01557528   0.64926112   0.03803886   0.79512226  -0.01821590  -0.03589923  -0.03487886  -0.24555648  -0.03873385  -0.29826902  -0.02428077   0.18646493   0.18646493   0.18578993   0.18646493   0.18578993   0.18646493   0.00253324   0.00170649   0.00063727   0.00159350   0.00098254   0.00170318
 3.50  9400.  0.0  2.0   0.28654545   0.50618796   1.00307059   0.52021227   1.10513862   0.49875044   0.89115873   0.25014186  -1.25591883   0.20601392  -1.45704739   0.29510742  -0.74456343  -0.10458180   1.30428134  -0.09725592   1.50505284  -0.16371685   0.22950852  -0.00228574  -0.48774566   0.00163666  -0.56183179   0.01947308   0.14981520   0.14890620   0.14750827   0.14890620   0.14750827   0.14890620   0.00017658   0.00032363   0.00268220   0.00031472   0.00370238   0.00032828
 4.00  9400.  0.0  2.0   0.39378813   0.61829339   0.91101245   0.62940484   0.62785428   0.60362572   0.63078455  -0.06576690  -1.09813446  -0.08909831  -0.35077438   0.00653120  -0.50052690   0.22060606   1.16770892   0.20411308   0.38476499   0.13096785   0.14605681  -0.12043466  -0.44453342  -0.10837229  -0.15406916  -0.08786035   0.11381574   0.11318644   0.11254716   0.11318644   0.11318644   0.11318644   0.00044416   0.00088994   0.00233553   0.00091335   0.00082815   0.00092322
 4.50  9400.  0.0  2.0   0.44928979   0.65054592   0.66315991   0.65672844   0.70455485   0.62702504   0.47146783  -0.18533374  -0.50922372  -0.19465264  -0.57791378  -0.09551689  -0.33455660   0.34850681   0.56296680   0.32950576   0.63479919   0.25225696   0.08452897  -0.16793068  -0.22213077  -0.15912783  -0.25100990  -0.13671413   0.08954974   0.08907926   0.08907926   0.08907926   0.08907926   0.08907926   0.00095896   0.00168016   0.00166359   0.00183467   0.00203314   0.00179509
 5.00  9400.  0.0  2.0   0.48500849   0.50258244   0.73138323   0.50122913   0.76527448   0.47634523   0.34949539   0.17106120  -0.70247151   0.17065554  -0.75745768   0.24843830  -0.19318922  -0.03230911   0.78250642  -0.04139811   0.84015987  -0.09533617   0.02858169  -0.02399981  -0.30915858  -0.02329208  -0.33272184  -0.00976414   0.06666100   0.06666100   0.06614777   0.06666100   0.06614777   0.06666100   0.00166451   0.00157399   0.00320692   0.00163639   0.00375226   0.00160355
 5.50  9400.  0.0  2.0   0.41196971   0.56678583   0.79636182   0.56530452   0.62741643   0.53971047   0.49748599  -0.01717186  -0.87579405  -0.02955784  -0.40049856   0.03984267  -0.32640164   0.18069069   0.98433114   0.20005885   0.46428384   0.15633326   0.07727196  -0.10626151  -0.38967867  -0.11831746  -0.19044607  -0.10874645   0.04931934   0.04906313   0.04881091   0.04906313   0.04906313   0.04906313   0.00152399   0.00245905   0.00520901   0.00253643   0.00260907   0.00243708
 6.00  9400.  0.0  2.0   0.45780870   0.61408037   0.68155372   0.61002711   0.70288070   0.58390689   0.39740213  -0.13293205  -0.57076346  -0.14197884  -0.61027476  -0.07287681  -0.19505332   0.33310018   0.68175834   0.35508451   0.72824667   0.30910313  -0.00088022  -0.19052437  -0.28673893  -0.20403710  -0.30706601  -0.19411227   0.03578543   0.03559115   0.03559115   0.03559115   0.03559115   0.03559115   0.00201891   0.00372122   0.00378612   0.00385442   0.00427996   0.00371323
 2.00  9600.  0.0  2.0   0.45754009   0.49712975   0.74122399   0.51574075   0.80427173   0.48368754   0.91390242   0.73904883  -0.05621171   0.68506346  -0.09883771   0.78341460  -0.97738035  -0.82636057  -0.13910701  -0.79684315  -0.14575761  -0.87132879   0.37353765   0.31933331   0.08784013   0.30991043   0.10209942   0.33238264   0.30915846   0.30915846   0.30756346   0.30915846   0.30756346   0.30915846   0.00899928   0.00801075   0.00642451   0.00783879   0.00905876   0.00777071
 2.50  9600.  0.0  2.0   0.66671372   0.65803708   0.83179585   0.66801542   0.92425509   0.64745299   0.28667196   0.19812528  -0.55643923   0.14580766  -0.69804464   0.23815614  -0.29110665  -0.21234193   0.48730313  -0.17859997   0.60121963  -0.25584945   0.10497734   0.07565499  -0.16725070   0.06482737  -0.20257194   0.08911061   0.24939493   0.24939493   0.24831993   0.24939493   0.24831993   0.24939493   0.00697155   0.00546818   0.00253282   0.00514128   0.00383427   0.00536436
 3.00  9600.  0.0  2.0   0.32547053   0.47037461   1.11349489   0.47619330   1.23438212   0.46468968   0.86541886   0.43451647  -1.36805377   0.39274581  -1.59543164   0.46503044  -0.74307998  -0.33413100   1.34675212  -0.31695037   1.56021727  -0.37200329   0.23256936   0.08819917  -0.48639678   0.08607477  -0.56137186   0.10087826   0.19096992   0.19028992   0.18822298   0.19028992   0.18822298   0.19028992   0.00047491   0.00032572   0.00550625   0.00025795   0.00754537   0.00031583
 3.50  9600.  0.0  2.0   0.38724760   0.52980466   1.02864234   0.54357011   1.13321645   0.52781341   0.69024661   0.22785406  -1.30557062   0.17225756  -1.51157750   0.25547824  -0.57548289  -0.10788581   1.34641502  -0.08233977   1.55092041  -0.14894608   0.17439491   0.00240317  -0.50198756  -0.00115141  -0.57718913   0.01778765   0.15157374   0.15110374   0.14968584   0.15110374   0.14968584   0.15110374   0.00028838   0.00033206   0.00285023   0.00031400   0.00393696   0.00033017
 4.00  9600.  0.0  2.0   0.41455263   0.56109305   0.82977318   0.57870258   0.59595084   0.55792035   0.60018217   0.09483478  -0.90462030   0.04361201  -0.27858960   0.13528470  -0.49243831   0.04011034   0.96841346   0.05514142   0.31037210  -0.01974274   0.14695279  -0.05344921  -0.37170939  -0.05229687  -0.12725411  -0.03023938   0.11549388   0.11517388   0.11453459   0.11517388   0.11517388   0.11517388   0.00043245   0.00078002   0.00207097   0.00081351   0.00082544   0.00080934
 4.50  9600.  0.0  2.0   0.44996209   0.62573301   0.65024590   0.64113216   0.69190396   0.61533476   0.49454457  -0.09979986  -0.47303934  -0.13524121  -0.54122483  -0.03631204  -0.38484977   0.24481131   0.51749089   0.24698432   0.58748318   0.16382296   0.10774488  -0.12900593  -0.20378336  -0.12523405  -0.23160261  -0.09961287   0.09134348   0.09087350   0.09087350   0.09087350   0.09087350   0.09087350   0.00095742   0.00161319   0.00152672   0.00174302   0.00187882   0.00170869
 5.00  9600.  0.0  2.0   0.50963794   0.51759977   0.72896351   0.51833566   0.76453061   0.49710625   0.31746453   0.15186128  -0.69416077   0.15088248  -0.75260242   0.22992403  -0.19725436  -0.03234617   0.75960936  -0.05021301   0.82005453  -0.11227655   0.03793310  -0.02098069  -0.29741065  -0.01438324  -0.32180221   0.00348664   0.06764741   0.06764741   0.06730479   0.06764741   0.06730479   0.06764741   0.00164247   0.00151384   0.00295153   0.00158055   0.00348193   0.00157269
 5.50  9600.  0.0  2.0   0.44207378   0.58476427   0.79885277   0.58330379   0.82878290   0.56020451   0.45763146  -0.03928509  -0.87724800  -0.04687187  -0.92915602   0.02623956  -0.32939784   0.17309233   0.96608443   0.18201053   1.02068113   0.12864658   0.08755856  -0.09707540  -0.37858267  -0.10459556  -0.40028098  -0.09057721   0.04985689   0.04972989   0.04947767   0.04972989   0.04947767   0.04972989   0.00157786   0.00239299   0.00493940   0.00247825   0.00561335   0.00241038
 6.00  9600.  0.0  2.0   0.48930658   0.63774447   0.68687634   0.63383659   0.71098298   0.60919897   0.29972840  -0.20664576  -0.58903750  -0.21627884  -0.63716504  -0.14364596  -0.11049744   0.39181439   0.67510130   0.41557790   0.73234796   0.36146951  -0.01764283  -0.19843087  -0.27299767  -0.21354431  -0.29750500  -0.19955221   0.03660663   0.03651113   0.03651113   0.03651113   0.03651113   0.03651113   0.00203399   0.00353058   0.00350298   0.00366141   0.00399248   0.00354328
 2.00  9800.  0.0  2.0   0.25774299   0.28987050   1.23823205   0.30321546   0.34771092   0.28236199   1.25707876   1.10356201  -0.70065716   1.06288631   0.72676275   1.13928261  -1.23458365  -1.10211353   0.12517623  -1.08800543  -0.79289859  -1.14449365   0.44189198   0.39233135   0.09319807   0.38924875   0.28587388   0.40602527   0.31814659   0.31814659   0.31305412   0.31814659   0.31814659   0.31814659   0.00387063   0.00305296   0.03851669   0.00277053   0.00134374   0.00298502
 2.50  9800.  0.0  2.0   0.30122798   0.71416282   0.89160148   0.72879386   0.71940203   0.70771476   1.01571729   0.14100092  -0.63701321   0.07452785  -0.21058836   0.17515017  -0.93459110  -0.21196863   0.52838405  -0.16239847   0.11036133  -0.25435832   0.31212214   0.08800997  -0.17393052   0.07120184  -0.02663848   0.10229356   0.25610747   0.25391990   0.25277990   0.25391990   0.25391990   0.25391990   0.00169515   0.00728441   0.00369769   0.00690143   0.00421852   0.00721764
 3.00  9800.  0.0  2.0   0.35868703   0.50639827   0.84413874   0.51041866   0.93466640   0.50272185   0.82258894   0.38799085  -0.74809042   0.34507981  -0.90788092   0.41514944  -0.73175029  -0.31731190   0.74392269  -0.29494011   0.89218502  -0.35440284   0.23453513   0.08703717  -0.27638405   0.08214887  -0.32860600   0.10014415   0.19378679   0.19308679   0.19166334   0.19308679   0.19166334   0.19308679   0.00065582   0.00047235   0.00094653   0.00036464   0.00145289   0.00045761
 3.50  9800.  0.0  2.0   0.32368660   0.71379820   0.84615174   0.72418976   0.92495577   0.71757213   0.85369391  -0.15636110  -0.86288562  -0.21431443  -1.00824328  -0.14537893  -0.75518378   0.23888771   0.89715542   0.27347735   1.04063284   0.21492630   0.24116187  -0.11565765  -0.33992985  -0.12362779  -0.39314013  -0.10635853   0.15405047   0.15262258   0.15213258   0.15262258   0.15213258   0.15262258   0.00016475   0.00138442   0.00100850   0.00125945   0.00131281   0.00139962
 4.00  9800.  0.0  2.0   0.43597808   0.66192911   0.84181817   0.67774055   0.64305967   0.66524186   0.57176974  -0.10966674  -0.92289742  -0.16916301  -0.37666342  -0.09071167  -0.48746586   0.21981678   0.97851719   0.24919391   0.39822244   0.18250936   0.14942956  -0.11483407  -0.37412038  -0.11942398  -0.15721969  -0.09946501   0.11700220   0.11635292   0.11602292   0.11635292   0.11635292   0.11635292   0.00041661   0.00094432   0.00199460   0.00092285   0.00075908   0.00094928
 4.50  9800.  0.0  2.0   0.47349749   0.64257311   0.65617646   0.66264852   0.69972534   0.64208997   0.45376537  -0.11691314  -0.48306477  -0.17303130  -0.55632120  -0.08037611  -0.36909747   0.24008258   0.51666934   0.26406100   0.59180764   0.18255313   0.10744975  -0.12427203  -0.20115863  -0.12737789  -0.23083114  -0.10151181   0.09203421   0.09155824   0.09155824   0.09155824   0.09155824   0.09155824   0.00092482   0.00157582   0.00144446   0.00168033   0.00178568   0.00164444
 5.00  9800.  0.0  2.0   0.53228667   0.53000630   0.73813137   0.53494251   0.77564927   0.51793252   0.28341533   0.13956478  -0.71227985   0.12771432  -0.77536809   0.20422382  -0.19161305  -0.03662905   0.76585756  -0.04985321   0.83070057  -0.11475909   0.04210857  -0.01754272  -0.29693533  -0.01010724  -0.32284455   0.00987803   0.06839008   0.06839008   0.06787485   0.06839008   0.06787485   0.06839008   0.00161961   0.00147010   0.00281579   0.00153428   0.00334678   0.00154492
 5.50  9800.  0.0  2.0   0.45993563   0.59869565   0.80450652   0.59778113   0.83578171   0.57797060   0.45065631  -0.05440802  -0.89885492  -0.05815230  -0.95267064   0.01788833  -0.36781547   0.16464684   0.97871214   0.16143557   1.03455123   0.09700323   0.10914296  -0.09199061  -0.38180033  -0.09303030  -0.40405683  -0.07325502   0.05066899   0.05054199   0.05028927   0.05054199   0.05028927   0.05054199   0.00161587   0.00238214   0.00471310   0.00248203   0.00540642   0.00244835
 6.00  9800.  0.0  2.0   0.51741544   0.65919898   0.69016374   0.65542210   0.71607672   0.63363650   0.25897366  -0.23529067  -0.58879479  -0.24232466  -0.63980673  -0.16911247  -0.12991684   0.37296588   0.64832552   0.39030070   0.70611902   0.32934308   0.01232541  -0.17445022  -0.25653570  -0.18646837  -0.28011836  -0.16813396   0.03717899   0.03698920   0.03698920   0.03698920   0.03698920   0.03698920   0.00208648   0.00349056   0.00334315   0.00362619   0.00385050   0.00352638
 2.00 10000.  0.0  2.0   0.27429552   0.31567367   1.30072903   0.33677268   0.39488763   0.31262441   1.30859724   1.13845777  -0.62700287   1.07886035   0.69863214   1.16810127  -1.35496225  -1.20578599  -0.10394800  -1.17277223  -0.82187532  -1.24752885   0.50248284   0.44562744   0.21483298   0.43566793   0.30934653   0.46065439   0.32555821   0.32555821   0.32010628   0.32555821   0.32555821   0.32555821   0.00566388   0.00460926   0.05099754   0.00433963   0.00233229   0.00460818
 2.50 10000.  0.0  2.0   0.16459204   0.49292612   1.41777695   0.50224683   0.48499597   0.49016019   1.28471000   0.59030837  -1.59563560   0.53544920   0.27826667   0.61788033  -1.17513070  -0.61092500   1.27826511  -0.57307984  -0.32929611  -0.65056953   0.39003722   0.21517887  -0.38860824   0.20284204   0.11584531   0.22962926   0.26108567   0.25878819   0.25522844   0.25878819   0.25878819   0.25878819   0.00046383   0.00249968   0.02504324   0.00211358   0.00060000   0.00246888
 3.00 10000.  0.0  2.0   0.39458826   0.54390911   0.88696973   0.54630441   0.97988247   0.54271018   0.77288401   0.33975548  -0.81641722   0.29666470  -0.98032145   0.36202579  -0.71443533  -0.30133130   0.79220533  -0.27609932   0.94230193  -0.33609481   0.23515106   0.08711773  -0.29056015   0.08074165  -0.34274166   0.10018189   0.19592441   0.19519441   0.19371603   0.19519441   0.19371603   0.19519441   0.00088724   0.00067304   0.00120512   0.00051121   0.00182761   0.00065390
 3.50 10000.  0.0  2.0   0.44533623   0.59099996   0.87392275   0.59941285   0.56100110   0.59409278   0.60893187   0.15299590  -0.90757289   0.09476223  -0.11277410   0.16436479  -0.54677285  -0.08766345   0.92961793  -0.04961536   0.11682210  -0.11285294   0.17389826   0.00360657  -0.35003621  -0.00598058  -0.05385865   0.01378457   0.15501991   0.15452491   0.15352601   0.15452491   0.15452491   0.15452491   0.00040827   0.00037376   0.00101661   0.00033156   0.00024715   0.00037031
 4.00 10000.  0.0  2.0   0.46003270   0.60292856   0.85803254   0.62089377   0.61609429   0.60954727   0.53924865   0.06254303  -0.94408155  -0.01252960  -0.29974661   0.06848546  -0.47885417   0.02133640   0.98846662   0.07255127   0.31176291  -0.00151901   0.15099450  -0.03918237  -0.37588678  -0.05258528  -0.12465645  -0.02901648   0.11787123   0.11753623   0.11687198   0.11753623   0.11753623   0.11753623   0.00040511   0.00069891   0.00190935   0.00071886   0.00072866   0.00071139
 4.50 10000.  0.0  2.0   0.51569734   0.65824939   0.66192738   0.68100067   0.70654803   0.66474343   0.37577059  -0.12396071  -0.48800341  -0.19831341  -0.56371101  -0.11064296  -0.31504835   0.22343586   0.51283626   0.27071706   0.58990974   0.18996624   0.09290629  -0.11479030  -0.19821601  -0.12667167  -0.22841684  -0.10027236   0.09291000   0.09266950   0.09266950   0.09266950   0.09266950   0.09266950   0.00086102   0.00153759   0.00138178   0.00162246   0.00171225   0.00158898
 5.00 10000.  0.0  2.0   0.55511609   0.54251914   0.73742873   0.55218541   0.77645315   0.53980878   0.24744610   0.13439921  -0.70429176   0.10514138  -0.77113483   0.17597050  -0.18026968  -0.05220692   0.74663915  -0.04945740   0.81496814  -0.11283302   0.04339905  -0.00903873  -0.28755655  -0.00595532  -0.31461825   0.01435809   0.06925362   0.06925362   0.06890801   0.06925362   0.06890801   0.06925362   0.00159735   0.00144834   0.00265471   0.00150144   0.00316442   0.00152686
 5.50 10000.  0.0  2.0   0.47940438   0.61966191   0.81075644   0.62081442   0.84379401   0.60528578   0.42294792  -0.08640420  -0.90895768  -0.09304420  -0.96722363  -0.02108174  -0.36802078   0.17760614   0.97478602   0.17032745   1.03513777   0.10520046   0.11537267  -0.09373943  -0.37703571  -0.09101595  -0.40097030  -0.06988222   0.05132711   0.05094368   0.05081718   0.05094368   0.05081718   0.05094368   0.00165842   0.00234830   0.00449125   0.00245377   0.00518136   0.00244086
 6.00 10000.  0.0  2.0   0.54997677   0.68228435   0.69429660   0.67884708   0.72201972   0.66082751   0.19235193  -0.27952120  -0.59274325  -0.28305409  -0.64745522  -0.21375544  -0.09651622   0.39049888   0.63104839   0.39835354   0.69130265   0.33746697   0.01210806  -0.17174066  -0.24457797  -0.17890254  -0.26840191  -0.15962907   0.03764547   0.03745568   0.03745568   0.03745568   0.03745568   0.03745568   0.00214823   0.00341131   0.00315197   0.00355167   0.00366218   0.00347517
 2.00 10200.  0.0  2.0   0.49098728   0.58747351   0.71346284   0.63441703   0.77673105   0.59096413   1.20563483   0.92526440   0.25438466   0.81362492   0.22094632   0.94562139  -1.54480373  -1.29908905  -0.62579352  -1.22231239  -0.64941446  -1.33789364   0.64764307   0.55886977   0.30475690   0.53572311   0.32753797   0.57470795   0.32941592   0.32941592   0.32941592   0.32941592   0.32941592   0.32941592   0.01956246   0.01926633   0.01423512   0.01990276   0.01803636   0.01964043
 2.50 10200.  0.0  2.0   0.19438468   0.53625806   1.02687810   0.54948525   0.53335940   0.53884977   1.24613038   0.55055065  -0.81096517   0.48425860   0.20853486   0.56696801  -1.16913535  -0.62190677   0.59897304  -0.57211509  -0.29284518  -0.65355472   0.39581860   0.23057019  -0.17589936   0.21408979   0.10968314   0.24316054   0.26504618   0.26260387   0.26010161   0.26260387   0.26260387   0.26260387   0.00073460   0.00357878   0.00760339   0.00309652   0.00098028   0.00361325
 3.00 10200.  0.0  2.0   0.28278955   0.58897296   0.94340877   0.59128541   0.52996393   0.59174899   1.02197949   0.27389854  -0.91480110   0.22661828   0.06660116   0.28686980  -0.96269515  -0.26980882   0.86712671  -0.23715943  -0.09575388  -0.29719175   0.32310833   0.08249885  -0.31335848   0.07274826   0.02699431   0.09359204   0.19919494   0.19768160   0.19612831   0.19768160   0.19768160   0.19768160   0.00023858   0.00100446   0.00166758   0.00077121   0.00012464   0.00099050
 3.50 10200.  0.0  2.0   0.48224527   0.81191312   0.90836999   0.81623630   0.71366467   0.82119686   0.54677090  -0.31611984  -0.96933188  -0.37216121  -0.44380886  -0.32086208  -0.50947204   0.34060873   0.98045821   0.38242978   0.42956919   0.33107636   0.16559457  -0.14232180  -0.36727295  -0.15468810  -0.16345997  -0.13745779   0.15675798   0.15572912   0.15520912   0.15572912   0.15572912   0.15572912   0.00053908   0.00214674   0.00111186   0.00191289   0.00069317   0.00218305
 4.00 10200.  0.0  2.0   0.43079828   0.72843777   0.87541376   0.73965263   0.67565670   0.73913862   0.62269620  -0.20250008  -0.97215078  -0.27010845  -0.42431823  -0.21084751  -0.57933140   0.26217778   1.00924659   0.31173673   0.42677182   0.25553740   0.19025056  -0.12228202  -0.38278824  -0.13613593  -0.16496471  -0.11823760   0.11931426   0.11830076   0.11795576   0.11830076   0.11830076   0.11830076   0.00041324   0.00103468   0.00189827   0.00098286   0.00070637   0.00104741
 4.50 10200.  0.0  2.0   0.51237640   0.72434223   0.68497450   0.74265458   0.73239268   0.49367756   0.39762151  -0.25130496  -0.52972395  -0.32539369  -0.61236160   0.34555291  -0.35425162   0.32841403   0.54507908   0.38072294   0.62894792  -0.31290725   0.11031930  -0.14939509  -0.20829208  -0.16370650  -0.24090863   0.09189647   0.09376827   0.09303386   0.09303386   0.09303386   0.09303386   0.09376827   0.00087360   0.00151751   0.00132938   0.00157654   0.00165287   0.00080710
 5.00 10200.  0.0  2.0   0.58786172   0.56650279   0.75106971   0.57895503   0.79141566   0.57113555   0.18784371   0.10659368  -0.72562244   0.06181004  -0.79576389   0.12552401  -0.14223812  -0.04782263   0.75614715  -0.02748520   0.82751912  -0.08679580   0.03422797  -0.00696622  -0.28852633  -0.00980328  -0.31659626   0.00966638   0.06978872   0.06978872   0.06944110   0.06978872   0.06944110   0.06978872   0.00155866   0.00142220   0.00257255   0.00146363   0.00308143   0.00149762
 5.50 10200.  0.0  2.0   0.50267709   0.63091140   0.81810344   0.63604350   0.85276396   0.62450049   0.38466161  -0.09268403  -0.91899857  -0.11142200  -0.98122116  -0.04429637  -0.35346941   0.16435549   0.97150686   0.16564164   1.03563024   0.10147476   0.11516060  -0.08608367  -0.37279184  -0.08475400  -0.39806401  -0.06302429   0.05189048   0.05163377   0.05137805   0.05163377   0.05137805   0.05163377   0.00169325   0.00231528   0.00430657   0.00240917   0.00498978   0.00241973
 6.00 10200.  0.0  2.0   0.57663503   0.70085945   0.69786667   0.69811514   0.72777279   0.68435383   0.14824120  -0.30857214  -0.59801574  -0.30981005  -0.65755890  -0.24570682  -0.07955864   0.40009864   0.62145353   0.39883422   0.68609799   0.33927829   0.01019633  -0.17284950  -0.23781626  -0.17484281  -0.26314417  -0.15524877   0.03808598   0.03798998   0.03798998   0.03798998   0.03798998   0.03798998   0.00222349   0.00336245   0.00295769   0.00350427   0.00346434   0.00345596
 2.00 10400.  0.0  2.0   0.49639030   0.60968650   0.77864704   0.66494601   0.83126491   0.61820895   1.29923508   0.99892394   0.22382897   0.87056330   0.22138883   1.01181768  -1.71769109  -1.46672323  -0.68622048  -1.37622491  -0.74535887  -1.50297193   0.72962615   0.64252141   0.34919976   0.61547448   0.38622578   0.65899355   0.33381103   0.33381103   0.33381103   0.33381103   0.33381103   0.33381103   0.02364895   0.02396332   0.01907017   0.02509987   0.02348050   0.02474948
 2.50 10400.  0.0  2.0   0.42771439   0.88851094   0.84014325   0.92468719   0.94288959   0.90042007   0.85974999  -0.01780342  -0.38412409  -0.14164440  -0.53822130  -0.01997258  -0.90894378  -0.25301163   0.17378505  -0.14392492   0.28809486  -0.27068667   0.33495206   0.15006828  -0.02415052   0.11190705  -0.05575027   0.15914881   0.26725507   0.26464797   0.26464797   0.26464797   0.26464797   0.26464797   0.00447907   0.01584461   0.00793298   0.01561693   0.01062617   0.01632827
 3.00 10400.  0.0  2.0   0.31691553   0.63748569   1.00342428   0.64051655   0.56751172   0.64468665   0.96034730   0.19701992  -1.02098172   0.14394808   0.00275698   0.19871204  -0.92403994  -0.22751997   0.94647377  -0.18632970  -0.05167355  -0.24482102   0.31417653   0.07444240  -0.33661388   0.06109110   0.01459338   0.08244722   0.20145239   0.19986413   0.19823092   0.19986413   0.19986413   0.19986413   0.00035785   0.00144769   0.00225607   0.00112980   0.00018820   0.00145072
 3.50 10400.  0.0  2.0   0.52431267   0.86748966   1.22931283   0.86996770   0.75288377   0.88061380   0.46889360  -0.41268715  -1.69067608  -0.46933257  -0.51617860  -0.42837495  -0.45397324   0.40702588   1.67728980   0.45339538   0.48843603   0.40837056   0.15011060  -0.16053173  -0.61333332  -0.17538502  -0.18289127  -0.15936357   0.15820637   0.15714754   0.15605876   0.15714754   0.15714754   0.15714754   0.00072667   0.00271879   0.00526816   0.00241356   0.00088287   0.00278015
 4.00 10400.  0.0  2.0   0.51301937   0.65609079   0.58872494   0.66775968   0.64000824   0.66698770   0.45153098  -0.00497929  -0.24234726  -0.07897293  -0.32843080  -0.01651897  -0.42945563   0.04132726   0.23871597   0.10111069   0.32357958   0.03834181   0.14030267  -0.03895948  -0.09500607  -0.05711779  -0.12732037  -0.03606490   0.12012872   0.11977872   0.11977872   0.11977872   0.11977872   0.11977872   0.00042399   0.00067058   0.00055755   0.00069211   0.00071922   0.00068442
 4.50 10400.  0.0  2.0   0.53176280   0.50187514   0.67841236   0.72005109   0.72502471   0.51376915   0.36752348   0.33207426  -0.50422406  -0.25257417  -0.58460602   0.32048999  -0.34060597  -0.30412187   0.51272142   0.28975229   0.59351683  -0.30858248   0.10825017   0.08990986  -0.19587108  -0.12793189  -0.22713331   0.09375367   0.09456488   0.09456488   0.09406593   0.09406593   0.09406593   0.09456488   0.00085438   0.00076643   0.00131592   0.00153632   0.00162683   0.00079635
 5.00 10400.  0.0  2.0   0.61011444   0.58403290   0.75990184   0.59782526   0.80174157   0.59386443   0.14919575   0.09275215  -0.73542544   0.03472888  -0.80982204   0.09233447  -0.12010274  -0.05701032   0.75566746  -0.01866283   0.83156022  -0.07471027   0.02924646   0.00013916  -0.28639305  -0.00977039  -0.31618589   0.00914435   0.07013833   0.07013833   0.06978372   0.07013833   0.06978372   0.07013833   0.00152622   0.00140799   0.00249124   0.00143412   0.00298678   0.00147498
 5.50 10400.  0.0  2.0   0.52486593   0.64656070   0.82915414   0.65520654   0.86500479   0.64767204   0.34667789  -0.10518612  -0.93484233  -0.13837246  -1.00007529  -0.07790185  -0.33487927   0.15498639   0.97430772   0.17067258   1.04131347   0.11063603   0.11231130  -0.07910391  -0.37092232  -0.08216259  -0.39721927  -0.06133283   0.05236296   0.05210375   0.05171582   0.05210375   0.05171582   0.05210375   0.00172612   0.00230693   0.00420055   0.00238688   0.00488852   0.00241268
 6.00 10400.  0.0  2.0   0.59293502   0.71657438   0.70495283   0.71596218   0.73652276   0.70541197   0.14182569  -0.31964810  -0.61222691  -0.32489307  -0.67521893  -0.26235908  -0.10801862   0.38669425   0.62500098   0.38397475   0.69297995   0.32037952   0.02490558  -0.16628991  -0.23756852  -0.16590917  -0.26439530  -0.14341283   0.03856384   0.03837056   0.03837056   0.03837056   0.03837056   0.03837056   0.00228326   0.00339513   0.00282188   0.00353456   0.00333124   0.00351663
 2.00 10600.  0.0  2.0   0.50228361   0.63073451   0.83924638   0.69243133   0.88139506   0.64291967   1.37861523   1.05960979   0.19397993   0.91843542   0.21894114   1.06626116  -1.86759060  -1.61221885  -0.74333857  -1.51127920  -0.83139245  -1.64522773   0.80073915   0.71621501   0.39205755   0.68626983   0.43995381   0.73255175   0.33688761   0.33688761   0.33688761   0.33688761   0.33688761   0.33688761   0.02754849   0.02874672   0.02434203   0.03037951   0.02921531   0.02990626
 2.50 10600.  0.0  2.0   0.46690873   0.94164073   0.91225530   0.98476783   1.01377261   0.95922389   0.80125090  -0.06913047  -0.49554337  -0.21142927  -0.64337249  -0.08383703  -0.88279712  -0.26462033   0.23644431  -0.13605864   0.34170903  -0.27198620   0.33285066   0.16983597  -0.03477414   0.12455305  -0.06227082   0.17603834   0.26971233   0.26698537   0.26698537   0.26698537   0.26698537   0.26698537   0.00566339   0.01928583   0.01021825   0.01919780   0.01341091   0.02005519
 3.00 10600.  0.0  2.0   0.53930644   0.97004650   1.50574236   0.98257154   0.88312923   0.98800280   0.51009210  -0.46868015  -2.07417101  -0.55011569  -0.66103095  -0.49268194  -0.53604949   0.34122344   1.89593856   0.41467067   0.54853138   0.34809287   0.18987183  -0.10552403  -0.65111757  -0.13128792  -0.18567050  -0.10554178   0.20232729   0.20063917   0.19891109   0.20063917   0.20063917   0.20063917   0.00235857   0.00793469   0.01629811   0.00737151   0.00356894   0.00822053
 3.50 10600.  0.0  2.0   0.56894309   0.71429488   0.56671232   0.71489719   0.63110550   0.72585717   0.38063519  -0.04485344  -0.11196979  -0.09866545  -0.22177927  -0.05828634  -0.38491413   0.02793023   0.08464921   0.07288480   0.18776745   0.02656228   0.12874985  -0.02321472  -0.03741604  -0.03775181  -0.07463575  -0.02069235   0.15932512   0.15877012   0.15877012   0.15877012   0.15877012   0.15877012   0.00096598   0.00076071   0.00019552   0.00060264   0.00026615   0.00075947
 4.00 10600.  0.0  2.0   0.47551688   0.68870874   0.60281447   0.69731002   0.65580568   0.70118972   0.54895875  -0.05561185  -0.26005594  -0.12750030  -0.35026273  -0.07355250  -0.53869373   0.06838288   0.24702489   0.13053129   0.33538780   0.07250367   0.18108067  -0.04470536  -0.09708775  -0.06476866  -0.13047672  -0.04431683   0.12111223   0.12039302   0.12039302   0.12039302   0.12039302   0.12039302   0.00039304   0.00066572   0.00056529   0.00068102   0.00071917   0.00067887
 4.50 10600.  0.0  2.0   0.55130522   0.52119247   0.70818122   0.53177767   0.75829703   0.53445387   0.33582547   0.31278341  -0.55915942   0.24327441  -0.64792139   0.29327492  -0.32332382  -0.30722775   0.55819106  -0.25072969   0.64704128  -0.30166925   0.10412858   0.09472826  -0.21099509   0.07755057  -0.24509276   0.09467112   0.09534051   0.09534051   0.09457315   0.09534051   0.09457315   0.09534051   0.00083751   0.00076353   0.00129511   0.00075278   0.00160212   0.00078973
 5.00 10600.  0.0  2.0   0.46581823   0.60297246   0.76952824   0.61590625   0.81220967   0.61558744   0.53275386   0.07502304  -0.74623994   0.01045741  -0.82229920   0.06137584  -0.54311658  -0.06224660   0.75715342  -0.01261633   0.83385458  -0.06402742   0.19124783   0.00599398  -0.28539702  -0.00869226  -0.31517903   0.00895221   0.07115550   0.07061380   0.07025120   0.07061380   0.07025120   0.07061380   0.00119000   0.00140361   0.00243816   0.00141852   0.00292529   0.00146426
 5.50 10600.  0.0  2.0   0.54558686   0.66928503   0.83831857   0.67974836   0.87556432   0.67627715   0.31124459  -0.13252580  -0.94569836  -0.17765244  -1.01459559  -0.12534402  -0.31593687   0.15919368   0.97348117   0.18923004   1.04408868   0.13574541   0.10840206  -0.07651811  -0.36819629  -0.08474608  -0.39578317  -0.06588148   0.05260519   0.05221027   0.05194656   0.05221027   0.05194656   0.05221027   0.00174450   0.00230281   0.00408057   0.00237098   0.00475714   0.00240676
 6.00 10600.  0.0  2.0   0.61898589   0.73437008   0.71223246   0.73666523   0.74506042   0.59182785   0.09550183  -0.34104302  -0.62049535  -0.35596225  -0.68610171   0.07061114  -0.08235606   0.38710391   0.61938378   0.39202062   0.68942638  -0.07488560   0.01986142  -0.16258661  -0.23227752  -0.16387020  -0.25972275   0.01540668   0.03877621   0.03867821   0.03867821   0.03867821   0.03867821   0.03877621   0.00233700   0.00338624   0.00270886   0.00351137   0.00321280   0.00213385
 2.00 10800.  0.0  2.0   0.07632646   0.64819538   0.88913898   0.71269158   0.92174099   0.66129412   1.54677381   1.11723222   0.18390486   0.97464019   0.23197138   1.12461174  -1.47106585  -1.74571974  -0.81535232  -1.64814923  -0.92645540  -1.78267552   0.51053755   0.78333992   0.43906360   0.75623932   0.49525948   0.80221884   0.34607493   0.33947473   0.33947473   0.33947473   0.33947473   0.33947473   0.00224741   0.03342210   0.02969629   0.03545639   0.03489799   0.03483652
 2.50 10800.  0.0  2.0   0.27906016   0.66236244   0.60554304   0.68973412   0.67978836   0.67903360   1.10533670   0.40831638   0.07932864   0.29907503  -0.02226021   0.39202135  -1.09700355  -0.61957819  -0.23640170  -0.52098885  -0.16357431  -0.62390389   0.38448815   0.26298087   0.10640020   0.22775134   0.08678062   0.26794733   0.27321188   0.27038500   0.27038500   0.27038500   0.27038500   0.27038500   0.00184669   0.00790293   0.00192451   0.00724911   0.00286600   0.00829898
 3.00 10800.  0.0  2.0   0.38390901   1.03821824   0.84353102   1.05418590   0.95019437   1.06159895   0.82671673  -0.59101844  -0.59884659  -0.68428187  -0.79210904  -0.62906160  -0.82585507   0.42410542   0.47925284   0.51240661   0.65284861   0.44445950   0.28535422  -0.12599821  -0.15858139  -0.15793704  -0.21711636  -0.13045762   0.20468371   0.20205759   0.20205759   0.20205759   0.20205759   0.20205759   0.00068690   0.00980143   0.00329662   0.00918840   0.00461013   0.01024347
 3.50 10800.  0.0  2.0   0.61324224   0.76015787   0.59368431   0.75924094   0.66082597   0.77506582   0.28966941  -0.12820338  -0.15889136  -0.18222421  -0.27515089  -0.15198679  -0.31108859   0.08433405   0.11729381   0.13271896   0.22586767   0.09391095   0.10496215  -0.03802247  -0.04696606  -0.05456075  -0.08575478  -0.03938477   0.16090337   0.16032337   0.16032337   0.16032337   0.16032337   0.16032337   0.00124902   0.00098718   0.00020637   0.00077026   0.00028444   0.00099900
 4.00 10800.  0.0  2.0   0.58062562   0.86470314   0.68006867   0.86398194   0.74880912   0.88204044   0.31948001  -0.44578985  -0.42393429  -0.49997669  -0.55151505  -0.47837430  -0.32689117   0.43491672   0.39883880   0.48314467   0.52381462   0.45494000   0.10747296  -0.17250480  -0.15024021  -0.18842162  -0.19653543  -0.17795952   0.12201662   0.12126746   0.12126746   0.12126746   0.12126746   0.12126746   0.00050129   0.00158082   0.00058302   0.00143211   0.00079338   0.00162372
 4.50 10800.  0.0  2.0   0.57191966   0.54286279   0.70155298   0.55054592   0.74961799   0.55699729   0.29996319   0.28512200  -0.53265813   0.21737476  -0.61577282   0.25977453  -0.30001392  -0.30075703   0.52474905  -0.24217862   0.60668219  -0.28770266   0.09706987   0.09593277  -0.19836074   0.07728784  -0.22957108   0.09296843   0.09570010   0.09570010   0.09517219   0.09570010   0.09517219   0.09570010   0.00081018   0.00075192   0.00130886   0.00074071   0.00160756   0.00077643
 5.00 10800.  0.0  2.0   0.48249486   0.61055055   0.77951461   0.62205483   0.82322953   0.62462319   0.50657651   0.08072122  -0.75670359   0.01239748  -0.83522324   0.05772096  -0.52977690  -0.08911798   0.75798356  -0.03116726   0.83672712  -0.07864769   0.18794727   0.01938763  -0.28410222   0.00086990  -0.31448322   0.01742904   0.07175383   0.07138624   0.07083056   0.07138624   0.07083056   0.07138624   0.00119767   0.00142966   0.00241129   0.00142998   0.00288812   0.00148387
 5.50 10800.  0.0  2.0   0.56466504   0.68249071   0.84783972   0.69356521   0.88595479   0.69297615   0.27956341  -0.13933905  -0.95651733  -0.19380310  -1.02702852  -0.14703366  -0.29887335   0.14385775   0.97358180   0.18702415   1.04479748   0.13753455   0.10442561  -0.06692940  -0.36620683  -0.08043071  -0.39363770  -0.06261704   0.05287189   0.05260418   0.05219928   0.05260418   0.05219928   0.05260418   0.00175996   0.00230452   0.00398819   0.00235125   0.00465829   0.00239880
 6.00 10800.  0.0  2.0   0.63690632   0.75550578   0.72187047   0.75990014   0.75609615   0.61248934   0.06707794  -0.36857417  -0.63238461  -0.39318140  -0.70139372   0.03924260  -0.07182401   0.39312054   0.61797323   0.40769667   0.69121755  -0.06557428   0.01939773  -0.16075542  -0.22880484  -0.16492648  -0.25735999   0.01680843   0.03906478   0.03876623   0.03876623   0.03876623   0.03876623   0.03906478   0.00237342   0.00340960   0.00263817   0.00351989   0.00314303   0.00217939
 2.00 11000.  0.0  2.0   0.08705519   0.66303206   0.93307854   0.73013964   0.95661358   0.67687773   1.54517466   1.17073705   0.17902513   1.02524074   0.24809775   1.17718847  -1.49248131  -1.86817774  -0.88660897  -1.76979151  -1.01786463  -1.90521464   0.52324901   0.84503074   0.48450070   0.81809712   0.54770965   0.86429745   0.34808762   0.34127273   0.34127273   0.34127273   0.34127273   0.34127273   0.00261716   0.03801106   0.03523271   0.04048943   0.04066749   0.03968434
 2.50 11000.  0.0  2.0   0.53549327   1.04651178   1.05279626   1.10039296   1.14911445   1.07188010   0.69527370  -0.19659058  -0.72861537  -0.36733074  -0.85927216  -0.22886720  -0.83634939  -0.24751975   0.37919651  -0.08934932   0.46313916  -0.24047966   0.32934603   0.19167313  -0.06326901   0.13585690  -0.08166703   0.19409537   0.27336827   0.27043153   0.27043153   0.27043153   0.27043153   0.27043153   0.00799873   0.02674686   0.01557283   0.02696877   0.01973129   0.02812143
 3.00 11000.  0.0  2.0   0.41285385   1.10253002   0.90606629   1.12162767   1.01415187   1.13074632   0.76644799  -0.71084807  -0.72545544  -0.81500522  -0.92161378  -0.76220759  -0.78177503   0.50730107   0.58180054   0.60903073   0.75742679   0.54128384   0.27225016  -0.14692312  -0.18991960  -0.18425145  -0.24882261  -0.15615119   0.20644671   0.20372573   0.20372573   0.20372573   0.20372573   0.20372573   0.00086534   0.01177715   0.00417301   0.01111361   0.00571313   0.01239296
 3.50 11000.  0.0  2.0   0.49147568   1.05799436   0.80370171   1.05844146   0.90039227   1.08320340   0.56227845  -0.77632694  -0.62400558  -0.83912101  -0.80888423  -0.82670968  -0.58183685   0.68095666   0.55567902   0.74243866   0.73115884   0.71769819   0.20006274  -0.24008827  -0.19895608  -0.26238881  -0.26123419  -0.25115700   0.16354478   0.16177240   0.16177240   0.16177240   0.16177240   0.16177240   0.00036456   0.00532055   0.00124590   0.00477080   0.00185223   0.00556773
 4.00 11000.  0.0  2.0   0.52286714   0.91386111   0.70611458   0.91006674   0.77775348   0.50783513   0.46115519  -0.54157058  -0.47169473  -0.59179734  -0.60593099   0.43415765  -0.47881179   0.50792546   0.43543268   0.55529435   0.56608563  -0.49202669   0.16289328  -0.19439781  -0.16191406  -0.21074920  -0.20991422   0.17151679   0.12432363   0.12317533   0.12317533   0.12317533   0.12317533   0.12432363   0.00038414   0.00184568   0.00062077   0.00164975   0.00084885   0.00036019
 4.50 11000.  0.0  2.0   0.59054596   0.56479322   0.71427903   0.56934780   0.76352880   0.57918985   0.26936424   0.25444311  -0.54928698   0.19002975  -0.63526262   0.22546721  -0.28272892  -0.29090230   0.53224557  -0.23207406   0.61651812  -0.27295382   0.09225114   0.09607152  -0.19996331   0.07651861  -0.23185521   0.09122223   0.09692523   0.09692523   0.09638383   0.09692523   0.09638383   0.09692523   0.00080115   0.00075598   0.00133193   0.00074465   0.00162039   0.00078005
 5.00 11000.  0.0  2.0   0.49848635   0.64503425   0.79103496   0.65331347   0.83561429   0.65975486   0.48170447   0.02242977  -0.77205696  -0.04364613  -0.85243819  -0.00665951  -0.51711983  -0.05166308   0.76503698   0.00775225   0.84503072  -0.03289840   0.18454900   0.00957117  -0.28551465  -0.01016925  -0.31614818   0.00427479   0.07189117   0.07132401   0.07093944   0.07132401   0.07093944   0.07132401   0.00118843   0.00140009   0.00239989   0.00140007   0.00286849   0.00145111
 5.50 11000.  0.0  2.0   0.58809354   0.70845755   0.85687722   0.71799895   0.89645246   0.72068157   0.23938202  -0.17621621  -0.96493179  -0.23352535  -1.03924725  -0.19430574  -0.27345645   0.15856277   0.97100087   0.20803157   1.04595629   0.16550530   0.09731463  -0.06802539  -0.36315374  -0.08433049  -0.39192082  -0.06893161   0.05317919   0.05290550   0.05262781   0.05290550   0.05262781   0.05290550   0.00176162   0.00231749   0.00393053   0.00235298   0.00458734   0.00240681
 6.00 11000.  0.0  2.0   0.65581196   0.62929009   0.72863982   0.62951826   0.76467612   0.63435597   0.03724679  -0.00354624  -0.63666767  -0.02242853  -0.71021428   0.00476568  -0.05909360  -0.03070693   0.60967041  -0.02149693   0.68732575  -0.05200624   0.01782975   0.00706812  -0.22309157   0.00522840  -0.25320455   0.01644227   0.03920463   0.03920463   0.03890008   0.03920463   0.03890008   0.03920463   0.00240230   0.00214763   0.00257294   0.00213451   0.00307049   0.00221993
 2.00 11200.  0.0  2.0   0.09734586   0.67507916   0.96841156   0.74433027   0.98426021   0.13856130   1.54342393   1.21696621   0.18327867   1.06889936   0.26863980   1.43884621  -1.51183072  -1.97292142  -0.95828436  -1.87368178  -1.10384027  -1.47852233   0.53458287   0.89773160   0.52785816   0.87097668   0.59564884   0.53105503   0.34933617   0.34235153   0.34235153   0.34235153   0.34235153   0.34933617   0.00302699   0.04200076   0.04021091   0.04488801   0.04576179   0.00277636
 2.50 11200.  0.0  2.0   0.56456245   0.73871742   0.69640961   0.77152577   0.76741138   0.76020669   0.64844418   0.28913648  -0.09252108   0.16359063  -0.18359656   0.26012491  -0.81643067  -0.56866747  -0.11540377  -0.45227806  -0.05546312  -0.56111594   0.32827765   0.26178543   0.07546790   0.22018392   0.06138813   0.26315100   0.27474673   0.27323673   0.27323673   0.27323673   0.27323673   0.27323673   0.00905248   0.01094347   0.00315085   0.01021814   0.00445686   0.01159976
 3.00 11200.  0.0  2.0   0.66517509   0.83023183   0.65319097   0.83793368   0.73167403   0.85326714   0.25680799  -0.15927709  -0.18747335  -0.23635115  -0.32169845  -0.20204428  -0.34651421   0.01015471   0.07717538   0.08466057   0.19674225   0.03738153   0.13434881   0.01611575  -0.01818401  -0.01124368  -0.05847495   0.00903111   0.20770131   0.20676631   0.20676631   0.20676631   0.20676631   0.20676631   0.00432941   0.00406371   0.00045244   0.00338103   0.00074034   0.00427282
 3.50 11200.  0.0  2.0   0.69759304   1.12068808   0.85319571   1.12064771   0.95235871   0.66917605   0.11204761  -0.90685233  -0.73022351  -0.97054587  -0.92099596   0.11995244  -0.16787190   0.78571715   0.64675361   0.84962856   0.82747900  -0.22220545   0.05904973  -0.27179794  -0.22867484  -0.29523467  -0.29253746   0.08483817   0.16559814   0.16436951   0.16436951   0.16436951   0.16436951   0.16559814   0.00195715   0.00640320   0.00157610   0.00576798   0.00229037   0.00147590
 4.00 11200.  0.0  2.0   0.54484511   0.80136420   0.65711601   0.79960547   0.71417514   0.53438705   0.41941328  -0.26396353  -0.34805274  -0.32042576  -0.44722954   0.38224745  -0.45185314   0.21092932   0.30196819   0.26612929   0.39634966  -0.45861009   0.15512577  -0.08353996  -0.11242322  -0.10304391  -0.14696190   0.16324921   0.12703061   0.12624648   0.12624648   0.12624648   0.12624648   0.12703061   0.00039205   0.00077582   0.00061480   0.00074585   0.00075622   0.00036866
 4.50 11200.  0.0  2.0   0.42631241   0.62925532   0.75505585   0.62463375   0.81154367   0.64435727   0.69088282   0.12215505  -0.63142037   0.07707588  -0.73491711   0.08845255  -0.73675347  -0.17947919   0.60376800  -0.13777264   0.70532532  -0.15537160   0.26290629   0.05978956  -0.22421969   0.04596415  -0.26224872   0.05254525   0.09932406   0.09850577   0.09794839   0.09850577   0.09794839   0.09850577   0.00074624   0.00073573   0.00134474   0.00071857   0.00163250   0.00075691
 5.00 11200.  0.0  2.0   0.52529935   0.66667590   0.80220792   0.67186153   0.84793353   0.68148778   0.43469509  -0.00959143  -0.78658246  -0.07209798  -0.86954495  -0.04251360  -0.48528984  -0.03868725   0.77084543   0.01988415   0.85281216  -0.01431441   0.17500456   0.00830871  -0.28636287  -0.01160570  -0.31749384   0.00070873   0.07253866   0.07215009   0.07175453   0.07215009   0.07175453   0.07215009   0.00116224   0.00141098   0.00241592   0.00140804   0.00287372   0.00146051
 5.50 11200.  0.0  2.0   0.59681738   0.72257422   0.86171312   0.73055771   0.68682717   0.73509596   0.23159628  -0.19045241  -0.96559274  -0.24965603  -0.47251327  -0.21400679  -0.27880062   0.15387180   0.96264777   0.20870584   0.41930631   0.16843698   0.10082451  -0.06278944  -0.35858214  -0.08169985  -0.14967458  -0.06675381   0.05338031   0.05310012   0.05281594   0.05310012   0.05310012   0.05310012   0.00177662   0.00232194   0.00385766   0.00234360   0.00180637   0.00240751
 6.00 11200.  0.0  2.0   0.67021873   0.64492301   0.73327493   0.64576678   0.77087265   0.65303382   0.03588822  -0.00066890  -0.62101679  -0.02703812  -0.69790549  -0.00531876  -0.07942013  -0.06027870   0.57948374  -0.04093041   0.65967998  -0.06676299   0.02878700   0.02280565  -0.20957113   0.01689195  -0.24039109   0.02672102   0.03943587   0.03943587   0.03912583   0.03943587   0.03912583   0.03943587   0.00241826   0.00217890   0.00248428   0.00215672   0.00296342   0.00225167
 2.00 11400.  0.0  2.0   0.27685231   0.34742643   0.99968282   0.38195248   1.00886596   0.36029214   1.48015544   1.29075735   0.19103106   1.20589441   0.29180457   1.28819703  -1.70312755  -1.57188863  -1.02892074  -1.52047178  -1.18879015  -1.59248296   0.66930267   0.62980916   0.56986647   0.61587031   0.64243832   0.64135426   0.34818504   0.34818504   0.34342034   0.34818504   0.34342034   0.34818504   0.01142864   0.01147079   0.04527833   0.01179954   0.05104589   0.01211722
 2.50 11400.  0.0  2.0   0.34189912   1.13683442   1.17268273   1.19535577   1.26202161   0.35973353   0.99131888  -0.32544720  -0.93881232  -0.50627276  -1.05066899   0.89974796  -1.03995435  -0.20460749   0.51498702  -0.03827419   0.57861224  -0.99982911   0.37567608   0.19872696  -0.09252764   0.14094932  -0.10307428   0.36798052   0.27812129   0.27352809   0.27352809   0.27352809   0.27352809   0.27812129   0.00285173   0.03375218   0.02101440   0.03421885   0.02588438   0.00231776
 3.00 11400.  0.0  2.0   0.70190618   0.87421681   0.69137986   0.88267241   0.77053762   0.89934229   0.17621003  -0.25704257  -0.27601182  -0.33840099  -0.41259437  -0.30659967  -0.28432892   0.08795805   0.15191630   0.16850381   0.27437532   0.12270261   0.11569129  -0.00684570  -0.04167609  -0.03673490  -0.08309507  -0.01666713   0.21019853   0.20924353   0.20924353   0.20924353   0.20924353   0.20924353   0.00497837   0.00478078   0.00058499   0.00401033   0.00093040   0.00504521
 3.50 11400.  0.0  2.0   0.55299837   0.52775210   0.69525249   0.90911263   0.76972843   0.54386902   0.39696065   0.39020245  -0.40748420  -0.53761353  -0.54237224   0.35622742  -0.43238926  -0.46082185   0.33931312   0.44396214   0.46631253  -0.43759736   0.14843161   0.16411959  -0.12146347  -0.15624226  -0.16654182   0.15738689   0.16455360   0.16455360   0.16327001   0.16327001   0.16327001   0.16455360   0.00052650   0.00039454   0.00031352   0.00167049   0.00045215   0.00039251
 4.00 11400.  0.0  2.0   0.68106350   0.64756709   0.76590341   0.62815573   0.84385058   0.66403974   0.11147177   0.12467573  -0.59510695   0.11206509  -0.74519303   0.08679613  -0.16265191  -0.21090578   0.53667866  -0.20097802   0.68258170  -0.18247725   0.05408200   0.07677624  -0.19475852   0.07410604  -0.24794824   0.06799491   0.12802993   0.12802993   0.12722083   0.12802993   0.12722083   0.12802993   0.00078322   0.00062186   0.00074569   0.00049725   0.00102749   0.00062728
 4.50 11400.  0.0  2.0   0.43923792   0.65723744   0.74205978   0.64876491   0.79294521   0.67250530   0.67181799   0.06896821  -0.59335519   0.03066889  -0.68240150   0.03233483  -0.73267585  -0.14425276   0.55760512  -0.10693173   0.64304452  -0.11599815   0.26345611   0.05055882  -0.20655108   0.03773369  -0.23823117   0.04166882   0.10146418   0.10063041   0.10034591   0.10063041   0.10034591   0.10063041   0.00075880   0.00076094   0.00140543   0.00073947   0.00168074   0.00078221
 5.00 11400.  0.0  2.0   0.53720449   0.67037041   0.81224682   0.67400100   0.85894374   0.68516322   0.42118566  -0.00275928  -0.79920429  -0.06473830  -0.88402907  -0.03884578  -0.48637033  -0.06271975   0.77509230  -0.00209020   0.85807691  -0.03352968   0.17728823   0.02014375  -0.28668870  -0.00103584  -0.31790513   0.01053676   0.07381024   0.07361224   0.07301213   0.07361224   0.07301213   0.07361224   0.00118284   0.00146674   0.00244297   0.00145958   0.00288931   0.00151474
 5.50 11400.  0.0  2.0   0.60748113   0.74557176   0.86574865   0.75127493   0.69781528   0.75877660   0.23913878  -0.20694878  -0.94851359  -0.26486769  -0.47111718  -0.23652836  -0.30612844   0.14589990   0.93344052   0.20206805   0.40495380   0.16868190   0.11337308  -0.05553864  -0.34621849  -0.07543212  -0.14249344  -0.06289910   0.05354713   0.05311726   0.05297026   0.05311726   0.05311726   0.05311726   0.00177981   0.00228625   0.00376028   0.00230197   0.00176929   0.00236321
 6.00 11400.  0.0  2.0   0.68990125   0.66769306   0.73599670   0.66682470   0.77537154   0.67696413   0.00490491  -0.03459136  -0.61678129  -0.06189028  -0.69777000  -0.04775379  -0.06451703  -0.04604042   0.56543265  -0.02310752   0.64920695  -0.04126020   0.02585711   0.02146113  -0.20268940   0.01377933  -0.23463251   0.02084781   0.03944048   0.03944048   0.03933398   0.03944048   0.03933398   0.03944048   0.00240489   0.00219300   0.00241840   0.00215706   0.00288345   0.00225982
 2.00 11600.  0.0  2.0   0.28807540   0.36334642   1.02584816   0.39991471   1.02821032   0.37555468   1.48508417   1.28623552   0.20085204   1.19653064   0.31683556   1.28461203  -1.73577154  -1.59509355  -1.09221829  -1.53865984  -1.26674365  -1.61660882   0.68794625   0.64532167   0.60641849   0.62954453   0.68431737   0.65728207   0.34962344   0.34962344   0.34477883   0.34962344   0.34477883   0.34962344   0.01243950   0.01263813   0.05005248   0.01304653   0.05583521   0.01330013
 2.50 11600.  0.0  2.0   0.61603930   0.63220519   1.22337766   1.23812299   1.31065545   0.65509665   0.56061107   0.44473533  -1.03385010  -0.58187436  -1.14058522   0.40804620  -0.77655840  -0.68544980   0.58107554   0.00798706   0.63978520  -0.66776518   0.32530653   0.29420392  -0.10836244   0.13192942  -0.11720314   0.29146169   0.27869234   0.27869234   0.27557581   0.27557581   0.27557581   0.27869234   0.01095501   0.00951649   0.02354110   0.03748281   0.02869504   0.01007808
 3.00 11600.  0.0  2.0   0.73186013   1.27361894   1.07423113   1.29782131   1.18244706   0.72755951   0.10498108  -1.07275859  -1.10025865  -1.19576408  -1.29621229   0.04403961  -0.22813405   0.79234662   0.90297331   0.91747196   1.07739670  -0.20710603   0.09880985  -0.22959748  -0.29183951  -0.27617705  -0.34972041   0.09702307   0.21271573   0.21077789   0.21077789   0.21077789   0.21077789   0.21271573   0.00547491   0.01749109   0.00694750   0.01668803   0.00907847   0.00455517
 3.50 11600.  0.0  2.0   0.78689415   0.74519054   0.72419530   0.72200742   0.79987444   0.76814295  -0.12022871  -0.09589063  -0.47971972  -0.10342006  -0.61808297  -0.14783747   0.04527042  -0.00912155   0.40320567  -0.00223683   0.53381599   0.03283954  -0.01390716   0.01036892  -0.14260952   0.00779760  -0.18893214  -0.00314747   0.16516862   0.16516862   0.16450862   0.16516862   0.16450862   0.16516862   0.00292787   0.00219016   0.00035225   0.00172427   0.00050992   0.00227821
 4.00 11600.  0.0  2.0   0.60040694   0.58309046   0.70833138   0.56904166   0.76977333   0.59872986   0.25620919   0.22642122  -0.50619856   0.19979201  -0.61721021   0.18902757  -0.29816290  -0.30083761   0.45807378  -0.27614606   0.56501425  -0.27180009   0.10056157   0.10694665  -0.16820196   0.09890343  -0.20729193   0.09775355   0.12623146   0.12623146   0.12536741   0.12623146   0.12536741   0.12623146   0.00040439   0.00036418   0.00073090   0.00033864   0.00088718   0.00036970
 4.50 11600.  0.0  2.0   0.48305847   0.63278467   0.79080259   0.62867342   0.85198919   0.64872046   0.58122682   0.13127262  -0.70143024   0.08042532  -0.81578919   0.09029637  -0.65980677  -0.22081204   0.65656087  -0.16858348   0.76763191  -0.18647045   0.24013514   0.08098370  -0.24077306   0.06218286  -0.28174166   0.06950855   0.10246837   0.10217837   0.10130966   0.10217837   0.10130966   0.10217837   0.00072157   0.00079138   0.00142993   0.00078743   0.00171357   0.00081274
 5.00 11600.  0.0  2.0   0.53558381   0.69256706   0.81530784   0.69242421   0.86207842   0.70686451   0.37980949  -0.10110316  -0.85385880  -0.15592665  -0.93902045  -0.13743576  -0.43486168   0.04567843   0.84272414   0.10055383   0.92655573   0.07620476   0.15604383  -0.02093522  -0.31374871  -0.04027970  -0.34537131  -0.03119452   0.07348288   0.07306234   0.07263381   0.07306234   0.07263381   0.07306234   0.00112853   0.00150810   0.00268209   0.00151487   0.00314924   0.00156418
 5.50 11600.  0.0  2.0   0.62965402   0.76891368   0.87734817   0.77163554   0.70740245   0.78101454   0.18189457  -0.26859661  -0.98393651  -0.32248023  -0.50160843  -0.29875341  -0.25848983   0.19810651   0.96476313   0.25235787   0.43104469   0.22308573   0.09766516  -0.07235990  -0.35668633  -0.09193705  -0.15095711  -0.08072741   0.05442880   0.05413313   0.05398163   0.05413313   0.05413313   0.05413313   0.00176446   0.00235013   0.00385878   0.00236462   0.00180587   0.00242930
 6.00 11600.  0.0  2.0   0.69867439   0.68150329   0.74281375   0.67821391   0.78370389   0.69058525  -0.00159951  -0.05126049  -0.62212797  -0.07666835  -0.70676938  -0.06842002  -0.07344511  -0.04648287   0.56116081  -0.02327504   0.64836810  -0.03560608   0.03140039   0.02483038  -0.19936581   0.01665850  -0.23249609   0.02167660   0.03978797   0.03978797   0.03946245   0.03978797   0.03946245   0.03978797   0.00240158   0.00221842   0.00239868   0.00216459   0.00286792   0.00227245
 2.00 11800.  0.0  2.0   0.29717800   0.37590907   0.65536626   0.41447038   0.66828993   0.38811420   1.49412379   1.28828735   0.53047402   1.19448245   0.60411522   1.28490705  -1.77112700  -1.62296166  -1.02977145  -1.56290890  -1.14943412  -1.64172782   0.70732915   0.66204696   0.47802779   0.64515398   0.53290674   0.67279647   0.35190091   0.35190091   0.34944591   0.35190091   0.34944591   0.35190091   0.01336417   0.01370492   0.01551463   0.01421778   0.01881521   0.01438162
 2.50 11800.  0.0  2.0   0.63734828   0.65874063   1.26551371   0.67814803   1.35008766   0.68173383   0.52277855   0.39144175  -1.11165756   0.29756351  -1.21238750   0.35332630  -0.75893236  -0.64910844   0.63371305  -0.56389523   0.68717562  -0.62940491   0.32393712   0.28557336  -0.12046912   0.25504036  -0.12766604   0.28201248   0.28087991   0.28087991   0.27775339   0.28087991   0.27775339   0.28087991   0.01174005   0.01029200   0.02558324   0.00976348   0.03092954   0.01089147
 3.00 11800.  0.0  2.0   0.50913881   1.31744525   1.11627994   1.34127167   1.22357955   0.51360746   0.53921799  -1.17054140  -1.19729467  -1.29276677  -1.39077661   0.45758201  -0.60963050   0.87198530   0.98658346   0.99596094   1.15827166  -0.56771942   0.22109391  -0.25339813  -0.31832349  -0.29928235  -0.37508819   0.21234004   0.21543164   0.21252594   0.21252594   0.21252594   0.21252594   0.21543164   0.00148155   0.01905244   0.00769726   0.01818682   0.00995171   0.00113961
 3.50 11800.  0.0  2.0   0.81142403   0.77428430   0.74460299   0.75003037   0.82030221   0.79815632  -0.15063632  -0.14179991  -0.50063514  -0.14769734  -0.64005453  -0.19812357   0.04663342   0.01092349   0.40187702   0.01742731   0.53339544   0.05816340  -0.00836857   0.00890370  -0.13761159   0.00611651  -0.18410082  -0.00663432   0.17114198   0.17114198   0.17049698   0.17114198   0.17049698   0.17114198   0.00317916   0.00241379   0.00034172   0.00189861   0.00050221   0.00251322
 4.00 11800.  0.0  2.0   0.76454362   0.73373442   0.85072844   0.70636393   0.93601591   0.75213257  -0.12690543  -0.12924096  -0.84751442  -0.12624053  -1.01637810  -0.17532872   0.06848276   0.04114556   0.79381362   0.03813809   0.95940132   0.08026930  -0.02819338  -0.01303178  -0.28813647  -0.01168639  -0.34849154  -0.02616371   0.12677133   0.12677133   0.12588232   0.12677133   0.12588232   0.12677133   0.00121514   0.00092580   0.00115457   0.00071596   0.00159482   0.00094812
 4.50 11800.  0.0  2.0   0.46790095   0.65792099   0.80974829   0.65036086   0.87387080   0.67374705   0.61617391   0.07230998  -0.74584798   0.02850114  -0.86743074   0.02965201  -0.70590914  -0.17406935   0.69437411  -0.12757516   0.81229489  -0.13703539   0.25841390   0.06666419  -0.25341336   0.04963319  -0.29664449   0.05407458   0.10380656   0.10322720   0.10233851   0.10322720   0.10233851   0.10322720   0.00075923   0.00079151   0.00147426   0.00079119   0.00175820   0.00081297
 5.00 11800.  0.0  2.0   0.54716535   0.73408144   0.82586512   0.72879888   0.87342623   0.74847825   0.35494639  -0.19829235  -0.88221771  -0.24325678  -0.96918244  -0.23720479  -0.42109553   0.13275803   0.86827297   0.18003514   0.95364462   0.16734428   0.15258215  -0.05054304  -0.32282689  -0.06774837  -0.35491572  -0.06259190   0.07410518   0.07345464   0.07323214   0.07345464   0.07323214   0.07345464   0.00112638   0.00149383   0.00276077   0.00151085   0.00322099   0.00155274
 5.50 11800.  0.0  2.0   0.63828778   0.77334772   0.88338338   0.77422859   0.70390925   0.63292163   0.19264325  -0.24830818  -0.97430787  -0.30021694  -0.47032281   0.12075925  -0.28911629   0.15759167   0.94531389   0.21158909   0.38960973  -0.24991480   0.11160397  -0.05430798  -0.34854875  -0.07410693  -0.13470579   0.10298641   0.05482536   0.05467436   0.05421504   0.05467436   0.05467436   0.05482536   0.00175334   0.00231383   0.00382683   0.00232124   0.00176728   0.00164640
 6.00 11800.  0.0  2.0   0.71492967   0.70197655   0.74252030   0.69621231   0.78495555   0.71068828  -0.02810354  -0.08746036  -0.61575062  -0.11017010  -0.70344786  -0.10785554  -0.06047244  -0.02425085   0.54904033  -0.00184621   0.63848048  -0.00781827   0.02862515   0.01928669  -0.19420815   0.01104833  -0.22790037   0.01362930   0.03970818   0.03970818   0.03959518   0.03970818   0.03959518   0.03970818   0.00236216   0.00220454   0.00235124   0.00214012   0.00281154   0.00225092
 2.00 12000.  0.0  2.0   0.30436185   0.38520087   1.06042527   0.42392007   1.05080808   0.39647229   1.50148284   1.29140150   0.24192559   1.19985717   0.38593864   1.29010714  -1.79959132  -1.64599270  -1.22337839  -1.59050533  -1.42449543  -1.66689550   0.72305772   0.67553696   0.67712701   0.66105499   0.76410299   0.68707398   0.35530712   0.35530712   0.35039259   0.35530712   0.35039259   0.35530712   0.01416118   0.01460255   0.05811858   0.01516471   0.06387434   0.01529492
 2.50 12000.  0.0  2.0   0.65975364   0.68390488   1.30584304   0.70480966   1.38782607   0.70630743   0.47878208   0.33992015  -1.18661927   0.24104572  -1.28050752   0.30164497  -0.73144415  -0.61256602   0.68547838  -0.52125477   0.73186812  -0.59172315   0.31803584   0.27641519  -0.13278199   0.24341084  -0.13736219   0.27219485   0.28293762   0.28293762   0.27979112   0.28293762   0.27979112   0.28293762   0.01253892   0.01107058   0.02778450   0.01053163   0.03333736   0.01166671
 3.00 12000.  0.0  2.0   0.53004959   0.51773670   1.15629702   1.38393792   1.26276011   0.53530991   0.48184001   0.43229875  -1.29730525  -1.39853211  -1.48881411   0.39369731  -0.56162762  -0.53714145   1.07780303   1.09147298   1.24765793  -0.50883018   0.20605410   0.20115082  -0.34858059  -0.33089374  -0.40469240   0.19260362   0.21691499   0.21691499   0.21399431   0.21399431   0.21399431   0.21691499   0.00159425   0.00119368   0.00841184   0.01955501   0.01077637   0.00122263
 3.50 12000.  0.0  2.0   0.62325539   0.60708743   0.76954215   0.58677140   0.84549782   0.62483539   0.24564874   0.20328965  -0.57135001   0.18993054  -0.71218925   0.15997604  -0.33147347  -0.31403417   0.46775220  -0.30150784   0.60120226  -0.27893489   0.12233662   0.12042375  -0.15996448   0.11596038  -0.20721898   0.10909409   0.17383827   0.17383827   0.17254969   0.17383827   0.17254969   0.17383827   0.00078131   0.00059011   0.00038295   0.00038887   0.00055563   0.00058926
 4.00 12000.  0.0  2.0   0.64617836   0.63382726   0.87973536   0.61458319   0.96613170   0.64980088   0.13855449   0.08778078  -0.92615186   0.07107534  -1.09818954   0.04629697  -0.20291196  -0.17773955   0.86867274  -0.16038002   1.03752625  -0.14264404   0.07047619   0.06611861  -0.31431655   0.05998899  -0.37579021   0.05436544   0.12811934   0.12811934   0.12677133   0.12811934   0.12677133   0.12811934   0.00045951   0.00040186   0.00129202   0.00036005   0.00177302   0.00040811
 4.50 12000.  0.0  2.0   0.51833504   0.74973228   0.78470361   0.72889949   0.83844194   0.76539085   0.50088855  -0.14862881  -0.69238647  -0.16062462  -0.78833775  -0.19226425  -0.60637050   0.03735425   0.63616190   0.05195688   0.72726311   0.07613330   0.22574544  -0.00751895  -0.23163191  -0.01298080  -0.26483647  -0.02086770   0.10457602   0.10396670   0.10366170   0.10396670   0.10366170   0.10396670   0.00071166   0.00084759   0.00153770   0.00079452   0.00179402   0.00087037
 5.00 12000.  0.0  2.0   0.55874884   0.72900691   0.84779778   0.72450662   0.89828124   0.74255324   0.32647841  -0.19158949  -0.93914427  -0.24044891  -1.03303289  -0.23010342  -0.40274716   0.11887137   0.92285479   0.17189252   1.01495424   0.15394026   0.14751902  -0.04429730  -0.34243093  -0.06398958  -0.37686703  -0.05666951   0.07468702   0.07424351   0.07356352   0.07424351   0.07356352   0.07424351   0.00111705   0.00154644   0.00287388   0.00156040   0.00333784   0.00160631
 5.50 12000.  0.0  2.0   0.63998734   0.62883544   0.66078518   0.78725343   0.70737351   0.63839141   0.19537491   0.13876249  -0.38619691  -0.32690751  -0.47560279   0.11001547  -0.30429475  -0.27406395   0.30302573   0.22825617   0.39011131  -0.24851052   0.11903704   0.11294336  -0.10213525  -0.07830918  -0.13437303   0.10409283   0.05543701   0.05543701   0.05513135   0.05513135   0.05513135   0.05543701   0.00175859   0.00163986   0.00146887   0.00232080   0.00176979   0.00165333
 6.00 12000.  0.0  2.0   0.72637208   0.71745099   0.74387168   0.70924533   0.78810363   0.72563401  -0.04458125  -0.11418097  -0.61274925  -0.13360358  -0.70460269  -0.13673992  -0.05833923  -0.01113409   0.53911157   0.00944708   0.63246164   0.00923432   0.03021825   0.01711224  -0.18948982   0.00929141  -0.22454611   0.00970665   0.04009874   0.04009874   0.03998324   0.04009874   0.03998324   0.04009874   0.00236348   0.00222284   0.00233846   0.00214610   0.00279566   0.00226123
