 0.00  2300.  0.0  2.0  -0.11972941   0.09104404   0.11251063  -0.22968834  -0.40038078   0.23867041  -0.72417065   0.72145679   1.46549966   1.99503111   1.25533289   2.08340756  -0.21288167  -0.56383999  -0.98588585  -0.43117709  -0.53671971   0.30095359   0.29814537   0.25577802   0.32096723   0.37110954   0.30300530   0.30300530   0.33262892   0.01065386   0.00041040   0.00189043   0.00156701   0.00083093
 0.50  2300.  0.0  2.0  -0.49624051  -0.05703585   0.00611165  -0.11359532  -0.40172373   1.54097286  -0.14393174   0.76529363   0.94535916   2.65611051  -0.00648812   1.37256282  -0.13829840   0.04312479  -1.98055265  -0.13267007  -0.19205806   0.23079792   0.08093362   0.68811395   0.25990324   0.24973742   0.24973742   0.24973742   0.25366793   0.00624670   0.00031952   0.00232742   0.00006535   0.00097708
 1.00  2300.  0.0  2.0  -0.27437612  -0.02337627   0.33422959  -0.04130161  -0.22008930   0.72937985  -0.10576173   0.28928852   0.66461522   1.79890897   0.94778187   1.07640461   0.08659648   0.23923550  -0.92368736  -0.48457762   0.03094248   0.18233296   0.07889024   0.29013554   0.20839378   0.20839378   0.20530730   0.20839378   0.21163509   0.00461387   0.00003425   0.00117454   0.00002374   0.00008645
 1.50  2300.  0.0  2.0  -0.22129392  -0.07835031   0.07710809   0.01519335  -0.12157045   1.01587181   0.09000224   0.74606227   0.65008225   2.11126821   0.41264738   1.26450724  -0.25946419   0.41380327  -1.53873091  -0.27095886  -0.29914397   0.30901045  -0.12214193   0.51238975   0.15844610   0.15844610   0.15844610   0.15844610   0.16088339   0.00185615   0.00009921   0.00086909   0.00011313   0.00089764
 2.00  2300.  0.0  2.0  -0.28265435  -0.20911324   0.19124089   0.04708267   0.37857567   1.84659356   1.28173720   0.54690703   1.50759183   1.77634327  -0.74000101  -0.09852210   0.31473902  -0.82199472  -1.84239746   0.10233814  -0.00099358  -0.11737304   0.24751567   0.70460008   0.14661793   0.14075578   0.13413314   0.13413314   0.13627077   0.00026610   0.00006541   0.00050430   0.00099658   0.01353633
 2.50  2300.  0.0  2.0  -0.19421668  -0.18306078   0.18010672   0.04450870   0.46579935   2.05385534   1.49344177   0.62477632   1.51487137   1.54515604  -1.24231939  -0.39509947   0.17376447  -0.80596824  -1.61098461   0.32528082   0.07288815  -0.05941786   0.20855148   0.60347420   0.11906990   0.11258113   0.11258113   0.11258113   0.11346613   0.00009598   0.00003920   0.00017287   0.00041288   0.00931136
 3.00  2300.  0.0  2.0  -0.21544128  -0.27718570   0.28998801   0.05515572   0.26121754   2.15136402   1.45211754   0.14871445   1.21165328   1.79876020  -1.36364767  -0.14200303   0.71126534  -0.31400074  -1.67646290   0.37787115  -0.06901496  -0.24575150  -0.00287993   0.57824554   0.08462222   0.08462222   0.08462222   0.08462222   0.08592077   0.00031997   0.00065435   0.00079994   0.00010985   0.00207642
 3.50  2300.  0.0  2.0  -0.48193300  -0.16091195   0.28258909   0.02177910   0.14101932   2.34791570   0.86126228   0.08893807   0.97767166   1.83185732  -1.24284414   0.57234113   0.63647625   0.08666741  -1.53287603   0.29543847  -0.32352787  -0.16813302  -0.16936581   0.49192328   0.06549050   0.06788727   0.06788727   0.06788727   0.06788727   0.00147365   0.00048526   0.00042071   0.00017689   0.00079144
 4.00  2300.  0.0  2.0  -0.52236453  -0.22394542   0.40217947   0.06178198   0.04993324   1.78966008   0.97964672  -0.24663829   0.71453094   1.96536955  -0.33208833   0.36633406   0.88653873   0.45054843  -1.62660911  -0.02212212  -0.20032657  -0.22736483  -0.31406080   0.52870988   0.04836071   0.05158157   0.05158157   0.05158157   0.05158157   0.00173319   0.00067804   0.00074721   0.00061099   0.00096976
 4.50  2300.  0.0  2.0  -0.52042341  -0.06142304   0.59314410   0.15488811   0.08723025   1.32459741   0.70737990  -0.48825734   0.50964776   1.76981530   0.21098884   0.46783614   1.01926355   0.65772369  -1.38215986  -0.11171309  -0.18642524  -0.27913163  -0.40796041   0.43523843   0.03784625   0.04033648   0.04033648   0.04033648   0.04085790   0.00141643   0.00077286   0.00127934   0.00086286   0.00114128
 5.00  2300.  0.0  2.0  -0.41145585   0.06419587   0.39854822   0.02579656   0.18713794   1.16917137   0.47611949  -0.08439163   0.96346418   1.50715496   0.06963985   0.62935218   0.70073104   0.05495586  -1.12702107   0.07950138  -0.23269750  -0.19325829  -0.15436771   0.35020176   0.02874138   0.02916391   0.03121192   0.03121192   0.03121192   0.00075294   0.00018246   0.00203858   0.00031146   0.00139237
 5.50  2300.  0.0  2.0  -0.38868658   0.22386990   0.64505748   0.28464218   0.49875301   1.93847104   0.73002840  -0.00814397   0.57312288   0.70500429  -1.22590871  -0.10998062   0.07038425   0.21767488  -0.36223725   0.58199161   0.11288967   0.14097809  -0.17989495   0.08362797   0.02144881   0.02240325   0.02366003   0.02366003   0.02366003   0.00077746   0.00173409   0.00357469   0.00096611   0.00385548
 6.00  2300.  0.0  2.0  -0.14998145   0.29953445   0.66314483   0.22680274   0.52988901   1.85673359   0.73796052  -0.22670762   0.76927918   0.69647587  -1.21843655  -0.21329640   0.43660845  -0.00228947  -0.40417371   0.44463870   0.14511127  -0.03412634  -0.11357238   0.10291156   0.01641645   0.01700543   0.01832396   0.01863450   0.01832396   0.00186946   0.00254953   0.00375124   0.00135253   0.00484004
 0.00  2400.  0.0  2.0  -0.06637706   0.03254486  -0.16254845  -0.41001972  -0.49473252   0.10382161  -0.41136347   1.12380234   2.07463124   2.52280469   0.69440267   1.70456482  -0.28686271  -1.24785331  -1.75774378   0.06838592  -0.38346660   0.23553375   0.54471091   0.60118905   0.41337253   0.34561212   0.30125443   0.30125443   0.32966206   0.00033580   0.00282658   0.00023188   0.00082553   0.00094317
 0.50  2400.  0.0  2.0  -0.81578174  -0.03271134   0.07151187  -0.27047065  -0.44202023   3.08311677  -0.16998046   0.68239704   1.64272073   2.50298919  -2.09525163   1.55220921   0.03660807  -0.76427837  -1.72431349   0.73413662  -0.39818672   0.15502909   0.35956591   0.55218733   0.26250036   0.28117567   0.24340944   0.24533944   0.26719513   0.01001519   0.00014913   0.00034770   0.00042786   0.00043289
 1.00  2400.  0.0  2.0  -0.43347896  -0.04279205   0.13866440  -0.07095679  -0.30097179   1.70046811  -0.05725598   0.52313528   0.92323784   2.61953934  -0.39510239   1.26918542   0.07637336   0.00064122  -2.11676793   0.05199970  -0.18950643   0.18797547   0.12369497   0.78031734   0.21353286   0.21353286   0.20187779   0.20187779   0.20503428   0.00271682   0.00004642   0.00083412   0.00012961   0.00251733
 1.50  2400.  0.0  2.0  -0.23691866  -0.13125028   0.16063478  -0.06072501  -0.04400379   1.13465575   0.47030142   0.33238530   1.03116816   2.13161934   0.13168305   0.70661807   0.45608429  -0.08850217  -1.77200634  -0.09317317  -0.05900978  -0.01770134   0.08969770   0.67465332   0.16335914   0.15571280   0.15571280   0.15571280   0.15817001   0.00077261   0.00008767   0.00049169   0.00007793   0.00350365
 2.00  2400.  0.0  2.0  -0.23469971  -0.22964356  -0.03109220   0.08878398  -0.02385643   1.82648741   1.58131782   1.52576295   1.97307928   2.29494390  -0.81466116  -0.58300401  -0.75510698  -1.68281617  -2.13207307   0.15520405   0.19220376   0.22451168   0.62897655   0.74416525   0.15198329   0.14559406   0.13183451   0.13290451   0.14805127   0.00007081   0.00005103   0.00019520   0.00586846   0.00139827
 2.50  2400.  0.0  2.0  -0.23114197  -0.24934348  -0.02027132   0.16280945   0.01136008   2.22569674   1.92769437   1.50370730   1.90899221   2.41650280  -1.50620480  -1.01529705  -0.73532440  -1.64436223  -2.40477482   0.42822266   0.30114871   0.21043635   0.58116776   0.85417620   0.12811354   0.12069809   0.11031366   0.11031366   0.12371858   0.00015967   0.00011183   0.00023728   0.00482457   0.00169954
 3.00  2400.  0.0  2.0  -0.13414432  -0.29583093   0.17554482   0.03501305   0.69413654   2.25810928   1.89765002   0.70565168   1.80159048   1.16774936  -1.71963055  -0.83799018   0.18316659  -1.19896858  -1.36331552   0.54013219   0.19477570  -0.10403561   0.33560897   0.52998869   0.09108503   0.09336312   0.08277527   0.08407782   0.08407782   0.00047555   0.00022874   0.00010547   0.00062859   0.01138355
 3.50  2400.  0.0  2.0  -0.28000374  -0.25941668   0.15899706  -0.03794349   0.30159525   2.44236063   1.61703318   0.49559637   1.58141097   1.81470638  -1.74941644  -0.41004857   0.40225381  -0.69340419  -1.76773212   0.52990889   0.02514356  -0.13713780   0.10071276   0.61888995   0.06849106   0.06640841   0.06640841   0.06640841   0.06691491   0.00047651   0.00039723   0.00027489   0.00014901   0.00242689
 4.00  2400.  0.0  2.0  -0.43528512  -0.26813919   0.34965251  -0.05937330   0.11758516   2.22485973   1.25299592  -0.19251882   1.28808625   1.97672928  -1.09719078   0.15683189   1.06532830  -0.18191115  -1.70541740   0.24336092  -0.19251607  -0.33316461  -0.11763986   0.55001570   0.04942598   0.05087434   0.05087434   0.05087434   0.05087434   0.00083500   0.00082213   0.00085952   0.00026304   0.00096838
 4.50  2400.  0.0  2.0  -0.40986907  -0.11078620   0.37516606  -0.03851772   0.14658242   1.50002283   0.69086341  -0.14835956   1.10222104   1.67219974  -0.07670670   0.74010435   0.79614146   0.10527516  -1.24520275  -0.07710954  -0.38142999  -0.16465246  -0.24518685   0.36091880   0.03771639   0.04021062   0.04021062   0.04021062   0.04021062   0.00092722   0.00060266   0.00070793   0.00050175   0.00125306
 5.00  2400.  0.0  2.0  -0.28254040  -0.00017230   0.51357598  -0.13579207   0.11646284   0.78769535   0.48775205  -0.49457859   1.45141547   1.76818399   0.66210589   0.81793839   1.18464928  -0.30074365  -1.36604481  -0.22818458  -0.36571091  -0.32713398  -0.10791829   0.40872841   0.02873366   0.03059610   0.03059610   0.03098716   0.03098716   0.00027243   0.00045659   0.00088759   0.00121832   0.00134319
 5.50  2400.  0.0  2.0  -0.22003809   0.10058724   0.35098205  -0.03779487   0.28288161   1.10327628   0.44001041   0.21206784   1.32030830   1.32939002  -0.18298208   0.69156618   0.34122638  -0.26603455  -0.94460194   0.23734879  -0.27971204  -0.03470673  -0.11261425   0.26663491   0.02204065   0.02251231   0.02359810   0.02359810   0.02359810   0.00036806   0.00021980   0.00126015   0.00075930   0.00196884
 6.00  2400.  0.0  2.0  -0.06770839   0.31107765   0.70098617   0.06493079   0.34127977   1.54632982   0.26173705  -0.79894530   1.20792498   1.23421001  -1.00904714   0.60145406   1.47130078  -0.31000471  -0.92182486   0.47800456  -0.20246531  -0.49383224  -0.06916862   0.27279549   0.01654681   0.01713928   0.01819810   0.01851413   0.01851413   0.00075642   0.00163124   0.00313205   0.00040803   0.00310233
 0.00  2500.  0.0  2.0  -0.12891992  -0.34471137  -0.17345539  -0.35511511  -0.48805869   0.53013841   1.14212106   1.21592316   1.66013280   2.63945974   0.09566228  -0.17562997  -0.24096869  -0.64125498  -2.07705348   0.40868739   0.29545237   0.15206255   0.23146047   0.76772295   0.36215267   0.33989427   0.29312846   0.32162603   0.33579927   0.00117160   0.00247397   0.00027392   0.00045935   0.00047134
 0.50  2500.  0.0  2.0  -0.54627644  -0.18657944  -0.10828972  -0.36862916  -0.43553115   2.25307685   0.51620912   1.03234273   2.08493840   2.87204892  -1.20472394   0.81015999  -0.07717732  -1.29034492  -2.40925146   0.39370535  -0.19959140   0.10442692   0.52712269   0.87064944   0.28512519   0.27737381   0.24126172   0.24972711   0.26612632   0.00290768   0.00054705   0.00030178   0.00042970   0.00103611
 1.00  2500.  0.0  2.0  -0.55325136  -0.13173871   0.14107763  -0.22089686  -0.34004414   2.49525984   0.31864526   0.43837915   1.52382636   2.47953141  -1.50509169   0.96172226   0.34947912  -0.63842846  -1.87059466   0.49942572  -0.18357276   0.04633371   0.31160935   0.64570403   0.21433393   0.22197543   0.19730288   0.20045937   0.21806978   0.00247027   0.00027712   0.00076154   0.00044832   0.00037130
 1.50  2500.  0.0  2.0  -0.20225347  -0.18353336  -0.05824681  -0.10787162  -0.12029153   0.84341232   0.80029227   0.89618515   1.35466049   1.76237110   0.62646977   0.04575041   0.02891631  -0.64697842  -1.10532166  -0.33232116   0.31311761   0.07214387   0.38014075   0.38935544   0.16741954   0.16462769   0.15413453   0.15413453   0.16741954   0.00073836   0.00019201   0.00013244   0.00037027   0.00050881
 2.00  2500.  0.0  2.0  -0.20501441  -0.20503340   0.00933928  -0.05349739   0.20477318   1.72672209   1.70081308   2.03439279   2.13736702   1.85142795  -0.74724122  -0.88431328  -1.64576143  -1.81648500  -1.84475348   0.15543633   0.34367537   0.59469332   0.66262285   0.69420307   0.15940331   0.14820610   0.13201930   0.14453158   0.14945610   0.00004046   0.00007254   0.00245088   0.00143461   0.00435431
 2.50  2500.  0.0  2.0  -0.18227804  -0.18115987   0.07625556  -0.04432907   0.19468476   2.20231240   2.02353932   1.88121866   2.35403024   2.06400307  -1.57522508  -1.32435434  -1.47811234  -2.13637950  -2.19675045   0.47075581   0.44380193   0.51493556   0.74750058   0.81320758   0.13409182   0.12392450   0.11071919   0.12293450   0.12707478   0.00021253   0.00025981   0.00212166   0.00139146   0.00311009
 3.00  2500.  0.0  2.0  -0.09015122  -0.20706404   0.05210420  -0.02874897   0.19226349   2.29406181   2.10600966   1.43648192   2.37061040   2.23008837  -1.90096378  -1.34102202  -0.70879193  -2.09836269  -2.42401219   0.62614409   0.41140818   0.19266664   0.70574489   0.89792717   0.09735060   0.09179324   0.08345951   0.08963485   0.09405935   0.00080579   0.00022180   0.00025124   0.00119568   0.00319324
 3.50  2500.  0.0  2.0  -0.05392420  -0.21445551   0.16020964  -0.00255104   0.68211220   2.27490627   1.91001707   0.73337816   2.08646774   1.22627209  -1.89562790  -0.95184824   0.18636396  -1.57677567  -1.45220932   0.63283086   0.23293973  -0.11355342   0.46340915   0.55693249   0.07098838   0.06931863   0.06507840   0.06609775   0.06609775   0.00108731   0.00011411   0.00019347   0.00046594   0.00755459
 4.00  2500.  0.0  2.0  -0.25595870  -0.15349479   0.28005255  -0.05623307   0.28644770   2.39859680   1.48168424   0.27055514   1.83721044   1.90131696  -1.70461582  -0.34281827   0.57794077  -1.02376974  -1.88302856   0.51653487   0.00070665  -0.16983002   0.20099193   0.65737090   0.05098663   0.04947132   0.04947132   0.04947132   0.05060163   0.00050156   0.00005099   0.00122892   0.00020666   0.00239337
 4.50  2500.  0.0  2.0  -0.31884093  -0.14982508   0.33607169  -0.10167258   0.17768301   1.83609065   1.22877941   0.09705466   1.66113317   1.85838104  -0.67268626  -0.02558335   0.61768233  -0.66055600  -1.59277533   0.10841693  -0.07999156  -0.11390709   0.04164168   0.50570432   0.03865635   0.03920674   0.03920674   0.03976911   0.03976911   0.00035424   0.00008262   0.00114680   0.00023747   0.00146053
 5.00  2500.  0.0  2.0  -0.20989348  -0.10374518   0.44247402  -0.06296043   0.12322680   0.92862808   0.71664694  -0.31679698   1.35803995   1.65608561   0.48558861   0.62844617   0.97393564  -0.24857491  -1.12639074  -0.24329986  -0.29843954  -0.19813232  -0.11734911   0.28390755   0.02849365   0.03059508   0.03059508   0.03059508   0.03059508   0.00012237   0.00158535   0.00157738   0.00063102   0.00080357
 5.50  2500.  0.0  2.0  -0.15723140   0.13999085   0.35443330  -0.23010806   0.18469513   0.81441663   0.19778319   0.01358542   1.94372338   1.70224265   0.25682076   0.95440574   0.43366106  -0.88636966  -1.35429483   0.04629692  -0.33786278   0.06650387   0.08197274   0.40749415   0.02180309   0.02322252   0.02351219   0.02351219   0.02351219   0.00027762   0.00049527   0.00107377   0.00211202   0.00176472
 6.00  2500.  0.0  2.0  -0.03069692   0.30356192   0.64037837  -0.10641505   0.26239388   1.09817741   0.03513250  -0.78163444   1.88594045   1.45448203  -0.40223654   1.00731383   1.51743099  -1.08191734  -1.06934224   0.29640480  -0.37039985  -0.46617463   0.21145722   0.28753736   0.01658790   0.01706337   0.01821197   0.01821197   0.01821197   0.00044492   0.00132851   0.00373109   0.00072228   0.00177202
 0.00  2600.  0.0  2.0  -0.38475608  -0.35714106  -0.42957434  -0.44831737  -0.62279128   1.56659591   1.32861995   2.07015352   2.10944943   3.37686811  -0.46322881  -0.13263794  -0.98465459  -1.24400472  -3.05718481   0.14015109   0.07899575   0.29811049   0.44640217   1.13718676   0.37778212   0.33711216   0.28834161   0.32863756   0.33711216   0.00278010   0.00128116   0.00155206   0.00071434   0.00139284
 0.50  2600.  0.0  2.0  -0.28459336  -0.29865527  -0.23893056  -0.41962429  -0.43559154   1.36864556   1.15612795   1.67870257   2.18372001   2.82385095  -0.32328393  -0.01900309  -0.75321504  -1.39976117  -2.42636166   0.10402170   0.09809884   0.28997633   0.54487366   0.89611438   0.31004134   0.27489287   0.23341271   0.26071234   0.27489287   0.00040704   0.00078356   0.00059920   0.00057583   0.00079017
 1.00  2600.  0.0  2.0  -0.46622893  -0.21995715  -0.05094814  -0.29475390  -0.30669285   2.34809272   0.82620421   0.97138693   1.65244874   2.47574810  -1.47481595   0.28524301   0.01344639  -0.72455196  -1.97835393   0.51119156   0.05509782   0.04846266   0.29201392   0.70450087   0.23336277   0.23045777   0.19350710   0.21661921   0.22277454   0.00149379   0.00049190   0.00043989   0.00011304   0.00061983
 1.50  2600.  0.0  2.0  -0.39962630  -0.14265096  -0.04706523  -0.04035342  -0.15803205   1.77148624   0.78961396   1.16676048   1.36427662   1.78926558  -0.38031828  -0.02939284  -0.28946571  -0.71519337  -1.02131384  -0.05779685   0.35750547   0.13874010   0.38652755   0.29215066   0.17058582   0.16606762   0.15005543   0.15253268   0.17058582   0.00171543   0.00005406   0.00011134   0.00211737   0.00014032
 2.00  2600.  0.0  2.0  -0.17656635  -0.19449550  -0.18229288   0.02554124   0.20299603   1.62749022   1.76472913   2.37904049   1.99607432   1.72566084  -0.69728198  -1.08821220  -1.97011027  -1.79982236  -1.70398320   0.17812418   0.46608594   0.68671471   0.70388355   0.66086120   0.16513687   0.15186342   0.14316177   0.14804129   0.15458040   0.00004735   0.00014090   0.00043097   0.00240167   0.00406285
 2.50  2600.  0.0  2.0  -0.10127048  -0.13666360  -0.06032437   0.19607893   0.28884373   2.06179728   1.98812253   2.28494721   1.94940056   1.78363771  -1.49753039  -1.38873762  -1.99375045  -1.92510672  -1.94410400   0.46213871   0.49059775   0.70429513   0.71817098   0.73491859   0.13850828   0.12777899   0.11966816   0.12460374   0.13117643   0.00040526   0.00040564   0.00098500   0.00401890   0.00401389
 3.00  2600.  0.0  2.0  -0.02763239  -0.17176160  -0.08113948   0.11184785   0.32142883   2.23783483   2.20066238   2.14760603   2.26339071   1.93686926  -1.94448541  -1.60109760  -1.68704784  -2.23979467  -2.22988799   0.65854177   0.52641779   0.56796071   0.80348710   0.85009071   0.10236249   0.09721330   0.08976521   0.09409136   0.09803130   0.00108244   0.00045017   0.00057318   0.00251769   0.00400603
 3.50  2600.  0.0  2.0   0.07241709  -0.21388638   0.08540053   0.04521683   0.34368725   2.14930911   2.25217215   1.37946617   2.42900549   2.03500301  -1.95202742  -1.54721695  -0.66794729  -2.30718621  -2.36187093   0.68181089   0.47397294   0.18556060   0.79428884   0.89942814   0.07615963   0.07429253   0.06553738   0.07087340   0.07429253   0.00189675   0.00038874   0.00040642   0.00183976   0.00482296
 4.00  2600.  0.0  2.0  -0.03172460  -0.16646725   0.11145581   0.08157910   0.33458785   2.27425057   1.91516080   0.92867793   2.15202432   2.04507398  -1.92808693  -1.02053779  -0.05661731  -1.80750944  -2.28504348   0.65181223   0.25338235  -0.01073114   0.55984125   0.85144258   0.05424601   0.05300393   0.04949729   0.04949729   0.05382851   0.00151503   0.00012516   0.00053678   0.00069772   0.00494503
 4.50  2600.  0.0  2.0  -0.23491930  -0.11654065   0.13504371  -0.16218980   0.35006534   2.21175504   1.43336182   0.46714710   2.39295747   1.82620933  -1.41640101  -0.31730280   0.53632960  -1.75304207  -1.84270740   0.40188201  -0.01206444  -0.18566575   0.47647080   0.64097144   0.04021062   0.03874044   0.03931529   0.03931529   0.03931529   0.00030505   0.00014683   0.00036098   0.00023544   0.00267475
 5.00  2600.  0.0  2.0  -0.20081337  -0.11112820   0.32874063  -0.13965886   0.12679962   1.41018914   1.11328685  -0.15882925   2.03632461   2.05724363  -0.21410067   0.07916732   1.09505214  -1.18439014  -1.80358140  -0.02941089  -0.10824735  -0.31524843   0.23669441   0.56945878   0.02930375   0.02972528   0.02972528   0.02972528   0.03014781   0.00015238   0.00009964   0.00031750   0.00065100   0.00152815
 5.50  2600.  0.0  2.0  -0.06130596   0.01149641   0.63871708  -0.11608300   0.08773075   0.79665490   0.68492421  -0.83665669   1.80157997   1.81836738   0.35146140   0.35943868   1.47273026  -0.86188434  -1.30727106  -0.10648586  -0.09308359  -0.32532088   0.11251435   0.33794848   0.02144649   0.02302356   0.02302356   0.02333422   0.02333422   0.00006226   0.00019214   0.00248936   0.00062278   0.00063488
 6.00  2600.  0.0  2.0  -0.07641332   0.30892931   0.50671581  -0.08454483   0.18217455   1.12500318   0.09002463  -0.13269862   1.71249011   1.28778474  -0.29607658   0.57843440   0.31510004  -0.82490411  -0.55425106   0.22118361  -0.00445162   0.22035921   0.12449704   0.02120756   0.01691141   0.01798072   0.01798072   0.01798072   0.01798072   0.00011063   0.00225335   0.00227950   0.00071109   0.00089092
 0.00  2700.  0.0  2.0  -0.52434146  -0.45095457  -0.46103876  -0.70037915  -0.68459827   2.07896625   1.91124041   2.14503911   3.38408229   3.71966488  -1.12188567  -1.08143013  -1.00597258  -3.00880350  -3.61624428   0.41586329   0.52126672   0.21732802   1.20990786   1.41611284   0.38955902   0.34202046   0.30559242   0.31945700   0.34202046   0.00291553   0.00119820   0.00104132   0.00306555   0.00270096
 0.50  2700.  0.0  2.0  -0.47060520  -0.39397714  -0.33653811  -0.42353174  -0.42317483   2.29231817   1.78356380   1.83662026   2.46210241   2.96262626  -1.79004944  -1.07956273  -0.76479780  -1.97122344  -2.77426639   0.85741305   0.61557752   0.18404473   0.83827968   1.09765948   0.30696090   0.27729957   0.24847822   0.26420530   0.27729957   0.00122999   0.00081055   0.00012660   0.00036868   0.00204083
 1.00  2700.  0.0  2.0  -0.33280945  -0.30195781  -0.23246299  -0.35289264  -0.30771795   1.95072614   1.29079485   1.55627106   2.11556776   2.65424900  -1.18561819  -0.30065802  -0.56165670  -1.38731623  -2.34697944   0.46287101   0.25677924   0.18572142   0.54947856   0.88345734   0.25063159   0.22699693   0.20038944   0.21570241   0.22699693   0.00011445   0.00068834   0.00010630   0.00031224   0.00130387
 1.50  2700.  0.0  2.0  -0.43454925  -0.17802922  -0.09341257  -0.09838572  -0.14123038   2.34870474   1.07374569   1.95465314   1.47306726   1.95272380  -1.49549526  -0.41495362  -1.44284972  -0.82722783  -1.42954783   0.50720808   0.48425413   0.58122939   0.40083753   0.51189066   0.18275906   0.16977173   0.14631959   0.16374859   0.17309288   0.00060968   0.00004154   0.00188045   0.00057238   0.00039903
 2.00  2700.  0.0  2.0  -0.17309020  -0.19684296  -0.00430650   0.06005792   0.08402949   1.64619216   1.78036231   2.17850804   1.85026749   1.79920159  -0.80186694  -1.20949213  -1.96532121  -1.68835062  -1.68509294   0.26006222   0.56616433   0.72946941   0.69703136   0.65193542   0.16829326   0.15424078   0.14135511   0.15012888   0.15866917   0.00006147   0.00012024   0.00167357   0.00270207   0.00211312
 2.50  2700.  0.0  2.0  -0.15142631  -0.12855010   0.04956149   0.25177889   0.50034316   2.10554116   1.95271596   2.13049056   1.77343222   1.30331009  -1.52514502  -1.39821177  -1.97582652  -1.77658364  -1.51749708   0.47787232   0.51549707   0.72782158   0.67864913   0.60506911   0.14569880   0.13313794   0.12345502   0.12969808   0.13431294   0.00028644   0.00043235   0.00173921   0.00465283   0.00767874
 3.00  2700.  0.0  2.0  -0.00940444  -0.06596197   0.11585286   0.19994368   0.40324537   2.21370155   2.05832538   1.94370674   2.08043380   1.68707239  -1.95971666  -1.57332014  -1.72599740  -2.15589774  -2.00460233   0.67243962   0.53998390   0.62616702   0.79404161   0.77604856   0.10738688   0.09948768   0.09192410   0.09867318   0.10203289   0.00121633   0.00075853   0.00165021   0.00309243   0.00418428
 3.50  2700.  0.0  2.0   0.05344551  -0.10966935   0.03613507   0.14865210   0.50281679   2.26321387   2.24145939   1.83690673   2.36077690   1.66581187  -2.16425656  -1.74058459  -1.37155066  -2.47559317  -2.09300124   0.77338542   0.57322225   0.46067185   0.90326900   0.82459827   0.08115108   0.07660894   0.07029915   0.07538132   0.07723344   0.00245019   0.00082656   0.00076177   0.00331546   0.00567533
 4.00  2700.  0.0  2.0   0.09481036  -0.13833448   0.08034622   0.11347302   0.37611663   2.18393064   2.21646888   1.32826310   2.47312352   2.05859755  -2.05777265  -1.59337708  -0.59553370  -2.51873151  -2.47986582   0.73500122   0.49099131   0.16022617   0.89600453   0.95888395   0.05829298   0.05555457   0.05104257   0.05428097   0.05735703   0.00296806   0.00056151   0.00043102   0.00293828   0.00717557
 4.50  2700.  0.0  2.0  -0.03915662  -0.14508308   0.19936893   0.02580850   0.37065469   2.21521713   1.92618716   0.66350816   2.54484719   2.03070504  -1.80325898  -1.07659930   0.25550792  -2.40862931  -2.32710472   0.59809907   0.27407064  -0.13264755   0.81112159   0.87267589   0.04327521   0.04196866   0.03831772   0.04070507   0.04327521   0.00135269   0.00015059   0.00036761   0.00139437   0.00647025
 5.00  2700.  0.0  2.0  -0.19677659  -0.04192031   0.20870111  -0.13869494   0.36691806   1.86098742   1.20946572   0.23639816   2.70188142   1.82306116  -0.90161887  -0.08461459   0.79679635  -2.33522953  -1.83770193   0.20325466  -0.09468941  -0.27092493   0.73449945   0.62499104   0.03073091   0.02922284   0.02984991   0.02984991   0.02984991   0.00014461   0.00013346   0.00083162   0.00041840   0.00247236
 5.50  2700.  0.0  2.0   0.00706361   0.09180338   0.35783745  -0.17069351   0.12526298   0.83761477   0.58008633  -0.26004525   2.52610671   2.09024368   0.30035558   0.55833117   1.16895506  -1.99336403  -1.81000276  -0.16401333  -0.24073366  -0.29710030   0.58984385   0.54707533   0.02268943   0.02268943   0.02268943   0.02300658   0.02300658   0.00011456   0.00029693   0.00065650   0.00018678   0.00110647
 6.00  2700.  0.0  2.0   0.08612698   0.18232452   0.45895668  -0.09046151   0.10969236   0.93585242   0.30638415  -0.44652198   2.16906093   1.87177091  -0.18964261   0.57945022   1.07125727  -1.55982434  -1.37602559   0.16242859  -0.08767545  -0.12720854   0.43128475   0.34123373   0.01634916   0.01769566   0.01769566   0.01769566   0.01769566   0.00047101   0.00101836   0.00153147   0.00039002   0.00066964
 0.00  2800.  0.0  2.0  -0.40204494  -0.62690066  -0.60526758  -0.66434705  -0.96367089   1.84855161   2.58180272   3.07543054   3.38538472   4.58653114  -1.34985567  -2.12451534  -2.32885114  -3.25491492  -4.62048619   0.72858757   1.05757171   0.74794257   1.42134320   1.83751396   0.41558629   0.34183211   0.30601196   0.32616443   0.34183211   0.00031241   0.00405029   0.00187254   0.00174032   0.01144803
 0.50  2800.  0.0  2.0  -0.43518898  -0.41343719  -0.45734424  -0.48527799  -0.44385025   2.24872035   2.01980315   2.56422466   2.88809833   3.10957031  -1.91334768  -1.62505923  -1.76672320  -2.65994526  -3.03999617   0.99379001   0.93441208   0.55756189   1.16887905   1.23923611   0.31728941   0.28243286   0.25215187   0.26364908   0.28243286   0.00125606   0.00055621   0.00051616   0.00217183   0.00369915
 1.00  2800.  0.0  2.0  -0.38893631  -0.22391424  -0.53302592  -0.18169927  -0.08322166   2.38422553   1.56163818   2.88735101   1.97262023   2.42417379  -1.76111587  -0.97171800  -2.08200914  -1.58199957  -2.44783048   0.67825162   0.57782264   0.62434987   0.69716173   1.02043645   0.25555808   0.22491217   0.21305800   0.22229717   0.22491217   0.00109121   0.00017624   0.00075843   0.00106135   0.00608641
 1.50  2800.  0.0  2.0  -0.37671342  -0.17740539  -0.20457077  -0.03766518  -0.07748020   2.38137772   1.20995145   2.17447730   1.41926151   1.91378961  -1.71754891  -0.63109830  -1.68550484  -0.84274082  -1.50833322   0.64065461   0.56345954   0.64646567   0.41016879   0.57179115   0.19283784   0.17282011   0.16075353   0.16814861   0.17799733   0.00038926   0.00005987   0.00023967   0.00132372   0.00120071
 2.00  2800.  0.0  2.0  -0.14057542  -0.19024250  -0.05302964   0.08752467   0.34834446   1.50539962   1.80365462   2.26135485   1.61480638   1.21586708  -0.75171983  -1.49398998  -2.07348023  -1.45659716  -1.19383979   0.32879185   0.82742382   0.78146167   0.67543164   0.54719120   0.16875463   0.15442894   0.14376106   0.15157719   0.15588894   0.00009751   0.00006928   0.00118404   0.00275602   0.00704241
 2.50  2800.  0.0  2.0  -0.10671917  -0.12973665   0.00873872   0.25561977   0.44791824   2.00089146   1.86563539   2.16953690   1.66408308   1.31576005  -1.46023278  -1.31665113  -2.02875816  -1.62851785  -1.46503473   0.48183419   0.51668693   0.75959763   0.63084386   0.58293321   0.14994556   0.13829716   0.12918249   0.13471250   0.13951716   0.00044242   0.00037940   0.00138930   0.00452928   0.00664580
 3.00  2800.  0.0  2.0   0.05502247  -0.06651835   0.12730362   0.31621697   0.50162077   2.07307899   2.02787265   1.92223276   1.79312457   1.40853861  -1.84812970  -1.55591086  -1.77365093  -1.90839993  -1.72496176   0.64366332   0.54197335   0.66158619   0.71716555   0.67825947   0.11175803   0.10453607   0.09724085   0.10281798   0.10628412   0.00143448   0.00076817   0.00174944   0.00390895   0.00502376
 3.50  2800.  0.0  2.0   0.14462495  -0.07109477   0.10754992   0.32702477   0.43070505   2.10045860   2.24331280   1.85567445   1.99021132   1.76298927  -2.07165057  -1.84595102  -1.57157501  -2.23211941  -2.21101287   0.75288243   0.62609666   0.56092247   0.84402593   0.87110662   0.08480677   0.08085219   0.07421679   0.07894753   0.08215124   0.00271600   0.00115061   0.00133845   0.00441376   0.00535280
 4.00  2800.  0.0  2.0   0.25214643  -0.04871851   0.08674964   0.34456339   0.57831233   1.93304329   2.26461916   1.61485123   2.09759471   1.60060734  -1.95310181  -1.86725539  -1.09239088  -2.39081788  -2.13633268   0.72243867   0.62259046   0.35234886   0.90597854   0.86003132   0.06143501   0.05913556   0.05487736   0.05779706   0.06004704   0.00396622   0.00138438   0.00080690   0.00549046   0.00797243
 4.50  2800.  0.0  2.0   0.16267957  -0.08471611   0.15397950   0.23556398   0.49794589   2.02725635   2.17550602   1.10466023   2.34866633   1.85170801  -1.89554702  -1.61922744  -0.35304243  -2.56815620  -2.35100133   0.67813704   0.50493028   0.06991582   0.95027778   0.92462151   0.04622104   0.04482510   0.04128143   0.04414987   0.04622104   0.00324810   0.00075396   0.00058493   0.00498121   0.00949784
 5.00  2800.  0.0  2.0  -0.04228940  -0.08066037   0.24023733   0.11575976   0.46368496   2.03896938   1.77378097   0.51521963   2.47954116   1.88260030  -1.49612827  -0.95120865   0.42674855  -2.52034015  -2.23099659   0.47011343   0.23662821  -0.19730233   0.89515794   0.83953543   0.03324237   0.03224148   0.02966010   0.03200198   0.03298737   0.00085308   0.00019104   0.00058232   0.00302537   0.00725080
 5.50  2800.  0.0  2.0   0.00886881   0.09902241   0.30989122   0.10731617   0.28955186   1.23501838   0.89503107   0.03140620   2.34984760   2.13075469  -0.28596001   0.13037944   0.97198890  -2.24244069  -2.24412275   0.01677745  -0.13138922  -0.32939066   0.76610411   0.78053502   0.02425866   0.02207579   0.02239144   0.02239144   0.02425866   0.00022379   0.00016575   0.00089554   0.00126453   0.00375202
 0.00  2900.  0.0  2.0  -0.41084513  -0.65499245  -0.50124297  -0.64159005  -0.95322218   1.97861123   2.75124338   2.75606049   2.91392572   4.28502060  -1.83158833  -2.71478112  -2.13263232  -2.65200795  -4.15641836   1.07855797   1.49472633   0.70267054   1.23605670   1.66051125   0.43304987   0.35700523   0.32546463   0.34245142   0.35700523   0.00066974   0.00453383   0.00032006   0.00436855   0.01262179
 0.50  2900.  0.0  2.0  -0.38002237  -0.54724074  -0.42381848  -0.44908482  -0.44321720   2.03223210   2.66884477   2.82475846   2.81598016   3.07575037  -1.38878288  -2.48835902  -2.33063207  -2.63330722  -3.01017011   0.60645742   1.29194661   0.80577269   1.16813184   1.22872431   0.33447030   0.27912187   0.26039406   0.27498187   0.29525207   0.00075158   0.00173938   0.00042753   0.00230387   0.00507208
 1.00  2900.  0.0  2.0  -0.34801527  -0.37292825  -0.36031741  -0.23341637  -0.25469112   2.37663119   2.06589140   2.96336984   2.12767402   2.47005948  -1.86811523  -1.63456684  -2.65214270  -1.76840520  -2.28881459   0.75132477   0.87382279   0.97321544   0.77888070   0.92166969   0.26515740   0.23019629   0.20993882   0.22719629   0.24139454   0.00135329   0.00042208   0.00167126   0.00103352   0.00310609
 1.50  2900.  0.0  2.0  -0.37599096  -0.17757324  -0.14675155  -0.04984758  -0.14571110   2.44609534   1.15011569   2.20422029   1.51938699   2.12443750  -1.92340992  -0.52265456  -1.91325730  -0.94148385  -1.76581253   0.75087251   0.50303236   0.78479499   0.42107569   0.66957188   0.20598389   0.17967032   0.16284451   0.17073243   0.18371566   0.00006895   0.00003256   0.00059370   0.00148726   0.00089170
 2.00  2900.  0.0  2.0  -0.17467200  -0.16669708  -0.06513299   0.21136598   0.20698362   1.44320133   1.61353237   2.30969838   1.02142128   1.14554426  -0.60073255  -1.51909433  -2.22180021  -0.69648918  -0.81359791   0.26950113   1.02376257   0.88807724   0.40884787   0.35546946   0.17187117   0.15688614   0.14579877   0.15246276   0.15998263   0.00006165   0.00009321   0.00101666   0.00403190   0.00327987
 2.50  2900.  0.0  2.0  -0.18632380  -0.09696288   0.00676479   0.22401902   0.37331379   2.09908583   1.66510223   2.11035988   1.60475725   1.38523359  -1.54325312  -1.11169653  -1.98879188  -1.48412972  -1.45002086   0.52853223   0.48850649   0.77594473   0.57697786   0.57058203   0.15361984   0.13860817   0.13027620   0.13612093   0.14116532   0.00027972   0.00041420   0.00127583   0.00387545   0.00538870
 3.00  2900.  0.0  2.0  -0.03622651  -0.03401942   0.21482433   0.22039702   0.32687884   2.21902913   1.88412315   1.67246119   1.92203481   1.72014274  -1.96599945  -1.39182856  -1.54975553  -1.98569818  -1.96771161   0.68729537   0.49268004   0.60473657   0.73757843   0.75192818   0.11434906   0.10477978   0.09699446   0.10477978   0.10851558   0.00121517   0.00077977   0.00217818   0.00294431   0.00337329
 3.50  2900.  0.0  2.0   0.14569605   0.00372792   0.16470331   0.30841821   0.61644990   2.10078986   2.10421246   1.74073814   1.98401882   1.29899559  -2.09504607  -1.75697166  -1.52538060  -2.24720064  -1.76705399   0.76685849   0.60385259   0.56185959   0.85484960   0.71597965   0.08681351   0.08133663   0.07553732   0.08133663   0.08268312   0.00278427   0.00129725   0.00162442   0.00423321   0.00549569
 4.00  2900.  0.0  2.0   0.27554847   0.01903302   0.17226568   0.45617884   0.63749862   1.92049960   2.23825976   1.58296605   1.83503880   1.41858050  -2.01529109  -1.97763972  -1.21355507  -2.22882678  -2.00388641   0.75727563   0.68320929   0.41427740   0.87145240   0.82299184   0.06270306   0.05982127   0.05472447   0.05887183   0.06077771   0.00451695   0.00199894   0.00118867   0.00652150   0.00810719
 4.50  2900.  0.0  2.0   0.26626350   0.01570777   0.16080823   0.51687647   0.77704538   1.92056460   2.21295437   1.34231494   1.77845907   1.21281647  -1.95792033  -1.89632263  -0.75885708  -2.19314980  -1.83364200   0.72955459   0.64100881   0.21756592   0.86158467   0.76506861   0.04742768   0.04523512   0.04169159   0.04414724   0.04559962   0.00503683   0.00179958   0.00076744   0.00761962   0.01004867
 5.00  2900.  0.0  2.0   0.14439795  -0.00620885   0.21181832   0.43668447   0.69696270   1.94119316   1.98628545   0.89380348   1.92041220   1.45422404  -1.70763211  -1.45850553  -0.10251700  -2.24621983  -2.02252904   0.59388548   0.45397746  -0.03166647   0.86243615   0.81436694   0.03468197   0.03362066   0.03108400   0.03283582   0.03388466   0.00274093   0.00089413   0.00070351   0.00711173   0.01058390
 5.50  2900.  0.0  2.0   0.05058151   0.02451250   0.29767860   0.30109524   0.49591136   1.54813081   1.42711233   0.28922443   2.05911197   1.90055936  -0.85785855  -0.59810991   0.69639830  -2.18604189  -2.32653272   0.22923193   0.12362368  -0.30289209   0.79994775   0.88101251   0.02596725   0.02559017   0.02396869   0.02503450   0.02596725   0.00056367   0.00038342   0.00110483   0.00467635   0.00799254
 6.00  2900.  0.0  2.0   0.30682680   0.22603974   0.47189444   0.15057599   0.27730065   0.46668165   0.35563053  -0.54694883   2.13329446   2.27806155   0.32049125   0.74025043   1.66558153  -1.98163234  -2.47654669  -0.11057072  -0.33267741  -0.59697280   0.66479406   0.87087618   0.01930821   0.01875883   0.01783051   0.01875883   0.01930821   0.00182886   0.00081831   0.00229322   0.00186287   0.00361434
 0.00  3000.  0.0  2.0  -0.28257663  -0.49893168  -0.74579435  -0.37290774  -0.53741440   1.22743896   2.29931032   4.12758420   1.72403396   2.56891604  -0.34308611  -2.38467964  -4.10325171  -1.13905475  -2.04234404   0.18718227   1.47767441   1.56505547   0.62475132   0.81170482   0.45058114   0.38243174   0.32941592   0.38243174   0.40198363   0.00055901   0.00070374   0.00590856   0.00050198   0.00083021
 0.50  3000.  0.0  2.0  -0.30648871  -0.42012344  -0.39761226  -0.34174288  -0.43304226   1.54917102   2.14465294   2.95362864   1.92917661   2.70070911  -0.84329702  -2.12362220  -2.79193726  -1.37656679  -2.38992368   0.42091278   1.31282505   1.08263727   0.64599260   0.95083193   0.36345673   0.30757816   0.27545593   0.30757816   0.32107223   0.00039034   0.00032012   0.00139614   0.00062247   0.00212883
 1.00  3000.  0.0  2.0  -0.31471044  -0.33772424  -0.28807909  -0.30994410  -0.25187631   1.97534829   1.95482181   2.64263618   2.52979582   2.46802448  -1.42228980  -1.77531959  -2.42891069  -2.30788618  -2.28834642   0.63032025   1.08490163   0.94228949   1.01020321   0.92719270   0.28854066   0.24822168   0.22710647   0.23672902   0.25698629   0.00010360   0.00011877   0.00083361   0.00407952   0.00339033
 1.50  3000.  0.0  2.0  -0.22437971  -0.27406329  -0.11752859  -0.09691665   0.05032176   2.26345551   1.90605286   2.26854102   2.04587544   2.07242678  -1.97134849  -1.64991266  -2.04947393  -1.78555750  -2.09135038   0.86257561   0.97155739   0.82871481   0.77794695   0.88547273   0.20987889   0.18629512   0.17109203   0.18204984   0.19095993   0.00075224   0.00022427   0.00124380   0.00330655   0.00772331
 2.00  3000.  0.0  2.0  -0.40691893  -0.05537599  -0.02268195   0.00964022  -0.00299837   2.55873047   0.92615543   2.22284444   1.31650763   1.78147611  -2.05413653  -0.46127893  -2.33444647  -0.70928923  -1.44427130   0.81498353   0.55450720   1.05836806   0.30547371   0.55121042   0.18061902   0.16064366   0.14922636   0.15910866   0.16551138   0.00034966   0.00020382   0.00133908   0.00093290   0.00117684
 2.50  3000.  0.0  2.0  -0.06955710  -0.08495956  -0.01517076   0.17034845   0.28015063   1.87837174   1.39710279   2.06837051   1.54191432   1.46846324  -1.40685674  -0.80593019  -1.99567408  -1.28909696  -1.41035468   0.53419323   0.44327530   0.84473189   0.50126271   0.54320212   0.15045499   0.13922748   0.13053086   0.13664036   0.14189451   0.00057561   0.00030553   0.00100048   0.00285020   0.00391056
 3.00  3000.  0.0  2.0  -0.07329323  -0.05146900   0.20495357   0.18580507   0.48796139   2.25185400   1.77030823   1.54111898   1.93251171   1.37445191  -1.98013716  -1.19220415  -1.38052777  -1.94058737  -1.62602812   0.70108891   0.42363971   0.57234464   0.71663913   0.63538702   0.11286062   0.10242730   0.09385595   0.10242730   0.10444503   0.00111638   0.00057647   0.00193135   0.00259793   0.00494660
 3.50  3000.  0.0  2.0   0.12725019  -0.00524928   0.22778165   0.32124768   0.60090753   2.12005810   2.08427442   1.50174368   1.90950327   1.30186078  -2.11006323  -1.71926243  -1.26831717  -2.16728116  -1.75775843   0.77509014   0.58885365   0.47967603   0.82735538   0.70944191   0.08553088   0.07957651   0.07242800   0.07957651   0.08105136   0.00268915   0.00116143   0.00160271   0.00406896   0.00523334
 4.00  3000.  0.0  2.0   0.29860494   0.11186406   0.18060023   0.53856043   0.74791873   1.88033511   2.08732721   1.58877987   1.59260743   1.11348812  -2.01314652  -1.90605215  -1.27789223  -2.01992094  -1.72000851   0.76370967   0.67055143   0.44628619   0.80516652   0.72463164   0.06270054   0.05864954   0.05460954   0.05864954   0.06017042   0.00467763   0.00223506   0.00133463   0.00655031   0.00777107
 4.50  3000.  0.0  2.0   0.39051170   0.12187361   0.21430665   0.59254663   0.81263640   1.69878078   2.13311461   1.37973751   1.57296437   1.09903047  -1.84116227  -1.98771102  -0.92530953  -2.07073564  -1.79150856   0.70570782   0.70268018   0.28377695   0.83829442   0.76685604   0.04809785   0.04586433   0.04210851   0.04586433   0.04698467   0.00591622   0.00286823   0.00092472   0.00920865   0.01089643
 5.50  3000.  0.0  2.0   0.14629276   0.08281021   0.27977775   0.56221038   0.73772410   1.70418796   1.65760489   0.61089788   1.54317127   1.45005455  -1.31840478  -1.09167446   0.27328690  -1.86866964  -2.11338429   0.43217503   0.32325315  -0.19762189   0.72988154   0.86312297   0.02655109   0.02556491   0.02359810   0.02536641   0.02615753   0.00187299   0.00094598   0.00073664   0.00860028   0.01277947
 6.00  3000.  0.0  2.0   0.25664555   0.16555715   0.37445368   0.40478244   0.54492340   0.82826937   0.86664124  -0.09400348   1.72912649   1.90116048  -0.09581313   0.06536796   1.25693286  -1.83641456  -2.44340761  -0.02169343  -0.12207301  -0.56421445   0.66753865   0.94288554   0.01910010   0.01865193   0.01761575   0.01865193   0.01910010   0.00125588   0.00059998   0.00128147   0.00491054   0.00836349
 0.00  3100.  0.0  2.0  -0.42902016  -0.35397238  -0.75626952  -0.25247963  -0.76311640   1.91029713   1.57866356   4.16879308   0.98141669   3.09186606  -1.19778582  -1.71840192  -4.36651018  -0.03715611  -2.37737669   0.53619640   1.35953475   1.77347232   0.12432026   0.85833786   0.47195737   0.43331036   0.37611020   0.43331036   0.43331036   0.00104190   0.00130082   0.00235946   0.00048525   0.00652506
 0.50  3100.  0.0  2.0  -0.47759719  -0.34772872  -0.45250611  -0.40203454  -0.76385996   2.57835651   1.63057266   3.30255032   1.94066167   3.75601436  -2.27245447  -1.55877586  -3.60195743  -1.20498945  -3.49279884   1.03039089   1.19206912   1.59184184   0.52724114   1.34042053   0.38099854   0.34306962   0.30667122   0.34306962   0.34856462   0.00064797   0.00086496   0.00317855   0.00028908   0.00592914
 1.00  3100.  0.0  2.0  -0.35444689  -0.36442512  -0.23412886  -0.34304443  -0.31594633   2.00077018   1.86415572   2.85808374   2.15105120   2.44199992  -1.58394055  -1.75161794  -3.14272867  -1.63509362  -2.13892579   0.77991594   1.16882420   1.40869250   0.69152546   0.83623937   0.31990773   0.28302752   0.25314077   0.28302752   0.29578348   0.00040582   0.00054855   0.00447961   0.00068158   0.00144914
 1.50  3100.  0.0  2.0  -0.22264414  -0.26740317  -0.11435529  -0.16466007   0.00174542   2.09762572   1.82601552   2.27900642   2.11081420   2.26122114  -1.86111884  -1.67651172  -2.37923391  -1.81531288  -2.34601474   0.89444909   1.06474924   1.10096366   0.77413054   0.98554541   0.23397209   0.21050819   0.19582452   0.21050819   0.21594214   0.00025845   0.00014848   0.00134867   0.00181702   0.00831889
 2.00  3100.  0.0  2.0  -0.10214541  -0.41357725  -0.08313935  -0.09120330   0.13655699   1.50615987   2.42868955   1.79180863   2.27803796   1.92414802  -1.11410981  -2.28278190  -1.52092127  -2.18350496  -2.01436371   0.58124580   1.20914686   0.71766105   0.93068336   0.85677930   0.19370688   0.17013310   0.15830953   0.16650713   0.17401878   0.00015243   0.00059033   0.00040484   0.00345381   0.00777066
 2.50  3100.  0.0  2.0  -0.15827828  -0.07619900   0.05262863   0.04440714   0.09165895   1.82680268   1.12348271   1.88117531   1.53562263   1.64928459  -1.33032287  -0.60377197  -2.02050291  -1.10452514  -1.39507419   0.58275307   0.51356014   1.01521081   0.43922492   0.52112242   0.15276066   0.13941727   0.12805860   0.13807727   0.14363597   0.00017543   0.00017362   0.00129825   0.00118875   0.00155382
 3.00  3100.  0.0  2.0   0.07017320  -0.04617036   0.17362412   0.20985740   0.55222834   1.93580928   1.59121784   1.35228069   1.83944748   1.24160807  -1.69721465  -0.91773982  -1.11568359  -1.80759407  -1.47605409   0.62722712   0.33127288   0.52222791   0.67129515   0.58291263   0.11044949   0.10180910   0.09386094   0.10180910   0.10389678   0.00139268   0.00041606   0.00144069   0.00276514   0.00636863
 3.50  3100.  0.0  2.0   0.14176968  -0.04249680   0.25985277   0.28960052   0.68124618   2.06009188   2.09485802   1.22309817   1.93179911   1.11710540  -2.03875763  -1.67705417  -0.89349582  -2.15897556  -1.56720244   0.75444729   0.56794430   0.34985700   0.82160266   0.63926594   0.08706350   0.08171611   0.07356252   0.08171611   0.08246961   0.00267375   0.00092915   0.00142450   0.00377930   0.00603592
 4.00  3100.  0.0  2.0   0.28601949   0.10981495   0.30987013   0.55613445   0.73527502   1.89943659   2.09726036   1.21353473   1.49384336   1.11860931  -2.03995681  -1.93952565  -0.88015426  -1.91860501  -1.73648987   0.77664788   0.68715851   0.30160145   0.76990013   0.73206340   0.06454349   0.06042006   0.05463457   0.06042006   0.06197641   0.00472119   0.00227473   0.00125337   0.00628065   0.00755099
 4.50  3100.  0.0  2.0   0.40189301   0.16097047   0.24334899   0.62436295   0.85718603   1.69026946   2.10914884   1.38144080   1.42417092   0.94182750  -1.88386178  -2.05867631  -1.00515007  -1.94152149  -1.66947555   0.73001786   0.74483998   0.31802532   0.79715973   0.73173010   0.04945493   0.04720341   0.04288864   0.04720341   0.04796457   0.00647434   0.00358120   0.00106075   0.00920465   0.01077995
 5.00  3100.  0.0  2.0   0.39251621   0.24952420   0.24525740   0.75239085   0.96323431   1.65912532   1.84228060   1.25283671   1.15897348   0.80757960  -1.77926104  -1.74240535  -0.74985031  -1.69139930  -1.59946357   0.68116825   0.62318875   0.19485773   0.71152728   0.71941571   0.03650744   0.03404448   0.03175203   0.03460386   0.03543163   0.00697357   0.00327170   0.00080532   0.01159110   0.01468173
 5.50  3100.  0.0  2.0   0.28125903   0.19208201   0.24503591   0.73564607   0.96265613   1.64276155   1.67919900   0.97072008   1.15475984   0.92703815  -1.49696035  -1.34496671  -0.23761610  -1.60668992  -1.73812985   0.53267485   0.44290624  -0.03049986   0.66354271   0.76889778   0.02685625   0.02544504   0.02377490   0.02585359   0.02625814   0.00374458   0.00183147   0.00059297   0.01204528   0.01655935
 6.00  3100.  0.0  2.0   0.26927036   0.16961995   0.26083380   0.63525106   0.80752873   1.10215737   1.20334030   0.51051651   1.28170960   1.36629568  -0.56640203  -0.49122951   0.53245533  -1.58122246  -2.13118694   0.14950381   0.08222922  -0.35458538   0.61808169   0.89128032   0.01985426   0.01940759   0.01834694   0.01955759   0.01985426   0.00155625   0.00081415   0.00079999   0.00952496   0.01429989
 0.00  3200.  0.0  2.0  -0.59770410  -0.37110036  -0.78351858  -0.56899635  -0.90715517   2.84264810   1.54185384   3.99836089   2.00645817   3.57744001  -2.48229314  -1.58531561  -4.56244225  -1.07637527  -3.00670827   1.06944375   1.29221391   2.15965017   0.43362155   1.10039385   0.49379308   0.47518929   0.41303291   0.47921929   0.48676090   0.00175905   0.00222702   0.00382334   0.00598959   0.01422277
 0.50  3200.  0.0  2.0  -0.42308277  -0.41751209  -0.38523121  -0.58964811  -0.75183378   2.51825032   1.86216523   2.56370074   2.64925610   3.76239242  -2.36902572  -1.82816767  -2.80947407  -2.07595978  -3.59474948   1.12746412   1.28475162   1.43233428   0.84212748   1.39329859   0.40947866   0.38385659   0.35020397   0.38725159   0.39394414   0.00008330   0.00144603   0.00017943   0.00302274   0.00845720
 1.00  3200.  0.0  2.0  -0.36233552  -0.39751133  -0.25094317  -0.44064417  -0.43474632   2.34855502   1.84527559   2.35473965   2.55949373   3.17326342  -2.18946562  -1.68336451  -2.60724810  -2.16088111  -3.17373932   1.06553673   1.13912662   1.33768681   0.89034071   1.27430868   0.33611847   0.31359352   0.28459300   0.31359352   0.31939707   0.00017153   0.00104859   0.00078946   0.00149210   0.00664468
 1.50  3200.  0.0  2.0  -0.22140421  -0.30445742  -0.03384746  -0.18853355  -0.05088880   2.08187285   1.85659435   1.99695221   2.27499030   2.30994572  -1.94595997  -1.72624732  -2.29370565  -2.09012217  -2.37930381   0.98185065   1.10644132   1.21614466   0.89546430   0.99309919   0.24419826   0.22360362   0.20244516   0.22360362   0.23036353   0.00016102   0.00016308   0.00258654   0.00260406   0.00731954
 2.00  3200.  0.0  2.0  -0.24817527  -0.23000776  -0.06643099  -0.06978803   0.10118168   2.05426366   1.73992552   1.89717284   1.99663554   1.83674853  -1.83391991  -1.54636231  -2.02428239  -1.80897288  -1.84324230   0.90709281   0.97803020   1.06939899   0.77653830   0.77259979   0.19926859   0.17928079   0.16496696   0.17928079   0.18518636   0.00011479   0.00002803   0.00064686   0.00203902   0.00489520
 2.50  3200.  0.0  2.0   0.06781337  -0.20605460   0.01833094   0.06654817   0.30006200   1.51781474   1.78942578   1.50452946   1.79951323   1.43898105  -1.43281422  -1.50791897  -1.46231970  -1.65113762  -1.46816861   0.77967333   0.88039783   0.84548945   0.70637371   0.62451463   0.15343481   0.13915756   0.12914213   0.13915756   0.14371576   0.00205937   0.00027509   0.00057454   0.00317177   0.00680405
 3.00  3200.  0.0  2.0  -0.00303723  -0.11872903   0.25535918   0.04068556   0.41423922   1.95146024   1.52448563   0.84088819   2.06962502   1.48134184  -1.65250142  -0.75045956  -0.55375392  -1.92400241  -1.62843190   0.63400395   0.29300225   0.39835853   0.70615506   0.62657945   0.11370587   0.10620307   0.09525739   0.10620307   0.10723307   0.00098650   0.00011959   0.00151417   0.00145237   0.00469026
 3.50  3200.  0.0  2.0   0.21823303  -0.07686630   0.22190149   0.35562560   0.44638369   1.83925280   2.08614627   0.99089759   1.73937267   1.63444302  -1.79398176  -1.60994231  -0.49286455  -1.94224830  -2.04234398   0.67314446   0.54176442   0.20399597   0.74557077   0.79989147   0.08971056   0.08527949   0.07747089   0.08455649   0.08747622   0.00255580   0.00069877   0.00087582   0.00396222   0.00446296
 4.00  3200.  0.0  2.0   0.24574293   0.07151885   0.18888670   0.51954560   0.68000208   1.96015232   2.14987753   1.31008135   1.50976418   1.23705191  -2.08210283  -1.97862772  -0.86349296  -1.90525464  -1.85963856   0.79169254   0.70105751   0.27876703   0.76105922   0.77673238   0.06764555   0.06360603   0.05849521   0.06360603   0.06512890   0.00464241   0.00214245   0.00077583   0.00585171   0.00737566
 4.50  3200.  0.0  2.0   0.40264107   0.23435706   0.30396581   0.68671074   0.92972731   1.68640682   1.95679303   1.20995904   1.20062798   0.73432968  -1.90146948  -1.95542044  -0.83066465  -1.71059323  -1.48578859   0.74100243   0.71732941   0.24683170   0.71304537   0.67155346   0.05160954   0.04863782   0.04430007   0.04902082   0.04977598   0.00669596   0.00372370   0.00090172   0.00855527   0.01042435
 5.00  3200.  0.0  2.0   0.54065855   0.31248215   0.22705121   0.79213922   1.04782884   1.34394057   1.77358996   1.42193224   0.98784959   0.54989989  -1.53617002  -1.78446885  -1.02757789  -1.53772079  -1.39120562   0.60584037   0.65786959   0.29974436   0.65992666   0.65923223   0.03695025   0.03557896   0.03327151   0.03613435   0.03667975   0.00725246   0.00440783   0.00095031   0.01166905   0.01541029
 5.50  3200.  0.0  2.0   0.41955230   0.28650551   0.23144661   0.85167696   1.12110288   1.46325325   1.64207705   1.27282431   0.83423469   0.47756881  -1.48835944  -1.49272339  -0.73128783  -1.34498664  -1.36274942   0.55876836   0.52374786   0.15562385   0.58140835   0.65798077   0.02724804   0.02623643   0.02431630   0.02664598   0.02704854   0.00568354   0.00321572   0.00062660   0.01333429   0.01948877
 6.00  3200.  0.0  2.0   0.32481870   0.21378884   0.20015344   0.81179397   1.10332727   1.23892985   1.40708931   1.04822265   0.85848514   0.62447344  -0.91815879  -0.92931439  -0.23979614  -1.25510579  -1.52293352   0.29783272   0.26166893  -0.07891789   0.52056558   0.71464901   0.02004605   0.01959288   0.01817613   0.01974538   0.02004605   0.00230437   0.00135269   0.00052104   0.01198359   0.02067471
 0.00  3300.  0.0  2.0  -0.57782077  -0.29739794  -0.55137630  -0.17868915  -0.20115493   2.91432300   1.32991890   2.72253977   0.85418802   1.33558203  -2.85466785  -1.40001988  -3.19453952  -0.07029001  -0.73680122   1.32006388   1.19245126   1.85396420   0.09955553   0.28872789   0.50668873   0.52135242   0.45317826   0.53501722   0.53501722   0.00136714   0.00078708   0.00162761   0.00011888   0.00087995
 0.50  3300.  0.0  2.0  -0.46121668  -0.45317440  -0.34909314  -0.54440760  -0.18590771   2.75854420   2.07608128   2.40945395   2.86449830   1.14601170  -2.81282683  -2.11625297  -2.83546294  -2.61459814  -0.41113390   1.35113022   1.36732856   1.62342383   1.09857802   0.11711898   0.40812837   0.39906844   0.35649276   0.40364336   0.43111061   0.00061061   0.00134411   0.00048458   0.00537290   0.00009659
 1.00  3300.  0.0  2.0  -0.33038981  -0.40530448  -0.15303999  -0.40568784  -0.31782844   2.36870348   2.10115096   2.15242615   2.79024811   3.16364582  -2.42428110  -2.11732186  -2.64119186  -2.69713934  -3.43539562   1.24005586   1.31910415   1.51931243   1.15035740   1.43107297   0.33052251   0.31433040   0.27881221   0.31640040   0.32050583   0.00010852   0.00045935   0.00288026   0.00532098   0.01679212
 1.50  3300.  0.0  2.0  -0.25561316  -0.34010422   0.13052436  -0.11826328   0.03328518   2.18048301   2.04486833   1.49208414   2.29041893   2.04824031  -2.21532819  -2.02999545  -1.93707458  -2.32336712  -2.15349257   1.16303238   1.23850794   1.21431340   1.03363967   0.92001243   0.24825441   0.23013636   0.20541386   0.23013636   0.23836036   0.00008680   0.00023168   0.00479912   0.00622375   0.00943014
 2.00  3300.  0.0  2.0  -0.19500016  -0.24754494   0.15877419   0.01517385   0.22905832   2.04174224   1.81778239   1.27606272   1.85889463   1.61499842  -2.01874358  -1.70996154  -1.55431091  -1.80390581  -1.73885250   1.06061141   1.06364397   1.01189804   0.81128577   0.76630559   0.20380399   0.18885070   0.16863838   0.18885070   0.19321742   0.00013737   0.00004093   0.00278288   0.00396698   0.00913916
 2.50  3300.  0.0  2.0  -0.03583165  -0.17983203   0.20859971   0.19015717   0.37125268   1.85202864   1.76433571   1.03972333   1.52896112   1.24007817  -1.92666692  -1.62117350  -1.18282328  -1.51620155  -1.33371959   1.03141289   0.97924422   0.84197068   0.70755317   0.60328417   0.16309093   0.15025521   0.13600107   0.15025521   0.15520970   0.00112445   0.00019861   0.00208719   0.00490920   0.00756247
 3.00  3300.  0.0  2.0  -0.05940647  -0.09620866   0.40016853   0.08835624   0.30992394   1.87898627   1.36007504   0.35935202   1.75997273   1.50198059  -1.54395672  -0.66174776  -0.17163933  -1.56762439  -1.53457354   0.64179946   0.33460931   0.34779265   0.59606854   0.58322076   0.12092677   0.11334026   0.10019989   0.11334026   0.11519317   0.00065582   0.00010253   0.00261619   0.00133680   0.00294490
 3.50  3300.  0.0  2.0   0.10350456  -0.12135099   0.36198253   0.23498108   0.47999179   1.97902263   2.03069541   0.31716506   1.85757032   1.51819104  -1.85894469  -1.48492248   0.33468595  -1.96848932  -1.89699860   0.69915042   0.50361760  -0.09048350   0.74533777   0.74456537   0.09363519   0.08887525   0.07903743   0.08887525   0.09021175   0.00211494   0.00043611   0.00123174   0.00283393   0.00427480
 4.00  3300.  0.0  2.0   0.27732566   0.06443475   0.31131784   0.49969378   0.76801391   1.83055519   2.08257108   0.76295982   1.44489616   1.00244669  -1.91524983  -1.87234605  -0.15485652  -1.78138467  -1.61693786   0.73051518   0.66114807  -0.00468133   0.70707887   0.68775717   0.06934867   0.06552893   0.05902569   0.06599993   0.06695087   0.00412371   0.00179134   0.00071475   0.00515673   0.00684638
 4.50  3300.  0.0  2.0   0.39796309   0.20969688   0.26747979   0.59642557   0.83190676   1.66834110   1.97280783   1.19471073   1.31339009   0.91780374  -1.87471960  -1.96967574  -0.75324761  -1.78398449  -1.67544041   0.73165545   0.72313025   0.19863916   0.73135302   0.74308345   0.05328807   0.05077147   0.04608608   0.05149866   0.05222036   0.00653665   0.00362679   0.00062338   0.00784459   0.01054164
 5.00  3300.  0.0  2.0   0.54230683   0.36814819   0.28047528   0.79440131   1.11565979   1.33872389   1.65641167   1.34879204   0.89509754   0.29402122  -1.56473157  -1.72162800  -1.01067533  -1.43195645  -1.13508571   0.62237949   0.64455150   0.29130115   0.61780802   0.57016598   0.03862460   0.03676345   0.03395558   0.03757425   0.03784225   0.00776793   0.00482774   0.00080459   0.01071866   0.01464460
 5.50  3300.  0.0  2.0   0.51587113   0.37826393   0.23480804   0.92006554   1.24688231   1.29676896   1.52572252   1.48378760   0.60900210   0.05033851  -1.42580434  -1.50364867  -1.12660158  -1.14222592  -0.94674209   0.55487895   0.54769336   0.31723267   0.51112542   0.51657265   0.02813705   0.02714543   0.02524327   0.02734893   0.02794205   0.00718367   0.00450609   0.00082594   0.01273475   0.02032832
 6.00  3300.  0.0  2.0   0.41711835   0.30257488   0.18553776   0.91180731   1.33711203   1.20961324   1.43500586   1.44593109   0.62031546  -0.07690729  -1.07352678  -1.17038793  -0.91812731  -1.09707386  -0.84959133   0.38056418   0.37735461   0.19758065   0.47874977   0.48737920   0.02052152   0.01992019   0.01864760   0.02022385   0.02052152   0.00362497   0.00239424   0.00052180   0.01301816   0.02428655
 0.00  3400.  0.0  2.0  -0.51530313  -0.17222606  -0.39037793  -0.08401375  -0.06808609   2.68604766   0.94407527   1.80876314   0.68219782   1.05412810  -2.54212351  -0.92828204  -1.84529056   0.03705662  -0.50153427   1.13558082   0.96304389   1.29253773   0.06621951   0.19188749   0.52052580   0.54016150   0.48534432   0.54839234   0.54839234   0.00031341   0.00010922   0.00130418   0.00017194   0.00118448
 0.50  3400.  0.0  2.0  -0.47306985  -0.22853228  -0.38082641  -0.11213926  -0.03476441   2.91754237   1.31613342   2.27786368   0.98255225   1.18361330  -3.13922005  -1.29085143  -2.54782671  -0.35906140  -0.74144515   1.51930522   1.03857456   1.52619965   0.20436861   0.28990812   0.41371216   0.42724999   0.37952019   0.43657672   0.43657672   0.00073150   0.00005866   0.00098501   0.00016994   0.00144432
 1.00  3400.  0.0  2.0  -0.32472289  -0.27518171  -0.17870567  -0.11075618  -0.09938882   2.38241642   1.79469726   1.97455099   1.37939269   1.30945191  -2.58518152  -1.88594912  -2.34006306  -0.97060628  -0.83088154   1.36752541   1.24374534   1.42685861   0.45695611   0.30122673   0.33685079   0.33348451   0.30148484   0.34513843   0.35164120   0.00013405   0.00015158   0.00155049   0.00086418   0.00025682
 1.50  3400.  0.0  2.0  -0.15503615  -0.22034731   0.06398831   0.06046263   0.23248048   2.10487728   1.90020163   1.40628570   1.63328513   1.32262639  -2.39332949  -2.04934998  -1.74602459  -1.62794627  -1.35429923   1.33651849   1.28090683   1.16647201   0.77800418   0.60931047   0.24901536   0.24090438   0.22146600   0.24631836   0.25170237   0.00078893   0.00057872   0.00256659   0.00662060   0.00893738
 2.00  3400.  0.0  2.0  -0.13237006  -0.19968088   0.11564270   0.13856320   0.38078352   1.96334215   1.89249247   1.09069282   1.53147425   1.16183079  -2.13286912  -1.98031574  -1.25237220  -1.55578161  -1.30504927   1.19258846   1.21008539   0.92397754   0.74856654   0.61351263   0.20703206   0.19510532   0.18010069   0.19862509   0.20220742   0.00035853   0.00042371   0.00137745   0.00620694   0.01170256
 2.50  3400.  0.0  2.0  -0.11022892  -0.14269507   0.26097785   0.24786809   0.39974089   2.02364326   1.76365489   0.69852549   1.28757398   1.04752650  -2.19421368  -1.76583185  -0.79107695  -1.30274352  -1.12904246   1.18294832   1.07554874   0.72459425   0.64506758   0.52661359   0.16787561   0.15661207   0.14352662   0.15856487   0.16262030   0.00063870   0.00038799   0.00184093   0.00536103   0.00710552
 3.00  3400.  0.0  2.0   0.04759326  -0.01330228   0.29013229   0.41967095   0.44859553   1.58005517   1.37571460   0.42473553   0.95088944   1.02869866  -1.39321972  -0.99373973  -0.16089831  -0.89759669  -1.08951598   0.67899519   0.56071035   0.32709527   0.41495827   0.44794304   0.12411429   0.11639288   0.10750200   0.11639288   0.12015782   0.00109889   0.00049621   0.00093922   0.00450754   0.00393364
 3.50  3400.  0.0  2.0   0.03714722  -0.01246832   0.34036370   0.34833115   0.44203478   1.95326290   1.67085928   0.13816888   1.41113793   1.45327433  -1.75339773  -1.15824506   0.58775570  -1.46168812  -1.76447554   0.67285340   0.42859543  -0.17625360   0.56722111   0.69141686   0.09581808   0.08930001   0.08252595   0.09041677   0.09275717   0.00159190   0.00044721   0.00061169   0.00278316   0.00352972
 4.00  3400.  0.0  2.0   0.31569751   0.09150874   0.30398910   0.45712124   0.56155817   1.64811863   1.89381695   0.53958425   1.39584173   1.40838494  -1.67521150  -1.63703015   0.21662245  -1.65341442  -1.99018617   0.64290329   0.57888521  -0.16920692   0.64855933   0.81817428   0.06980870   0.06636453   0.06085166   0.06762415   0.06936570   0.00349871   0.00143298   0.00055443   0.00406381   0.00610322
 4.50  3400.  0.0  2.0   0.41586211   0.22238291   0.17817297   0.62957683   0.82951158   1.56355064   1.85622262   1.28185249   1.11943076   0.85517903  -1.73260263  -1.82105693  -0.76090875  -1.53147058  -1.59666723   0.67617251   0.66592778   0.17618523   0.62758468   0.71316989   0.05402725   0.05165452   0.04780732   0.05232776   0.05334701   0.00568880   0.00310407   0.00032930   0.00624166   0.00982105
 5.00  3400.  0.0  2.0   0.54029302   0.34366367   0.23507029   0.75573132   1.06243459   1.31259060   1.67352722   1.46213861   0.89625652   0.32729106  -1.53984901  -1.74523299  -1.14784806  -1.40431280  -1.15277587   0.61415650   0.65284386   0.33450261   0.60000052   0.57565550   0.03945945   0.03818608   0.03512700   0.03869852   0.03920645   0.00753845   0.00482162   0.00066766   0.00948357   0.01419458
 5.50  3400.  0.0  2.0   0.55782605   0.43419532   0.22704284   0.93152103   1.29911236   1.20726357   1.43007992   1.65033675   0.52262751  -0.20050791  -1.38811912  -1.47825064  -1.43897345  -1.06830016  -0.67296382   0.55044347   0.54784095   0.44889222   0.48569174   0.41601499   0.02890420   0.02774548   0.02613528   0.02813805   0.02852562   0.00782545   0.00503140   0.00106951   0.01196784   0.01891567
 6.00  3400.  0.0  2.0   0.50103679   0.39279301   0.20476771   0.93413208   1.35997319   1.11452348   1.37719617   1.72815505   0.55124151  -0.26183800  -1.10818636  -1.27773304  -1.48997008  -1.09586532  -0.66520746   0.41418248   0.44119230   0.45113068   0.49374267   0.42740037   0.02117364   0.02044161   0.01935914   0.02117364   0.02145533   0.00495349   0.00360433   0.00086109   0.01493695   0.02707452
 0.00  3500.  0.0  2.0  -0.59808962  -0.12743858  -0.35938401  -0.05304427  -0.02283609   3.16690051   0.96713284   1.52198278   0.65833677   1.06072957  -3.31800741  -0.98670807  -1.12092833   0.06913634  -0.58112480   1.52648977   0.99091486   0.83503595   0.03518489   0.22062887   0.51495953   0.53655551   0.50556998   0.55060769   0.55060769   0.00148069   0.00044757   0.00335593   0.00033060   0.00165126
 0.50  3500.  0.0  2.0  -0.45033867  -0.13525190  -0.24196312  -0.03873778   0.06189728   2.96336858   1.10149306   1.62518395   0.84009603   1.03921887  -3.35431746  -1.08778064  -1.51621249  -0.23704585  -0.68067906   1.66703933   0.97087446   1.01863578   0.15798630   0.27695890   0.41047576   0.42738491   0.39850907   0.43820293   0.43820293   0.00107881   0.00019920   0.00297450   0.00051881   0.00251977
 1.00  3500.  0.0  2.0  -0.30121871  -0.13957563  -0.08187733   0.03082480   0.09488333   2.36709106   1.29468909   1.36120914   0.99145670   1.01016069  -2.71831673  -1.31894635  -1.36803999  -0.58606711  -0.68907354   1.49044807   1.02766003   0.97240172   0.31931014   0.28345012   0.33458338   0.34098129   0.31798672   0.34886429   0.35198082   0.00022940   0.00024390   0.00258186   0.00159568   0.00189131
 1.50  3500.  0.0  2.0  -0.15977324  -0.09158345   0.13848216   0.17397273   0.21566294   2.01842900   1.38286802   1.00568914   0.96279772   0.92624146  -2.38099648  -1.46673340  -1.13797864  -0.75588107  -0.73285890   1.39692021   1.06204878   0.89419506   0.41604140   0.32426195   0.24933359   0.25060359   0.23242381   0.25564798   0.25940241   0.00046362   0.00045977   0.00384255   0.00347815   0.00256081
 2.00  3500.  0.0  2.0  -0.05062010  -0.03165292   0.21796973   0.31558057   0.28413907   1.78161221   1.44225393   0.81366465   0.89033612   0.92575533  -2.09030593  -1.59088569  -0.93394137  -0.84616447  -0.82574057   1.26080699   1.09690166   0.80243675   0.48190993   0.37563852   0.20520409   0.20085892   0.18758369   0.20520409   0.21063683   0.00081834   0.00108533   0.00288662   0.00650956   0.00317318
 2.50  3500.  0.0  2.0  -0.03331712  -0.00194752   0.36481059   0.32880656   0.39869744   1.68471740   1.41817185   0.43429471   0.88138074   0.80121062  -1.87346236  -1.52583226  -0.51195036  -0.83187069  -0.78404039   1.12184223   1.03432248   0.62505607   0.46606235   0.37620936   0.16811431   0.16078749   0.14886676   0.16442842   0.16811431   0.00051530   0.00093776   0.00313397   0.00463160   0.00407209
 3.00  3500.  0.0  2.0   0.07080917   0.07690325   0.46478072   0.44059079   0.51377391   1.37745713   1.12712346  -0.04268925   0.66347064   0.66055206  -1.26239236  -0.90870308   0.28794362  -0.54251942  -0.65271524   0.72221164   0.62888068   0.19481745   0.29729812   0.29218206   0.12478354   0.11852974   0.10962041   0.11988823   0.12266012   0.00088968   0.00081697   0.00213971   0.00368540   0.00353136
 3.50  3500.  0.0  2.0   0.08782083   0.11079202   0.40467082   0.43134558   0.49192437   1.64046268   1.28679296  -0.05385589   0.99123150   1.11816077  -1.40523874  -0.86927676   0.75597828  -0.97684778  -1.35789457   0.58346447   0.39233668  -0.22617136   0.39914806   0.54540778   0.09610145   0.09076339   0.08543731   0.09233156   0.09446417   0.00128709   0.00068162   0.00087599   0.00245245   0.00269642
 4.00  3500.  0.0  2.0   0.15159265   0.15785353   0.22662947   0.59860019   0.63376290   1.85749477   1.57846442   0.63711238   0.88890556   1.08813032  -1.78708303  -1.28429085   0.15145358  -1.06606990  -1.60593744   0.67816591   0.46310898  -0.15608201   0.42647547   0.67216624   0.07162272   0.06722557   0.06365858   0.06800270   0.06998755   0.00282117   0.00118115   0.00024353   0.00337271   0.00467807
 4.50  3500.  0.0  2.0   0.39341145   0.24983406   0.16594280   0.61357797   0.90660270   1.51439171   1.66748739   1.24650104   1.03492699   0.55823713  -1.62030815  -1.58045198  -0.68927818  -1.38478853  -1.24917472   0.62828079   0.57363291   0.13290177   0.56186147   0.57897043   0.05441082   0.05220793   0.04908588   0.05314124   0.05377253   0.00462823   0.00248903   0.00032641   0.00505013   0.00782505
 5.00  3500.  0.0  2.0   0.47935788   0.39198344   0.22407944   0.70666013   1.05134136   1.39149264   1.47998753   1.49564815   0.92051393   0.24859483  -1.58933991  -1.52525331  -1.20756489  -1.39452230  -1.03741307   0.62773081   0.56726637   0.35163390   0.58820986   0.52782804   0.04025557   0.03832871   0.03592738   0.03953210   0.03977410   0.00697410   0.00398074   0.00061712   0.00826888   0.01268402
 5.50  3500.  0.0  2.0   0.60031347   0.44178024   0.25868804   0.83153813   1.27200205   1.06929752   1.39898980   1.67608754   0.70124256  -0.25986772  -1.25630888  -1.47832871  -1.58048632  -1.25147129  -0.57652036   0.50284613   0.55133399   0.51664510   0.55247442   0.37507622   0.02931553   0.02857535   0.02669744   0.02931553   0.02931553   0.00717231   0.00521947   0.00123032   0.01213571   0.01748483
 6.00  3500.  0.0  2.0   0.56154766   0.45142687   0.27267314   0.96887925   1.40281080   1.01565296   1.32094702   1.79055905   0.42680326  -0.50689774  -1.08831059  -1.32874698  -1.78359864  -1.00286739  -0.38108987   0.42053066   0.47640558   0.60222308   0.46747509   0.31900643   0.02157919   0.02101281   0.01983712   0.02157919   0.02171819   0.00586860   0.00450891   0.00161368   0.01476360   0.02529550
 0.00  3600.  0.0  2.0  -0.66389102  -0.03196989  -0.01270305  -0.03298715   0.06137940   3.59334317   0.48341883   0.08345774   0.97119278   1.47196492  -4.05628887  -0.25824024   0.87876888  -0.39125677  -1.36858768   1.91989044   0.65405126  -0.12984684   0.21341186   0.58691460   0.50768762   0.53762432   0.53762432   0.54553552   0.54553552   0.00238725   0.00038307   0.00014718   0.00214914   0.00977067
 0.50  3600.  0.0  2.0  -0.43919060  -0.03200442  -0.04764275   0.09607096   0.16268223   3.10316056   0.63025236   0.76981577   0.82667016   0.84750734  -3.80011104  -0.42413912  -0.16751582  -0.37151445  -0.52817581   1.98112409   0.68006556   0.31809682   0.22716046   0.22651748   0.40458231   0.42877341   0.41601959   0.43409948   0.43761557   0.00210915   0.00035657   0.00237726   0.00364013   0.00372261
 1.00  3600.  0.0  2.0  -0.24894451  -0.01977006   0.07603232   0.08541678   0.30992489   2.39537241   0.80539918   0.73236680   0.72250030   0.61706184  -2.99737729  -0.68772122  -0.36027839  -0.20597049  -0.39303129   1.71038124   0.76904702   0.44490560   0.14503521   0.19784849   0.32832713   0.34258454   0.32832713   0.35030269   0.35030269   0.00120857   0.00052759   0.00442544   0.00121507   0.00522766
 1.50  3600.  0.0  2.0  -0.10876457   0.04619139   0.23390546   0.14305235   0.41900719   1.94418004   0.89680783   0.53364898   0.73127898   0.38831456  -2.45228893  -0.89837985  -0.32780435  -0.32448308  -0.19607476   1.49870572   0.84617142   0.47011517   0.20745047   0.13084437   0.24621707   0.25247151   0.23985554   0.25986329   0.25986329   0.00099486   0.00103569   0.00520609   0.00120321   0.00457762
 2.00  3600.  0.0  2.0  -0.07940781   0.06208314   0.27413915   0.13090610   0.38245488   1.81109021   1.05545468   0.55801822   0.87963520   0.52700720  -2.21351609  -1.14488730  -0.43750557  -0.55052492  -0.36835731   1.37051624   0.93637264   0.52760982   0.30205810   0.19694345   0.20524404   0.20524404   0.19232841   0.21263964   0.21263964   0.00056006   0.00136222   0.00421906   0.00092880   0.00270301
 2.50  3600.  0.0  2.0  -0.03784382   0.08669547   0.31901161   0.40730380   0.61643519   1.66519132   1.09219624   0.37618294   0.48888143   0.16415883  -1.96232254  -1.20174546  -0.23724534  -0.33960147  -0.12838702   1.22695193   0.93859124   0.44837834   0.26826336   0.13874049   0.16800547   0.16445941   0.15457938   0.16800547   0.16977350   0.00047510   0.00123354   0.00254231   0.00403870   0.00593935
 3.00  3600.  0.0  2.0   0.08346297   0.22864987   0.48143232   0.63178524   0.63393665   1.20302769   0.60438700  -0.19397056  -0.07542384   0.05239295  -1.21021743  -0.48874646   0.45762048   0.29296253   0.09132539   0.82283866   0.57454601   0.14522109   0.00359525   0.01504278   0.12465369   0.12063816   0.11445924   0.12197667   0.12465369   0.00070086   0.00123854   0.00217284   0.00458256   0.00338041
 3.50  3600.  0.0  2.0   0.15505660   0.18773245   0.33370083   0.41479708   0.73607001   1.30408895   0.98792952   0.15833013   0.81224229   0.33149445  -1.08729888  -0.65550274   0.49915328  -0.71829139  -0.50030566   0.53367460   0.39426245  -0.11829757   0.31133272   0.24122572   0.09579579   0.09214127   0.08786899   0.09422595   0.09474795   0.00122707   0.00089393   0.00052632   0.00181760   0.00379596
 4.00  3600.  0.0  2.0   0.17651141   0.22612837   0.30552347   0.42193275   0.62979784   1.60364033   1.24031712   0.48528662   1.12756153   0.91153317  -1.44447192  -0.90972980   0.25764280  -1.22219933  -1.34457947   0.56113411   0.34902712  -0.18580169   0.47523238   0.56974931   0.07113023   0.06799971   0.06473933   0.06995610   0.07073823   0.00198843   0.00102493   0.00060218   0.00227768   0.00361462
 4.50  3600.  0.0  2.0   0.28632860   0.25402693   0.16501125   0.53064537   0.79621469   1.62240757   1.51014633   1.27138376   1.10765547   0.68058482  -1.64391143  -1.35953208  -0.75030891  -1.39620042  -1.30635248   0.62859014   0.48877019   0.15565167   0.55478526   0.58950035   0.05509606   0.05294511   0.05039842   0.05417474   0.05478856   0.00383712   0.00193421   0.00040295   0.00410413   0.00678172
 5.00  3600.  0.0  2.0   0.46199494   0.36024798   0.20000722   0.66523863   1.08520697   1.33333047   1.46415393   1.59775189   0.93255221   0.03053871  -1.47369755  -1.47385168  -1.37212873  -1.36949796  -0.74845193   0.57670455   0.54202430   0.41832342   0.57034706   0.40863047   0.04032349   0.03916003   0.03700219   0.04009049   0.04009049   0.00557663   0.00351335   0.00068260   0.00705269   0.00970815
 5.50  3600.  0.0  2.0   0.57397146   0.44757259   0.32069249   0.88245082   1.25294329   1.07924913   1.35272673   1.59654038   0.50324187  -0.33662527  -1.25256072  -1.44294542  -1.59896486  -1.02927806  -0.44669918   0.49897068   0.53882876   0.54104637   0.46528435   0.31732113   0.02954648   0.02901088   0.02700331   0.02918988   0.02954648   0.00661739   0.00501481   0.00141095   0.00961889   0.01499713
 6.00  3600.  0.0  2.0   0.59664540   0.51311584   0.37549584   0.97756969   1.38076539   0.93001475   1.20747185   1.66440815   0.35592900  -0.59594705  -1.04215448  -1.29098382  -1.82471033  -0.94389556  -0.23736738   0.41067855   0.47643106   0.65508997   0.44857730   0.25611282   0.02177313   0.02136093   0.02023768   0.02177313   0.02217653   0.00621667   0.00519528   0.00257980   0.01363959   0.02251055
 0.00  3700.  0.0  2.0  -0.58190473  -0.01037958  -0.08187937  -0.05228684   0.05741885   3.26914926   0.37369263   0.45894624   1.03303830   1.29878394  -3.76899133   0.04972155   0.54611000  -0.40246616  -1.05437528   1.87491204   0.45469283  -0.10171990   0.18111354   0.42876959   0.50628166   0.53364874   0.53953003   0.54341073   0.54341073   0.00041119   0.00056260   0.00008211   0.00127703   0.00543521
 0.50  3700.  0.0  2.0  -0.40625960   0.00817752  -0.04543928   0.06536599   0.27046895   2.87309468   0.32324532   0.50432150   0.76443111   0.72920971  -3.59663390   0.14416878   0.42341445  -0.16555160  -0.48623302   1.97354908   0.38160933  -0.05449715   0.09635251   0.22414807   0.40331658   0.42888832   0.42888832   0.43412944   0.43412944   0.00084489   0.00022497   0.00021227   0.00153547   0.00631779
 1.00  3700.  0.0  2.0  -0.24862316   0.07316158   0.02664092   0.07783252   0.29426868   2.35218159   0.42805417   0.53433903   0.71165338   0.54131794  -3.02312740  -0.11431462   0.23258809  -0.12033885  -0.22954270   1.77814778   0.49606161   0.05485784   0.07714798   0.11032211   0.32650916   0.34219171   0.34064671   0.34979657   0.34979657   0.00095524   0.00094402   0.00083662   0.00070950   0.00287597
 1.50  3700.  0.0  2.0  -0.06799220   0.12703082   0.22237324   0.16516629   0.43223883   1.81462454   0.47316438   0.35000347   0.61057285   0.24932135  -2.41136569  -0.26771183   0.17729997  -0.12110182   0.01263064   1.55239302   0.56038370   0.14019637   0.10116953   0.03498730   0.24368129   0.25361024   0.24743073   0.25970212   0.25970212   0.00123409   0.00109087   0.00336548   0.00079284   0.00275568
 2.00  3700.  0.0  2.0  -0.06190406   0.12640162   0.31419442   0.27701646   0.49435935   1.66260270   0.60953761   0.26286357   0.46334093   0.13581933  -2.10860889  -0.49316098   0.12917187  -0.07293845   0.08922550   1.39245242   0.65325550   0.20102831   0.10841340   0.01529700   0.20353477   0.20774010   0.19927949   0.21191547   0.21295547   0.00052170   0.00102588   0.00415765   0.00146671   0.00335496
 2.50  3700.  0.0  2.0  -0.02526652   0.16033941   0.37281767   0.47718186   0.45484884   1.56270144   0.69048543   0.16591744   0.16537193   0.29504522  -1.90248552  -0.65963541   0.16746344   0.09381271  -0.11806354   1.25486535   0.71732250   0.20693023   0.08060372   0.09945556   0.16689073   0.16689073   0.15891558   0.16951379   0.17212991   0.00047088   0.00130500   0.00327066   0.00370300   0.00174770
 3.00  3700.  0.0  2.0   0.08235109   0.27018179   0.38920193   0.50935512   0.65827641   1.29238859   0.48730479   0.02776193   0.10730347  -0.09573761  -1.51484719  -0.45008670   0.34490403   0.13606947   0.21708370   1.03965728   0.61384151   0.13107699   0.06549665  -0.01011915   0.12389379   0.12189676   0.11714128   0.12456379   0.12589231   0.00080663   0.00164374   0.00172251   0.00257379   0.00291429
 3.50  3700.  0.0  2.0   0.21782424   0.30569510   0.33033689   0.49271487   0.65034118   0.96383073   0.48345605   0.14715610   0.36973165   0.21510147  -0.79960388  -0.16086229   0.48300608  -0.14809701  -0.20913801   0.52463495   0.28765103  -0.09214643   0.10028818   0.11524320   0.09500866   0.09290800   0.09022638   0.09500866   0.09605150   0.00116129   0.00110442   0.00057472   0.00171436   0.00212435
 4.00  3700.  0.0  2.0   0.21939241   0.23066469   0.17267366   0.55599731   0.78383537   1.29524373   1.04464490   0.88209290   0.65248543   0.34083157  -1.06940139  -0.68074271  -0.23306999  -0.66750709  -0.66216725   0.45118702   0.30015675   0.02150250   0.27227766   0.31218339   0.07053489   0.06895564   0.06692944   0.06974776   0.07053489   0.00151170   0.00091145   0.00021815   0.00196439   0.00289817
 4.50  3700.  0.0  2.0   0.28396282   0.22368541   0.11569331   0.59231469   0.85128474   1.45584086   1.43175026   1.49024943   0.84794934   0.38578337  -1.38270190  -1.21782959  -1.07867186  -1.07578511  -0.91828104   0.52915188   0.43813691   0.29960905   0.43018859   0.43427917   0.05477042   0.05383961   0.05192472   0.05415211   0.05477042   0.00273175   0.00162279   0.00038940   0.00298684   0.00490485
 5.00  3700.  0.0  2.0   0.42574236   0.35619036   0.22706426   0.64452781   0.93950211   1.29858218   1.37743335   1.60794465   0.91262211   0.27477854  -1.36547501  -1.33693719  -1.47253449  -1.31879454  -0.94399265   0.52754272   0.48357366   0.47282796   0.54578402   0.47136028   0.04038467   0.03944920   0.03774137   0.04038467   0.04084516   0.00434556   0.00276126   0.00084925   0.00593214   0.00946235
 5.50  3700.  0.0  2.0   0.52316814   0.49096540   0.29372276   0.85860121   1.20140687   1.11803277   1.18587646   1.72618340   0.49460860  -0.33948063  -1.25504025  -1.25372493  -1.83500003  -1.00402626  -0.37862255   0.49393096   0.46311910   0.65071070   0.45241398   0.27844324   0.02984215   0.02895744   0.02822824   0.02949054   0.02984215   0.00590194   0.00388680   0.00210585   0.00827254   0.01233852
 6.00  3700.  0.0  2.0   0.59372321   0.53688349   0.45228465   0.97850993   1.33531453   0.91033107   1.15703966   1.54963181   0.30670394  -0.60699040  -1.03228615  -1.28000136  -1.82815242  -0.90247202  -0.17035822   0.40864068   0.47830456   0.68477440   0.43623096   0.21952495   0.02200587   0.02160317   0.02064039   0.02200587   0.02240078   0.00614847   0.00515547   0.00367052   0.01275422   0.01926002
 0.00  3800.  0.0  2.0  -0.67513383  -0.03973121  -0.12308861  -0.06496807   0.04186217   3.53391775   0.35407078   0.88899932   1.11018322   1.23069230  -4.16045837   0.26354831  -0.01849787  -0.48517847  -0.91545638   2.11379700   0.28075508   0.08622281   0.19496629   0.35523226   0.50017598   0.53332910   0.53717482   0.54100057   0.54100057   0.00184458   0.00012612   0.00032933   0.00086562   0.00326399
 0.50  3800.  0.0  2.0  -0.47528681   0.00384883  -0.07510286   0.10236734   0.32115243   3.11040400   0.36597990   0.70649886   0.84757131   0.69693757  -3.87810014   0.22069949   0.20400601  -0.32444018  -0.49713260   2.09534877   0.27925300  -0.01873127   0.15526889   0.23151571   0.39792971   0.42511254   0.43029371   0.43029371   0.43029371   0.00106671   0.00030380   0.00013756   0.00239876   0.00772320
 1.00  3800.  0.0  2.0  -0.26914706   0.05316650   0.02972649   0.14124043   0.38690170   2.36110942   0.35856468   0.71741743   0.69999643   0.39065636  -3.05381861   0.16299172   0.01385881  -0.16688413  -0.11739229   1.82792112   0.30432386   0.09165958   0.09402088   0.07580484   0.32373224   0.34230159   0.34230159   0.34680491   0.34680491   0.00068868   0.00047262   0.00096652   0.00128446   0.00416199
 1.50  3800.  0.0  2.0  -0.08879528   0.07562208   0.12182151   0.41430991   0.44494690   1.82540101   0.39497140   0.56134041   0.20749592   0.17504779  -2.46402392   0.05697663   0.09658736   0.18978255   0.12044206   1.61981473   0.35135232   0.08165388   0.00008851  -0.01543524   0.24151370   0.25502732   0.25260001   0.25623732   0.25864464   0.00096285   0.00034292   0.00119040   0.00430895   0.00320250
 2.00  3800.  0.0  2.0   0.06566133   0.20306773   0.18799837   0.30291698   0.64152104   1.35738789   0.24764465   0.37165664   0.37080494  -0.22475387  -1.89223456   0.07134831   0.26150316   0.07061402   0.46144816   1.37994476   0.38001140   0.03847778   0.03172445  -0.12396071   0.19919078   0.20762140   0.20657640   0.21177678   0.21177678   0.00154349   0.00111394   0.00104802   0.00152760   0.00484182
 2.50  3800.  0.0  2.0   0.07924954   0.20674073   0.35133860   0.43155662   0.83145205   1.28903203   0.36235527   0.14899913   0.15065086  -0.62059394  -1.70384778  -0.14054563   0.33711811   0.21415800   0.80489467   1.24552351   0.47562590   0.05839875   0.00030699  -0.23498184   0.16354043   0.16792958   0.16354043   0.17054264   0.17054264   0.00100104   0.00108438   0.00256766   0.00227189   0.00656534
 3.00  3800.  0.0  2.0   0.11748949   0.24630009   0.43664951   0.37488989   0.68024572   1.20988673   0.39366514  -0.02695334   0.33529194  -0.24473162  -1.52304192  -0.24849810   0.46770973  -0.01886362   0.40894162   1.10489406   0.52003961   0.02881905   0.09640623  -0.08880235   0.12212576   0.12346427   0.11874027   0.12612132   0.12612132   0.00080500   0.00127544   0.00217132   0.00118672   0.00177327
 3.50  3800.  0.0  2.0   0.15198741   0.31874958   0.35833453   0.45591785   0.82319580   1.03316576   0.29048431   0.12896055   0.30847187  -0.38730071  -0.98654952   0.03687824   0.47196527  -0.01205988   0.49137570   0.69907802   0.27110739  -0.07614166   0.05268202  -0.14163305   0.09520386   0.09362720   0.09095207   0.09572786   0.09572786   0.00100090   0.00111329   0.00073116   0.00129906   0.00277583
 4.00  3800.  0.0  2.0   0.25527971   0.26533034   0.20214368   0.39004095   0.53917927   0.99795958   0.74660226   0.84621917   0.87816568   0.70865477  -0.74274080  -0.33151444  -0.27041527  -0.79830726  -0.89835074   0.38856548   0.21728559   0.07447474   0.31740744   0.38348860   0.06996608   0.06916696   0.06754276   0.07075720   0.07154233   0.00127325   0.00074603   0.00026888   0.00126752   0.00196111
 4.50  3800.  0.0  2.0   0.28473284   0.25684537   0.15637480   0.48509463   0.86639992   1.27292347   1.20250913   1.47261419   1.01623950   0.19260400  -1.11122233  -0.92191491  -1.16456608  -1.20192857  -0.62348056   0.43660193   0.33931039   0.36603375   0.47665185   0.31299453   0.05443345   0.05380215   0.05251257   0.05474745   0.05474745   0.00201289   0.00120446   0.00052646   0.00281719   0.00363457
 5.00  3800.  0.0  2.0   0.39182700   0.31486631   0.22956424   0.67307123   0.90837145   1.23242828   1.36979179   1.67477052   0.75721846   0.20323830  -1.21660770  -1.27728596  -1.65237851  -1.12077336  -0.77996936   0.46563565   0.45636079   0.56970976   0.46802338   0.39353962   0.04025956   0.04002056   0.03880418   0.04025956   0.04096252   0.00339273   0.00234707   0.00127660   0.00457812   0.00705579
 5.50  3800.  0.0  2.0   0.52058928   0.44513622   0.36687220   0.76983928   1.14428575   1.02079853   1.25218620   1.59235769   0.65642790  -0.31798147  -1.09840450  -1.30851808  -1.78641988  -1.15650588  -0.33130940   0.42752411   0.48018544   0.65569259   0.50727891   0.24600694   0.02979601   0.02943940   0.02870871   0.03014712   0.03014712   0.00460387   0.00358260   0.00271154   0.00825483   0.00992116
 6.00  3800.  0.0  2.0   0.62527363   0.55753412   0.53382612   0.97724693   1.28305851   0.77297812   1.09384389   1.37059279   0.24496460  -0.59258378  -0.87294558  -1.23435726  -1.72644357  -0.82508653  -0.12444405   0.34648150   0.46380262   0.66917773   0.40510316   0.18884541   0.02188900   0.02161930   0.02120610   0.02215470   0.02241641   0.00516436   0.00467881   0.00473381   0.01146033   0.01570367
 0.00  3900.  0.0  2.0  -0.69672934  -0.08300747  -0.12242606  -0.06730401   0.10092620   3.53148388   0.57283925   0.93349757   1.26016147   1.78713927  -4.26312531   0.05597284  -0.09791431  -0.71533194  -1.92050991   2.25360725   0.31448099   0.09904263   0.28193370   0.82014357   0.49485190   0.52765541   0.53528692   0.53528692   0.53148116   0.00215018   0.00010659   0.00011969   0.00111969   0.01495033
 0.50  3900.  0.0  2.0  -0.46723509  -0.04932018  -0.03563613   0.13273544   0.32183736   2.81088957   0.47874545   0.89885347   0.95322010   0.77954757  -3.46656229   0.20598770  -0.14782338  -0.53113785  -0.63080153   1.96210323   0.22051980   0.11970613   0.24012480   0.28616232   0.39855901   0.42502768   0.42672768   0.42672768   0.42672768   0.00047472   0.00006253   0.00056352   0.00335486   0.00791697
 1.00  3900.  0.0  2.0  -0.30141560   0.02073239   0.06207222   0.12638477   0.31292096   2.40784304   0.45443424   0.77526705   0.77232245   0.51671727  -3.11870870   0.15669329  -0.10024364  -0.24354204  -0.20183707   1.88934187   0.24667596   0.11482129   0.10812218   0.08931081   0.32073558   0.34057186   0.34206186   0.34501857   0.34501857   0.00046417   0.00028340   0.00116063   0.00122962   0.00318832
 1.50  3900.  0.0  2.0  -0.10727147   0.07466877   0.13835634   0.26433185   0.52287176   1.81922945   0.39469912   0.61826826   0.49752675   0.03574001  -2.47759173   0.16175698   0.01797257  -0.02949425   0.24096160   1.66808781   0.25359306   0.08111664   0.04632698  -0.05954877   0.23962580   0.25420958   0.25420958   0.25658693   0.25658693   0.00076761   0.00033340   0.00108772   0.00161501   0.00413148
 2.00  3900.  0.0  2.0  -0.00441071   0.16077868   0.19435814   0.26230205   0.52107342   1.44094851   0.27341410   0.47809093   0.47335974  -0.01803209  -1.96703893   0.20179637   0.13630982  -0.00828661   0.31840427   1.43619504   0.26101050   0.05022556   0.04121884  -0.09345873   0.19860526   0.20800098   0.20800098   0.21108141   0.21108141   0.00078658   0.00065968   0.00110572   0.00070970   0.00172167
 2.50  3900.  0.0  2.0   0.05448934   0.25161759   0.31426536   0.20291234   0.41425211   1.29016349   0.16643711   0.30667218   0.63104549   0.22412009  -1.71141150   0.21538256   0.21075375  -0.19812342   0.06291371   1.28107805   0.28118558   0.05603177   0.11946424   0.00203763   0.16232179   0.16757594   0.16583788   0.17190018   0.17190018   0.00078834   0.00124308   0.00214646   0.00046864   0.00069876
 3.00  3900.  0.0  2.0   0.16383544   0.25105333   0.37127494   0.59320233   0.63074818   0.95711721   0.16830336   0.05932123  -0.23273274  -0.23926655  -1.24327798   0.18788244   0.49085969   0.60763103   0.48793713   1.03188964   0.29453233  -0.04516711  -0.15466676  -0.14234248   0.12086790   0.12424340   0.12222639   0.12491340   0.12625191   0.00076953   0.00074602   0.00124425   0.00215665   0.00161359
 3.50  3900.  0.0  2.0   0.27046878   0.31881413   0.40046291   0.33357583   0.54331205   0.61631311  -0.00446735  -0.10288880   0.33799822  -0.02930171  -0.67223822   0.45921685   0.75672212   0.10131978   0.31229844   0.69209680   0.12658002  -0.18703384  -0.00589450  -0.10327180   0.09335151   0.09495463   0.09335151   0.09707029   0.09707029   0.00095310   0.00077713   0.00082443   0.00059391   0.00058691
 4.00  3900.  0.0  2.0   0.25321678   0.27186253   0.21309502   0.39025146   0.68522389   0.83550164   0.51761973   0.80652764   0.69107274   0.09736644  -0.62202122  -0.06071914  -0.30544426  -0.52234754  -0.12307176   0.42505506   0.16291760   0.13054364   0.21941118   0.08300993   0.06973383   0.06973383   0.06892223   0.07094044   0.07094044   0.00108431   0.00061513   0.00036766   0.00103734   0.00139894
 4.50  3900.  0.0  2.0   0.30607657   0.25530309   0.24220360   0.46068617   0.65588513   1.00619314   1.01674463   1.24385235   0.92612831   0.52148046  -0.76499927  -0.66404068  -0.99370210  -1.02886347  -0.83861077   0.33235471   0.26430258   0.34173337   0.41044059   0.37610064   0.05394135   0.05394135   0.05296507   0.05489993   0.05521793   0.00151111   0.00090660   0.00067337   0.00211857   0.00304024
 5.00  3900.  0.0  2.0   0.40570802   0.32681370   0.27782912   0.58704118   0.90958066   1.05449646   1.25413255   1.58922663   0.90792344   0.08737297  -0.95284194  -1.11552786  -1.63899596  -1.24611087  -0.58012057   0.36701190   0.39996457   0.59419194   0.51529114   0.30660122   0.03992417   0.03992417   0.03943421   0.04064813   0.04064813   0.00249851   0.00185002   0.00186663   0.00471965   0.00533994
 5.50  3900.  0.0  2.0   0.49848110   0.46357517   0.46186655   0.77527186   0.99140078   0.96229384   1.14365319   1.35595295   0.56569980  -0.04277132  -0.97955930  -1.17349581  -1.60270022  -1.02953083  -0.55236793   0.37792158   0.42854737   0.60857366   0.45535831   0.31542038   0.02982647   0.02946087   0.02908928   0.03018657   0.03036557   0.00392197   0.00290105   0.00331134   0.00690183   0.00894958
 6.00  3900.  0.0  2.0   0.61805964   0.53615008   0.62529000   0.97132166   1.21522679   0.71760456   1.12809472   1.12188943   0.18446200  -0.53323866  -0.78624843  -1.28717889  -1.51580134  -0.73415268  -0.11995039   0.31047946   0.48834092   0.60660902   0.36557202   0.17187260   0.02194893   0.02194893   0.02153474   0.02235234   0.02248534   0.00464993   0.00472164   0.00546630   0.00992209   0.01235578
 0.00  4000.  0.0  2.0  -0.67101938  -0.14380124  -0.11498276  -0.06150438   0.04600367   3.39273098   0.90766421   1.09072469   1.39082388   1.58935557  -4.23510238  -0.34232822  -0.34803477  -0.93559996  -1.50456767   2.36475017   0.44489125   0.19162893   0.37159261   0.60900838   0.49077643   0.52320037   0.53082189   0.53082189   0.52891689   0.00209936   0.00015257   0.00037473   0.00168669   0.00665371
 0.50  4000.  0.0  2.0  -0.43800331  -0.05246553   0.01387204   0.16371116   0.31418434   2.61506441   0.70490540   0.98072301   1.02081220   0.86690203  -3.28426598  -0.10121480  -0.34752718  -0.68768997  -0.76189297   1.96126645   0.32278087   0.20138009   0.30679604   0.33765930   0.39559528   0.41832702   0.42172324   0.42172324   0.42172324   0.00031909   0.00024923   0.00136048   0.00439058   0.00802153
 1.00  4000.  0.0  2.0  -0.32002917  -0.00203091   0.02491985   0.16612264   0.67582481   2.42606514   0.57025279   0.85021085   0.78950437   0.08926624  -3.14427973   0.06021574  -0.15863189  -0.32720147  -0.06765204   1.92329151   0.24651196   0.11132652   0.14243428   0.11167957   0.31745922   0.33854577   0.34149249   0.34149249   0.33854577   0.00031357   0.00022587   0.00052441   0.00165875   0.01554622
 1.50  4000.  0.0  2.0  -0.15187035   0.04097873   0.03532242   0.17838516   0.32960164   1.95460504   0.51356375   0.82863908   0.69434127   0.41844559  -2.64299012   0.09013882  -0.15583085  -0.20774781  -0.08069638   1.74755017   0.23419896   0.11183987   0.09227561   0.03315757   0.23709861   0.25270493   0.25506232   0.25506232   0.25506232   0.00050667   0.00018738   0.00021976   0.00049409   0.00084698
 2.00  4000.  0.0  2.0   0.02005346   0.04465491   0.12024352   0.34586743   0.56638046   1.41515246   0.50943692   0.67286069   0.33921706  -0.09143134  -1.99651155   0.07223756  -0.04775676   0.10083122   0.37148769   1.48740741   0.24910568   0.08850434  -0.00413354  -0.11100444   0.19574461   0.20914857   0.20914857   0.20914857   0.20914857   0.00110808   0.00015577   0.00038053   0.00103123   0.00199905
 2.50  4000.  0.0  2.0   0.04140883   0.14677958   0.18524232   0.41028193   0.67888407   1.26271502   0.34013419   0.56950706   0.19990696  -0.36668991  -1.68285077   0.18059705   0.00662171   0.21105255   0.63651135   1.29789831   0.22673195   0.08636594  -0.03334519  -0.20351458   0.16101324   0.16884358   0.16884358   0.16970358   0.16970358   0.00065248   0.00048182   0.00066793   0.00153935   0.00322578
 3.00  4000.  0.0  2.0   0.08644618   0.20639890   0.33252968   0.46087646   0.74657448   1.09414897   0.24011166   0.23969221   0.08811420  -0.52666165  -1.38910561   0.22869504   0.29748837   0.29819098   0.78608816   1.11502323   0.22281882  -0.00156265  -0.05597374  -0.25504127   0.12066238   0.12468791   0.12335439   0.12535291   0.12535291   0.00047332   0.00065722   0.00094081   0.00115927   0.00225748
 3.50  4000.  0.0  2.0   0.23151018   0.33121234   0.34463234   0.43623908   0.67734095   0.76967739  -0.01251347   0.20176587   0.16278087  -0.34365978  -0.96159410   0.45759066   0.33126035   0.20331051   0.58300148   0.87718402   0.13705242  -0.00862351  -0.01550203  -0.17742583   0.09268625   0.09481688   0.09428488   0.09639753   0.09639753   0.00099208   0.00121221   0.00107359   0.00092159   0.00080325
 4.00  4000.  0.0  2.0   0.28725112   0.28649046   0.32119133   0.39100137   0.49917975   0.63168482   0.30184433   0.47899650   0.52486651   0.35809130  -0.50038877   0.20607603   0.01794532  -0.26174746  -0.26914125   0.48191480   0.10252737   0.04045240   0.12380494   0.12614704   0.06893067   0.06974477   0.06893067   0.07095497   0.07135697   0.00098897   0.00058664   0.00053595   0.00078589   0.00099922
 4.50  4000.  0.0  2.0   0.30943349   0.29832959   0.34141191   0.55851449   0.62645944   0.85116672   0.75853674   0.94078953   0.54748962   0.41621766  -0.60492844  -0.36601375  -0.70984328  -0.56276410  -0.60977930   0.32764232   0.19312274   0.27572065   0.24211326   0.27958007   0.05365267   0.05365267   0.05299939   0.05429895   0.05525753   0.00141423   0.00077631   0.00089286   0.00166071   0.00238721
 5.00  4000.  0.0  2.0   0.42938638   0.30589363   0.37497239   0.57970010   0.84726776   0.83472283   1.17741091   1.27567037   0.79629616   0.08274454  -0.66078546  -0.99068955  -1.32898558  -1.05560883  -0.46094784   0.27040946   0.36755984   0.50339400   0.43901561   0.24379595   0.03953137   0.04002682   0.03953137   0.04075824   0.04075824   0.00202367   0.00164863   0.00212258   0.00382217   0.00401241
 5.50  4000.  0.0  2.0   0.49999888   0.43476778   0.53367076   0.79244295   0.92863865   0.84915516   1.14934357   1.13560869   0.44074762   0.00634151  -0.80264745  -1.15389646  -1.39394711  -0.85133881  -0.52431928   0.31032389   0.42485508   0.54608462   0.38256341   0.28938413   0.02957245   0.02957245   0.02938445   0.02994304   0.03048973   0.00329220   0.00271681   0.00376706   0.00564052   0.00695176
 6.00  4000.  0.0  2.0   0.63277699   0.56310016   0.64602570   0.87796068   1.11618226   0.57780122   0.97440653   0.98600419   0.31845601  -0.42164345  -0.60394718  -1.10321329  -1.38009440  -0.83159672  -0.14594532   0.24022440   0.41845308   0.56438902   0.39442350   0.16049765   0.02211260   0.02211260   0.02211260   0.02266049   0.02266049   0.00424295   0.00393913   0.00619696   0.00889593   0.00881928
 0.00  4100.  0.0  2.0  -0.53466844  -0.15016777  -0.11094575  -0.05672081   0.08854352   2.78128718   0.98317779   1.18040944   1.44786200   1.96122482  -3.55814404  -0.44580173  -0.49611726  -1.04466542  -2.20232226   2.17016650   0.47266148   0.24514753   0.41583129   0.93919861   0.49189784   0.51951232   0.52530802   0.52530802   0.52144232   0.00106594   0.00015220   0.00058381   0.00199965   0.01609144
 0.50  4100.  0.0  2.0  -0.43357455  -0.08162262  -0.02166637   0.06362296   0.14353577   2.55530601   0.81621910   1.01072625   1.10244444   1.03206243  -3.25762972  -0.21687898  -0.34212357  -0.67118245  -0.77095371   2.00882471   0.34515907   0.17745735   0.26674230   0.29428603   0.39257867   0.41669694   0.42009317   0.42009317   0.42009317   0.00035296   0.00013189   0.00053646   0.00132451   0.00195584
 1.00  4100.  0.0  2.0  -0.32841756   0.00611979   0.07301893   0.19602953   0.67277377   2.40253340   0.66448953   0.84006665   0.79015948   0.13235330  -3.12313013  -0.06901190  -0.20871318  -0.37655741  -0.13378865   1.94728416   0.27846003   0.12895510   0.16290984   0.13469456   0.31385323   0.33471003   0.33764677   0.33764677   0.33471003   0.00026911   0.00036672   0.00087391   0.00198914   0.01522761
 1.50  4100.  0.0  2.0  -0.19599700   0.06089777   0.10015187   0.21692641   0.32642583   2.00634878   0.54792182   0.74996766   0.65909450   0.46307417  -2.66302448   0.04789777  -0.11715357  -0.20964752  -0.15044628   1.75864127   0.22621230   0.09207703   0.09237450   0.05870441   0.23613334   0.25033259   0.25267498   0.25267498   0.25267498   0.00020059   0.00028991   0.00035583   0.00059782   0.00082672
 2.00  4100.  0.0  2.0  -0.01018147   0.13320666   0.06755205   0.16224095   0.89311970   1.50381278   0.40134924   0.79771394   0.73522240  -0.75863674  -2.11624126   0.16679408  -0.16363540  -0.26567476   0.97095071   1.55553661   0.19222200   0.11015040   0.10924319  -0.31550014   0.19392663   0.20619299   0.20921850   0.20921850   0.20619299   0.00093418   0.00048857   0.00021351   0.00028773   0.00862803
 2.50  4100.  0.0  2.0   0.03516081   0.24878810   0.27172406   0.50145866   0.72918643   1.24929327   0.17571585   0.40706431   0.02156631  -0.47555848  -1.67066033   0.35418675   0.15227968   0.37329018   0.74520043   1.31352149   0.13490505   0.01925394  -0.09843226  -0.24819921   0.15958483   0.16650713   0.16821523   0.16821523   0.16821523   0.00062471   0.00098014   0.00099083   0.00205682   0.00359153
 3.00  4100.  0.0  2.0   0.05828214   0.25005739   0.35724894   0.58709615   0.86423968   1.18369494   0.22323896   0.29353291  -0.12760774  -0.75888749  -1.49818272   0.25970755   0.18968257   0.46850180   0.98254632   1.17765382   0.18067921   0.03035938  -0.11576430  -0.31948622   0.11960856   0.12360412   0.12360412   0.12426412   0.12426412   0.00050296   0.00093902   0.00132291   0.00185544   0.00304280
 3.50  4100.  0.0  2.0   0.20391774   0.36733647   0.44143754   0.51371411   0.50707840   0.82310625  -0.06972463   0.06373044   0.01492127   0.06668912  -1.03511974   0.56223063   0.43083927   0.34220919   0.16744286   0.93123470   0.06427259  -0.05564448  -0.07358766  -0.02967830   0.09201499   0.09414562   0.09414562   0.09572878   0.09677761   0.00091268   0.00117041   0.00139145   0.00092031   0.00083650
 4.00  4100.  0.0  2.0   0.26630454   0.32769119   0.34130499   0.48140721   0.55887726   0.58698144   0.02214283   0.28535082   0.10754885  -0.00994793  -0.55854092   0.57266876   0.28072141   0.29017444   0.25822673   0.60630934  -0.01963889  -0.05370591  -0.09256153  -0.08893329   0.06891773   0.06973333   0.06973333   0.07054393   0.07094843   0.00106488   0.00057022   0.00053583   0.00061460   0.00075476
 4.50  4100.  0.0  2.0   0.34837769   0.23360449   0.33155550   0.37141077   0.57201789   0.55790322   0.69653770   0.78965582   0.83106611   0.37005240  -0.30252274  -0.21957980  -0.47557965  -0.73035455  -0.41286899   0.29174845   0.17272343   0.20397864   0.29551872   0.18612273   0.05296457   0.05394234   0.05329207   0.05490642   0.05490642   0.00101498   0.00060009   0.00076534   0.00139270   0.00159413
 5.00  4100.  0.0  2.0   0.41251202   0.32344079   0.38957737   0.58522659   0.65930057   0.70842971   0.96583694   1.09392395   0.63846779   0.41989006  -0.47845261  -0.70710493  -1.08834626  -0.79551258  -0.71039674   0.22978100   0.28387684   0.42847863   0.33551581   0.32461717   0.03955307   0.03980307   0.03980307   0.04029852   0.04078898   0.00180364   0.00124370   0.00211540   0.00278025   0.00349398
 5.50  4100.  0.0  2.0   0.54856278   0.44834344   0.56500822   0.69495578   0.89272253   0.61863788   1.02430774   0.97374080   0.60739983  -0.00123280  -0.50486977  -0.98367706  -1.20193031  -0.97437082  -0.43678555   0.20345472   0.36936594   0.48355614   0.42439984   0.24329494   0.02926209   0.02963917   0.02963917   0.03019876   0.03019876   0.00263690   0.00245021   0.00403636   0.00562400   0.00542651
 6.00  4100.  0.0  2.0   0.63792527   0.58036830   0.66215675   0.86170005   1.05493087   0.48575254   0.86225973   0.87274117   0.28458919  -0.35171986  -0.46487868  -0.95494406  -1.24363061  -0.74870752  -0.15357796   0.18655727   0.36281032   0.51618225   0.35465980   0.14913148   0.02207414   0.02207414   0.02235532   0.02249532   0.02249532   0.00384548   0.00335445   0.00616771   0.00714367   0.00686565
 0.00  4200.  0.0  2.0  -0.51346465  -0.12701927  -0.11161497  -0.05188549   0.03682239   2.67239293   0.82132311   1.24856471   1.48098715   1.68106604  -3.46588694  -0.21655210  -0.59794027  -1.11286527  -1.66586160   2.18555710   0.36113695   0.27606304   0.44181469   0.67750977   0.48749778   0.51911271   0.52109271   0.52109271   0.51911271   0.00097982   0.00006420   0.00078594   0.00237626   0.00706996
 0.50  4200.  0.0  2.0  -0.42727386  -0.05264323   0.05277708   0.19185993   0.29702169   2.51127458   0.94033873   1.11549560   1.11065012   1.00418736  -3.21812931  -0.43906344  -0.62206454  -0.89311544  -0.97991729   2.02718897   0.43407325   0.30679019   0.39359337   0.42796776   0.38592307   0.41026599   0.41373213   0.41373213   0.41373213   0.00044260   0.00080606   0.00253948   0.00579827   0.00827044
 1.00  4200.  0.0  2.0  -0.31630558   0.01714157  -0.00017065   0.49862547   0.65851398   2.30776538   0.73175696   0.97905019   0.45854784   0.20529308  -3.00970016  -0.17217241  -0.32167265  -0.31175093  -0.23817090   1.92735613   0.30635653   0.14954427   0.20132389   0.17504946   0.31110629   0.33186320   0.33630660   0.33186320   0.33186320   0.00023586   0.00055768   0.00023450   0.01071055   0.01494478
 1.50  4200.  0.0  2.0  -0.17773589   0.07625098   0.13580320   0.23892353   0.31921235   1.91507270   0.59044791   0.74033183   0.66161927   0.53329499  -2.56707287  -0.01471652  -0.15100944  -0.24948977  -0.25413075   1.74695418   0.23461991   0.10121633   0.10746889   0.09787139   0.23352127   0.24765057   0.25000294   0.25000294   0.25000294   0.00022710   0.00040145   0.00046198   0.00067707   0.00082177
 2.00  4200.  0.0  2.0  -0.02796769   0.09917306   0.22480375   0.34081796   0.61620599   1.45335013   0.49868018   0.52348311   0.40644512  -0.16367413  -2.00511260   0.10267042   0.05300759  -0.00087254   0.42294264   1.51340921   0.18436939   0.03314333   0.02219318  -0.13734969   0.19308643   0.20521796   0.20622296   0.20622296   0.20521796   0.00069695   0.00029597   0.00083087   0.00129494   0.00217604
 2.50  4200.  0.0  2.0   0.05999940   0.17218341   0.38594160   0.56777017   0.73581933   1.14117915   0.33440635   0.15956723  -0.11987562  -0.48382409  -1.53885747   0.25731125   0.39163806   0.50554359   0.75273804   1.27183637   0.13045171  -0.07966300  -0.15287591  -0.25644769   0.15812646   0.16670691   0.16670691   0.16670691   0.16670691   0.00073716   0.00051366   0.00146396   0.00243695   0.00356471
 3.00  4200.  0.0  2.0   0.06344421   0.20808256   0.34995733   0.53086772   0.70543656   1.12805087   0.32424466   0.29438950   0.00444158  -0.39427887  -1.42237882   0.20946510   0.20818174   0.34137610   0.63230103   1.15932971   0.16135039   0.00254932  -0.08113856  -0.20319552   0.11860967   0.12390879   0.12390879   0.12390879   0.12390879   0.00055141   0.00081306   0.00098902   0.00099378   0.00100555
 3.50  4200.  0.0  2.0   0.16203284   0.27617009   0.38259509   0.40258712   0.53640794   0.87378059   0.15012599   0.20630076   0.29161679  -0.00536738  -1.06569451   0.39497250   0.29815886   0.06026398   0.24443936   0.95262002   0.08651665  -0.02780937   0.01989504  -0.06293429   0.09183710   0.09501957   0.09501957   0.09607040   0.09607040   0.00085009   0.00103358   0.00105351   0.00097529   0.00077339
 4.00  4200.  0.0  2.0   0.26569891   0.38026294   0.46470216   0.47322354   0.61396999   0.59601193  -0.14953854  -0.05626050   0.07470806  -0.22231720  -0.66862577   0.76013228   0.62571901   0.32535938   0.49465593   0.72030159  -0.07768863  -0.16762452  -0.09158117  -0.16495488   0.06841379   0.06963489   0.06963489   0.07084609   0.07084609   0.00135595   0.00122026   0.00121041   0.00116710   0.00094359
 4.50  4200.  0.0  2.0   0.41304871   0.28227700   0.34239425   0.43074953   0.59393686   0.30889052   0.39697800   0.57345221   0.48440008   0.10261273  -0.14348918   0.13423649  -0.17915956  -0.25821257   0.00021233   0.32907741   0.07588361   0.10596758   0.11475724   0.01835334   0.05229418   0.05392600   0.05392600   0.05457328   0.05457328   0.00110781   0.00062480   0.00083189   0.00106708   0.00130073
 5.00  4200.  0.0  2.0   0.44029244   0.32873313   0.35814608   0.56559987   0.62313863   0.50650890   0.77427430   0.99963177   0.53309042   0.36360006  -0.26439013  -0.44621040  -0.90847614  -0.58178061  -0.53769008   0.20072799   0.21699200   0.37230808   0.25035321   0.24743991   0.03903293   0.03978132   0.04027627   0.04027627   0.04052327   0.00162583   0.00108074   0.00211675   0.00223175   0.00262492
 5.50  4200.  0.0  2.0   0.59535619   0.39862204   0.53295758   0.62318116   0.77070828   0.31206049   0.92516018   0.81353627   0.57910903   0.10755108  -0.12722684  -0.78110005  -0.91167137  -0.80973466  -0.40418193   0.07627886   0.29790653   0.36554473   0.34203763   0.20391425   0.02901407   0.02978222   0.02978222   0.03016180   0.03016180   0.00215489   0.00180770   0.00280228   0.00344225   0.00353416
 6.00  4200.  0.0  2.0   0.66420958   0.55380802   0.72238136   0.83717441   0.99297697   0.34827095   0.84216939   0.60649912   0.25107879  -0.29465572  -0.28921294  -0.89512922  -0.90625951  -0.64927496  -0.13520979   0.12543079   0.34387507   0.38547649   0.30707532   0.12692888   0.02187601   0.02216269   0.02216269   0.02258707   0.02258707   0.00368477   0.00331581   0.00504578   0.00575653   0.00554397
 0.00  4300.  0.0  2.0  -0.54261285  -0.11860898  -0.11859297  -0.08553033   0.08119154   2.69809124   0.92878425   1.10465549   1.30023026   2.02266574  -3.48646064  -0.38882600  -0.35591487  -0.77458274  -2.31694580   2.21599801   0.42866621   0.15339758   0.27475723   0.98791099   0.48030808   0.51320149   0.51940228   0.51940228   0.51320149   0.00161900   0.00044523   0.00022180   0.00060748   0.01731839
 0.50  4300.  0.0  2.0  -0.38404274  -0.06665763   0.06207380   0.19785335   0.29439189   2.30489483   0.83683581   1.14888960   1.12637302   1.02603013  -2.96609626  -0.24367574  -0.69224460  -0.93681416  -1.02667026   1.94586756   0.32847829   0.33065186   0.41013455   0.44805390   0.38380844   0.41028597   0.41028597   0.41028597   0.41028597   0.00017298   0.00027183   0.00300670   0.00634485   0.00855670
 1.00  4300.  0.0  2.0  -0.29566103  -0.01402258   0.10934465   0.31474230   0.40911418   2.02695303   0.78448538   0.89345128   0.71281385   0.57277424  -2.58707192  -0.19776738  -0.35052606  -0.44482164  -0.46014192   1.75227806   0.29408369   0.17829300   0.20966712   0.21254833   0.31183381   0.32986373   0.33138373   0.32986373   0.32986373   0.00007793   0.00031184   0.00137313   0.00403588   0.00491551
 1.50  4300.  0.0  2.0  -0.12916590   0.05461730   0.29731737   0.44157316   0.53956817   1.76879789   0.66297002   0.49724966   0.31778695   0.15230587  -2.38353281  -0.08186696  -0.00231131  -0.00783000   0.01818639   1.67552244   0.24065224   0.06154505   0.04138545   0.02529989   0.23032614   0.24685776   0.24685776   0.24685776   0.24685776   0.00048698   0.00037393   0.00211407   0.00336718   0.00427330
 2.00  4300.  0.0  2.0  -0.03753936   0.19397952   0.25197044   0.35486807   0.88993255   1.32902844   0.36278952   0.50495838   0.40166783  -0.68121098  -1.77457028   0.20723674   0.04612103  -0.01637179   0.84589941   1.40904816   0.13728864   0.02977565   0.02488600  -0.26998322   0.19315637   0.20226736   0.20430509   0.20430509   0.20226736   0.00042908   0.00085828   0.00095858   0.00136732   0.00851690
 2.50  4300.  0.0  2.0   0.06218126   0.21055493   0.46984649   0.63728008   0.77076556   1.10394000   0.30331066   0.00498059  -0.25110961  -0.53377558  -1.47109107   0.28039845   0.52315773   0.61193940   0.77857309   1.24675250   0.10497138  -0.13380395  -0.19277132  -0.26505155   0.15666808   0.16523854   0.16523854   0.16523854   0.16523854   0.00085840   0.00068624   0.00205319   0.00300780   0.00384927
 3.00  4300.  0.0  2.0   0.08407420   0.23704864   0.34298363   0.45166419   0.71040251   1.02306886   0.27433371   0.30431182   0.19382464  -0.39672321  -1.28006560   0.28488959   0.20936734   0.14852149   0.63206144   1.10652272   0.10698542  -0.01428693  -0.01894137  -0.20816364   0.11761078   0.12290990   0.12356490   0.12356490   0.12290990   0.00065630   0.00075403   0.00093703   0.00107297   0.00096916
 3.50  4300.  0.0  2.0   0.21296044   0.31597801   0.33975466   0.44969123   0.55246460   0.71141188   0.06925576   0.29403660   0.17816157  -0.04599150  -0.87785706   0.50890477   0.22925733   0.17651049   0.28895261   0.88839023   0.01528909  -0.02248339  -0.03121080  -0.08493090   0.09058958   0.09430886   0.09536119   0.09536119   0.09536119   0.00104098   0.00097651   0.00093962   0.00087411   0.00073142
 4.00  4300.  0.0  2.0   0.25961601   0.42149892   0.39898315   0.51939156   0.63746372   0.60944293  -0.20520935   0.13634184  -0.00076204  -0.26156611  -0.71070053   0.80170330   0.39226668   0.36118470   0.50835926   0.76071403  -0.10022362  -0.08027164  -0.09799268  -0.16405287   0.06793632   0.06916042   0.07037711   0.07037711   0.07037711   0.00139113   0.00121100   0.00127964   0.00106780   0.00092512
 4.50  4300.  0.0  2.0   0.42513029   0.35119022   0.37847735   0.53082503   0.68193660   0.18790641   0.05305703   0.30054637   0.06365924  -0.28765386  -0.08829008   0.57882959   0.21770218   0.29648656   0.53010083   0.39356548  -0.08139453  -0.05082518  -0.10483417  -0.19553207   0.05194357   0.05357439   0.05389939   0.05389939   0.05389939   0.00129769   0.00067109   0.00082401   0.00083505   0.00112855
 5.00  4300.  0.0  2.0   0.40996786   0.27477994   0.37167196   0.42937479   0.55909763   0.42682468   0.70110791   0.77245016   0.72902219   0.38179839  -0.18885422  -0.27614543  -0.54673105  -0.67236757  -0.42961858   0.24417194   0.17908016   0.23650882   0.27601281   0.19043257   0.03900968   0.04000158   0.04000158   0.04049353   0.04049353   0.00153909   0.00097735   0.00146525   0.00185333   0.00193920
 5.50  4300.  0.0  2.0   0.53614450   0.40394563   0.56024393   0.64172118   0.78232370   0.40855649   0.84380744   0.70313691   0.52190535   0.07283149  -0.19582549  -0.65673986  -0.75544664  -0.71800960  -0.33328981   0.13098484   0.27741790   0.32058625   0.31535824   0.18043736   0.02894694   0.02951651   0.02951651   0.02989310   0.02989310   0.00222908   0.00192114   0.00298229   0.00357118   0.00352301
 6.00  4300.  0.0  2.0   0.68195207   0.56730249   0.67084900   0.81919764   0.94542023   0.22912897   0.68175364   0.61026866   0.18741063  -0.27820731  -0.13633753  -0.65979389  -0.83461355  -0.50400124  -0.06802439   0.07878261   0.25839651   0.35355792   0.24206750   0.08735052   0.02181408   0.02210276   0.02238944   0.02238944   0.02238944   0.00370960   0.00284543   0.00467924   0.00461119   0.00460828
 0.00  4400.  0.0  2.0  -0.54132001  -0.09848155  -0.10241502  -0.04186687   0.06600807   2.68824409   0.87458188   1.27107999   1.45490386   2.04953222  -3.46707769  -0.32036231  -0.63831894  -1.09225470  -2.35117601   2.21421055   0.39059759   0.27106275   0.42234156   1.00026745   0.47494404   0.50922591   0.51357108   0.51357108   0.50922591   0.00153997   0.00058700   0.00111017   0.00286419   0.01767401
 0.50  4400.  0.0  2.0  -0.37076802  -0.04965020   0.06865863   0.20113942   0.29018373   2.15460403   0.80598743   1.16476795   1.12519044   1.03502714  -2.73162991  -0.21106029  -0.72967236  -0.94623322  -1.05245765   1.84542842   0.30599794   0.33961681   0.41008027   0.45982853   0.38151797   0.40707953   0.40707953   0.40707953   0.40707953   0.00032086   0.00038786   0.00344119   0.00682745   0.00889900
 1.00  4400.  0.0  2.0  -0.25653033   0.05434843   0.12157452   0.51004237   0.63728512   1.89435880   0.74817863   0.90831236   0.50787729   0.31137906  -2.40560723  -0.23258540  -0.39897364  -0.42884076  -0.41225152   1.67774324   0.31261221   0.19516970   0.24870113   0.25003699   0.30790984   0.32628940   0.32940593   0.32628940   0.32628940   0.00014362   0.00113677   0.00163160   0.01210322   0.01533554
 1.50  4400.  0.0  2.0  -0.14001916   0.07276393   0.31003213   0.44430903   0.52733718   1.57499954   0.65403415   0.51092593   0.33469872   0.20187274  -2.01198245  -0.08143086  -0.04557111  -0.04646519  -0.05709768   1.49147511   0.22899291   0.07439040   0.05426377   0.05534461   0.23127876   0.24456031   0.24456031   0.24456031   0.24456031   0.00018011   0.00049139   0.00232019   0.00350022   0.00422584
 2.00  4400.  0.0  2.0   0.01561764   0.21350448   0.14411785   0.75075394   0.88575754   1.17781824   0.37176382   0.75496092  -0.37729730  -0.64039876  -1.57997563   0.17860118  -0.19745097   0.64823079   0.77498717   1.32369553   0.13705398   0.10450605  -0.19080553  -0.24100561   0.19038058   0.20059921   0.20368962   0.20059921   0.20059921   0.00078068   0.00104277   0.00033833   0.00669595   0.00841518
 2.50  4400.  0.0  2.0   0.05482514   0.23212742   0.24637550   0.66605644   0.76547663   1.02072523   0.30448756   0.52403768  -0.28176553  -0.46886138  -1.29678545   0.26997304   0.01537801   0.61630006   0.67144406   1.16020450   0.09405100   0.03406362  -0.19541010  -0.22001488   0.15619264   0.16393999   0.16563810   0.16393999   0.16393999   0.00080576   0.00081551   0.00067933   0.00329278   0.00390780
 3.00  4400.  0.0  2.0   0.15296519   0.32133290   0.28305729   0.36200388   0.91606566   0.80588297   0.10994957   0.44304914   0.39186612  -0.86214193  -1.01930928   0.44967663   0.07988590  -0.04095988   1.08326528   1.00455809   0.03107148   0.01765525   0.03930845  -0.37222575   0.11595337   0.12127744   0.12325451   0.12325451   0.12127744   0.00096208   0.00096413   0.00063185   0.00070405   0.00338954
 3.50  4400.  0.0  2.0   0.23360721   0.26051791   0.39028381   0.48645841   0.56334433   0.61055395   0.20143297   0.17310913   0.08762660  -0.06658050  -0.73896838   0.41041486   0.36013234   0.26737230   0.30407545   0.83392323   0.02289891  -0.08493917  -0.07134038  -0.09371203   0.08991333   0.09470192   0.09470192   0.09470192   0.09470192   0.00120321   0.00101757   0.00082829   0.00083555   0.00074604
 4.00  4400.  0.0  2.0   0.36682620   0.36026076   0.49789917   0.62103466   0.72426337   0.33072923  -0.03828810  -0.09638557  -0.24711745  -0.47065737  -0.42785727   0.64225474   0.63193663   0.61129942   0.71877585   0.66981617  -0.05883264  -0.17957791  -0.19577196  -0.24367949   0.06624466   0.06951702   0.06951702   0.06951702   0.06951702   0.00141131   0.00123553   0.00100112   0.00098917   0.00098383
 4.50  4400.  0.0  2.0   0.45309158   0.41688408   0.52692593   0.65481921   0.77275790   0.08833432  -0.23513477  -0.22533056  -0.38174772  -0.63945764  -0.06262074   0.93832896   0.84208510   0.81642121   0.94885838   0.44720747  -0.21516845  -0.28881906  -0.29695422  -0.34936945   0.05164390   0.05360372   0.05360372   0.05360372   0.05360372   0.00168794   0.00125690   0.00101949   0.00099886   0.00115851
 5.00  4400.  0.0  2.0   0.46561217   0.34776025   0.35787290   0.45362316   0.54946898   0.16924669   0.26050468   0.53162297   0.40814899   0.16030358   0.00211273   0.29431296  -0.14049099  -0.17769950  -0.03645170   0.25758339  -0.02055597   0.07284163   0.07257050   0.02062445   0.03882788   0.03957632   0.04007377   0.04007377   0.04007377   0.00171651   0.00073274   0.00106061   0.00117059   0.00136478
 5.50  4400.  0.0  2.0   0.55654023   0.41245046   0.49433382   0.62201690   0.73679857   0.24006332   0.60575781   0.65778758   0.38563692   0.02130164  -0.03234428  -0.31296669  -0.58422503  -0.44954515  -0.15425511   0.12195738   0.16761123   0.25383125   0.20335828   0.09722716   0.02880360   0.02956225   0.02975125   0.02975125   0.02975125   0.00224381   0.00156369   0.00252244   0.00264101   0.00274239
 6.00  4400.  0.0  2.0   0.64712302   0.51873743   0.62539113   0.75852739   0.87284906   0.20699241   0.68234194   0.63109042   0.28304301  -0.13740868  -0.04549517  -0.57440573  -0.77390082  -0.53865284  -0.15385502   0.05464654   0.23033298   0.32620669   0.24894832   0.11126870   0.02171120   0.02199988   0.02228656   0.02228656   0.02228656   0.00326755   0.00220972   0.00367077   0.00385419   0.00402660
 0.00  4500.  0.0  2.0  -0.42603815  -0.08502136  -0.11751672  -0.08032412   0.05033286   2.25161545   0.82079569   1.12443081   1.27119428   2.11356741  -2.91554865  -0.22404339  -0.37719493  -0.73113160  -2.44528203   1.98236221   0.33096499   0.13661194   0.23901858   1.04035575   0.47712411   0.50640904   0.51327883   0.51327883   0.50640904   0.00043646   0.00067470   0.00028025   0.00073828   0.01904042
 0.50  4500.  0.0  2.0  -0.31463375  -0.03332495   0.08244666   0.21113083   0.29851707   1.93887584   0.75797204   1.17301803   1.12098549   1.01723134  -2.40090250  -0.13966215  -0.76646140  -0.95729409  -1.04775164   1.68360326   0.26342791   0.34965098   0.41050353   0.45934593   0.37824161   0.40488198   0.40488198   0.40488198   0.40488198   0.00036349   0.00047891   0.00404514   0.00754017   0.00963337
 1.00  4500.  0.0  2.0  -0.20706688   0.07517384   0.02780312   0.52020927   0.64581351   1.70073298   0.70851135   1.01813079   0.50135336   0.29383569  -2.12413541  -0.18759063  -0.43742126  -0.43920696  -0.40895477   1.54748550   0.28447350   0.18106749   0.25037018   0.24981931   0.30529276   0.32429162   0.32913942   0.32429162   0.32429162   0.00035575   0.00139701   0.00046268   0.01302215   0.01620348
 1.50  4500.  0.0  2.0  -0.08806257   0.09174596   0.32864885   0.45553301   0.53648432   1.35534455   0.62832799   0.50161682   0.32594878   0.19300245  -1.69215094  -0.05719192  -0.06345221  -0.05517938  -0.06981197   1.34506909   0.20964784   0.07879728   0.05545653   0.06248258   0.22943078   0.24305199   0.24305199   0.24305199   0.24305199   0.00039516   0.00061098   0.00264170   0.00379542   0.00450711
 2.00  4500.  0.0  2.0   0.00588010   0.14594956   0.27944580   0.51018167   0.59425157   1.10282339   0.51924710   0.52295146   0.12281655  -0.02867102  -1.38826218   0.05397037  -0.02580956   0.19249117   0.20828245   1.20883582   0.16153270   0.04883795  -0.04562029  -0.05327563   0.18986999   0.20029838   0.20134838   0.20029838   0.20029838   0.00067269   0.00055278   0.00118503   0.00193306   0.00213356
 2.50  4500.  0.0  2.0   0.03734933   0.17018472   0.36515101   0.47021682   0.53614126   0.93320222   0.46564212   0.30787341   0.17129923   0.05428464  -1.08665898   0.11739351   0.19158423   0.16872881   0.16031331   1.04596473   0.13192767  -0.02957382  -0.04332617  -0.04549325   0.15674202   0.16367932   0.16367932   0.16367932   0.16367932   0.00068356   0.00052827   0.00085051   0.00093438   0.00094707
 3.00  4500.  0.0  2.0   0.13018874   0.26129467   0.27889615   0.34669933   0.67054583   0.76512824   0.25262019   0.46411408   0.42158433  -0.29593321  -0.89886071   0.32550018   0.05355594  -0.07013763   0.51746914   0.93633287   0.05513239   0.01773071   0.04268539  -0.17273112   0.11642284   0.12111688   0.12245040   0.12245040   0.12111688   0.00085567   0.00065277   0.00056781   0.00061705   0.00085514
 3.50  4500.  0.0  2.0   0.26189725   0.31860743   0.49375540   0.59782178   0.66823107   0.47482265   0.08408875  -0.05636969  -0.17351909  -0.30831462  -0.54396951   0.54302913   0.58950119   0.52858208   0.54054326   0.74935443  -0.04591432  -0.17962664  -0.17303449  -0.18252767   0.08929402   0.09358225   0.09358225   0.09358225   0.09358225   0.00136205   0.00100190   0.00093222   0.00101379   0.00101978
 4.00  4500.  0.0  2.0   0.38996857   0.38075522   0.53212712   0.64347624   0.72560911   0.21886097  -0.08798657  -0.18510101  -0.31804231  -0.48848511  -0.27814540   0.72565462   0.73840083   0.69550304   0.74742953   0.61186108  -0.11536398  -0.23533290  -0.23712461  -0.26230075   0.06583611   0.06911746   0.06911746   0.06911746   0.06911746   0.00153749   0.00109319   0.00085636   0.00092179   0.00097603
 4.50  4500.  0.0  2.0   0.42090852   0.42358905   0.43714712   0.50756540   0.56375789   0.15865004  -0.22460755   0.02348563   0.01199014  -0.08659494  -0.15601701   0.90327008   0.54461417   0.35997081   0.32534426   0.50131865  -0.20000833  -0.17030100  -0.11481492  -0.10351890   0.05170197   0.05366679   0.05431956   0.05431956   0.05431956   0.00182813   0.00138555   0.00136510   0.00133795   0.00125370
 5.00  4500.  0.0  2.0   0.49072297   0.38991650   0.40380613   0.49431371   0.57928201   0.01196362  -0.01342741   0.24825572   0.16142997  -0.03803136   0.13641733   0.69225173   0.28508969   0.19155773   0.26942986   0.27406353  -0.17394526  -0.10384798  -0.07992366  -0.10644386   0.03834270   0.03958454   0.04007999   0.04007999   0.04007999   0.00192284   0.00087631   0.00105486   0.00118294   0.00133460
 5.50  4500.  0.0  2.0   0.55253729   0.39630677   0.46381461   0.57668251   0.67977604   0.09849908   0.42841589   0.54452392   0.34733512   0.03926289   0.12047114  -0.00247676  -0.32391083  -0.28206397  -0.05648655   0.12681942   0.06045868   0.14520089   0.12593546   0.04446171   0.02846568   0.02941242   0.02960142   0.02960142   0.02960142   0.00198063   0.00115913   0.00174315   0.00196898   0.00221573
 6.00  4500.  0.0  2.0   0.64859229   0.44974838   0.59576682   0.71482547   0.81441336   0.09728708   0.67743317   0.52486397   0.23821723  -0.12282859   0.08350416  -0.48045031  -0.54274857  -0.37932559  -0.06399902   0.03772865   0.20668057   0.23192300   0.17716261   0.06338820   0.02180943   0.02238379   0.02238379   0.02238379   0.02238379   0.00329060   0.00205686   0.00279437   0.00314031   0.00346442
 0.00  4600.  0.0  2.0  -0.40980607  -0.06946615  -0.10396507  -0.04111032   0.03696874   2.12707126   0.74505352   1.32573806   1.46786273   2.14914758  -2.69519837  -0.11694325  -0.71992300  -1.10926326  -2.49336066   1.85993587   0.27519836   0.28623865   0.41420128   1.05903814   0.47643239   0.50470094   0.50943568   0.50943568   0.50470094   0.00092521   0.00074957   0.00145752   0.00343849   0.01957329
 0.50  4600.  0.0  2.0  -0.28947308   0.01305194   0.01164036   0.09613247   0.14950898   1.88728922   0.85359577   1.11951717   1.09282300   1.03365224  -2.34286688  -0.35939064  -0.57112414  -0.72925981  -0.85127012   1.65677186   0.36453698   0.23610293   0.27142491   0.33222931   0.37581431   0.39953792   0.40554400   0.40554400   0.40554400   0.00078759   0.00209561   0.00143865   0.00244823   0.00287503
 1.00  4600.  0.0  2.0  -0.15478326   0.08755900   0.14326970   0.52750351   0.64536969   1.51992650   0.66822381   0.88873064   0.48696142   0.28028730  -1.85857414  -0.13084208  -0.40765383  -0.43120285  -0.40226925   1.41524913   0.24946531   0.18816615   0.24287263   0.24810977   0.30282550   0.32256354   0.32590982   0.32256354   0.32256354   0.00081998   0.00150700   0.00202376   0.01374220   0.01673643
 1.50  4600.  0.0  2.0  -0.03994925   0.03398546   0.18565259   0.26424450   0.31101993   1.16719243   0.70976057   0.75848284   0.66885633   0.59735178  -1.39859334  -0.09227619  -0.26809458  -0.32736444  -0.39813347   1.19613261   0.19913005   0.13033841   0.12829661   0.15812302   0.22818713   0.24344511   0.24344511   0.24344511   0.24344511   0.00065018   0.00029545   0.00082292   0.00097190   0.00098375
 2.00  4600.  0.0  2.0   0.04129678   0.11543351   0.30685500   0.78752316   0.91099169   0.91358587   0.59626710   0.50491108  -0.39621926  -0.64395740  -1.07231850  -0.01312803  -0.04286644   0.61026464   0.71747853   1.05285724   0.17179534   0.05540787  -0.17560606  -0.21149014   0.18870126   0.20038944   0.20038944   0.19826181   0.19826181   0.00103049   0.00054936   0.00145180   0.00778708   0.00936242
 2.50  4600.  0.0  2.0   0.09996968   0.18017381   0.36910125   0.46585935   0.52751821   0.72536712   0.46695176   0.33450647   0.20509827   0.09485878  -0.79563192   0.11343631   0.13955903   0.11480597   0.09457267   0.90849860   0.12109720  -0.01340752  -0.02530162  -0.01851379   0.15491003   0.16285022   0.16285022   0.16285022   0.16285022   0.00100589   0.00058945   0.00089334   0.00094884   0.00095500
 3.00  4600.  0.0  2.0   0.13261008   0.37469732   0.39591671   0.47211073   0.90543534   0.64652246   0.00937054   0.23435109   0.16866179  -0.80862251  -0.65533807   0.59899995   0.26612365   0.15826915   1.00277908   0.80759273  -0.07332162  -0.06691664  -0.04110518  -0.34613487   0.11644207   0.11982906   0.12117756   0.12117756   0.11982906   0.00109050   0.00120285   0.00092625   0.00101414   0.00336501
 3.50  4600.  0.0  2.0   0.24995039   0.28104552   0.41295103   0.49616593   0.54687746   0.42909963   0.18572673   0.15167922   0.07156109  -0.01409691  -0.43035613   0.45738907   0.37498410   0.27869533   0.23653172   0.68860736  -0.03549412  -0.11144158  -0.08886654  -0.07542584   0.08937832   0.09369603   0.09369603   0.09369603   0.09369603   0.00138792   0.00095212   0.00069728   0.00073175   0.00071505
 4.00  4600.  0.0  2.0   0.30371144   0.39671017   0.55273809   0.65879525   0.72933151   0.35646613  -0.11133877  -0.22071999  -0.35336756  -0.49586520  -0.35922182   0.76768545   0.77428095   0.73048687   0.75150137   0.62737994  -0.15210496  -0.25992606  -0.25688993  -0.26778223   0.06682106   0.06888772   0.06888772   0.06888772   0.06888772   0.00164291   0.00105619   0.00083327   0.00092547   0.00098887
 4.50  4600.  0.0  2.0   0.44220565   0.46522324   0.44640052   0.51173949   0.55973712   0.05384950  -0.32514997   0.00005723  -0.01277017  -0.09526624  -0.00908930   1.03928615   0.58239199   0.39664919   0.34764835   0.44007061  -0.27604658  -0.20024707  -0.13861366  -0.12061153   0.05153516   0.05317520   0.05415974   0.05415974   0.05415974   0.00193159   0.00116665   0.00116781   0.00119200   0.00118325
 5.00  4600.  0.0  2.0   0.51284472   0.49507830   0.51381736   0.59706157   0.66128239  -0.10283194  -0.42252977  -0.19266554  -0.24828999  -0.37182634   0.21635716   1.20837252   0.84515077   0.69839531   0.67986757   0.29022382  -0.37840692  -0.32791936  -0.27643479  -0.26278191   0.03850624   0.03925268   0.03975013   0.03975013   0.03975013   0.00251949   0.00113411   0.00120499   0.00132195   0.00140768
 5.50  4600.  0.0  2.0   0.59629106   0.38572500   0.47292654   0.57031057   0.65731941  -0.14306107   0.21181984   0.26912002   0.12974146  -0.11047058   0.33819397   0.36215731   0.13779718   0.10964490   0.24898029   0.11236048  -0.07958384  -0.05138438  -0.04547112  -0.09350402   0.02840975   0.02954249   0.02954249   0.02954249   0.02954249   0.00218483   0.00110198   0.00122075   0.00152596   0.00187354
 6.00  4600.  0.0  2.0   0.64243687   0.44970195   0.50871967   0.59776818   0.66846827   0.00969116   0.49281663   0.58660654   0.40753964   0.14964583   0.17579926  -0.18583959  -0.49700321  -0.46059651  -0.26919700   0.04900881   0.10729449   0.21050830   0.20066649   0.13345613   0.02175798   0.02218867   0.02247435   0.02247435   0.02247435   0.00324194   0.00169402   0.00252799   0.00276399   0.00280197
 0.00  4700.  0.0  2.0  -0.26267614  -0.05719915  -0.11837746  -0.07968055   0.02920498   1.56100077   0.66623466   1.16196327   1.28487206   2.20208735  -1.93832354   0.01203279  -0.43492568  -0.74936762  -2.57777214   1.50777241   0.20413458   0.14425661   0.23147168   1.09507339   0.48157891   0.50359218   0.51089134   0.51089134   0.50359218   0.00023262   0.00074369   0.00040339   0.00090458   0.02087767
 0.50  4700.  0.0  2.0  -0.18780301   0.00097351   0.02367292   0.10688700   0.16311997   1.40775571   0.72766431   1.11445170   1.08735862   0.99856168  -1.65210408  -0.11687937  -0.58319837  -0.73733214  -0.82558542   1.32980925   0.23574265   0.23614097   0.26975742   0.32389515   0.38047684   0.40099401   0.40510943   0.40510943   0.40510943   0.00052615   0.00113281   0.00166069   0.00271990   0.00319854
 1.00  4700.  0.0  2.0  -0.11170294   0.09794008   0.15636114   0.54300853   0.65587366   1.25243911   0.62797921   0.86555624   0.46180089   0.24235508  -1.43083804  -0.07081037  -0.39418920  -0.41785641  -0.36864792   1.20021855   0.21289502   0.17846196   0.23465699   0.23544291   0.30496312   0.32197420   0.32540039   0.32197420   0.32197420   0.00074832   0.00159487   0.00221942   0.01469021   0.01753328
 1.50  4700.  0.0  2.0  -0.02146796   0.04921539   0.21111386   0.28806039   0.33287382   1.04404432   0.68765679   0.72335382   0.63404441   0.55082571  -1.16481696  -0.06832585  -0.25385912  -0.30967978  -0.36487447   1.06819554   0.17993018   0.12303018   0.11956588   0.14691906   0.22742792   0.24303554   0.24303554   0.24303554   0.24303554   0.00088377   0.00035404   0.00101618   0.00118539   0.00118757
 2.00  4700.  0.0  2.0   0.05270344   0.12154379   0.31458345   0.53496219   0.61136521   0.84462725   0.59474581   0.51295960   0.12375363  -0.03491102  -0.92101114  -0.01185236  -0.07325194   0.14085185   0.16832731   0.95771461   0.16047548   0.06456105  -0.02662210  -0.03271179   0.18794208   0.19987002   0.19987002   0.19878002   0.19878002   0.00110398   0.00060468   0.00156937   0.00243299   0.00253417
 2.50  4700.  0.0  2.0   0.09798375   0.26795765   0.53410150   0.65453354   0.73480441   0.66220500   0.29019694  -0.00609139  -0.20622832  -0.37103492  -0.65036770   0.27208435   0.43813095   0.49060197   0.52693121   0.81846814   0.05826890  -0.11704951  -0.15600600  -0.16746113   0.15528861   0.16159260   0.16159260   0.16159260   0.16159260   0.00098688   0.00106109   0.00270007   0.00331678   0.00373856
 3.00  4700.  0.0  2.0   0.18825582   0.39070945   0.39902314   0.80820511   0.89890051   0.46629132  -0.01338983   0.25010161  -0.59888223  -0.78898906  -0.41131021   0.62608964   0.23310625   0.90498548   0.97062488   0.69482838  -0.09709734  -0.05909301  -0.31082148  -0.33476898   0.11539399   0.11950941   0.12086790   0.11950941   0.11950941   0.00127341   0.00128194   0.00096275   0.00299203   0.00334308
 3.50  4700.  0.0  2.0   0.27160248   0.34508981   0.51035323   0.60076307   0.65340093   0.31245276   0.05672436  -0.05242449  -0.16116575  -0.25707765  -0.24857865   0.59375472   0.56497764   0.50010168   0.46862370   0.60280359  -0.10174837  -0.18594293  -0.17240974  -0.16073136   0.08927294   0.09308480   0.09308480   0.09308480   0.09308480   0.00147899   0.00101545   0.00094847   0.00101375   0.00101932
 4.00  4700.  0.0  2.0   0.35514527   0.40644214   0.55564014   0.65493506   0.71443901   0.18321285  -0.12080989  -0.21061235  -0.33934782  -0.45332514  -0.14456405   0.79581849   0.75924703   0.71310298   0.69832684   0.54066578  -0.18367246  -0.26362069  -0.25664503  -0.24988794   0.06633056   0.06881380   0.06881380   0.06881380   0.06881380   0.00167499   0.00099657   0.00081663   0.00091831   0.00099273
 4.50  4700.  0.0  2.0   0.45442857   0.48033738   0.45482705   0.51758843   0.56035951  -0.03928170  -0.34747974  -0.00238916  -0.02023005  -0.09292737   0.13685465   1.08510751   0.58368130   0.40060303   0.34067104   0.37681627  -0.31646966  -0.21214491  -0.14629824  -0.12166375   0.05161757   0.05326210   0.05424864   0.05424864   0.05424864   0.00204218   0.00114021   0.00113119   0.00117239   0.00118971
 5.00  4700.  0.0  2.0   0.51681000   0.46744195   0.55017592   0.62472169   0.67700251  -0.13935702  -0.34180857  -0.27376337  -0.30825640  -0.40103522   0.25324012   1.11293811   0.90685379   0.73002092   0.68146427   0.28829073  -0.34364251  -0.34612303  -0.27876070  -0.25431366   0.03857416   0.03981905   0.03981905   0.03981905   0.03981905   0.00268110   0.00168966   0.00133160   0.00141197   0.00147913
 5.50  4700.  0.0  2.0   0.61597147   0.42844424   0.50612967   0.60123161   0.68032816  -0.31816014  -0.08247532   0.00034721  -0.11582293  -0.31025682   0.52611691   0.80679538   0.56718172   0.49635974   0.56787784   0.08998902  -0.26437407  -0.23920470  -0.21238474  -0.23066052   0.02837978   0.02950952   0.02950952   0.02950952   0.02950952   0.00247817   0.00113170   0.00112976   0.00146188   0.00179635
 6.00  4700.  0.0  2.0   0.63174841   0.42564019   0.46485472   0.54801500   0.73053755  -0.11161816   0.35666815   0.53045223   0.39666080  -0.14019893   0.32614413   0.09038961  -0.29693780  -0.32409520   0.16332442   0.04222809   0.00063190   0.11802118   0.13122508  -0.05099028   0.02156336   0.02213373   0.02241841   0.02241841   0.02213373   0.00296390   0.00130657   0.00183449   0.00209688   0.00272525
 0.00  4800.  0.0  2.0  -0.24681679  -0.04084108  -0.11555781  -0.07788955  -0.02354527   1.52027255   0.48200037   1.20531067   1.34445540   1.25218689  -1.82942678   0.30740259  -0.50820611  -0.84940331  -0.94849966   1.42818837   0.05587599   0.16804666   0.26773160   0.33834254   0.47818044   0.50579199   0.51071651   0.51071651   0.51071651   0.00102831   0.00037870   0.00053926   0.00111194   0.00151805
 0.50  4800.  0.0  2.0  -0.13767518   0.03841764   0.12186439   0.24893277   0.33568415   1.17038992   0.78545595   1.16867036   1.10867278   0.93871829  -1.27056915  -0.24503520  -0.82925146  -1.00374307  -1.01289259   1.12622344   0.28707368   0.36595515   0.42160684   0.45381843   0.38213728   0.39894858   0.40312393   0.40312393   0.40312393   0.00073908   0.00266807   0.00574697   0.00983167   0.01199659
 1.00  4800.  0.0  2.0  -0.07506128   0.12152185   0.06791335   0.12530440   0.69519869   1.11819014   0.57971679   0.93268128   0.90381190   0.17540770  -1.20284857  -0.01350968  -0.36954103  -0.48895949  -0.33129617   1.07358754   0.18009305   0.13850560   0.15597573   0.22821226   0.30475336   0.32207409   0.32729134   0.32729134   0.32207409   0.00119001   0.00199974   0.00068228   0.00086933   0.02007188
 1.50  4800.  0.0  2.0   0.02992161   0.13061939   0.39427150   0.50963466   0.57125553   0.92867707   0.55771601   0.41600370   0.24569792   0.10674311  -1.00402103   0.02802785  -0.03998772  -0.02282424  -0.01763480   0.98131932   0.14501191   0.06452255   0.03766915   0.04611892   0.22581117   0.24170349   0.24170349   0.24170349   0.24170349   0.00153729   0.00091157   0.00383978   0.00510844   0.00557373
 2.00  4800.  0.0  2.0   0.04423255   0.18969579   0.18294268   0.54894986   0.62191201   0.76068006   0.46146192   0.76569230   0.09052173  -0.07100627  -0.72566238   0.11406154  -0.29165938   0.16745053   0.19842251   0.84379050   0.10737023   0.12742540  -0.04009365  -0.04382972   0.19011464   0.19893982   0.20116234   0.19893982   0.19893982   0.00085991   0.00084515   0.00052996   0.00262827   0.00271815
 2.50  4800.  0.0  2.0   0.11782637   0.21382062   0.39416530   0.47039870   0.52461496   0.55883971   0.37221334   0.28958733   0.19690404   0.08417161  -0.45508650   0.25982701   0.17252625   0.10733867   0.09423120   0.70878399   0.02540564  -0.03889825  -0.02914435  -0.02100092   0.15530358   0.16257050   0.16257050   0.16257050   0.16257050   0.00118247   0.00075876   0.00102683   0.00101891   0.00098248
 3.00  4800.  0.0  2.0   0.18288863   0.25874629   0.40503763   0.81219971   0.89848230   0.39947457   0.28233400   0.25088610  -0.60054956  -0.78785151  -0.24808266   0.35245195   0.21780771   0.89350018   0.95577705   0.59764088  -0.01633157  -0.05749495  -0.30872004  -0.32830243   0.11647701   0.12131740   0.12131740   0.11993893   0.11993893   0.00135478   0.00099091   0.00100817   0.00306238   0.00339087
 3.50  4800.  0.0  2.0   0.23317266   0.35254406   0.50983677   0.59199842   0.64188138   0.32682025   0.05183746  -0.02983578  -0.12850374  -0.22623274  -0.18395463   0.60557793   0.52697449   0.45397607   0.42647552   0.55270232  -0.12074749  -0.17683610  -0.15825510  -0.14628407   0.09071483   0.09344241   0.09344241   0.09344241   0.09344241   0.00153147   0.00104360   0.00097097   0.00101895   0.00102572
 4.00  4800.  0.0  2.0   0.33784621   0.41262170   0.55799346   0.65132956   0.70860623   0.15667752  -0.11965358  -0.19567081  -0.32149881  -0.43833059  -0.04953069   0.80121628   0.73343788   0.68602312   0.67813299   0.48508692  -0.20068487  -0.26118212  -0.25090891  -0.24616606   0.06716468   0.06923533   0.06923533   0.06923533   0.06923533   0.00176729   0.00101428   0.00083322   0.00093139   0.00100415
 4.50  4800.  0.0  2.0   0.43698141   0.48721549   0.47665557   0.53618144   0.78087804  -0.06138217  -0.35035830  -0.03412905  -0.05568028  -0.65311391   0.22021237   1.10574130   0.61085552   0.43105537   0.93203920   0.32988597  -0.34433871  -0.23161318  -0.16284860  -0.34859185   0.05223524   0.05354778   0.05420505   0.05420505   0.05354778   0.00230664   0.00111432   0.00105516   0.00109939   0.00128700
 5.00  4800.  0.0  2.0   0.54267660   0.45805705   0.53180764   0.60142442   0.65086991  -0.24854500  -0.29838901  -0.20410120  -0.23833066  -0.33206953   0.38797869   1.06492563   0.81556228   0.64048828   0.59920411   0.24088943  -0.33431523  -0.31376515  -0.24480811  -0.22372004   0.03855446   0.04029225   0.04029225   0.04029225   0.04029225   0.00263661   0.00167446   0.00130236   0.00140289   0.00149655
 5.50  4800.  0.0  2.0   0.67443660   0.47944580   0.54609462   0.63138285   0.69616458  -0.57434172  -0.38667551  -0.29396225  -0.37824784  -0.51492161   0.79530431   1.24209084   1.00624097   0.88466518   0.87646499   0.01919515  -0.44953557  -0.43005588  -0.37696127  -0.36013210   0.02856957   0.02988290   0.02988290   0.02988290   0.02988290   0.00292663   0.00126163   0.00117628   0.00150391   0.00180212
 6.00  4800.  0.0  2.0   0.66377246   0.41724239   0.41918294   0.48769919   0.66453151  -0.37928647   0.11152536   0.38377329   0.30024977  -0.19882738   0.61842854   0.51933680   0.05055209  -0.03993088   0.38998166  -0.02027433  -0.18070293  -0.04739599  -0.00924248  -0.16682973   0.02185887   0.02243024   0.02271592   0.02271592   0.02243024   0.00300638   0.00095132   0.00118590   0.00145283   0.00256334
 0.00  4900.  0.0  2.0  -0.19405615  -0.03572110  -0.09666450  -0.03391436   0.05363019   1.35110535   0.60249653   1.47488080   1.66504152   1.47964014  -1.58198942   0.13706284  -0.96934964  -1.44517878  -1.45256616   1.29726632   0.11543434   0.37105430   0.54140855   0.58748205   0.47852007   0.50408163   0.50902613   0.50902613   0.50902613   0.00177530   0.00107630   0.00249729   0.00521471   0.00711027
 0.50  4900.  0.0  2.0  -0.09673020   0.05422303   0.05914711   0.14057803   0.20487409   0.98575074   0.72922329   1.08208176   1.07948232   0.91232377  -1.00174244  -0.17722078  -0.58959062  -0.78494234  -0.76927753   0.99266320   0.25320842   0.23297183   0.28624058   0.30807235   0.38441734   0.39933814   0.40566377   0.40566377   0.40566377   0.00073466   0.00286738   0.00233126   0.00354549   0.00403058
 1.00  4900.  0.0  2.0  -0.05515155   0.13187498   0.21603543   0.31239835   0.71536081   0.92574701   0.57132340   0.78609003   0.69592142   0.16819682  -0.86975374  -0.00396750  -0.36312782  -0.44531382  -0.35968272   0.90190708   0.16758418   0.16576560   0.17657622   0.24548354   0.30802971   0.32205411   0.32557020   0.32557020   0.32205411   0.00086232   0.00226542   0.00334350   0.00477755   0.02188870
 1.50  4900.  0.0  2.0   0.03771335   0.06322445   0.24276921   0.31472663   0.35056053   0.80225665   0.64274272   0.65926126   0.57885919   0.48269945  -0.76070712  -0.00095712  -0.20736232  -0.27198297  -0.30275276   0.84400896   0.13244525   0.09821305   0.09911057   0.12316225   0.22921738   0.24397446   0.24397446   0.24397446   0.24397446   0.00124725   0.00042288   0.00123315   0.00139326   0.00136223
 2.00  4900.  0.0  2.0   0.11601074   0.29566726   0.18222779   0.81893742   0.91158400   0.60065002   0.24669756   0.74969877  -0.46783613  -0.69028163  -0.53690287   0.30596392  -0.27071068   0.65699576   0.75421942   0.75029510   0.03668190   0.11293294  -0.20184099  -0.22760515   0.19027070   0.19920077   0.20257077   0.19920077   0.19920077   0.00136658   0.00186047   0.00052172   0.00897800   0.00995972
 2.50  4900.  0.0  2.0   0.19652379   0.32080553   0.58849120   0.69450096   0.76546728   0.32945977   0.14330458  -0.12078827  -0.28459526  -0.44964976  -0.14153993   0.48551630   0.54182894   0.54508240   0.58829738   0.55588151  -0.06564150  -0.16706066  -0.17974460  -0.18978920   0.15560926   0.16293111   0.16293111   0.16293111   0.16293111   0.00167912   0.00141300   0.00324580   0.00379867   0.00409470
 3.00  4900.  0.0  2.0   0.21747628   0.26565777   0.40784271   0.81625206   0.89564724   0.24523338   0.26599060   0.25340001  -0.60638706  -0.78571859   0.00725140   0.38299206   0.20460495   0.88873300   0.94418696   0.46328773  -0.04265614  -0.05703712  -0.30941621  -0.32407560   0.11746591   0.12231629   0.12231629   0.12092783   0.12092783   0.00151519   0.00101765   0.00104777   0.00316598   0.00347585
 3.50  4900.  0.0  2.0   0.25199471   0.30108633   0.41692122   0.48119385   0.52477747   0.22182402   0.17778343   0.20328095   0.14022421   0.04865214  -0.00075878   0.48572241   0.28012164   0.17160868   0.14005660   0.45562053  -0.08989439  -0.09192369  -0.05811276  -0.04274647   0.09159585   0.09486122   0.09486122   0.09486122   0.09486122   0.00162129   0.00104883   0.00078121   0.00078839   0.00079216
 4.00  4900.  0.0  2.0   0.39820790   0.41582737   0.55234014   0.63908645   0.69461625  -0.05360804  -0.12612263  -0.17935007  -0.30194007  -0.42417607   0.22621791   0.82011550   0.71386167   0.66652807   0.66756917   0.36428851  -0.22314878  -0.26179238  -0.24957426  -0.24683879   0.06754621   0.07001946   0.07001946   0.07001946   0.07001946   0.00186860   0.00096280   0.00081691   0.00092611   0.00101321
 4.50  4900.  0.0  2.0   0.42664125   0.40298644   0.47570424   0.53297008   0.71714206  -0.10567680  -0.12509210  -0.01394404  -0.04085551  -0.49314651   0.33000033   0.88725795   0.58815006   0.41311660   0.76167522   0.27211964  -0.28296909  -0.23383905  -0.16270195  -0.28885393   0.05306795   0.05470250   0.05470250   0.05470250   0.05437500   0.00248190   0.00140731   0.00104865   0.00110682   0.00130022
 5.00  4900.  0.0  2.0   0.53458652   0.46108834   0.53195911   0.60020526   0.64793700  -0.30847979  -0.29179182  -0.18563952  -0.22914104  -0.32562842   0.52405924   1.07643836   0.79546705   0.62888786   0.59244117   0.17227709  -0.35878094  -0.31754994  -0.24706570  -0.22602046   0.03914353   0.04062888   0.04062888   0.04062888   0.04062888   0.00285239   0.00164306   0.00128114   0.00140082   0.00150709
 5.50  4900.  0.0  2.0   0.61559117   0.53946179   0.53863768   0.69988224   0.75389959  -0.44259361  -0.52202017  -0.24653215  -0.52650088  -0.63105548   0.66213823   1.37188983   0.91790768   0.99632560   0.95289464   0.07744800  -0.49750008  -0.38652398  -0.40413660  -0.37407721   0.02929455   0.02985714   0.03023172   0.02985714   0.02985714   0.00374922   0.00170343   0.00184443   0.00173019   0.00195060
 6.00  4900.  0.0  2.0   0.67684523   0.47451828   0.48746013   0.56421799   0.73633883  -0.48477127  -0.14252321   0.10285852   0.01515869  -0.44704215   0.74712212   0.88405711   0.44786339   0.34094678   0.71110825  -0.03545482  -0.33241757  -0.21661146  -0.16558017  -0.29549113   0.02165026   0.02235932   0.02264250   0.02264250   0.02235932   0.00342574   0.00123721   0.00146575   0.00175784   0.00249760
 0.00  5100.  0.0  2.0  -0.24436921   0.03568593  -0.04854365   0.03871938   0.15153525   1.45732207   0.24741051   1.51337140   1.70635069   1.44260508  -1.11557109   0.57802808  -1.14610196  -1.64662276  -1.55276423   0.71955059  -0.06501932   0.46145950   0.63571123   0.63782330   0.48906833   0.51725880   0.52011380   0.52011380   0.52011380   0.00240761   0.00129987   0.00433623   0.00896744   0.01174722
 0.50  5100.  0.0  2.0  -0.10113175   0.05000455   0.20900873   0.33713269   0.44311251   1.22077134   0.52832260   0.96049303   0.97097185   0.64660433  -0.83209794   0.10601755  -0.63891712  -0.96948443  -0.71829727   0.57293336   0.13605170   0.27697470   0.41770338   0.32286939   0.40073659   0.42310916   0.42539916   0.42539916   0.42539916   0.00380665   0.00139846   0.00744515   0.01218035   0.01411345
 1.00  5100.  0.0  2.0   0.04154188   0.11527799   0.42069558   0.57782641   0.66457532   0.55632343   0.49468754   0.48216623   0.30136546   0.05875317   0.04328416   0.07353147  -0.20696099  -0.25551390  -0.11113151   0.22634637   0.15383237   0.14031057   0.15746080   0.10452127   0.33106189   0.34428938   0.34428938   0.34428938   0.34428938   0.00170863   0.00142587   0.00928296   0.01348950   0.01486832
 1.50  5100.  0.0  2.0   0.22055120   0.16928502   0.12370543   0.49339104   0.54811796   0.25585189   0.31955318   0.78251851   0.17926211  -0.00426595   0.29959012   0.37862105  -0.25265018   0.07095342   0.17049186   0.13527951  -0.03435653   0.08655067  -0.01462117  -0.05391352   0.24934499   0.26196444   0.26466146   0.26196444   0.26196444   0.00365587   0.00091703   0.00045162   0.00289652   0.00281679
 2.00  5100.  0.0  2.0   0.20103692   0.22958599   0.47412247   0.55153242   1.12756226   0.17000691   0.25682925   0.10606843   0.00524241  -1.20913347   0.49102244   0.40105541   0.30933245   0.25297760   1.24364549   0.04338680  -0.03972253  -0.08424997  -0.07768095  -0.40239723   0.20795974   0.21582228   0.21582228   0.21582228   0.21360474   0.00180978   0.00116863   0.00295157   0.00341026   0.01554634
 2.50  5100.  0.0  2.0   0.30655306   0.26495114   0.46757970   0.53788982   0.58499521  -0.12401876   0.20329495   0.08220200  -0.01348491  -0.14877787   0.86543662   0.46584587   0.36440652   0.30400723   0.33997285  -0.12293629  -0.08065934  -0.11672965  -0.10546020  -0.12090650   0.16993332   0.17628026   0.17628026   0.17628026   0.17628026   0.00227165   0.00088855   0.00124657   0.00119947   0.00113317
 3.00  5100.  0.0  2.0   0.28555367   0.28750501   0.43793087   0.86751259   0.94332196  -0.06034600   0.18512236   0.15023982  -0.77624039  -0.97669200   0.78876287   0.47639150   0.29777859   1.05271777   1.15265306  -0.09168767  -0.09185140  -0.09503284  -0.37101596  -0.40931634   0.12727078   0.13132627   0.13132627   0.12997777   0.12997777   0.00128160   0.00101551   0.00106663   0.00373534   0.00400673
 3.50  5100.  0.0  2.0   0.30801035   0.31013878   0.42662949   0.48225162   0.52113817  -0.08967545   0.12892069   0.14146676   0.07819539  -0.02369441   0.75350056   0.55284894   0.34137259   0.23763322   0.22947803  -0.05252739  -0.13431872  -0.12306725  -0.08808782  -0.08448230   0.09907314   0.10170363   0.10170363   0.10170363   0.10170363   0.00138280   0.00091415   0.00070790   0.00073245   0.00074689
 4.00  5100.  0.0  2.0   0.40470819   0.40128719   0.51483256   0.58403931   0.62836069  -0.34478173  -0.09829034  -0.08507851  -0.17351423  -0.28132032   1.02484615   0.86225700   0.62345861   0.52258213   0.50706188  -0.16113756  -0.29649584  -0.25272471  -0.20604625  -0.19287165   0.07391868   0.07549643   0.07549643   0.07549643   0.07549643   0.00238875   0.00108712   0.00087681   0.00095428   0.00102936
 4.50  5100.  0.0  2.0   0.49086158   0.38920612   0.45871509   0.50900209   0.71863555  -0.49449941  -0.08202574   0.03213664  -0.00204851  -0.53364038   1.09532547   0.87454055   0.53367165   0.36450944   0.80016056  -0.16754426  -0.31702389  -0.23089190  -0.15347810  -0.31058818   0.05741713   0.05927906   0.05927906   0.05927906   0.05865925   0.00257761   0.00138066   0.00113687   0.00120096   0.00148585
 5.00  5100.  0.0  2.0   0.59443290   0.46350829   0.53501354   0.59835419   0.63921741  -0.66093030  -0.27422448  -0.17428400  -0.23395593  -0.32848480   1.18034166   1.09018713   0.77377758   0.62323208   0.58638576  -0.18838373  -0.40559444  -0.32799527  -0.25444146  -0.23019967   0.04230429   0.04393522   0.04393522   0.04393522   0.04393522   0.00274566   0.00152181   0.00130169   0.00145323   0.00155914
 5.50  5100.  0.0  2.0   0.63759453   0.53036234   0.49972692   0.66398997   0.71292284  -0.70322270  -0.49205064  -0.13889087  -0.45798998  -0.57270059   1.15542202   1.35119439   0.77802601   0.90448615   0.88532071  -0.18160915  -0.51323360  -0.33944517  -0.37052760  -0.35178943   0.03206848   0.03259409   0.03312131   0.03259409   0.03259409   0.00353275   0.00147694   0.00155150   0.00169170   0.00197101
 6.00  5100.  0.0  2.0   0.73842075   0.51101924   0.56259843   0.62519289   0.78404985  -0.86160687  -0.41436394  -0.30500334  -0.35863330  -0.76894190   1.28609437   1.29060157   1.00390873   0.83930694   1.13266925  -0.26198247  -0.51730884  -0.45386821  -0.36874336  -0.46369073   0.02365503   0.02445115   0.02445115   0.02445115   0.02418544   0.00384883   0.00177127   0.00166172   0.00189204   0.00269887
 0.00  5200.  0.0  2.0  -0.20648278   0.05433794  -0.02422018   0.10562709   0.19494109   1.29247906   0.18604631   1.49236823   1.58348166   1.37965936  -0.79407818   0.67436358  -1.15273449  -1.55019684  -1.52773962   0.51646603  -0.11973567   0.46257644   0.59779559   0.63448874   0.49132582   0.51936151   0.52217151   0.52217151   0.52217151   0.00279135   0.00148859   0.00485411   0.01127842   0.01321594
 0.50  5200.  0.0  2.0  -0.11323624   0.11509618   0.22281430   0.38194622   0.47473981   1.34223571   0.25835461   0.96201515   0.87606445   0.59173478  -0.97590104   0.53258152  -0.67471449  -0.86892121  -0.69343480   0.59268950  -0.08918597   0.29355670   0.36648288   0.32137871   0.40315390   0.42540663   0.42766663   0.42766663   0.42766663   0.00406934   0.00202098   0.00765892   0.01340983   0.01485341
 1.00  5200.  0.0  2.0   0.13905263   0.10214567   0.25074841   0.34389812   0.41017829   0.40479707   0.32144475   0.67475034   0.60967773   0.37190778   0.16265434   0.45225539  -0.26300380  -0.39177536  -0.22781686   0.17598427  -0.06306257   0.12063963   0.15310040   0.09314548   0.33078440   0.34771858   0.34771858   0.34771858   0.34771858   0.00439696   0.00085999   0.00283391   0.00352271   0.00356944
 1.50  5200.  0.0  2.0   0.19151338   0.18810203   0.29107045   0.51386357   0.56718076   0.20044439   0.26565648   0.49041350   0.14211300  -0.04889785   0.47737315   0.43627657  -0.04005236   0.09202285   0.20959791   0.01829123  -0.05663519   0.02934753  -0.02066306  -0.06878544   0.25183222   0.26151994   0.26286994   0.26151994   0.26151994   0.00228663   0.00104593   0.00187910   0.00304812   0.00292025
 2.00  5200.  0.0  2.0   0.16975789   0.24991797   0.49303281   0.57572260   0.80679072   0.16058771   0.19295385   0.06364307  -0.04815220  -0.59217315   0.62009354   0.48599986   0.34675802   0.29698469   0.72776365  -0.06587002  -0.08243486  -0.10130281  -0.09533099  -0.24872082   0.21093146   0.21652150   0.21652150   0.21652150   0.21541150   0.00125740   0.00129210   0.00313969   0.00366732   0.00461897
 2.50  5200.  0.0  2.0   0.32419553   0.27613429   0.47920115   0.55024833   0.58861806  -0.13471153   0.16610917   0.05480873  -0.04389788  -0.16497037   0.89049241   0.51211181   0.38528657   0.32647365   0.35370045  -0.15792229  -0.10406728  -0.12608519  -0.11436880  -0.12747232   0.17013310   0.17648503   0.17648503   0.17648503   0.17648503   0.00239313   0.00095467   0.00129319   0.00125564   0.00116882
 3.00  5200.  0.0  2.0   0.29415184   0.22684348   0.32407079   0.35909371   0.70460042  -0.14946404   0.30365217   0.40108147   0.38849243  -0.44310762   1.01535231   0.38182037   0.05343579  -0.09919734   0.63132930  -0.24705728  -0.07105665  -0.01332747   0.03751771  -0.22734263   0.12836880   0.13241930   0.13241930   0.13241930   0.13107580   0.00141714   0.00095419   0.00071164   0.00068282   0.00110879
 3.50  5200.  0.0  2.0   0.27115573   0.37961909   0.53393537   0.59371824   0.62982618  -0.01629549  -0.04149303  -0.11296419  -0.19223664  -0.29755315   0.75637755   0.73223452   0.58983105   0.50284866   0.50649428  -0.10385980  -0.20792239  -0.21565450  -0.18521537  -0.18766592   0.09997505   0.10155938   0.10155938   0.10155938   0.10155938   0.00106658   0.00101939   0.00100795   0.00104051   0.00104188
 4.00  5200.  0.0  2.0   0.42466097   0.45389538   0.59218810   0.66021612   0.70191122  -0.44631750  -0.22016774  -0.26741249  -0.36096154  -0.47087256   1.24860873   0.99745343   0.80579632   0.70954190   0.70211746  -0.30518652  -0.35985383  -0.32611533  -0.27797564  -0.26844316   0.07417889   0.07536452   0.07536452   0.07536452   0.07536452   0.00227747   0.00104456   0.00096854   0.00104585   0.00111535
 4.50  5200.  0.0  2.0   0.53650057   0.39113887   0.46018199   0.50824535   0.71686311  -0.66112969  -0.07899132   0.03879134  -0.00018325  -0.53566573   1.36929422   0.87983576   0.51949211   0.35631948   0.79863873  -0.31707476  -0.33237501  -0.23185663  -0.15374458  -0.31250994   0.05726265   0.05943888   0.05943888   0.05943888   0.05881808   0.00238802   0.00136976   0.00115771   0.00122016   0.00152894
 5.00  5200.  0.0  2.0   0.54036668   0.46591346   0.53565996   0.59706520   0.63652073  -0.58754909  -0.26831791  -0.15984654  -0.22721196  -0.32629444   1.19409823   1.09226496   0.74968045   0.60889238   0.58212651  -0.23137198  -0.42069031  -0.32563452  -0.25257217  -0.23243176   0.04312911   0.04406407   0.04406407   0.04406407   0.04406407   0.00320464   0.00150557   0.00131589   0.00146968   0.00157344
 5.50  5200.  0.0  2.0   0.64031000   0.53042982   0.49547849   0.66045683   0.70684851  -0.76052973  -0.47984112  -0.11057041  -0.44527204  -0.56026334   1.28128265   1.34799818   0.74118354   0.88508169   0.86958826  -0.25368498  -0.52685480  -0.33345501  -0.36729814  -0.34933038   0.03213740   0.03266501   0.03319473   0.03266501   0.03266501   0.00341019   0.00143730   0.00151766   0.00170998   0.00198760
 6.00  5200.  0.0  2.0   0.73156435   0.51713989   0.57046701   0.63228497   0.78990974  -0.88667340  -0.41460942  -0.30451343  -0.36484404  -0.77721865   1.37121828   1.29758402   0.99480103   0.83347402   1.13250493  -0.31307567  -0.53182098  -0.45635955  -0.36751252  -0.46444413   0.02367301   0.02460533   0.02460533   0.02460533   0.02433863   0.00372931   0.00187453   0.00175862   0.00198066   0.00269700
 0.50  5300.  0.0  2.0  -0.12017703   0.13869275   0.25366403   0.44456742   0.52789850   1.30246596   0.18665057   0.89966037   0.72554299   0.45902234  -0.88851361   0.63433341  -0.62276032  -0.72087720  -0.56095564   0.52963128  -0.14355719   0.26982205   0.30593293   0.26848878   0.40763096   0.42704486   0.42926486   0.42926486   0.42926486   0.00241238   0.00225526   0.00819054   0.01499881   0.01602100
 1.00  5300.  0.0  2.0   0.11102153   0.13083643   0.27587964   0.38430040   0.44932339   0.43471245   0.22314795   0.62060494   0.51416727   0.27040786   0.19670071   0.59013166  -0.21431154  -0.29736900  -0.12252485   0.12336637  -0.13069818   0.09853854   0.11201391   0.04945430   0.33355411   0.34846277   0.34846277   0.34846277   0.34846277   0.00333217   0.00100831   0.00307953   0.00401170   0.00396439
 1.50  5300.  0.0  2.0   0.16760564   0.31583639   0.30890476   0.85789462   0.92849651   0.37017434   0.00638445   0.45337856  -0.47634450  -0.72853151   0.26054214   0.68551563  -0.00378059   0.56535439   0.75595988   0.07777963  -0.15446367   0.00693845  -0.15969255  -0.23437146   0.25461912   0.26290990   0.26558692   0.26290990   0.26290990   0.00210886   0.00254328   0.00203745   0.01340286   0.01369561
 2.00  5300.  0.0  2.0   0.16605145   0.26668483   0.51038813   0.59743092   0.63260911   0.23067771   0.13536213   0.02614728  -0.09485304  -0.23613611   0.54258920   0.56044978   0.37819833   0.33413173   0.40497317  -0.06114073  -0.11825343  -0.11572467  -0.11054363  -0.14498341   0.21193036   0.21750041   0.21750041   0.21750041   0.21750041   0.00116542   0.00140105   0.00331518   0.00391249   0.00385936
 2.50  5300.  0.0  2.0   0.27145176   0.28801086   0.35302169   0.56568074   0.59746548   0.01413168   0.12347698   0.33006275  -0.08324339  -0.19915811   0.77948130   0.57387161   0.12142951   0.36081604   0.39355289  -0.16131373  -0.13896473  -0.03999542  -0.13010422  -0.14798866   0.17251943   0.17793342   0.17883342   0.17793342   0.17793342   0.00164308   0.00101019   0.00120935   0.00133071   0.00123458
 3.00  5300.  0.0  2.0   0.37606878   0.23097659   0.32603090   0.88899701   0.93854394  -0.32607389   0.26328035   0.36737105  -0.87281581  -1.02204006   1.22084759   0.43935486   0.09863219   1.15979098   1.21794362  -0.35561966  -0.10020452  -0.03623512  -0.41778343  -0.44267902   0.12835957   0.13309356   0.13309356   0.13107654   0.13107654   0.00181426   0.00096621   0.00070208   0.00398678   0.00413708
 3.50  5300.  0.0  2.0   0.29797915   0.39682450   0.55465911   0.60948822   0.63588817  -0.11294650  -0.09975804  -0.16561022  -0.23203807  -0.31421285   0.97716671   0.87584209   0.67492790   0.55636598   0.52836753  -0.25665658  -0.31435586  -0.27275569  -0.21833407  -0.20288234   0.10059587   0.10216870   0.10216870   0.10216870   0.10216870   0.00121000   0.00107186   0.00108618   0.00109080   0.00106841
 4.00  5300.  0.0  2.0   0.45840427   0.45615258   0.59531315   0.66103295   0.69718645  -0.52279563  -0.23324616  -0.27631714  -0.37286685  -0.47606159   1.38429693   1.02777543   0.81341560   0.72142022   0.71122190  -0.39710605  -0.38502932  -0.33521174  -0.28638628  -0.27584687   0.07415087   0.07573111   0.07573111   0.07573111   0.07573111   0.00198320   0.00105080   0.00099181   0.00107696   0.00114217
 4.50  5300.  0.0  2.0   0.51763794   0.39312086   0.46105643   0.50822876   0.76601548  -0.65972633  -0.08042009   0.04454863  -0.00326343  -0.66519485   1.47294758   0.89067437   0.50550273   0.35402092   0.93007382  -0.41012547  -0.34895517  -0.23180542  -0.15581628  -0.36368860   0.05779471   0.05965964   0.05965964   0.05965964   0.05872902   0.00230736   0.00137057   0.00117299   0.00123729   0.00158185
 5.00  5300.  0.0  2.0   0.54659561   0.47723302   0.54841403   0.60648844   0.64221502  -0.65529436  -0.29405072  -0.18540869  -0.25649047  -0.35239742   1.35284637   1.13137600   0.77234276   0.63713669   0.60988132  -0.33089896  -0.44954087  -0.34138709  -0.26735014  -0.24643197   0.04334637   0.04404935   0.04404935   0.04404935   0.04404935   0.00302046   0.00143066   0.00127527   0.00143417   0.00154033
 5.50  5300.  0.0  2.0   0.63754204   0.54141667   0.52587902   0.68967559   0.73182577  -0.79961253  -0.48833569  -0.16899388  -0.51211810  -0.61535752   1.42327370   1.38711317   0.81522221   0.96303616   0.92871893  -0.35101409  -0.56928459  -0.37969715  -0.40788682  -0.37825659   0.03210194   0.03263205   0.03298566   0.03263205   0.03263205   0.00331111   0.00152320   0.00169395   0.00183109   0.00206189
 6.00  5300.  0.0  2.0   0.72719658   0.51170038   0.56140240   0.62237596   0.77635000  -0.93159636  -0.39368707  -0.27118442  -0.34717316  -0.75926576   1.48823663   1.28950447   0.95905016   0.81766372   1.12073653  -0.38444660  -0.54558581  -0.45338584  -0.36862546  -0.46644380   0.02386280   0.02466191   0.02466191   0.02466191   0.02452841   0.00344521   0.00172386   0.00166099   0.00188498   0.00272770
 0.00  5400.  0.0  2.0   0.00430629  -0.00304667  -0.01453947   0.07604643   0.15416259   0.42165213   0.32207595   1.14681249   1.19969979   0.95200484   0.32101255   0.57893917  -0.58732443  -0.91428464  -0.75075117   0.08627069  -0.11708393   0.18603608   0.30597862   0.25851757   0.50892624   0.52833190   0.52833190   0.52833190   0.52833190   0.00172186   0.00017114   0.00104864   0.00199301   0.00233445
 0.50  5400.  0.0  2.0  -0.13546654   0.09047725   0.12460943   0.25427704   0.28943282   1.51909887   0.04737810   0.87679807   0.73557283   0.60391133  -1.22661712   0.93340009  -0.38418288  -0.42665023  -0.42084933   0.69433737  -0.28871789   0.12933372   0.11846162   0.14399120   0.40167554   0.42792900   0.42792900   0.42792900   0.42792900   0.00433576   0.00058841   0.00179023   0.00296262   0.00267413
 1.00  5400.  0.0  2.0   0.03246180   0.14112983   0.29087781   0.41907391   0.47168009   0.95684306   0.15796716   0.58271165   0.41226590   0.20438690  -0.58553121   0.69026574  -0.17607560  -0.18106665  -0.05610095   0.46103101  -0.18173941   0.07786193   0.05839772   0.02169193   0.33304189   0.34976636   0.34976636   0.34976636   0.34976636   0.00329321   0.00099846   0.00309306   0.00420935   0.00397942
 1.50  5400.  0.0  2.0   0.18864364   0.33813098   0.31856047   0.88378312   0.95405227   0.35607502  -0.05898889   0.43391526  -0.53699849  -0.79095286   0.27625353   0.75838448   0.00567715   0.62085891   0.81521525   0.05581727  -0.18237252   0.00499109  -0.18142329  -0.25711547   0.25460913   0.26284997   0.26549702   0.26284997   0.26284997   0.00240606   0.00277324   0.00209237   0.01392241   0.01411323
 2.00  5400.  0.0  2.0   0.16344289   0.28716331   0.52590126   0.61848806   0.65500746   0.30136014   0.07184329  -0.00588214  -0.14013186  -0.29266837   0.46523379   0.64448781   0.40401223   0.37129185   0.45932382  -0.05633866  -0.15954978  -0.12815929  -0.12644119  -0.16755648   0.21339872   0.21891883   0.21891883   0.21891883   0.21891883   0.00104917   0.00152834   0.00347815   0.00416199   0.00409254
 2.50  5400.  0.0  2.0   0.24344014   0.30170776   0.35898541   0.57874421   0.61574434   0.11065789   0.08439609   0.32091297  -0.11232713  -0.25408431   0.69021202   0.61945125   0.12070332   0.38201188   0.45644751  -0.15034824  -0.15978051  -0.03969099  -0.13844403  -0.17697112   0.17398881   0.17846284   0.17935284   0.17846284   0.17846284   0.00132615   0.00107063   0.00124650   0.00138171   0.00128744
 3.00  5400.  0.0  2.0   0.30069045   0.23858888   0.32908784   0.90584354   0.94897895  -0.08873765   0.24111733   0.36564731  -0.91314375  -1.05418532   0.97394427   0.46888160   0.09002268   1.19214607   1.25035712  -0.28686862  -0.11808280  -0.03441930  -0.43054013  -0.45812764   0.12988212   0.13390266   0.13390266   0.13189563   0.13189563   0.00108172   0.00102763   0.00074426   0.00419785   0.00431138
 3.50  5400.  0.0  2.0   0.35204813   0.33542381   0.44988231   0.49590587   0.51257237  -0.22157798   0.01519675   0.05631377   0.00665222  -0.05118884   1.12791758   0.79107498   0.46707224   0.32877006   0.27358999  -0.35211484  -0.30007090  -0.20685630  -0.14203897  -0.11488038   0.10063341   0.10324692   0.10324692   0.10324692   0.10324692   0.00116025   0.00099073   0.00080703   0.00082262   0.00081488
 4.00  5400.  0.0  2.0   0.43965676   0.41182717   0.52565346   0.58831730   0.61916465  -0.44141603  -0.14217283  -0.11982717  -0.21547419  -0.30985894   1.32806522   0.95581361   0.65807133   0.56415590   0.54731759  -0.41058255  -0.37307251  -0.28545321  -0.23297164  -0.21976049   0.07470725   0.07667063   0.07667063   0.07667063   0.07667063   0.00143038   0.00108696   0.00095339   0.00106254   0.00113241
 4.50  5400.  0.0  2.0   0.47309827   0.41142379   0.48208975   0.52448092   0.75786813  -0.54864372  -0.12787010  -0.00479599  -0.04911697  -0.65864516   1.41262475   0.95248751   0.55224970   0.39782059   0.92378123  -0.42595487  -0.38452185  -0.25468425  -0.17502996  -0.36438117   0.05847530   0.05971392   0.05971392   0.05971392   0.05909561   0.00210925   0.00132814   0.00113197   0.00119212   0.00165845
 5.00  5400.  0.0  2.0   0.56283332   0.46261409   0.52626752   0.58129798   0.61374341  -0.73420960  -0.27293768  -0.14206971  -0.21869395  -0.31182423   1.50949927   1.12843736   0.72978708   0.60431676   0.57691750  -0.42815878  -0.46305789  -0.33291325  -0.26061414  -0.23932199   0.04344302   0.04461146   0.04461146   0.04461146   0.04461146   0.00258607   0.00139683   0.00127911   0.00144067   0.00154104
 5.50  5400.  0.0  2.0   0.62426531   0.50436897   0.49618936   0.66636638   0.70982768  -0.79876678  -0.34407334  -0.05618908  -0.44371118  -0.56407678   1.51301759   1.22977643   0.68445166   0.89042563   0.88088140  -0.43430487  -0.53064184  -0.34498097  -0.39271877  -0.37152210   0.03241659   0.03312181   0.03347442   0.03312181   0.03312181   0.00286695   0.00136530   0.00160174   0.00186116   0.00209066
 6.00  5400.  0.0  2.0   0.71331210   0.49975988   0.55120560   0.61265411   0.77029367  -0.93920384  -0.34753042  -0.22636610  -0.32080464  -0.74881577   1.56156448   1.25009678   0.90313525   0.78604399   1.10909508  -0.43929526  -0.54686697  -0.44022789  -0.36201818  -0.46658542   0.02410988   0.02491049   0.02491049   0.02491049   0.02464329   0.00323267   0.00168984   0.00166321   0.00188124   0.00277513
 0.00  5500.  0.0  2.0   0.04487885   0.04854891   0.10246286   0.25719267   0.36741184   0.12185353   0.32926793   1.21092080   1.22865747   0.91198014   0.78622927   0.52062680  -0.87668858  -1.26609874  -1.03135831  -0.14047600  -0.09401261   0.34078201   0.51185065   0.43829863   0.51339801   0.52691623   0.52691623   0.52691623   0.52691623   0.00103175   0.00098010   0.00622310   0.01283991   0.01556548
 0.50  5500.  0.0  2.0  -0.11537254   0.09570386   0.12793635   0.26806727   0.28016107   1.37897977   0.00763844   0.85636175   0.69021228   0.63705124  -1.03813517   1.01597501  -0.35351780  -0.38578005  -0.47519026   0.60454213  -0.33919675   0.10809145   0.10084590   0.16623362   0.40629249   0.42941243   0.42941243   0.42941243   0.42941243   0.00297956   0.00051437   0.00155886   0.00268973   0.00222867
 1.00  5500.  0.0  2.0   0.03041140   0.15415333   0.30835200   0.45796440   0.49286526   1.08789727   0.09105809   0.53133031   0.29428466   0.14347469  -0.78108425   0.82107846  -0.11417954  -0.05537977  -0.00284255   0.51406608  -0.26538489   0.03904070   0.00181744  -0.00140795   0.34056352   0.35674368   0.35674368   0.35674368   0.35674368   0.00376561   0.00090890   0.00294153   0.00415975   0.00373733
 1.50  5500.  0.0  2.0   0.18868487   0.23661193   0.32001984   0.58393956   0.63175343   0.44248287   0.06251066   0.42596199  -0.03422773  -0.23281953   0.13272503   0.73281748   0.01578275   0.26650150   0.40049042   0.10785359  -0.20573787  -0.00527816  -0.10094607  -0.15146386   0.25878449   0.26811768   0.26940268   0.26811768   0.26811768   0.00259564   0.00121515   0.00206552   0.00345158   0.00315489
 2.00  5500.  0.0  2.0   0.18385550   0.30358645   0.53302752   0.62962832   0.66785859   0.30251452   0.00886541  -0.02872609  -0.17581129  -0.33656987   0.45878523   0.73439687   0.42747821   0.40844908   0.50647956  -0.07455276  -0.20477440  -0.14153614  -0.14506078  -0.18902125   0.21741429   0.22281450   0.22281450   0.22281450   0.22281450   0.00126401   0.00158580   0.00347059   0.00419719   0.00410519
 2.50  5500.  0.0  2.0   0.23844687   0.42847898   0.72841945   0.84858457   0.89451319   0.20578625  -0.20721470  -0.48624367  -0.70746113  -0.88148498   0.54624321   0.90993165   0.87715806   0.93760183   1.05302514  -0.10477127  -0.26882210  -0.30256359  -0.33112199  -0.38627223   0.17713531   0.18065140   0.18065140   0.18065140   0.18065140   0.00124619   0.00202688   0.00473921   0.00571163   0.00566728
 3.00  5500.  0.0  2.0   0.36124829   0.30333996   0.44088170   0.48469350   0.94584257  -0.13960405   0.11353517   0.13127349   0.07678665  -1.05667519   0.98387453   0.58132225   0.29824115   0.19553919   1.25860613  -0.30177866  -0.16144441  -0.10850286  -0.07474721  -0.46884281   0.13264480   0.13657043   0.13657043   0.13657043   0.13527188   0.00140085   0.00112764   0.00113287   0.00113379   0.00424245
 3.50  5500.  0.0  2.0   0.29920271   0.41504876   0.56447923   0.61792247   0.63004508  -0.04072596  -0.17051608  -0.20713836  -0.28099956  -0.33273935   0.96539213   0.99242621   0.72449517   0.61056146   0.55387525  -0.32986384  -0.38663051  -0.30380973  -0.24554091  -0.21890533   0.10299221   0.10452608   0.10452608   0.10452608   0.10452608   0.00085899   0.00111155   0.00114445   0.00117393   0.00113871
 4.00  5500.  0.0  2.0   0.37237122   0.41650958   0.52969294   0.59150505   0.61613730  -0.22278213  -0.15397615  -0.12510217  -0.22612139  -0.30713543   1.11385561   0.97946522   0.65649560   0.56944507   0.53939935  -0.36083994  -0.39357499  -0.28868342  -0.23686721  -0.21812137   0.07617318   0.07772196   0.07772196   0.07772196   0.07772196   0.00101592   0.00113226   0.00101886   0.00113918   0.00120226
 4.50  5500.  0.0  2.0   0.43716298   0.40782846   0.47517959   0.51484625   0.69899333  -0.45332854  -0.12744414   0.00591747  -0.04189170  -0.53798905   1.35985706   0.96371802   0.53821178   0.39090506   0.80563476  -0.44352758  -0.39980025  -0.25404789  -0.17572245  -0.32517527   0.05951930   0.06043912   0.06043912   0.06043912   0.06013262   0.00181545   0.00130316   0.00113269   0.00119038   0.00175632
 5.00  5500.  0.0  2.0   0.55094282   0.45838258   0.52543446   0.57861320   0.60702352  -0.71904127  -0.25692641  -0.13431192  -0.21778429  -0.30452040   1.55743577   1.11728042   0.71385441   0.59965357   0.56736961  -0.48385093  -0.46930090  -0.33134927  -0.26177851  -0.23828065   0.04387354   0.04503350   0.04503350   0.04503350   0.04503350   0.00219643   0.00135811   0.00131158   0.00147829   0.00156925
 5.50  5500.  0.0  2.0   0.63021364   0.51499568   0.50077368   0.67994566   0.71975004  -0.83845853  -0.35271093  -0.04728546  -0.47075247  -0.58679890   1.62438373   1.24454332   0.66043735   0.90890749   0.89724144  -0.51168965  -0.55052689  -0.34059312  -0.40244071  -0.37985058   0.03236435   0.03306856   0.03359578   0.03306856   0.03306856   0.00262911   0.00137186   0.00165867   0.00191981   0.00214486
 6.00  5500.  0.0  2.0   0.67107912   0.49177979   0.54508779   0.60669304   0.76367987  -0.86667082  -0.31290971  -0.19261385  -0.30467350  -0.73721443   1.54451086   1.22265192   0.85699078   0.76476113   1.09554730  -0.45959018  -0.55210147  -0.42952005  -0.35883145  -0.46563307   0.02438522   0.02505183   0.02505183   0.02505183   0.02478513   0.00336718   0.00163841   0.00166009   0.00187039   0.00283321
 0.50  5600.  0.0  2.0   0.06408850   0.08373681   0.17538170   0.28706895   0.35045414   0.26342642   0.25645132   0.72107540   0.64872792   0.43563889   0.66248942   0.59946584  -0.19908810  -0.36912328  -0.23540281  -0.16176915  -0.13436229   0.04758119   0.10960687   0.06917054   0.44013277   0.44993981   0.44993981   0.44993981   0.44993981   0.00105409   0.00051888   0.00189335   0.00271408   0.00278057
 1.00  5600.  0.0  2.0   0.09073241   0.25820592   0.52886856   0.76512807   0.80839598   0.66162628  -0.05875473   0.25653753  -0.13960608  -0.29808226  -0.10237085   0.92090039  -0.01259315   0.16869669   0.22374653   0.19777724  -0.28869232   0.04869220  -0.02350162  -0.02757382   0.34542602   0.35768448   0.35768448   0.35768448   0.35768448   0.00334734   0.00250704   0.01094531   0.01759366   0.01732068
 1.50  5600.  0.0  2.0   0.10725461   0.24287179   0.14145001   0.59487890   0.62533011   0.61570483  -0.01515151   0.72998540  -0.10747225  -0.24763123  -0.03541299   0.88771498  -0.19853473   0.37287798   0.43055880   0.15155006  -0.29677942   0.03764462  -0.15602955  -0.17190473   0.27759714   0.28492910   0.28725653   0.28492910   0.28492910   0.00133215   0.00111786   0.00058585   0.00315022   0.00280097
 2.00  5600.  0.0  2.0   0.14622604   0.20491280   0.32077452   0.38286601   0.40978697   0.50651917   0.15548645   0.38067699   0.30050151   0.17445408   0.15815310   0.66011272   0.08400007   0.00722004   0.06040066   0.04889882  -0.20391303  -0.04152778  -0.02663835  -0.04979011   0.22117013   0.22745320   0.22745320   0.22745320   0.22745320   0.00095308   0.00087749   0.00087509   0.00090145   0.00082734
 2.50  5600.  0.0  2.0   0.17779653   0.43325569   0.72572620   0.84477523   0.88615960   0.35906110  -0.23460224  -0.47435050  -0.69672797  -0.86454466   0.40905139   0.95364975   0.85632541   0.91957650   1.03184788  -0.08062301  -0.29356999  -0.29691106  -0.32673872  -0.38074535   0.18106498   0.18364807   0.18364807   0.18364807   0.18364807   0.00079610   0.00203677   0.00455980   0.00551580   0.00542972
 3.00  5600.  0.0  2.0   0.24130026   0.26292401   0.35453327   0.38458351   0.96388359   0.17279518   0.13193652   0.27116276   0.26391906  -1.11342716   0.70193626   0.71745616   0.24438799   0.05653824   1.32115556  -0.23552591  -0.28982993  -0.12960043  -0.04430737  -0.49291442   0.13478242   0.13800812   0.13800812   0.13800812   0.13608098   0.00075130   0.00101819   0.00088109   0.00084686   0.00434416
 3.50  5600.  0.0  2.0   0.29175081   0.34843348   0.46270800   0.50895331   0.51768779   0.03846650  -0.01988966   0.03234394  -0.02823870  -0.07092789   0.84943020   0.85350077   0.48001986   0.35244168   0.28546321  -0.29152609  -0.34686827  -0.21882207  -0.15391551  -0.12268533   0.10399610   0.10602384   0.10602384   0.10602384   0.10602384   0.00082085   0.00106896   0.00093317   0.00096010   0.00093851
 4.00  5600.  0.0  2.0   0.32873359   0.46814984   0.60796677   0.66780199   0.68384711  -0.06512901  -0.27737504  -0.31470498  -0.41843466  -0.47914007   0.95380346   1.11382396   0.84557736   0.76344369   0.71266492  -0.32595455  -0.45288268  -0.36162743  -0.31026932  -0.28345381   0.07722944   0.07799659   0.07799659   0.07799659   0.07799659   0.00099993   0.00108437   0.00112698   0.00124192   0.00129513
 4.50  5600.  0.0  2.0   0.44657130   0.40647130   0.47462244   0.51334366   0.69495886  -0.44120640  -0.12874678   0.00566010  -0.04903208  -0.54130914   1.36671346   0.97972808   0.53478930   0.39803142   0.80981689  -0.47432395  -0.41862101  -0.25714654  -0.18156228  -0.32954083   0.05971892   0.06093656   0.06093656   0.06093656   0.06063206   0.00142420   0.00128832   0.00115718   0.00122131   0.00184224
 5.00  5600.  0.0  2.0   0.51913330   0.44978514   0.54601849   0.60688553   0.63093764  -0.64099113  -0.18157962  -0.16067092  -0.28507206  -0.36573946   1.59670476   1.05598698   0.75484623   0.68703641   0.64427857  -0.57692751  -0.48098521  -0.37171631  -0.31384453  -0.28136304   0.04437423   0.04506722   0.04506722   0.04506722   0.04506722   0.00189747   0.00121590   0.00136942   0.00155513   0.00163250
 5.50  5600.  0.0  2.0   0.57032766   0.49387618   0.49455370   0.66204178   0.69891421  -0.72527400  -0.29878414  -0.03201057  -0.44522075  -0.55900170   1.58301925   1.20251386   0.64340464   0.88984764   0.87776713  -0.53698218  -0.55113778  -0.34237230  -0.40266203  -0.37914770   0.03319972   0.03354983   0.03372483   0.03354983   0.03354983   0.00270624   0.00131372   0.00157137   0.00195183   0.00216541
 6.00  5600.  0.0  2.0   0.65590322   0.48555639   0.54375281   0.60536178   0.76026980  -0.86616060  -0.27944122  -0.17157235  -0.30102618  -0.73373931   1.61189809   1.19200377   0.82218702   0.75601914   1.08976690  -0.51629024  -0.55450324  -0.42179632  -0.35983509  -0.46722285   0.02463530   0.02503550   0.02503550   0.02503550   0.02476880   0.00310227   0.00157380   0.00165526   0.00185643   0.00293692
 0.50  5700.  0.0  2.0   0.05079931   0.15411028   0.34382526   0.52576943   0.61730159   0.39383903   0.29003559   0.68760080   0.50002517   0.20533732   0.49354128   0.46286083  -0.42409014  -0.53006178  -0.29662312  -0.11279153  -0.07827380   0.18449024   0.24155247   0.16135643   0.43424931   0.44217050   0.44217050   0.44217050   0.44217050   0.00113990   0.00207363   0.00860288   0.01391084   0.01538629
 1.00  5700.  0.0  2.0   0.10875210   0.26730180   0.54197175   0.78792313   0.82721956   0.35290614  -0.07754717   0.22575684  -0.21487332  -0.36907781   0.43211101   0.96422321   0.01311099   0.24192030   0.30192730  -0.07502040  -0.32482408   0.03227413  -0.05448783  -0.06255356   0.36036960   0.36845250   0.36845250   0.36845250   0.36845250   0.00208414   0.00255588   0.01086970   0.01735279   0.01688122
 1.50  5700.  0.0  2.0   0.19870354   0.36116360   0.31006509   0.94387841   0.98313065   0.48675396  -0.17984818   0.45069982  -0.74644785  -0.90001669   0.09244090   0.97483147  -0.00886173   0.87044207   0.93446259   0.08406985  -0.31080781  -0.01118474  -0.30152610  -0.31653588   0.27151033   0.27897203   0.28132941   0.27897203   0.27897203   0.00281432   0.00259159   0.00186053   0.01353422   0.01322986
 2.00  5700.  0.0  2.0   0.26338212   0.19896620   0.31673012   0.38884468   0.41047284   0.27929360   0.17287559   0.40414455   0.27863569   0.16704374   0.40638324   0.64752713   0.04805683   0.03358618   0.06582190  -0.07639799  -0.20863332  -0.03306298  -0.04546092  -0.05648771   0.22511194   0.23220296   0.23220296   0.23220296   0.23220296   0.00228996   0.00082418   0.00086733   0.00091981   0.00083431
 2.50  5700.  0.0  2.0   0.28938676   0.43784988   0.72214796   0.84338139   0.88741333   0.13123407  -0.27650871  -0.47995825  -0.71558689  -0.89495320   0.64740457   1.03058840   0.87210743   0.95309186   1.07983559  -0.19200814  -0.33708834  -0.31045931  -0.34767618  -0.40682131   0.18289890   0.18627514   0.18627514   0.18627514   0.18627514   0.00163312   0.00197192   0.00447703   0.00549242   0.00536066
 3.00  5700.  0.0  2.0   0.23853421   0.34191314   0.47387969   0.50786333   0.96201583   0.22818508  -0.07037956  -0.00846348  -0.02724718  -1.12422108   0.60522016   0.94661840   0.52041622   0.34055225   1.33540581  -0.19930964  -0.38823297  -0.23257948  -0.14733757  -0.50152615   0.13631072   0.13885789   0.13885789   0.13885789   0.13758930   0.00074956   0.00117721   0.00125350   0.00121974   0.00436566
 3.50  5700.  0.0  2.0   0.33871511   0.42580441   0.57591336   0.62330175   0.62557732   0.01309830  -0.21700740  -0.24340121  -0.30867580  -0.33586170   0.81653029   1.07524186   0.75953368   0.63313392   0.55040914  -0.27705745  -0.44191889  -0.32519200  -0.25765504  -0.22052544   0.10442619   0.10643396   0.10643396   0.10643396   0.10643396   0.00091188   0.00117062   0.00123517   0.00126317   0.00122152
 4.00  5700.  0.0  2.0   0.32447327   0.41738026   0.52687757   0.58518641   0.59872376  -0.00891818  -0.17785630  -0.13160101  -0.23795980  -0.29321770   0.87659086   1.04053360   0.66313126   0.58463078   0.52781734  -0.30818408  -0.44232405  -0.30063493  -0.24891921  -0.21928286   0.07788971   0.07902902   0.07902902   0.07902902   0.07902902   0.00092326   0.00110677   0.00110748   0.00126468   0.00133305
 4.50  5700.  0.0  2.0   0.40369994   0.39268934   0.45913479   0.49799239   0.73929788  -0.28092658  -0.09607071   0.04587768  -0.01603396  -0.65270298   1.19562396   0.95744661   0.48654503   0.35908386   0.91832974  -0.42985229  -0.42166749  -0.24246227  -0.16874568  -0.37036186   0.06039083   0.06159749   0.06159749   0.06159749   0.06069383   0.00127790   0.00136035   0.00126908   0.00131684   0.00193340
 5.00  5700.  0.0  2.0   0.46888803   0.44426127   0.54542516   0.60563934   0.62583755  -0.49778625  -0.15999785  -0.15535570  -0.29011240  -0.36462108   1.48423519   1.04112392   0.74307766   0.69182295   0.64405288  -0.56797484  -0.48825057  -0.37229925  -0.31983730  -0.28497450   0.04484746   0.04530695   0.04530695   0.04530695   0.04530695   0.00189730   0.00118973   0.00140659   0.00159674   0.00166210
 5.50  5700.  0.0  2.0   0.56431886   0.49251963   0.48300918   0.66553533   0.69796874  -0.72541484  -0.28247487   0.00409157  -0.45997616  -0.56625337   1.64678150   1.19051259   0.59743758   0.90389619   0.88502764  -0.59856169  -0.55961622  -0.33037390  -0.41241631  -0.38550871   0.03318843   0.03353804   0.03406077   0.03353804   0.03353804   0.00234327   0.00127019   0.00158084   0.00200746   0.00222288
 6.00  5700.  0.0  2.0   0.64805771   0.47016533   0.53436565   0.59537313   0.75049879  -0.88017217  -0.22648948  -0.13636150  -0.28018455  -0.71914468   1.69600981   1.14203627   0.77511064   0.73166864   1.07512208  -0.58189641  -0.54953214  -0.40946385  -0.35523105  -0.46597595   0.02460997   0.02527459   0.02527459   0.02527459   0.02500888   0.00274844   0.00153861   0.00166880   0.00184829   0.00297858
 0.50  5800.  0.0  2.0   0.01233887   0.08903287   0.35343367   0.53727211   0.62526971   0.62084702   0.54628218   0.61757019   0.38329745   0.09497159   0.27438150   0.24906460  -0.25699932  -0.33221581  -0.09955419  -0.08750462  -0.06819570   0.06393183   0.13292845   0.05223507   0.44486750   0.45228924   0.45228924   0.45228924   0.45228924   0.00112324   0.00149154   0.00781930   0.01245401   0.01378289
 1.00  5800.  0.0  2.0   0.13893492   0.17792994   0.31587404   0.47945169   0.48515943   0.56752991  -0.01581586   0.49933028   0.20786493   0.14367428   0.03508110   1.02708070  -0.07964288   0.02146596  -0.00821124   0.09687307  -0.38942790   0.01202662  -0.03153728  -0.00844982   0.35986513   0.37252136   0.37252136   0.37252136   0.37252136   0.00433835   0.00090256   0.00249451   0.00347621   0.00287395
 1.50  5800.  0.0  2.0   0.26791521   0.25426696   0.31167622   0.62099918   0.63604855   0.24485758  -0.03341246   0.43632516  -0.18194071  -0.26803323   0.47973427   0.92356972   0.01146621   0.44092837   0.43054072  -0.12844385  -0.32679043  -0.02584774  -0.18749642  -0.17266995   0.27397759   0.28236199   0.28350699   0.28236199   0.28236199   0.00384407   0.00105040   0.00181921   0.00294450   0.00256456
 2.00  5800.  0.0  2.0   0.28925808   0.21887158   0.32377650   0.39605484   0.40877105   0.21803600   0.07202072   0.36620366   0.24392817   0.16431641   0.48315478   0.81006734   0.10225741   0.07607648   0.06842418  -0.11808935  -0.28978330  -0.05973577  -0.06438270  -0.05869124   0.22814857   0.23502486   0.23502486   0.23502486   0.23502486   0.00255944   0.00092849   0.00090435   0.00095988   0.00086963
 2.50  5800.  0.0  2.0   0.25845730   0.34953992   0.24820584   0.60844063   0.61124022   0.11768776  -0.17719474   0.47319210  -0.25008524  -0.28533908   0.79490434   1.13068683   0.07663266   0.55297165   0.48581843  -0.31244994  -0.47473449  -0.08539187  -0.22516111  -0.19551156   0.18894127   0.19216770   0.19375594   0.19216770   0.19216770   0.00120921   0.00107360   0.00086003   0.00140791   0.00129623
 3.00  5800.  0.0  2.0   0.27920035   0.28711254   0.36857727   0.39422559   0.72877351   0.14803872   0.04138979   0.23603542   0.24046496  -0.56940725   0.74272926   0.86549435   0.27479806   0.06501072   0.76885756  -0.29666027  -0.37599620  -0.14808689  -0.04873025  -0.29663848   0.13793891   0.14105476   0.14105476   0.14105476   0.13981113   0.00098429   0.00118817   0.00103001   0.00098727   0.00142036
 3.50  5800.  0.0  2.0   0.23742288   0.43526393   0.57725437   0.62264792   0.62447101   0.26997188  -0.26159512  -0.25402705  -0.31260570  -0.33725160   0.58061318   1.15207660   0.77562965   0.63744208   0.55198336  -0.21803408  -0.48435298  -0.33528389  -0.26077911  -0.22303446   0.10719311   0.10817202   0.10817202   0.10817202   0.10817202   0.00073937   0.00123411   0.00127464   0.00130099   0.00125645
 4.00  5800.  0.0  2.0   0.32877338   0.42611174   0.53476257   0.59044154   0.60186968   0.02636542  -0.20724004  -0.15303697  -0.25597995  -0.30666275   0.83931679   1.08723523   0.68133978   0.59807230   0.53745504  -0.31552366  -0.47162847  -0.31047727  -0.25488068  -0.22415783   0.07847206   0.07960039   0.07960039   0.07960039   0.07960039   0.00089189   0.00115790   0.00118175   0.00134377   0.00141084
 4.50  5800.  0.0  2.0   0.41002536   0.39143649   0.48842015   0.53259400   0.75630856  -0.23352338  -0.04089761  -0.01039044  -0.10386573  -0.70431003   1.18209186   0.91380037   0.56050253   0.46909118   0.98853923  -0.47243555  -0.43677551  -0.29302678  -0.22789361  -0.41043501   0.06044811   0.06164677   0.06164677   0.06164677   0.06104844   0.00099333   0.00115833   0.00127910   0.00137077   0.00198453
 5.00  5800.  0.0  2.0   0.45564990   0.44141758   0.54700733   0.60630739   0.62307442  -0.43403594  -0.14474866  -0.15557604  -0.29888471  -0.36728047   1.43970467   1.03161978   0.73650777   0.69951663   0.64590403  -0.57945686  -0.49666640  -0.37418575  -0.32633526  -0.28860241   0.04507621   0.04553170   0.04553170   0.04553170   0.04553170   0.00166622   0.00119401   0.00145766   0.00164643   0.00170242
 5.50  5800.  0.0  2.0   0.55023595   0.48522700   0.47919419   0.66341985   0.69229099  -0.69308482  -0.25278808   0.01992613  -0.46226928  -0.56300027   1.66717880   1.16387672   0.57217361   0.90541912   0.88187902  -0.64244799  -0.56171962  -0.32526606  -0.41716419  -0.38785602   0.03334226   0.03368987   0.03421010   0.03368987   0.03368987   0.00205844   0.00126644   0.00158024   0.00207179   0.00227181
 6.00  5800.  0.0  2.0   0.63620559   0.46233177   0.53098423   0.59157960   0.74512214  -0.88032347  -0.19273184  -0.11820757  -0.27658323  -0.71641650   1.76405481   1.11001872   0.74522608   0.72606418   1.07262256  -0.64257909  -0.54990002  -0.40249281  -0.35740958  -0.46880791   0.02471186   0.02524327   0.02524327   0.02524327   0.02497756   0.00245194   0.00148209   0.00167666   0.00184002   0.00310454
 0.50  5900.  0.0  2.0  -0.03006569   0.09265694   0.17614065   0.26730375   0.33533875   0.87918246   0.24585868   0.75962107   0.70898034   0.42878114  -0.14199944   0.72166309  -0.27051592  -0.48250241  -0.21216491   0.11633204  -0.26264287   0.05454826   0.14769036   0.04002131   0.44315940   0.45211758   0.45211758   0.45211758   0.45211758   0.00103650   0.00046377   0.00137171   0.00162467   0.00169712
 1.00  5900.  0.0  2.0   0.04882295   0.29987795   0.58025355   0.78002088   0.86464791   0.57302825   0.00191803   0.09670115  -0.21286414  -0.48339311   0.31998476   0.77713517   0.17395523   0.22923713   0.43824993  -0.12508251  -0.22420652  -0.04068165  -0.04592528  -0.12113507   0.36777326   0.37072997   0.37072997   0.37072997   0.37072997   0.00066699   0.00316852   0.01055478   0.01525427   0.01633457
 1.50  5900.  0.0  2.0   0.14678399   0.39402061   0.30639293   0.94393955   0.97869276   0.24952315  -0.33864187   0.42524800  -0.78632234  -0.93506953   0.72800690   1.24797655   0.04266721   0.91810407   0.99418129  -0.30765042  -0.45874653  -0.04572008  -0.32419288  -0.34998901   0.27944520   0.28288768   0.28509522   0.28288768   0.28288768   0.00123869   0.00262065   0.00174283   0.01230336   0.01203428
 2.00  5900.  0.0  2.0   0.37585513   0.35132918   0.56250110   0.63462026   0.64250621  -0.10783209  -0.26342862  -0.17981494  -0.23644625  -0.31504167   1.00571254   1.28720849   0.66705284   0.47763991   0.48680019  -0.39765718  -0.54770133  -0.28261288  -0.18512159  -0.19266296   0.22995656   0.23572014   0.23572014   0.23572014   0.23572014   0.00336002   0.00155491   0.00320673   0.00366761   0.00341898
 2.50  5900.  0.0  2.0   0.36732162   0.35538243   0.37801015   0.60619999   0.61229605  -0.08359899  -0.20578381   0.19902276  -0.24457906  -0.29439478   1.00110560   1.18930899   0.32547886   0.53853862   0.49518666  -0.41309355  -0.51354544  -0.17311324  -0.22097358  -0.20343464   0.18968136   0.19363609   0.19441609   0.19363609   0.19363609   0.00221631   0.00106728   0.00133467   0.00140920   0.00130645
 3.00  5900.  0.0  2.0   0.24616048   0.36421903   0.49094124   0.51853995   0.72650409   0.20542375  -0.14107524  -0.04242371  -0.04186068  -0.56185795   0.73051241   1.06155519   0.54263528   0.33171264   0.75146565  -0.32424339  -0.45752067  -0.24557807  -0.14310186  -0.29024661   0.13969128   0.14153491   0.14153491   0.14153491   0.14091991   0.00097286   0.00132437   0.00137352   0.00131680   0.00146456
 3.50  5900.  0.0  2.0   0.20107763   0.38039937   0.48777426   0.52496331   0.52828090   0.39630382  -0.12990041  -0.03385613  -0.07445839  -0.10235587   0.45741082   1.02667446   0.53810498   0.37964770   0.29779130  -0.19784079  -0.44988448  -0.24979661  -0.16572233  -0.12927420   0.10770700   0.10867592   0.10867592   0.10867592   0.10867592   0.00077593   0.00128634   0.00115624   0.00117199   0.00114914
 4.00  5900.  0.0  2.0   0.29531195   0.43612873   0.54318413   0.59648441   0.60453136   0.14699664  -0.24141536  -0.17780766  -0.27741580  -0.31644424   0.71093802   1.13908006   0.70335990   0.61579557   0.53997410  -0.28519565  -0.50222884  -0.32115271  -0.26233886  -0.22498145   0.07936865   0.08011282   0.08011282   0.08011282   0.08011282   0.00091658   0.00121731   0.00125142   0.00141479   0.00148992
 4.50  5900.  0.0  2.0   0.32455159   0.37346755   0.46675834   0.51471919   0.71098748  -0.01723926  -0.01288812   0.02991802  -0.07873446  -0.60732600   0.98193496   0.90842580   0.52631198   0.45309860   0.89371622  -0.42085885  -0.44771341  -0.28561023  -0.22664153  -0.37835208   0.06185921   0.06244855   0.06244855   0.06244855   0.06185921   0.00122742   0.00120240   0.00135835   0.00144624   0.00207284
 5.00  5900.  0.0  2.0   0.42588672   0.43023216   0.53692397   0.59734872   0.61230378  -0.31319423  -0.11205398  -0.12981357  -0.28678643  -0.35173844   1.31575485   1.00544525   0.70365423   0.68713976   0.62910805  -0.55448789  -0.49872006  -0.36575039  -0.32539446  -0.28493368   0.04552496   0.04597745   0.04597745   0.04597745   0.04597745   0.00147851   0.00122837   0.00153685   0.00171189   0.00175087
 5.50  5900.  0.0  2.0   0.54318995   0.47681519   0.47842610   0.65842959   0.68583749  -0.67939349  -0.23586093   0.01413528  -0.46658685  -0.56400480   1.69190727   1.15792471   0.58069480   0.91701627   0.88890992  -0.67803115  -0.56968537  -0.33312521  -0.42585435  -0.39388773   0.03347112   0.03398785   0.03433147   0.03398785   0.03398785   0.00189087   0.00128580   0.00158371   0.00211549   0.00229628
 6.00  5900.  0.0  2.0   0.61846744   0.44985502   0.52656971   0.58364331   0.73655083  -0.86069479  -0.15136948  -0.10900366  -0.26992665  -0.71205043   1.80872449   1.06970567   0.73308581   0.72122867   1.07173313  -0.69548441  -0.54607858  -0.40411707  -0.36036609  -0.47267435   0.02496593   0.02536214   0.02536214   0.02536214   0.02509843   0.00218529   0.00142015   0.00167755   0.00182884   0.00320487
 1.00  6000.  0.0  2.0   0.02165962   0.14486968   0.37065783   0.49314889   0.53564631   0.83523007   0.38183800   0.36545269   0.17751117   0.00996579  -0.04645837   0.45177852   0.09922491   0.04452691   0.14493748   0.00106948  -0.16470134  -0.09288657  -0.04684007  -0.07741754   0.36787314   0.37216681   0.37216681   0.37216681   0.37216681   0.00072101   0.00086364   0.00258017   0.00292421   0.00274509
 1.50  6000.  0.0  2.0   0.24597309   0.27720036   0.30359804   0.60339585   0.61492934   0.11696980  -0.15757612   0.43014531  -0.14823221  -0.23564744   0.81237198   1.16245143   0.03727848   0.38924409   0.40303065  -0.34323663  -0.46571903  -0.04879539  -0.16614703  -0.16894305   0.27925172   0.28483431   0.28591431   0.28483431   0.28483431   0.00230906   0.00099952   0.00167503   0.00249415   0.00217367
 2.00  6000.  0.0  2.0   0.17558725   0.24553246   0.34988191   0.38295819   0.38562561   0.26479384  -0.07269454   0.25670142   0.29365202   0.23250007   0.73290466   1.16362322   0.27591405  -0.01313789  -0.02327020  -0.34838860  -0.53207717  -0.15890398  -0.02300015  -0.02300799   0.23455540   0.23821138   0.23821138   0.23821138   0.23821138   0.00092477   0.00082892   0.00098008   0.00097453   0.00087923
 2.50  6000.  0.0  2.0   0.38885623   0.49807941   0.38155105   0.87526135   0.88216131  -0.06634414  -0.51499380   0.19490747  -0.82039501  -0.86609899   0.97232524   1.49661383   0.31994010   1.06093697   1.00961345  -0.42051446  -0.63012507  -0.17052902  -0.39609679  -0.37484010   0.18899212   0.19212863   0.19365693   0.19212863   0.19212863   0.00244060   0.00211786   0.00136065   0.00522500   0.00512505
 3.00  6000.  0.0  2.0   0.27268295   0.36916397   0.48803296   0.51181622   0.96131521   0.16942488  -0.17116158  -0.04352025  -0.03172454  -1.10425058   0.78755480   1.12285768   0.54556963   0.31745117   1.27675654  -0.37558919  -0.49639217  -0.25074279  -0.13931523  -0.47727932   0.14078008   0.14258374   0.14258374   0.14258374   0.14138508   0.00108736   0.00130388   0.00138408   0.00132946   0.00438871
 3.50  6000.  0.0  2.0   0.21089694   0.38034657   0.48830790   0.52265702   0.52048020   0.40139934  -0.14136912  -0.04505879  -0.07953980  -0.08600935   0.45926853   1.05595355   0.55098012   0.38358959   0.27163652  -0.22077790  -0.47162495  -0.25805325  -0.16884261  -0.11866150   0.10843619   0.10939513   0.10939513   0.10939513   0.10939513   0.00084842   0.00125566   0.00120026   0.00122642   0.00120361
 4.00  6000.  0.0  2.0   0.30691417   0.49023745   0.62001475   0.66660807   0.67055827   0.15756882  -0.37333664  -0.36685684  -0.45169163  -0.47927670   0.69714087   1.28202809   0.89184973   0.78789071   0.69959330  -0.29800746  -0.56297747  -0.39205616  -0.32570091  -0.28383536   0.07983413   0.08020313   0.08020313   0.08020313   0.08020313   0.00099230   0.00118004   0.00133734   0.00149606   0.00158077
 4.50  6000.  0.0  2.0   0.33106310   0.37818343   0.47850657   0.52253905   0.71802996   0.03497450  -0.00433774   0.01078317  -0.09516209  -0.62277271   0.90941323   0.89494616   0.53095565   0.45671031   0.89543253  -0.41190162  -0.45258813  -0.28979507  -0.22854247  -0.37841167   0.06201004   0.06259689   0.06259689   0.06259689   0.06201004   0.00127394   0.00123986   0.00144453   0.00151645   0.00219418
 5.00  6000.  0.0  2.0   0.41612165   0.42764376   0.54020137   0.59747920   0.61042325  -0.24447991  -0.10102244  -0.14382323  -0.29929783  -0.36016226   1.24241511   0.99888015   0.71734778   0.70090125   0.63771905  -0.54617975  -0.50624528  -0.37582890  -0.33383667  -0.29048515   0.04576119   0.04621020   0.04621020   0.04621020   0.04621020   0.00136614   0.00121509   0.00158940   0.00175935   0.00179472
 5.50  6000.  0.0  2.0   0.52438299   0.47297498   0.47732824   0.66190003   0.68400759  -0.59962037  -0.20370601   0.02046475  -0.48385829  -0.57099293   1.64160455   1.11668461   0.56383665   0.93106566   0.89235355  -0.69608744  -0.56415768  -0.33167614  -0.43496363  -0.39785497   0.03367189   0.03401551   0.03452875   0.03401551   0.03401551   0.00163073   0.00128805   0.00159731   0.00222322   0.00239850
 6.00  6000.  0.0  2.0   0.61775591   0.44125056   0.52612039   0.58272034   0.73321485  -0.86518245  -0.11983498  -0.11126297  -0.27944630  -0.71778734   1.85421887   1.03535081   0.73337345   0.73402324   1.08088170  -0.73806356  -0.53984066  -0.40785291  -0.36865810  -0.47892132   0.02485170   0.02537712   0.02537712   0.02537712   0.02524562   0.00202705   0.00143481   0.00169844   0.00184028   0.00323757
 1.00  6100.  0.0  2.0  -0.02550446   0.11684224   0.36882990   0.48825371   0.53509221   0.89793972   0.48391883   0.34108689   0.15090480  -0.03629348  -0.06075309   0.38078572   0.16442356   0.09543090   0.23691737  -0.02589377  -0.17423080  -0.14122267  -0.07741983  -0.13174837   0.36897532   0.37178726   0.37178726   0.37178726   0.37178726   0.00037805   0.00086461   0.00235526   0.00261673   0.00254801
 1.50  6100.  0.0  2.0   0.28907224   0.41497795   0.74000982   0.93270410   0.95994637   0.07136675  -0.40625643  -0.40509773  -0.76618550  -0.89628091   0.88758871   1.38998112   0.73657870   0.87702145   0.94673262  -0.40792969  -0.55348029  -0.26997863  -0.30841321  -0.33655433   0.27937159   0.28379667   0.28379667   0.28379667   0.28379667   0.00289599   0.00258844   0.00831723   0.01108822   0.01090625
 2.00  6100.  0.0  2.0   0.24257065   0.24313678   0.34419841   0.37299020   0.38858484   0.25099875  -0.07544006   0.27212991   0.32051252   0.20707625   0.67005128   1.19911364   0.25708882  -0.04969185   0.01921850  -0.32774003  -0.56519033  -0.15610941  -0.01128229  -0.04964963   0.23462137   0.23911040   0.23911040   0.23911040   0.23911040   0.00161107   0.00074051   0.00095605   0.00096819   0.00087622
 2.50  6100.  0.0  2.0   0.15253827   0.48453052   0.76833322   0.85484851   0.86491450   0.48609692  -0.49207520  -0.65411564  -0.77227309  -0.84439685   0.43401732   1.50664329   1.12470360   1.00579406   1.00417179  -0.25374138  -0.65665070  -0.45541042  -0.37944160  -0.38472596   0.19555899   0.19630399   0.19630399   0.19630399   0.19630399   0.00083562   0.00194715   0.00427281   0.00489017   0.00472021
 3.00  6100.  0.0  2.0   0.25290793   0.29944090   0.37297807   0.38828869   0.71755234   0.32512888  -0.02786929   0.21758871   0.25455865  -0.54403341   0.55669561   1.01232387   0.28711093   0.02576598   0.72683846  -0.28755971  -0.47397244  -0.16188128  -0.03529431  -0.28737437   0.14186888   0.14421129   0.14421129   0.14421129   0.14304758   0.00106259   0.00124062   0.00120163   0.00115455   0.00160361
 3.50  6100.  0.0  2.0   0.20425028   0.38602724   0.48835546   0.51931816   0.50891257   0.49064647  -0.17656886  -0.05477154  -0.07796061  -0.05232304   0.33581978   1.12797777   0.56601489   0.38078186   0.22435281  -0.18611531  -0.51604363  -0.26805471  -0.16942030  -0.09933450   0.10952000   0.11045896   0.11045896   0.11045896   0.11045896   0.00086004   0.00127132   0.00125629   0.00128766   0.00126385
 4.00  6100.  0.0  2.0   0.29767482   0.49355162   0.62080401   0.66352861   0.66713673   0.23489890  -0.39929588  -0.37973307  -0.45308608  -0.47601668   0.58884525   1.33600961   0.91035801   0.79000166   0.69380298  -0.26317390  -0.59656969  -0.40264842  -0.32788980  -0.28259533   0.08039452   0.08075752   0.08075752   0.08075752   0.08075752   0.00097536   0.00119959   0.00137881   0.00154425   0.00163718
 4.50  6100.  0.0  2.0   0.34411890   0.39200621   0.50404549   0.54390953   0.72563438   0.04430574  -0.02554297  -0.05144797  -0.15201199  -0.64942098   0.89155682   0.91598828   0.58883164   0.51082966   0.92018396  -0.42043326  -0.46779880  -0.31340792  -0.24989030  -0.38913598   0.06233169   0.06262269   0.06262269   0.06262269   0.06233169   0.00138966   0.00120703   0.00145292   0.00152904   0.00228967
 5.00  6100.  0.0  2.0   0.40971230   0.43774968   0.55451765   0.60994486   0.62052232  -0.19103859  -0.12903217  -0.18742550  -0.34297265  -0.39593626   1.17893828   1.04209758   0.76584858   0.75136452   0.67663477  -0.53377448  -0.53323379  -0.39795633  -0.35598163  -0.30687741   0.04593450   0.04615700   0.04615700   0.04615700   0.04615700   0.00133300   0.00120682   0.00160793   0.00178520   0.00183178
 5.50  6100.  0.0  2.0   0.51073906   0.47245918   0.48405793   0.66376240   0.68351891  -0.52437606  -0.19339588   0.00733312  -0.49506232  -0.57721156   1.57095539   1.11035122   0.56822898   0.93998371   0.89496391  -0.69201253  -0.57254270  -0.33558516  -0.44081275  -0.40018084   0.03383171   0.03417333   0.03451296   0.03417333   0.03417333   0.00150834   0.00132540   0.00161890   0.00230140   0.00246902
 6.00  6100.  0.0  2.0   0.50869172   0.38344098   0.47417408   0.54033960   0.69973883  -0.51107776   0.13478767   0.10277484  -0.12759891  -0.60811080   1.50030353   0.71209057   0.45837535   0.55308867   0.95574907  -0.64477327  -0.42516086  -0.30820401  -0.30914087  -0.44070310   0.02535250   0.02548300   0.02548300   0.02548300   0.02535250   0.00183991   0.00128037   0.00171936   0.00186081   0.00352129
 1.00  6200.  0.0  2.0   0.05624677   0.28176048   0.60196852   0.78187742   0.85964483   0.61990701   0.10336240   0.01514172  -0.27790403  -0.54384723   0.25890183   0.76850877   0.30419905   0.31556991   0.55288211  -0.14569798  -0.30707917  -0.13044983  -0.09665947  -0.19227965   0.36980440   0.37123940   0.37123940   0.37123940   0.37123940   0.00051508   0.00308370   0.01030262   0.01384928   0.01500105
 1.50  6200.  0.0  2.0   0.14757448   0.13430303   0.77176200   0.95688556   1.01106981   0.53763199   0.15435089  -0.50151848  -0.84305256  -1.03554388   0.32749311   0.93238330   0.86080057   0.96506972   1.10371677  -0.20289199  -0.42574739  -0.32941664  -0.34627908  -0.40196465   0.28179269   0.28601306   0.28287769   0.28287769   0.28287769   0.00069829   0.00014418   0.00867022   0.01115640   0.01169935
 2.00  6200.  0.0  2.0   0.27650861   0.23960605   0.33782482   0.36321371   0.38425583   0.22559319  -0.06723978   0.29307139   0.34782184   0.21518050   0.68612848   1.21790728   0.23056864  -0.08617747   0.00935798  -0.35406310  -0.59047598  -0.14980419   0.00026883  -0.04966558   0.23544046   0.23984460   0.23984460   0.23984460   0.23984460   0.00192996   0.00065490   0.00092781   0.00095109   0.00087063
 2.50  6200.  0.0  2.0   0.22986887   0.37027579   0.53797233   0.58617265   0.60150706   0.42800582  -0.26997907  -0.15726589  -0.17933563  -0.26860668   0.41254773   1.33645203   0.65765178   0.43634957   0.46060563  -0.23734038  -0.61485681  -0.29682031  -0.18256565  -0.20100844   0.19310754   0.19531428   0.19531428   0.19531428   0.19531428   0.00123610   0.00100132   0.00133943   0.00138388   0.00133768
 3.00  6200.  0.0  2.0   0.23051866   0.37018501   0.47983883   0.49350902   0.94703212   0.49397314  -0.19278729  -0.02387255   0.01952307  -1.07783201   0.29941971   1.19502028   0.51752813   0.24371561   1.25067949  -0.18525272  -0.55341972  -0.24544563  -0.11195275  -0.47703637   0.14317744   0.14490117   0.14490117   0.14490117   0.14375244   0.00090563   0.00128399   0.00140483   0.00133765   0.00417952
 3.50  6200.  0.0  2.0   0.19493059   0.46184408   0.59428561   0.62182915   0.60566404   0.61461369  -0.35815119  -0.30533137  -0.31880969  -0.27970107   0.15598343   1.32567261   0.80878587   0.60960808   0.44339342  -0.12917920  -0.59989467  -0.35636303  -0.25076417  -0.17960699   0.11000447   0.11046947   0.11046947   0.11046947   0.11046947   0.00094127   0.00130602   0.00144523   0.00146917   0.00146421
 4.00  6200.  0.0  2.0   0.29199120   0.45204601   0.56208197   0.60665704   0.60911533   0.39068455  -0.30797412  -0.24377435  -0.32110073  -0.33429237   0.32274159   1.26131559   0.76780068   0.64866895   0.53647725  -0.15015214  -0.58153038  -0.35193484  -0.27591717  -0.22317649   0.08046984   0.08154125   0.08154125   0.08154125   0.08154125   0.00084880   0.00127010   0.00144772   0.00161978   0.00172196
 4.50  6200.  0.0  2.0   0.36159168   0.39506388   0.50644416   0.54607910   0.76779442   0.07615159  -0.03680456  -0.06241058  -0.16827022  -0.76271298   0.80991939   0.94469378   0.59685803   0.52739291   1.03496894  -0.39056513  -0.49221861  -0.31887680  -0.25822689  -0.43286508   0.06239794   0.06297330   0.06297330   0.06297330   0.06239794   0.00128469   0.00120971   0.00149364   0.00156948   0.00238751
 5.00  6200.  0.0  2.0   0.42517265   0.42539057   0.54806028   0.60350852   0.61445859  -0.17727143  -0.09272123  -0.17490886  -0.33714134  -0.39072811   1.14690868   1.00886870   0.74770526   0.74416260   0.66822290  -0.53358531  -0.53046659  -0.39379973  -0.35569711  -0.30502249   0.04593825   0.04659927   0.04659927   0.04659927   0.04659927   0.00130006   0.00126358   0.00168881   0.00185371   0.00189040
 5.50  6200.  0.0  2.0   0.40321407   0.43083146   0.44815447   0.64370873   0.67017783  -0.12980006   0.00525560   0.16049476  -0.40888509  -0.52071922   1.12446788   0.85777250   0.37316616   0.83572707   0.82806702  -0.54656005  -0.48414141  -0.26699137  -0.40943074  -0.38227632   0.03431418   0.03431418   0.03481893   0.03431418   0.03431418   0.00145711   0.00134347   0.00159514   0.00246091   0.00261161
 6.00  6200.  0.0  2.0   0.47645286   0.36468919   0.46355400   0.52951954   0.69363252  -0.35914962   0.24073667   0.16700110  -0.08103818  -0.58211162   1.33473366   0.56070569   0.35216826   0.48030659   0.91045984  -0.60585751  -0.36935276  -0.26543217  -0.28147189  -0.42374012   0.02545139   0.02571010   0.02571010   0.02571010   0.02545139   0.00163998   0.00129586   0.00177247   0.00189944   0.00368982
 1.00  6300.  0.0  2.0   0.14807655   0.17614954   0.35344350   0.46164932   0.51777826   0.58146127   0.18936064   0.38001503   0.21626046  -0.00103328   0.15060871   0.81256187   0.08058098  -0.00710265   0.19427855  -0.06569881  -0.36244243  -0.08692997  -0.02759504  -0.11479031   0.36743363   0.37168737   0.37168737   0.37168737   0.37168737   0.00196559   0.00080120   0.00204586   0.00221840   0.00238241
 1.50  6300.  0.0  2.0   0.21069479   0.43772246   0.77913214   0.95269762   1.00802377   0.40144359  -0.36950881  -0.51289940  -0.82663967  -1.04288206   0.48777084   1.33936377   0.85743249   0.91938264   1.11142297  -0.28665237  -0.55409155  -0.33110105  -0.32507017  -0.41039236   0.28203862   0.28417624   0.28417624   0.28417624   0.28417624   0.00156455   0.00289500   0.00850708   0.01074548   0.01127989
 2.00  6300.  0.0  2.0   0.27551655   0.33707313   0.53969847   0.59346618   1.24035042   0.33421757  -0.24637229  -0.12865112  -0.15708279  -1.61965554   0.44986148   1.39411960   0.60763328   0.37820804   1.69470036  -0.24387377  -0.67350941  -0.28152930  -0.16210147  -0.62040313   0.23880671   0.24231281   0.24231281   0.24231281   0.24058473   0.00186855   0.00109536   0.00264284   0.00293086   0.01450030
 2.50  6300.  0.0  2.0   0.13688827   0.34929368   0.52405468   0.57039043   0.57866915   0.70821564  -0.21070259  -0.12221127  -0.14707917  -0.21643067   0.06870560   1.29284152   0.61801501   0.39861884   0.39818483  -0.11395904  -0.61862404  -0.28857741  -0.17322668  -0.17998897   0.19918998   0.20061341   0.20061341   0.20061341   0.20061341   0.00085242   0.00084572   0.00130102   0.00138751   0.00138083
 3.00  6300.  0.0  2.0   0.33745713   0.36310174   0.46944052   0.47908048   0.93209942   0.31696291  -0.18674562  -0.00532169   0.04954295  -1.05304340   0.42878297   1.21392518   0.49963575   0.20892859   1.22797427  -0.23721848  -0.57546298  -0.24259327  -0.10095210  -0.47282505   0.14419196   0.14644944   0.14644944   0.14644944   0.14533069   0.00143082   0.00119977   0.00138380   0.00133071   0.00407233
 3.50  6300.  0.0  2.0   0.22379464   0.38201051   0.48006312   0.50370703   0.49840414   0.54113742  -0.19300230  -0.05340661  -0.05607591  -0.05045742   0.26081540   1.19049843   0.56532752   0.35047065   0.22846310  -0.19817158  -0.56657492  -0.27376361  -0.16039827  -0.11003312   0.11173256   0.11263656   0.11263656   0.11263656   0.11263656   0.00098020   0.00119675   0.00132088   0.00138114   0.00139576
 4.00  6300.  0.0  2.0   0.18944525   0.45940004   0.56995987   0.61037011   0.61082159   0.67612450  -0.32916154  -0.26563432  -0.33163792  -0.33673912   0.04353707   1.29677854   0.78130405   0.64760123   0.52557952  -0.08035406  -0.60635781  -0.35705297  -0.27415570  -0.21800329   0.08206517   0.08206517   0.08206517   0.08206517   0.08206517   0.00099739   0.00129535   0.00151850   0.00169356   0.00181138
 4.50  6300.  0.0  2.0   0.33254011   0.37559917   0.49016574   0.53118032   0.76723488   0.23309019   0.00381429  -0.03533027  -0.14618975  -0.76994431   0.58371298   0.92063246   0.57551823   0.50967463   1.04150043  -0.29973801  -0.49536165  -0.31588074  -0.25478476  -0.43640859   0.06284744   0.06369568   0.06369568   0.06369568   0.06284744   0.00113752   0.00125926   0.00158052   0.00164235   0.00247856
 5.00  6300.  0.0  2.0   0.40845845   0.42244510   0.54825143   0.60312222   0.61323461  -0.06684528  -0.08632455  -0.18696401  -0.35722687  -0.40795231   0.98611670   1.01080984   0.75491855   0.76651922   0.68484546  -0.47712119  -0.54324687  -0.39861078  -0.36684190  -0.31255040   0.04657030   0.04700532   0.04700532   0.04700532   0.04700532   0.00128053   0.00128588   0.00175500   0.00190551   0.00195010
 5.50  6300.  0.0  2.0   0.38284977   0.42081406   0.44372328   0.63753736   0.66563672   0.01372770   0.08235969   0.20717365  -0.37535185  -0.49876828   0.92435257   0.73788591   0.28664641   0.77802128   0.78756848  -0.47592627  -0.43772151  -0.23009412  -0.38658944  -0.36631843   0.03439409   0.03439409   0.03472772   0.03439409   0.03439409   0.00137200   0.00137831   0.00159784   0.00258761   0.00273350
 6.00  6300.  0.0  2.0   0.44978217   0.35893081   0.46421879   0.52856124   0.69185107  -0.23009595   0.28924888   0.18299612  -0.07297167  -0.57723680   1.19288168   0.49212630   0.31411690   0.46046971   0.89635388  -0.57191751  -0.34879964  -0.25083690  -0.27521271  -0.41922818   0.02559423   0.02572273   0.02572273   0.02572273   0.02559423   0.00153613   0.00134314   0.00185104   0.00197053   0.00381296
 1.00  6400.  0.0  2.0   0.13280602   0.17773302   0.35282086   0.45929190   0.52345772   0.67817769   0.19507035   0.40086369   0.22788354  -0.00509851   0.00464112   0.82340221   0.03788111  -0.03530105   0.18741899  -0.00417648  -0.38026568  -0.06799721  -0.01479247  -0.11181117   0.36607514   0.37033886   0.37033886   0.37033886   0.37033886   0.00209589   0.00082783   0.00204142   0.00213922   0.00238986
 1.50  6400.  0.0  2.0   0.35278279   0.20782797   0.50699990   0.61649746   0.66798640   0.18831313   0.10931663  -0.01001527  -0.20711750  -0.40507825   0.52367907   0.89506867   0.45998916   0.43463835   0.59550443  -0.22947767  -0.40056354  -0.21901058  -0.18991163  -0.25713366   0.27983108   0.28409633   0.28304133   0.28304133   0.28304133   0.00303533   0.00063832   0.00188406   0.00190922   0.00198656
 2.00  6400.  0.0  2.0   0.07891001   0.37272786   0.55128147   0.60189005   0.88203720   0.75806804  -0.34183098  -0.16567045  -0.18582189  -0.89542120   0.10902171   1.53375729   0.65812148   0.41638528   1.06791007  -0.16555055  -0.74065757  -0.30480003  -0.17999775  -0.42411601   0.23772694   0.23859694   0.23859694   0.23859694   0.23772694   0.00033937   0.00115230   0.00246121   0.00271714   0.00336426
 2.50  6400.  0.0  2.0   0.22138916   0.48912708   0.75588257   0.82701561   0.84451633   0.64404656  -0.51247334  -0.62081465  -0.70139476  -0.79859832   0.03272003   1.59104340   1.07895578   0.91106457   0.94706834  -0.08035481  -0.72888594  -0.44517070  -0.34767872  -0.37117003   0.19545493   0.19688334   0.19688334   0.19688334   0.19688334   0.00134671   0.00182702   0.00398879   0.00448298   0.00441074
 3.00  6400.  0.0  2.0   0.14965022   0.35696084   0.46035119   0.46623976   0.91801350   0.84742318  -0.17507496   0.01647803   0.08070517  -1.02101029  -0.19360364   1.22119477   0.47345194   0.16954437   1.19125174   0.00409453  -0.59184729  -0.23538353  -0.08754821  -0.46198773   0.14678907   0.14788784   0.14788784   0.14788784   0.14678907   0.00104844   0.00113781   0.00136543   0.00131845   0.00401236
 3.50  6400.  0.0  2.0   0.28750489   0.38633702   0.48132760   0.50148862   0.49303978   0.48583481  -0.20993910  -0.05817368  -0.05007890  -0.03307296   0.22881159   1.22531989   0.56342322   0.33329976   0.19725900  -0.17251902  -0.59158418  -0.27362117  -0.15322744  -0.09741185   0.11199777   0.11333079   0.11333079   0.11333079   0.11333079   0.00109772   0.00119540   0.00135033   0.00141902   0.00144832
 4.00  6400.  0.0  2.0   0.21675934   0.50830053   0.63189844   0.66192375   0.65486366   0.67934986  -0.45381589  -0.42238119  -0.46036356  -0.44010543  -0.00824915   1.43828885   0.93915263   0.77232418   0.61855503  -0.06273358  -0.66827466  -0.41629415  -0.31954132  -0.25056295   0.08246961   0.08246961   0.08246961   0.08246961   0.08246961   0.00110171   0.00124522   0.00153298   0.00172084   0.00188863
 4.50  6400.  0.0  2.0   0.32420462   0.37730763   0.49432948   0.53335042   0.73621219   0.31117669   0.00030643  -0.05383451  -0.16328929  -0.70246735   0.47161070   0.93400379   0.59014229   0.52393833   0.96369542  -0.26820755  -0.51176053  -0.32300316  -0.26104100  -0.40682433   0.06363925   0.06419613   0.06419613   0.06419613   0.06363925   0.00130519   0.00127692   0.00161820   0.00167905   0.00260326
 5.00  6400.  0.0  2.0   0.41405106   0.44153223   0.57220467   0.62493761   0.63337152  -0.00741117  -0.12168556  -0.24202780  -0.40975623  -0.45335993   0.87626316   1.04829344   0.80196669   0.81162390   0.71866928  -0.43546483  -0.56493627  -0.41645509  -0.38296939  -0.32298456   0.04683102   0.04704602   0.04704602   0.04704602   0.04704602   0.00137461   0.00135070   0.00183163   0.00197941   0.00202658
 5.50  6400.  0.0  2.0   0.36708914   0.32894190   0.43669555   0.63740346   0.66529276   0.13883783   0.34912756   0.23190228  -0.37806679  -0.50322534   0.74461972   0.43699621   0.24338031   0.77232116   0.78363055  -0.41314363  -0.32939206  -0.21376793  -0.38570927  -0.36517451   0.03475169   0.03524546   0.03524546   0.03475169   0.03475169   0.00134320   0.00128946   0.00165079   0.00270330   0.00284880
 6.00  6400.  0.0  2.0   0.43208710   0.34970875   0.46115442   0.52538484   0.69413937  -0.11462638   0.34209123   0.20312135  -0.06301678  -0.58363776   1.04889997   0.42065012   0.27432382   0.44024789   0.89405692  -0.53046620  -0.32691893  -0.23553268  -0.26865676  -0.41868708   0.02562384   0.02600428   0.02600428   0.02600428   0.02562384   0.00148871   0.00137294   0.00191321   0.00200324   0.00401115
 1.00  6500.  0.0  2.0   0.12355508   0.27945924   0.57995267   0.75300932   0.82553995   0.71763401   0.15433942   0.17073928  -0.14918369  -0.33925061  -0.03203730   0.75349841   0.05397372   0.11474571   0.24037208  -0.00107369  -0.33793708  -0.02168816  -0.01158308  -0.05644721   0.36635483   0.36930156   0.36930156   0.36930156   0.36930156   0.00196310   0.00315418   0.01005134   0.01296146   0.01483167
 1.50  6500.  0.0  2.0   0.24568828   0.10571624   0.79934337   0.96236014   1.02719394   0.67842055   0.57626814  -0.51624606  -0.84112404  -1.04592378  -0.11971723   0.35453106   0.88982545   0.94458939   1.09633145   0.01630669  -0.23857289  -0.38329865  -0.34982452  -0.41002382   0.28041043   0.28472563   0.28259800   0.28259800   0.28259800   0.00271403   0.00087063   0.00907478   0.01072997   0.01175033
 2.00  6500.  0.0  2.0   0.15541528   0.37191864   0.56164474   0.61217671   1.28019698   0.72289397  -0.32173102  -0.18199593  -0.21235163  -1.70840189   0.01580165   1.52338901   0.66458612   0.43469515   1.77553521  -0.10320949  -0.75103225  -0.30896304  -0.18760840  -0.65220798   0.23801759   0.23974567   0.23974567   0.23974567   0.23801759   0.00078534   0.00115985   0.00245735   0.00263310   0.01508379
 2.50  6500.  0.0  2.0   0.26508177   0.35917108   0.52518333   0.56789721   0.58910887   0.58721204  -0.23364621  -0.11844511  -0.13819977  -0.24561447   0.05960232   1.35600820   0.60543211   0.37753973   0.42809046  -0.09757725  -0.66649943  -0.28684909  -0.16747190  -0.19799465   0.19652374   0.19865559   0.19865559   0.19865559   0.19865559   0.00150460   0.00074190   0.00121192   0.00130680   0.00132376
 3.00  6500.  0.0  2.0   0.13803493   0.35381318   0.45570310   0.67679144   0.69761932   0.86833039  -0.16356908   0.03269622  -0.42791194  -0.51762234  -0.20264869   1.22393490   0.44956586   0.68245770   0.69903671  -0.01261187  -0.60558170  -0.22820135  -0.27709588  -0.29287881   0.14853652   0.14907652   0.14907652   0.14853652   0.14853652   0.00114665   0.00109228   0.00135975   0.00167216   0.00180253
 3.50  6500.  0.0  2.0   0.30149128   0.38199184   0.47849521   0.49587725   0.49226895   0.52203799  -0.19781278  -0.05336986  -0.03778331  -0.03849776   0.12083034   1.22723224   0.55500603   0.31351952   0.20472761  -0.12347301  -0.60491588  -0.27292423  -0.14688848  -0.10535908   0.11406547   0.11536354   0.11536354   0.11536354   0.11536354   0.00124812   0.00116307   0.00139474   0.00147188   0.00150698
 4.00  6500.  0.0  2.0   0.24504761   0.50781189   0.62997916   0.65657249   0.64593843   0.65896745  -0.45093495  -0.41791359  -0.44542120  -0.41122042  -0.01817230   1.44682848   0.92804283   0.74711863   0.57553377  -0.06665463  -0.68164019  -0.41252827  -0.30943944  -0.23360215   0.08336262   0.08336262   0.08336262   0.08336262   0.08336262   0.00133331   0.00124098   0.00157636   0.00177846   0.00198471
 4.50  6500.  0.0  2.0   0.33783975   0.37360096   0.49463162   0.53324962   0.73738480   0.32167545   0.01003536  -0.06383586  -0.17331224  -0.71207509   0.43080095   0.93187633   0.60335808   0.53525248   0.97046523  -0.25709387  -0.51905360  -0.33123958  -0.26694132  -0.40989889   0.06432399   0.06487038   0.06487038   0.06487038   0.06432399   0.00144107   0.00126575   0.00165267   0.00170936   0.00269326
 5.00  6500.  0.0  2.0   0.37087687   0.44175605   0.57882490   0.62822793   0.63586679   0.15608284  -0.11859681  -0.26889403  -0.42850469  -0.46599777   0.66766621   1.05088428   0.83131362   0.82996793   0.72527562  -0.35956651  -0.57466526  -0.43074545  -0.39103242  -0.32474185   0.04742459   0.04742459   0.04742459   0.04742459   0.04742459   0.00168256   0.00136929   0.00188656   0.00202799   0.00208306
 5.50  6500.  0.0  2.0   0.36124044   0.32441922   0.43786751   0.63546212   0.66568843   0.20715481   0.37596693   0.22817285  -0.38034654  -0.51153828   0.63933930   0.40375217   0.24121379   0.77324302   0.78935907  -0.37494949  -0.32231561  -0.21412449  -0.38766196  -0.36792706   0.03502920   0.03535484   0.03535484   0.03502920   0.03502920   0.00139347   0.00131331   0.00168639   0.00274647   0.00287819
 6.00  6500.  0.0  2.0   0.42722973   0.35237668   0.47219890   0.53472852   0.70274723  -0.04145026   0.35038231   0.16688252  -0.10152028  -0.62192885   0.94100595   0.40121830   0.30472801   0.47839901   0.93174518  -0.49635654  -0.32414476  -0.24779050  -0.28435831  -0.43338580   0.02577568   0.02602640   0.02602640   0.02602640   0.02577568   0.00153715   0.00148858   0.00202916   0.00209577   0.00414114
 1.00  6600.  0.0  2.0   0.15097999  -0.00899894   0.34138009   0.44496456   0.50017322   0.65008701   0.57899858   0.51810048   0.32058171   0.19043774   0.05578979   0.52068459  -0.14692661  -0.18856550  -0.12134680  -0.05014273  -0.31932594   0.00678838   0.05174016   0.02399364   0.36596527   0.37329058   0.37044866   0.37044866   0.37044866   0.00236692   0.00008385   0.00210712   0.00202950   0.00254791
 1.50  6600.  0.0  2.0   0.14661494   0.11443135   0.80103121   0.96088320   1.02628725   0.79117015   0.55616980  -0.49294509  -0.82170725  -1.00549690  -0.14896482   0.38769222   0.83024991   0.89692804   1.01669293   0.00133611  -0.25849402  -0.35069549  -0.32544152  -0.37225679   0.28028434   0.28353696   0.28138934   0.28138934   0.28138934   0.00091888   0.00082263   0.00915630   0.01067067   0.01197487
 2.00  6600.  0.0  2.0   0.19199735   0.24366238   0.36085284   0.39214032   1.29311779   0.65440486  -0.03840854   0.23710040   0.24013294  -1.73597905   0.07224828   1.27843759   0.28237817   0.02178317   1.79565982  -0.13148077  -0.68556926  -0.18588446  -0.05272651  -0.66091895   0.23764800   0.24022918   0.24022918   0.24022918   0.23764800   0.00086277   0.00026218   0.00037866   0.00036908   0.01526822
 2.50  6600.  0.0  2.0   0.31616612   0.36569576   0.53705979   0.58235381   0.60718141   0.52096892  -0.24331895  -0.15546486  -0.19191862  -0.30554113   0.06154625   1.38605777   0.64521507   0.43684685   0.49185853  -0.08712413  -0.69421719  -0.30605059  -0.19365482  -0.22480709   0.19649378   0.19862562   0.19862562   0.19862562   0.19862562   0.00162879   0.00059394   0.00103106   0.00112033   0.00116997
 3.00  6600.  0.0  2.0   0.22512620   0.27699323   0.34839009   0.89205890   0.91755941   0.73919978   0.01994999   0.28295510  -0.92501675  -1.02930664  -0.15676102   1.05408240   0.19633741   1.16540940   1.19898195  -0.01156254  -0.55663233  -0.13951422  -0.45046711  -0.47267444   0.14898662   0.15059424   0.15059424   0.14898662   0.14898662   0.00134514   0.00093470   0.00122294   0.00380320   0.00393773
 3.50  6600.  0.0  2.0   0.33816998   0.44303800   0.56406248   0.57714840   0.57442165   0.47120524  -0.33304118  -0.25055293  -0.22517608  -0.23488894   0.12711894   1.36728222   0.74360096   0.49090334   0.40044721  -0.12080547  -0.66303430  -0.34071491  -0.21044958  -0.17966897   0.11452496   0.11538400   0.11538400   0.11538400   0.11538400   0.00144730   0.00112208   0.00145505   0.00153769   0.00159019
 4.00  6600.  0.0  2.0   0.27776027   0.50340164   0.62620618   0.65080174   0.64598267   0.61672903  -0.44071783  -0.41512738  -0.43700553  -0.42278434  -0.01647789   1.44630624   0.92182993   0.73276437   0.59094758  -0.06575810  -0.69073148  -0.41113103  -0.30431684  -0.24417535   0.08439247   0.08439247   0.08439247   0.08439247   0.08439247   0.00153647   0.00120908   0.00160936   0.00183352   0.00204741
 4.50  6600.  0.0  2.0   0.36192415   0.38218781   0.51711098   0.55179977   0.74384291   0.33001956   0.01114113  -0.11961149  -0.21988259  -0.72731330   0.35704596   0.92035295   0.65363307   0.57425205   0.97344264  -0.22129849  -0.51857502  -0.35027207  -0.28047950  -0.40882627   0.06498077   0.06524977   0.06524977   0.06524977   0.06498077   0.00165125   0.00127354   0.00166855   0.00172960   0.00278073
 5.00  6600.  0.0  2.0   0.38071201   0.43446286   0.58230092   0.63051484   0.63836369   0.18692373  -0.08790743  -0.28578490  -0.44448153  -0.47874808   0.58513717   1.01654281   0.84724085   0.84541402   0.73206541  -0.32325486  -0.56788048  -0.43837620  -0.39783124  -0.32643731   0.04787809   0.04787809   0.04787809   0.04787809   0.04787809   0.00178965   0.00142269   0.00193461   0.00207172   0.00213356
 5.50  6600.  0.0  2.0   0.36519764   0.32180217   0.44413900   0.63690122   0.66807345   0.25811193   0.40335310   0.21025020  -0.39188887  -0.52621690   0.54319450   0.36720174   0.25225994   0.78076406   0.79869576  -0.34018908  -0.31575331  -0.22000898  -0.39174563  -0.37154253   0.03548719   0.03564769   0.03564769   0.03548719   0.03548719   0.00146791   0.00135136   0.00173460   0.00284475   0.00297425
 6.00  6600.  0.0  2.0   0.41852517   0.34633171   0.47358204   0.53351693   0.70458554   0.04709768   0.38963328   0.16582031  -0.10128406  -0.63185429   0.81026212   0.34903128   0.29548904   0.47140687   0.93561532  -0.45078103  -0.31057963  -0.24558417  -0.28274036  -0.43503473   0.02601940   0.02626713   0.02626713   0.02626713   0.02601940   0.00156552   0.00157197   0.00209864   0.00215211   0.00428124
 1.00  6700.  0.0  2.0   0.15839514   0.10905388   0.32395735   0.43126150   0.48734278   0.68978378   0.58134715   0.58549577   0.33698755   0.22180691  -0.01557356   0.34451755  -0.22646670  -0.19183903  -0.14900834  -0.02134370  -0.22380750   0.02882536   0.04345563   0.02755302   0.35974219   0.36405582   0.36405582   0.36405582   0.36405582   0.00247056   0.00069935   0.00180961   0.00166107   0.00222008
 1.50  6700.  0.0  2.0   0.20517613   0.15511612   0.51147974   0.61460430   0.66669171   0.55609722   0.38862272   0.06139448  -0.15954831  -0.30344479   0.14588453   0.59765513   0.33429949   0.32986584   0.40980785  -0.11545344  -0.33615116  -0.17845283  -0.14613938  -0.17917870   0.27979987   0.28308746   0.28200246   0.28200246   0.28200246   0.00105043   0.00068355   0.00181522   0.00161642   0.00199018
 2.00  6700.  0.0  2.0   0.10118929   0.23037134   0.36195009   0.39663415   0.42138230   0.87079821   0.03701098   0.24910373   0.22853639   0.12615821  -0.16716275   1.19384369   0.25626737   0.02446336   0.06765313  -0.04224516  -0.66442102  -0.17689398  -0.05396529  -0.07788589   0.23782683   0.23954993   0.23954993   0.23954993   0.23954993   0.00027056   0.00028515   0.00034238   0.00030755   0.00036895
 2.50  6700.  0.0  2.0   0.19763724   0.36120757   0.54181229   0.58874205   0.61585170   0.79963359  -0.21384498  -0.16162800  -0.21585006  -0.32989857  -0.23774875   1.36861666   0.64651989   0.46072661   0.51130281   0.02051025  -0.70327767  -0.30959362  -0.20548723  -0.23304724   0.19654291   0.19799131   0.19799131   0.19799131   0.19799131   0.00063346   0.00051581   0.00088708   0.00094741   0.00104307
 3.00  6700.  0.0  2.0   0.22532953   0.33706441   0.44240201   0.89155989   0.92073433   0.80068262  -0.09668213   0.07908480  -0.92684158  -1.04173352  -0.29718404   1.16490214   0.38352050   1.16275147   1.20752831   0.05755873  -0.60258710  -0.20585388  -0.45152665  -0.47744425   0.14961592   0.15068473   0.15068473   0.14961592   0.14961592   0.00131291   0.00088063   0.00124153   0.00377413   0.00391664
 3.50  6700.  0.0  2.0   0.34298289   0.36836809   0.46637463   0.48593358   0.49265766   0.52778160  -0.14638889  -0.01326942  -0.01067706  -0.04883207  -0.01615960   1.18599303   0.49373702   0.26738287   0.21081789  -0.05037916  -0.60846487  -0.25069490  -0.13074162  -0.11390366   0.11672251   0.11798064   0.11798064   0.11798064   0.11798064   0.00149313   0.00104867   0.00141656   0.00154025   0.00159645
 4.00  6700.  0.0  2.0   0.27917204   0.49900010   0.61961418   0.64481812   0.64181863   0.67954975  -0.42631487  -0.39639910  -0.42184521  -0.41311958  -0.15730266   1.43834797   0.89339847   0.70827749   0.57465915   0.00154353  -0.69622877  -0.40014229  -0.29495173  -0.23961245   0.08545030   0.08545030   0.08545030   0.08545030   0.08545030   0.00164637   0.00120217   0.00165141   0.00188714   0.00212296
 4.50  6700.  0.0  2.0   0.38523377   0.37960139   0.51741095   0.55203811   0.76922617   0.34946702   0.02094912  -0.12704792  -0.22815058  -0.79158131   0.25376841   0.91880830   0.65959393   0.57972975   1.03046747  -0.16538755  -0.52779029  -0.35392441  -0.28292406  -0.42852750   0.06555343   0.06608084   0.06608084   0.06608084   0.06555343   0.00166103   0.00127991   0.00169859   0.00176272   0.00286977
 5.00  6700.  0.0  2.0   0.38033888   0.42232124   0.57528630   0.62488180   0.63401491   0.24289933  -0.05410527  -0.27715203  -0.44183301  -0.47519788   0.46920335   0.98784124   0.83645310   0.84193651   0.72193327  -0.27057690  -0.56621038  -0.43559603  -0.39746774  -0.32165709   0.04863152   0.04863152   0.04863152   0.04863152   0.04863152   0.00192733   0.00148025   0.00198984   0.00210612   0.00216321
 5.50  6700.  0.0  2.0   0.37868617   0.31442644   0.44465205   0.63787327   0.67031671   0.26548582   0.43904520   0.20448882  -0.40243531  -0.53889846   0.50346787   0.32227182   0.25310680   0.78943199   0.80650350  -0.32590821  -0.30380104  -0.22128835  -0.39608363  -0.37406638   0.03584730   0.03600530   0.03600530   0.03584730   0.03584730   0.00152987   0.00139213   0.00176636   0.00292825   0.00305461
 6.00  6700.  0.0  2.0   0.41798349   0.33943748   0.47465078   0.53291598   0.70721210   0.10492319   0.43050543   0.16451467  -0.10364673  -0.64429256   0.71466623   0.29355350   0.28618764   0.46813711   0.94259621  -0.41706814  -0.29422159  -0.24227322  -0.28238909  -0.43762877   0.02629010   0.02653383   0.02653383   0.02653383   0.02629010   0.00160059   0.00164214   0.00216163   0.00220369   0.00440078
 1.00  6800.  0.0  2.0   0.15681159   0.05791166   0.60175576   0.74283157   0.83915721   0.66324775   0.55096016   0.14604721  -0.13275401  -0.30600201   0.06301864   0.52657900   0.04048899   0.06003055   0.15024220  -0.07289147  -0.34302635  -0.01327350   0.01795946  -0.01609308   0.35854352   0.36437703   0.36151022   0.36151022   0.36151022   0.00253650   0.00050494   0.01033713   0.01170414   0.01530726
 2.00  6800.  0.0  2.0   0.09075802   0.21119470   0.36459746   0.40284886   0.42763014   0.94729378   0.13647050   0.25651337   0.21130958   0.12394102  -0.30276149   1.07190890   0.23604366   0.03251271   0.05171364   0.02033868  -0.62484146  -0.17041140  -0.05632491  -0.06948067   0.23712261   0.23886069   0.23886069   0.23886069   0.23886069   0.00027717   0.00034165   0.00031934   0.00024673   0.00034302
 2.50  6800.  0.0  2.0   0.23192403   0.50357283   0.79640885   0.86943497   0.91211557   0.73473710  -0.47566288  -0.71457637  -0.85173442  -1.00253446  -0.21245186   1.58442047   1.15387998   1.06033447   1.14866210   0.01618095  -0.77977272  -0.48539769  -0.41526663  -0.45615592   0.19951962   0.20022962   0.20022962   0.20022962   0.20022962   0.00055350   0.00190452   0.00399776   0.00417129   0.00443205
 3.00  6800.  0.0  2.0   0.24516116   0.33686902   0.44907149   0.89711130   0.93087045   0.78337086  -0.08653554   0.05435862  -0.95256289  -1.07621946  -0.31358518   1.17085200   0.41486280   1.19079053   1.24025622   0.06374748  -0.62015315  -0.22371967  -0.46548323  -0.49101949   0.14978573   0.15084456   0.15084456   0.14978573   0.14978573   0.00107931   0.00069808   0.00105009   0.00366427   0.00386407
 3.50  6800.  0.0  2.0   0.27443647   0.36131602   0.46658949   0.48352321   0.49484371   0.74173010  -0.10914615  -0.00837331   0.00044768  -0.05118671  -0.29394200   1.14699244   0.48180124   0.24441591   0.20180971   0.06036389  -0.60242912  -0.24860743  -0.12247325  -0.11032195   0.11821039   0.11904946   0.11904946   0.11904946   0.11904946   0.00138816   0.00099782   0.00143110   0.00156142   0.00162556
 4.00  6800.  0.0  2.0   0.26600353   0.49469080   0.61924780   0.63880826   0.64460468   0.78197275  -0.40964865  -0.39987600  -0.40641928  -0.42748668  -0.34477757   1.42768305   0.89684070   0.68401389   0.59043385   0.08856582  -0.70110537  -0.40452195  -0.28605806  -0.24957777   0.08647116   0.08647116   0.08647116   0.08647116   0.08647116   0.00157997   0.00118447   0.00168817   0.00194535   0.00216467
 4.50  6800.  0.0  2.0   0.33784822   0.36129484   0.50255997   0.53912419   0.74826295   0.55773059   0.06708517  -0.10115750  -0.20649562  -0.74355596  -0.06578902   0.88020413   0.63486624   0.55552934   0.97159018  -0.02106549  -0.52299932  -0.34743610  -0.27457711  -0.40526883   0.06668139   0.06720031   0.06720031   0.06720031   0.06668139   0.00164960   0.00134081   0.00177049   0.00181793   0.00295677
 5.00  6800.  0.0  2.0   0.38705441   0.42078406   0.58028349   0.62816555   0.63675734   0.28728977  -0.03890447  -0.29727138  -0.45863576  -0.48586848   0.35794296   0.97098154   0.85808068   0.85843959   0.72529856  -0.21687965  -0.56591533  -0.44602574  -0.40454932  -0.32163626   0.04910473   0.04910473   0.04910473   0.04910473   0.04910473   0.00191528   0.00152718   0.00203139   0.00214674   0.00222792
 5.50  6800.  0.0  2.0   0.39823058   0.29973446   0.43980981   0.64189583   0.67484338   0.25359544   0.49289144   0.20992409  -0.42074058  -0.55737600   0.48147222   0.25752377   0.24397910   0.80686154   0.82086708  -0.31563455  -0.28380064  -0.21897971  -0.40372187  -0.37905878   0.03611717   0.03658198   0.03658198   0.03611717   0.03611717   0.00158267   0.00145626   0.00179328   0.00304698   0.00317920
 6.00  6800.  0.0  2.0   0.42007025   0.32871344   0.47374179   0.53054340   0.70979048   0.14696125   0.48134332   0.16512005  -0.10322156  -0.65806437   0.63638183   0.22617798   0.27720757   0.46312974   0.95193705  -0.38785458  -0.27238445  -0.23923094  -0.28131489  -0.44103415   0.02669152   0.02693126   0.02693126   0.02693126   0.02669152   0.00165826   0.00172831   0.00220518   0.00223761   0.00444055
 1.00  6900.  0.0  2.0   0.05235648   0.03570857   0.62032295   0.76224928   0.87752164   0.87407958   0.74564060   0.17857864  -0.15925869  -0.30958016  -0.14082316   0.22782381  -0.05428709   0.06022712   0.08360077  -0.00937170  -0.22265005   0.02851559   0.02029599   0.02143048   0.36182816   0.36633486   0.36336816   0.36336816   0.36336816   0.00105637   0.00054642   0.01176059   0.01268275   0.01812116
 1.50  6900.  0.0  2.0   0.32062730   0.14124860   0.81867805   0.96923436   1.08028735   0.43472935   0.51555344  -0.45199051  -0.82156499  -1.05776051   0.15278892   0.44150846   0.68086022   0.84009250   0.99124553  -0.09490869  -0.29496244  -0.26390381  -0.29134418  -0.34729609   0.27674451   0.28133940   0.27907192   0.27907192   0.27907192   0.00342068   0.00075043   0.01025970   0.01121864   0.01445285
 2.00  6900.  0.0  2.0   0.23378149   0.32650217   0.57547367   0.62852095   0.67935387   0.69208944   0.01026936  -0.13753031  -0.24091469  -0.38322737  -0.11638363   1.10232200   0.55044500   0.41596513   0.48914758  -0.03291536  -0.61796177  -0.26603931  -0.17804023  -0.21106035   0.23543047   0.23720849   0.23720849   0.23720849   0.23720849   0.00128995   0.00148989   0.00257520   0.00238135   0.00289702
 2.50  6900.  0.0  2.0   0.36630640   0.34051379   0.55202566   0.59981132   0.64518682   0.44967525  -0.08391394  -0.16721336  -0.25441147  -0.40740330   0.04526351   1.20223180   0.62699271   0.48331851   0.57017727  -0.07596186  -0.65310064  -0.30535485  -0.21528016  -0.25437439   0.19752263   0.19970440   0.19970440   0.19970440   0.19970440   0.00167879   0.00054858   0.00081011   0.00078528   0.00090133
 3.00  6900.  0.0  2.0   0.21010781   0.33792115   0.45611696   0.69051900   0.72809382   0.83691472  -0.07299752   0.03237340  -0.48852520  -0.62030814  -0.35486002   1.16974244   0.43886547   0.73647027   0.79166066   0.06692741  -0.63492566  -0.23709960  -0.30764765  -0.33392851   0.15061921   0.15115421   0.15115421   0.15061921   0.15061921   0.00076196   0.00054772   0.00083479   0.00137051   0.00154844
 3.50  6900.  0.0  2.0   0.29995602   0.42154307   0.55206120   0.56354370   0.57544313   0.67683850  -0.23791656  -0.20477227  -0.18577063  -0.23994450  -0.23762986   1.27305383   0.67268084   0.42475130   0.38435433   0.03786723  -0.65133476  -0.31807984  -0.18805257  -0.17663916   0.11758109   0.11800109   0.11800109   0.11800109   0.11800109   0.00150961   0.00098478   0.00145216   0.00156210   0.00162932
 4.00  6900.  0.0  2.0   0.26408220   0.44508199   0.56591627   0.59321910   0.60474414   0.78816946  -0.28009798  -0.26984616  -0.29649789  -0.33180348  -0.35834740   1.29767412   0.75749059   0.56409838   0.48388082   0.08437156  -0.66084435  -0.35413827  -0.24245987  -0.21054925   0.08766897   0.08766897   0.08766897   0.08766897   0.08766897   0.00180401   0.00121354   0.00178156   0.00203402   0.00224885
 4.50  6900.  0.0  2.0   0.37294849   0.36984132   0.51372967   0.54709121   0.74856326   0.47475545   0.05355249  -0.13358736  -0.22995833  -0.74817619   0.01550329   0.89812689   0.66748786   0.57434206   0.96843038  -0.06204933  -0.53734282  -0.36142600  -0.28129521  -0.40329278   0.06784360   0.06809760   0.06809760   0.06809760   0.06784360   0.00182923   0.00133130   0.00176222   0.00181731   0.00304455
 5.00  6900.  0.0  2.0   0.37321256   0.42031134   0.58430432   0.63084008   0.63937094   0.39463886  -0.02962607  -0.31434805  -0.47099348  -0.49310174   0.16562084   0.96357793   0.87535347   0.86700626   0.72187227  -0.12696857  -0.57034414  -0.45423599  -0.40753297  -0.31811638   0.04976000   0.04976000   0.04976000   0.04976000   0.04976000   0.00193841   0.00159126   0.00208110   0.00218877   0.00227586
 5.50  6900.  0.0  2.0   0.40450210   0.29318757   0.56680964   0.63822198   0.67348057   0.26799177   0.52378491  -0.13418574  -0.42102892  -0.56233392   0.43272243   0.21776975   0.61619766   0.80611515   0.82194657  -0.29362714  -0.27254804  -0.36276791  -0.40427123  -0.37899326   0.03670485   0.03700951   0.03670485   0.03670485   0.03670485   0.00165867   0.00149045   0.00282464   0.00307418   0.00319516
 6.00  6900.  0.0  2.0   0.43304489   0.32426665   0.47585107   0.53193436   0.71329426   0.15278977   0.51426195   0.15752841  -0.11348390  -0.67476687   0.59843633   0.17814504   0.27707384   0.47030467   0.96456354  -0.37277296  -0.25737395  -0.23913073  -0.28479684  -0.44544691   0.02692839   0.02716313   0.02716313   0.02716313   0.02692839   0.00171851   0.00182482   0.00228505   0.00230716   0.00461796
 1.00  7000.  0.0  2.0   0.11284678   0.01302082   0.34438673   0.42624788   0.52557804   0.93797691   0.88173524   0.60185523   0.36826644   0.25779104  -0.33471044   0.04595973  -0.30843895  -0.27076917  -0.28828116   0.08883553  -0.15489948   0.06997758   0.08368145   0.09967685   0.35771444   0.36385761   0.36235261   0.36235261   0.36235261   0.00286318   0.00051153   0.00223437   0.00162209   0.00329954
 1.50  7000.  0.0  2.0   0.17970158   0.01550730   0.82203276   0.96652395   1.09805537   0.69245044   0.81149413  -0.42920439  -0.80575145  -1.06527915  -0.04327799   0.15971311   0.63617677   0.81258244   0.97070450  -0.04755657  -0.20800125  -0.24570570  -0.27999400  -0.33437828   0.27638859   0.28098856   0.27757359   0.27757359   0.27757359   0.00130588   0.00023299   0.01052961   0.01118728   0.01516830
 2.00  7000.  0.0  2.0   0.26543612   0.17305073   0.35961502   0.39929971   0.44580764   0.58634575   0.39514261   0.32639469   0.23601612   0.11371517   0.01156104   0.69431839   0.11265027  -0.02584996   0.02161191  -0.09036328  -0.46860964  -0.11903523  -0.03041719  -0.05262405   0.23505089   0.23774690   0.23774690   0.23774690   0.23774690   0.00139205   0.00043552   0.00030043   0.00017984   0.00030955
 2.50  7000.  0.0  2.0   0.43459772   0.13651883   0.80415555   0.87002065   0.93283455   0.30633828   0.43151291  -0.68715968  -0.83296928  -1.01588877   0.18209013   0.68489942   1.09509522   1.01601978   1.12157661  -0.13061085  -0.47674476  -0.46328717  -0.39656715  -0.43845980   0.19541498   0.19908009   0.19689333   0.19689333   0.19689333   0.00215882   0.00020585   0.00425153   0.00417861   0.00475270
 3.00  7000.  0.0  2.0   0.21621382   0.33147992   0.46020516   0.69795398   0.73530468   0.83394015  -0.03061616   0.02504715  -0.51646128  -0.63784848  -0.38543881   1.12143708   0.43971460   0.76218660   0.79467941   0.08456049  -0.62521514  -0.23933181  -0.31884656  -0.33216332   0.15067914   0.15121414   0.15121414   0.15067914   0.15067914   0.00059001   0.00049884   0.00072980   0.00127017   0.00149671
 3.50  7000.  0.0  2.0   0.40661842   0.34754769   0.46563152   0.48434239   0.50252367   0.43823094  -0.04617989   0.00084857  -0.00424991  -0.07159036  -0.02897550   1.08518861   0.46167413   0.23934153   0.20695431  -0.03406579  -0.59419103  -0.24412415  -0.12311257  -0.11208544   0.11771141   0.11896456   0.11896456   0.11896456   0.11896456   0.00154659   0.00080762   0.00128628   0.00143929   0.00153370
 4.00  7000.  0.0  2.0   0.27860741   0.33598624   0.56212200   0.59035429   0.60786716   0.77146809   0.01202375  -0.25300969  -0.28631911  -0.34096783  -0.37894854   0.98636438   0.72926323   0.54414221   0.48741527   0.09799364  -0.54970503  -0.34344451  -0.23520587  -0.21349249   0.08849356   0.08880956   0.08849356   0.08849356   0.08849356   0.00194716   0.00128003   0.00180825   0.00207451   0.00229677
 4.50  7000.  0.0  2.0   0.38981509   0.35210533   0.50223161   0.53576204   0.75089936   0.46138626   0.10363343  -0.11381454  -0.20750114  -0.75056635  -0.01349552   0.84763449   0.64783084   0.54554316   0.95585807  -0.04439150  -0.52429981  -0.35600547  -0.26991095  -0.39539160   0.06828161   0.06878655   0.06878655   0.06878655   0.06828161   0.00199682   0.00136339   0.00181313   0.00185821   0.00311058
 5.00  7000.  0.0  2.0   0.40963041   0.41033135   0.58063352   0.62761733   0.63768280   0.30185136   0.00543982  -0.31284902  -0.46937216  -0.49031975   0.26330823   0.92594115   0.87295105   0.86098359   0.70752362  -0.17458432  -0.56207936  -0.45464345  -0.40488065  -0.31017544   0.05060134   0.05060134   0.05060134   0.05060134   0.05060134   0.00226606   0.00164190   0.00213062   0.00222083   0.00230512
 5.50  7000.  0.0  2.0   0.41694419   0.29026346   0.57234381   0.64181452   0.67858659   0.27611907   0.55008805  -0.15368996  -0.43702225  -0.58113578   0.37908874   0.18253304   0.63545734   0.82112420   0.83579165  -0.26622285  -0.26416044  -0.37210211  -0.41089866  -0.38336879   0.03709908   0.03739775   0.03709908   0.03709908   0.03709908   0.00177751   0.00155008   0.00293783   0.00318540   0.00331024
 6.00  7000.  0.0  2.0   0.44188108   0.31722010   0.47302277   0.53127918   0.71578262   0.15952585   0.55317561   0.16421970  -0.11885516  -0.68957098   0.56405246   0.12471223   0.26050600   0.47309973   0.97591693  -0.35908933  -0.24044281  -0.23201801  -0.28661815  -0.44934563   0.02742721   0.02754271   0.02754271   0.02754271   0.02742721   0.00178807   0.00190738   0.00236613   0.00235103   0.00463900
 1.00  7200.  0.0  2.0   0.21466900   0.00128878   0.62661139   0.75741764   0.92847347   1.18711261   1.07426627   0.31076111  -0.08952812  -0.20975098  -0.90181341  -0.25273688  -0.28786332  -0.05283148  -0.17410150   0.36155242  -0.03915869   0.12885757   0.06729749   0.15046860   0.35274997   0.36288869   0.35967227   0.35967227   0.35967227   0.01082289   0.00059799   0.01386662   0.01349127   0.02405380
 1.50  7200.  0.0  2.0   0.29097467   0.10627651   0.51581081   0.58125403   0.70913475   0.65021844   0.81607031   0.17213992  -0.05566262  -0.26566371  -0.14551128   0.02516636   0.10960710   0.15729712   0.23983189   0.01521817  -0.14873507  -0.08289012  -0.07256852  -0.09294769   0.27206971   0.27664462   0.27551462   0.27551462   0.27551462   0.00334188   0.00073656   0.00186739   0.00116164   0.00246455
 2.00  7200.  0.0  2.0   0.30845687   0.08496234   0.36551098   1.25401987   0.46382559   0.71462491   0.93860138   0.36841343  -1.54791814   0.12323102  -0.23372799  -0.02787361   0.05920940   1.58134415  -0.03693046  -0.00632635  -0.21312284  -0.12208366  -0.56931490  -0.02492979   0.23159368   0.23531458   0.23531458   0.23254368   0.23531458   0.00219733   0.00098298   0.00032685   0.01436400   0.00032564
 2.50  7200.  0.0  2.0   0.30696151   0.19299928   0.55801490   0.60505518   0.66752267   0.59917592   0.48027029  -0.10928138  -0.25184011  -0.41036220  -0.14100945   0.47775934   0.50233725   0.44409179   0.50697299  -0.00874848  -0.36190983  -0.25276741  -0.19801770  -0.21883276   0.19628818   0.19850154   0.19776654   0.19776654   0.19776654   0.00077121   0.00061655   0.00079012   0.00060028   0.00086400
 3.00  7200.  0.0  2.0   0.55744695   0.30531082   0.45374642   0.70215302   0.75707368   0.08106236   0.14033793   0.07562322  -0.52879022  -0.69311251   0.30093253   0.88632502   0.35121440   0.75575107   0.83110488  -0.15414737  -0.53936385  -0.20477402  -0.31667765  -0.34525109   0.14974578   0.15192336   0.15192336   0.15137836   0.15137836   0.00206582   0.00059509   0.00066472   0.00116002   0.00142496
 3.50  7200.  0.0  2.0   0.34538833   0.40822002   0.55703767   0.57326941   0.60131988   0.58466797  -0.13907121  -0.21403642  -0.23484380  -0.32871548  -0.22009449   1.17387062   0.67133864   0.47089171   0.46111526   0.03918940  -0.64468990  -0.32643083  -0.21264206  -0.20712475   0.11897953   0.11939953   0.11939953   0.11939953   0.11939953   0.00076041   0.00070979   0.00104753   0.00113617   0.00125920
 4.00  7200.  0.0  2.0   0.30043659   0.29315490   0.54820329   0.58365674   0.61123264   0.73121696   0.16435933  -0.19674328  -0.26642075  -0.35278262  -0.39745006   0.80786119   0.64293821   0.50414554   0.47918687   0.11214221  -0.49210767  -0.31078448  -0.22138405  -0.20996609   0.09082148   0.09144478   0.09082148   0.09082148   0.09082148   0.00210673   0.00115840   0.00185728   0.00214199   0.00237592
 4.50  7200.  0.0  2.0   0.42695492   0.34845873   0.50878513   0.53943787   0.74531451   0.40346092   0.14456855  -0.12885890  -0.21582371  -0.72679823  -0.02978100   0.79200841   0.64917126   0.53320984   0.89638948  -0.02551126  -0.51099733  -0.35582633  -0.26168958  -0.36612004   0.06983689   0.07008439   0.07008439   0.07008439   0.06983689   0.00233270   0.00137851   0.00179039   0.00185705   0.00331161
 5.00  7200.  0.0  2.0   0.42212938   0.40074806   0.58345009   0.62718259   0.63676741   0.35548161   0.05653859  -0.33128727  -0.47885596  -0.48818950   0.08092121   0.85897909   0.88691240   0.85940923   0.67820192  -0.07645546  -0.54367460  -0.46129530  -0.40269565  -0.29302092   0.05201948   0.05201948   0.05201948   0.05201948   0.05201948   0.00240904   0.00176758   0.00219158   0.00229544   0.00241692
 5.50  7200.  0.0  2.0   0.45132647   0.27286310   0.57135372   0.64063745   0.68294164   0.22284377   0.62361617  -0.16550729  -0.45147420  -0.60806188   0.37950042   0.08868212   0.64658931   0.83438116   0.85427232  -0.26034320  -0.23511653  -0.37947941  -0.41741661  -0.38854490   0.03814292   0.03857827   0.03814292   0.03814292   0.03814292   0.00205794   0.00161101   0.00310715   0.00331050   0.00342409
 6.00  7200.  0.0  2.0   0.40218973   0.30308693   0.47163708   0.52710412   0.72090475   0.31359590   0.62823131   0.15420598  -0.12416919  -0.72004147   0.34179016   0.02138412   0.26815523   0.47529423   1.00001812  -0.26978458  -0.20713151  -0.23868042  -0.28922724  -0.45730221   0.02840575   0.02840575   0.02840575   0.02840575   0.02818400   0.00195633   0.00207237   0.00247358   0.00243112   0.00489952
 1.00  7400.  0.0  2.0   0.19816307   0.01569423   0.21258365   0.77606007   0.41013381   1.43944147   1.20181535   0.93367802  -0.06401862   0.62471368  -1.31304529  -0.50393885  -0.67434387  -0.13203125  -0.73884535   0.54460287   0.06961864   0.20187437   0.10827681   0.28056492   0.35265008   0.36364784   0.36364784   0.36019169   0.36364784   0.01443773   0.00085841   0.00192619   0.01547777   0.00438272
 1.50  7400.  0.0  2.0   0.35393643   0.12268282   0.36731316   0.98252120   1.24190506   0.73228450   0.97055670   0.54003351  -0.78625399  -1.17609984  -0.42465460  -0.27473411  -0.28001402   0.72157295   0.88295609   0.16713766  -0.01818118   0.05600328  -0.23391956  -0.25463948   0.27254762   0.27919179   0.27919179   0.27662464   0.27662464   0.00681869   0.00105342   0.00197078   0.01240528   0.02320914
 2.00  7400.  0.0  2.0   0.42994846   0.20809232   0.57540596   1.22296597   0.72597795   0.57400146   0.84041085   0.01353352  -1.43654050  -0.36695732  -0.25477195  -0.13062281   0.30176557   1.43474416   0.35374760   0.06472271  -0.10222552  -0.17907268  -0.50834891  -0.14087183   0.22954701   0.23333280   0.23333280   0.23145489   0.23333280   0.00486581   0.00187102   0.00271339   0.01336879   0.00336506
 2.50  7400.  0.0  2.0   0.54108970   0.17021882   0.80822486   0.85124222   0.98796847   0.16798100   0.70671947  -0.58333429  -0.77333745  -1.09425797   0.18597962   0.08800121   0.87819470   0.90489039   1.11921902  -0.10147461  -0.17491444  -0.36749747  -0.35117356  -0.42318094   0.19401568   0.19782230   0.19631398   0.19631398   0.19631398   0.00306429   0.00063342   0.00447508   0.00364926   0.00521125
 3.00  7400.  0.0  2.0   0.57560740   0.18006161   0.33705524   0.92000506   1.01616734   0.02760361   0.57083091   0.38253705  -1.02685092  -1.28255617   0.35423389   0.33622680   0.01055529   1.22462165   1.37972568  -0.18410083  -0.31209364  -0.07992549  -0.48185538  -0.53389122   0.14957597   0.15233729   0.15233729   0.15068473   0.15068473   0.00217510   0.00042354   0.00035591   0.00334439   0.00413371
 3.50  7400.  0.0  2.0   0.36490027   0.38910778   0.55448742   0.56996909   0.61799706   0.51620357  -0.00292694  -0.18295535  -0.22943951  -0.37733581  -0.15684931   0.98143079   0.61265349   0.44956895   0.49264750   0.00669990  -0.57411426  -0.30519951  -0.20573092  -0.21745340   0.11984857   0.12026857   0.12026857   0.12026857   0.12026857   0.00054710   0.00079425   0.00098943   0.00099148   0.00108778
 4.00  7400.  0.0  2.0   0.46098116   0.26936541   0.54834811   0.58402522   0.62526633   0.31776741   0.26531386  -0.20262588  -0.28387848  -0.41002175   0.01263825   0.69424775   0.64947917   0.52053755   0.53245701  -0.04415893  -0.46252492  -0.32035613  -0.23180784  -0.23106255   0.09054379   0.09178940   0.09116559   0.09116559   0.09116559   0.00142945   0.00077615   0.00159695   0.00189584   0.00212098
 4.50  7400.  0.0  2.0   0.45432075   0.29416153   0.45291607   0.70340540   0.74715874   0.36906186   0.46904181   0.11835177  -0.58881802  -0.72556120  -0.04528245   0.27805713   0.28628768   0.88268114   0.88060034  -0.02690124  -0.28352173  -0.20486227  -0.39531090  -0.36964901   0.07113023   0.07161968   0.07161968   0.07113023   0.07113023   0.00226000   0.00136059   0.00182592   0.00331206   0.00371577
 5.00  7400.  0.0  2.0   0.42149786   0.39089471   0.57860183   0.62345730   0.63279489   0.41817150   0.10613535  -0.32055714  -0.47051325  -0.46938738  -0.07452129   0.80128710   0.86638181   0.83313489   0.62566509  -0.00296358  -0.53160133  -0.45412695  -0.38936421  -0.26585375   0.05297642   0.05297642   0.05297642   0.05297642   0.05297642   0.00251833   0.00187015   0.00226619   0.00233657   0.00248688
 5.50  7400.  0.0  2.0   0.48699624   0.25967135   0.56872208   0.63918891   0.68671688   0.16109056   0.69530965  -0.16846997  -0.46187469  -0.63004564   0.37588187  -0.01134567   0.64606547   0.84173273   0.86377945  -0.24432476  -0.20066393  -0.38148113  -0.42114597  -0.38894344   0.03912583   0.03940851   0.03912583   0.03912583   0.03912583   0.00220227   0.00173988   0.00325010   0.00341907   0.00352440
 6.00  7400.  0.0  2.0   0.50025917   0.28753269   0.46910796   0.52474068   0.72822938   0.07652310   0.71286290   0.15093677  -0.13275952  -0.75724099   0.55580431  -0.10267180   0.26546121   0.48109585   1.03201052  -0.34779697  -0.16056595  -0.23927216  -0.29276480  -0.46791503   0.02905591   0.02916391   0.02916391   0.02916391   0.02905591   0.00209816   0.00228887   0.00257117   0.00249593   0.00496587
 1.00  7600.  0.0  2.0   0.19797736   0.04919671   0.24088007   0.43618357   0.47000878   1.64393571   1.26581944   0.93934067   0.45969071   0.59296864  -1.66226495  -0.68445029  -0.73630092  -0.45436226  -0.78535028   0.70508124   0.15516339   0.23659996   0.16918806   0.31785611   0.35234042   0.36415728   0.36415728   0.36230228   0.36415728   0.02035650   0.00146932   0.00260227   0.00235056   0.00640285
 1.50  7600.  0.0  2.0   0.53631387   0.13673022   0.34905240   0.91906292   1.23283030   0.54463550   1.06875082   0.63299110  -0.63379750  -1.12330437  -0.40827272  -0.48087086  -0.42207275   0.55574591   0.79493407   0.20320785   0.07314131   0.11575491  -0.17297061  -0.21469702   0.26746483   0.27526616   0.27526616   0.27276893   0.27276893   0.01412014   0.00106701   0.00164980   0.00969964   0.02159007
 2.00  7600.  0.0  2.0   0.49732092   0.15231482   0.35930426   0.82677584   0.51216707   0.44694202   0.97766585   0.53555210  -0.60316569   0.11489955  -0.21699728  -0.34938565  -0.28914720   0.64382524  -0.15005931   0.09427019   0.01361681   0.05771176  -0.23758582   0.04641023   0.22946710   0.23443051   0.23443051   0.23248264   0.23443051   0.00634463   0.00037238   0.00027776   0.00218809   0.00035418
 2.50  7600.  0.0  2.0   0.54821174   0.06773881   0.81860948   0.82972946   1.01541275   0.24103631   1.06565444  -0.54941059  -0.71613879  -1.11977922   0.00446359  -0.38044424   0.78414681   0.82272817   1.08868672  -0.00327546   0.01632896  -0.32348188  -0.31817959  -0.39848299   0.19480977   0.19945464   0.19717302   0.19717302   0.19717302   0.00341214   0.00021318   0.00462317   0.00328062   0.00557127
 3.00  7600.  0.0  2.0   0.42288866   0.25947413   0.44418662   0.90752056   1.03158496   0.44639610   0.56476812   0.19989769  -0.98677593  -1.29003628  -0.15839864   0.15623585   0.12316555   1.15538796   1.33594050   0.02795702  -0.19109966  -0.10771420  -0.45337684  -0.50599394   0.15092883   0.15261259   0.15261259   0.15149383   0.15149383   0.00077467   0.00079118   0.00063888   0.00305894   0.00427333
 3.50  7600.  0.0  2.0   0.55486329   0.27685423   0.45549431   0.48407356   0.53546665   0.10589457   0.40006721   0.09211414  -0.02371831  -0.16920169   0.19197473   0.45574518   0.29115064   0.22015844   0.24211434  -0.10875460  -0.35651147  -0.18314240  -0.12094186  -0.11701212   0.12015322   0.12184134   0.12184134   0.12184134   0.12184134   0.00086760   0.00067136   0.00078298   0.00079505   0.00094382
 4.00  7600.  0.0  2.0   0.45514943   0.18758591   0.51946079   0.58572085   0.63261297   0.36356249   0.74913561  -0.05710338  -0.29743526  -0.43961455  -0.08776792   0.00240983   0.46725988   0.55041400   0.55188401  -0.00701964  -0.19057835  -0.27258952  -0.26495986  -0.24168462   0.09187181   0.09280212   0.09249162   0.09249162   0.09249162   0.00089623   0.00078650   0.00168447   0.00172867   0.00191706
 4.50  7600.  0.0  2.0   0.40501448   0.29673404   0.47543616   0.70932516   0.74077998   0.52411138   0.35635188  -0.02402617  -0.64313559  -0.70520682  -0.29320151   0.51738241   0.49287975   0.93777654   0.81434915   0.09257612  -0.41094768  -0.29049876  -0.40523918  -0.32595399   0.07258534   0.07307030   0.07307030   0.07258534   0.07258534   0.00212392   0.00140874   0.00174375   0.00301210   0.00352906
 5.00  7600.  0.0  2.0   0.52376568   0.36481116   0.56782122   0.61080791   0.62277362   0.18486967   0.21429827  -0.29060201  -0.43515954  -0.43698209   0.11269355   0.66093240   0.81979136   0.77194932   0.55773765  -0.06702177  -0.48108396  -0.43549573  -0.36118814  -0.23300507   0.05378652   0.05433470   0.05433470   0.05433470   0.05433470   0.00238064   0.00199527   0.00227820   0.00233372   0.00249822
 5.50  7600.  0.0  2.0   0.47154847   0.24228168   0.56005074   0.63474076   0.68906555   0.25172379   0.76687451  -0.15475787  -0.46444861  -0.64932925   0.17964388  -0.09983007   0.62875687   0.84014002   0.86889130  -0.14341320  -0.17415491  -0.37758534  -0.42093414  -0.38681487   0.04018299   0.04046318   0.04018299   0.04018299   0.04018299   0.00238713   0.00185303   0.00337353   0.00343331   0.00351995
 6.00  7600.  0.0  2.0   0.52692548   0.27334910   0.46110563   0.66815107   0.73483091   0.03024395   0.78337847   0.16136146  -0.53811033  -0.79283899   0.54609830  -0.19875621   0.25284894   0.92967997   1.06261777  -0.33106121  -0.12871003  -0.23776107  -0.46920284  -0.47759995   0.02969232   0.03001134   0.03001134   0.02969232   0.02969232   0.00224402   0.00243862   0.00265398   0.00507567   0.00513906
 1.00  7800.  0.0  2.0   0.13775867  -0.03523255   0.07430988   0.82115813   0.24822767   1.49350202   1.39904432   1.18083109   0.02889448   0.92998456  -1.31912980  -0.79712332  -0.87970977  -0.36493889  -0.98788373   0.52496160   0.18243576   0.26176889   0.22943210   0.35619030   0.35871333   0.36871020   0.36871020   0.36293863   0.36871020   0.01175072   0.00035961   0.00024256   0.02200118   0.00103292
 1.50  7800.  0.0  2.0   0.57621706   0.07211879   0.18667753   0.57934014   0.37086568   0.53623676   1.17242582   0.95869995   0.04973187   0.54696273  -0.44461724  -0.57555549  -0.72981863  -0.05186661  -0.62630955   0.21669811   0.10056729   0.22321189   0.02479398   0.23152978   0.26937271   0.27923031   0.27923031   0.27657818   0.27923031   0.01934631   0.00026458   0.00014245   0.00140884   0.00045023
 2.00  7800.  0.0  2.0   0.81519514   0.07044713   0.37474250   0.81867769   0.55493065  -0.03548860   1.26693122   0.54313897  -0.56960737   0.04789036   0.05875694  -0.73117178  -0.34248875   0.58417230  -0.12818297   0.04979131   0.16420311   0.08343495  -0.21110070   0.05030126   0.22856810   0.23704867   0.23603867   0.23399091   0.23603867   0.01922548   0.00030551   0.00031492   0.00212476   0.00050781
 2.50  7800.  0.0  2.0   0.55817320   0.19712035   0.55864678   0.54297534   0.71760986   0.31034307   0.96880490   0.07808908  -0.04342050  -0.41775830  -0.14576810  -0.43015959   0.13696660   0.13646597   0.36841552   0.07022899   0.05254311  -0.09387473  -0.07087137  -0.13670257   0.19221766   0.19609422   0.19532922   0.19532922   0.19532922   0.00374345   0.00059890   0.00060324   0.00020592   0.00066549
 3.00  7800.  0.0  2.0   0.68649944   0.27102104   0.43528393   0.66028704   0.79654622  -0.09534553   0.68116376   0.27667309  -0.40481470  -0.73606040   0.28040656  -0.08809128  -0.01135858   0.55479823   0.75917011  -0.09919245  -0.07600651  -0.05006641  -0.23567919  -0.29496518   0.15166300   0.15453046   0.15453046   0.15396046   0.15396046   0.00273406   0.00077550   0.00060748   0.00082520   0.00127969
 3.50  7800.  0.0  2.0   0.54978699   0.31950621   0.53255658   0.54317714   0.88015117   0.17990939   0.56605739  -0.01437454  -0.15993694  -1.01626680   0.02919217   0.03505047   0.33570364   0.33994793   1.08893219  -0.03362844  -0.14050785  -0.19846058  -0.16867481  -0.42637593   0.12183136   0.12311540   0.12311540   0.12311540   0.12268540   0.00083774   0.00136391   0.00110780   0.00074156   0.00246826
 4.00  7800.  0.0  2.0   0.62409177   0.18084168   0.58699568   0.61426669   0.65647558  -0.05415129   0.75814375  -0.25911870  -0.37292978  -0.48242965   0.31110312   0.03139086   0.69224694   0.59762429   0.54754412  -0.14859151  -0.22076842  -0.35673108  -0.26700545  -0.22407083   0.09275383   0.09429646   0.09367715   0.09367715   0.09367715   0.00097375   0.00088687   0.00146278   0.00149290   0.00183340
 4.50  7800.  0.0  2.0   0.57955543   0.28258963   0.47395898   0.69804899   0.73285683   0.06486701   0.45883135  -0.01173288  -0.62405344  -0.70088462   0.16546362   0.37162608   0.46391090   0.90409778   0.79303237  -0.08048061  -0.35999218  -0.28131345  -0.39229014  -0.31610611   0.07332179   0.07427872   0.07427872   0.07403872   0.07403872   0.00144308   0.00131410   0.00137646   0.00284024   0.00341790
 5.00  7800.  0.0  2.0   0.52179937   0.35580928   0.56300357   0.60199268   0.61395349   0.21437879   0.28577125  -0.25905742  -0.39844122  -0.40292405   0.01292736   0.54896428   0.75683557   0.69968398   0.48391200  -0.01708104  -0.43645943  -0.40636349  -0.32628485  -0.19705377   0.05493924   0.05529983   0.05529983   0.05529983   0.05529983   0.00248507   0.00210001   0.00234010   0.00237946   0.00256649
 5.50  7800.  0.0  2.0   0.49409432   0.22585679   0.55737206   0.63196407   0.69275587   0.20302349   0.85089202  -0.15221813  -0.46583568  -0.66861255   0.17029957  -0.21997531   0.62028930   0.83137470   0.86835993  -0.12574910  -0.12826134  -0.37612147  -0.41598466  -0.38059615   0.04106452   0.04134121   0.04106452   0.04106452   0.04106452   0.00271151   0.00195578   0.00344994   0.00346766   0.00351525
 6.00  7800.  0.0  2.0   0.54585645   0.26243994   0.45752758   0.66686604   0.74109487   0.00106021   0.85250758   0.16433602  -0.54710873  -0.82608486   0.50822968  -0.30312757   0.24598053   0.93547249   1.08695989  -0.29805322  -0.08944189  -0.23777568  -0.47210850  -0.48338733   0.03039953   0.03060830   0.03060830   0.03039953   0.03039953   0.00243982   0.00263869   0.00275328   0.00517825   0.00516854
 1.00  8000.  0.0  2.0   0.11360511  -0.00776250   0.10431798   0.48775942   0.28624516   1.80110450   1.45522781   1.15052881   0.48098889   0.90219612  -1.80798520  -0.96664992  -0.87616070  -0.56695019  -0.99399675   0.74259435   0.26899767   0.26688700   0.23650171   0.36950799   0.36559568   0.37632157   0.37632157   0.37223592   0.37632157   0.01635314   0.00080898   0.00051456   0.00502762   0.00192527
 1.50  8000.  0.0  2.0   0.62019767   0.28183307   0.45809764   0.61141854   0.74560373   0.63852603   0.94234965   0.49200898  -0.00029668  -0.12661936  -0.69220006  -0.54801708  -0.38795192  -0.02266189  -0.10792838   0.33777049   0.13282065   0.12738162   0.01821538   0.08604647   0.27366793   0.28290766   0.28290766   0.28143766   0.28290766   0.02710198   0.00332065   0.00348882   0.00190032   0.00757283
 2.00  8000.  0.0  2.0   0.88271815   0.00697582   0.39947341   0.82081758   0.60869136  -0.13084873   1.42587329   0.51190858  -0.56867407  -0.06145111   0.11535112  -0.92279404  -0.34854679   0.56397875  -0.04953511   0.03259627   0.23533579   0.09299988  -0.19951084   0.03114693   0.23234390   0.24233168   0.24027890   0.23812124   0.24027890   0.02523305   0.00003334   0.00040504   0.00219742   0.00079868
 2.50  8000.  0.0  2.0   1.09534144   0.25482459   0.85041098   0.75477875   1.07300811  -0.73797407   0.93200413  -0.52316720  -0.50668443  -1.19228250   0.72493438  -0.49180736   0.65023126   0.54943293   1.06684539  -0.19472064   0.09284568  -0.25825463  -0.20696269  -0.36676059   0.19363696   0.20013972   0.19856148   0.19856148   0.19856148   0.02061695   0.00076944   0.00462783   0.00220641   0.00610483
 3.00  8000.  0.0  2.0   0.90586520   0.31610256   0.44596566   0.64042583   0.81896819  -0.56463409   0.68541419   0.29564543  -0.34495382  -0.77421327   0.68879806  -0.18153733  -0.08421309   0.46207998   0.75873860  -0.22917950  -0.03215763  -0.01388411  -0.19531874  -0.28496732   0.15349161   0.15698772   0.15698772   0.15640772   0.15640772   0.00686446   0.00075626   0.00050252   0.00060467   0.00109104
 3.50  8000.  0.0  2.0   0.81064348   0.26648466   0.44100351   0.92866982   1.08255022  -0.41324781   0.72572318   0.24432213  -1.07760506  -1.48200207   0.56362317  -0.18056737   0.01149469   1.24000381   1.52044615  -0.20308258  -0.04079033  -0.05955922  -0.48773938  -0.57301850   0.12304001   0.12559717   0.12559717   0.12432406   0.12432406   0.00220959   0.00067674   0.00070456   0.00297071   0.00420131
 4.00  8000.  0.0  2.0   0.62378925   0.15195787   0.53146688   0.56631441   0.62322850  -0.02525610   0.93609533  -0.07912340  -0.24901642  -0.41378658   0.20551079  -0.28597725   0.44354009   0.43759565   0.45535179  -0.08921710  -0.05919703  -0.24932138  -0.20181880  -0.18624897   0.09505177   0.09690072   0.09628290   0.09628290   0.09628290   0.00091230   0.00089447   0.00147808   0.00142021   0.00170248
 4.50  8000.  0.0  2.0   0.59464960   0.25019084   0.44826334   0.68465685   0.72834706   0.01684961   0.62564845   0.07672727  -0.58585861  -0.70322947   0.18222970   0.12643431   0.33613059   0.83759680   0.77824483  -0.08410789  -0.25779782  -0.22827635  -0.36306195  -0.30871486   0.07496196   0.07615237   0.07615237   0.07567391   0.07567391   0.00120449   0.00138313   0.00129586   0.00276878   0.00330225
 5.00  8000.  0.0  2.0   0.52528722   0.34152281   0.54602459   0.58311440   0.81381575   0.20958866   0.38091418  -0.18575839  -0.33281683  -0.92969211  -0.03045706   0.39390342   0.63700228   0.59406891   1.03006566   0.00659356  -0.36720354  -0.35111863  -0.27830933  -0.40247909   0.05604101   0.05639761   0.05639761   0.05639761   0.05604101   0.00248029   0.00206210   0.00232697   0.00230224   0.00518768
 5.50  8000.  0.0  2.0   0.60219494   0.27976724   0.58014767   0.63347702   0.68197598  -0.02730974   0.76168673  -0.17475449  -0.43745515  -0.62288179   0.29755621  -0.23724662   0.54250254   0.70741012   0.74217217  -0.15256472  -0.08782424  -0.31546107  -0.34187715  -0.31277389   0.04200397   0.04241317   0.04213947   0.04213947   0.04213947   0.00268835   0.00183645   0.00357836   0.00360664   0.00370734
 6.00  8000.  0.0  2.0   0.57733075   0.24825965   0.44928064   0.66656071   0.74714763  -0.07604341   0.92922495   0.18188372  -0.55958180  -0.85930840   0.52547775  -0.41502664   0.22023241   0.94420098   1.10786673  -0.28527727  -0.04743456  -0.22919394  -0.47540341  -0.48615954   0.03108177   0.03139281   0.03139281   0.03108177   0.03108177   0.00256706   0.00278638   0.00279686   0.00522416   0.00512116
 1.00  8200.  0.0  2.0   0.06686221  -0.15110088   0.12740591   0.10704579   0.30954098   2.16179588   1.57347972   1.16323100   1.02484479   0.93111867  -2.36728073  -0.99362686  -0.93025019  -0.85949221  -1.06494072   0.99927896   0.26193742   0.29705517   0.27916387   0.40855707   0.37846137   0.39391203   0.38987132   0.38987132   0.38987132   0.02189166   0.00001501   0.00103470   0.00032519   0.00343450
 1.50  8200.  0.0  2.0   0.32188974  -0.08507024   0.51702457   1.09654685   0.82381755   0.94350613   1.55222592   0.39873685  -0.84409909  -0.24086697  -0.72508346  -1.00287006  -0.32913927   0.59902406  -0.04116743   0.27043752   0.25031871   0.11398421  -0.14419291   0.07546630   0.28936366   0.29836398   0.29411519   0.29099866   0.29411519   0.00871419   0.00002893   0.00500127   0.01993332   0.01078847
 2.00  8200.  0.0  2.0   0.93371523   0.04783297   0.43513371   1.30174543   0.66838107  -0.11412792   1.36182753   0.43246672  -1.53504748  -0.19803546   0.00965314  -0.89691781  -0.28711631   1.38863019   0.07130446   0.08387265   0.22918781   0.07434259  -0.45654831  -0.00669122   0.24078451   0.25128168   0.24913899   0.24571902   0.24913899   0.03258661   0.00006635   0.00057901   0.01777418   0.00127586
 2.50  8200.  0.0  2.0   0.94396273   0.33877984   0.91788076   0.76365792   1.16914899  -0.45654429   0.79622655  -0.64911682  -0.52738078  -1.40191134   0.50239277  -0.42518017   0.73020804   0.55030697   1.24047327  -0.13663371   0.08149205  -0.27667461  -0.20234368  -0.41818387   0.20189177   0.20793106   0.20626291   0.20626291   0.20626291   0.01638186   0.00126188   0.00592837   0.00244252   0.00831171
 3.00  8200.  0.0  2.0   1.27860250   0.36913466   0.46623505   0.82288393   1.11794547  -1.36138376   0.67447550   0.27264369  -0.75826253  -1.45846345   1.41499538  -0.27436106  -0.09841021   0.83956755   1.39946512  -0.47534580   0.01730517  -0.00436692  -0.32290746  -0.50353179   0.15587896   0.16065364   0.16065364   0.15947496   0.15947496   0.01660684   0.00090235   0.00045004   0.00185195   0.00464656
 3.50  8200.  0.0  2.0   0.84790543   0.11967961   0.45081090   0.90430172   1.10358316  -0.51340216   1.17783094   0.24527414  -1.02197515  -1.53950598   0.64310884  -0.72631041  -0.02877784   1.15871628   1.55126732  -0.22795958   0.16763411  -0.04001154  -0.45309034  -0.57682432   0.12641126   0.12984244   0.12898839   0.12770030   0.12770030   0.00248457   0.00037891   0.00061932   0.00252282   0.00412039
 4.00  8200.  0.0  2.0   0.63939106   0.18150593   0.57181752   0.57174165   0.65812195  -0.05649324   0.94350352  -0.11634064  -0.24214430  -0.50195960   0.18013930  -0.42394797   0.39455081   0.38623026   0.51601954  -0.06204922   0.04150510  -0.20630934  -0.17338640  -0.20183382   0.09734023   0.09918567   0.09826105   0.09826105   0.09826105   0.00082541   0.00074103   0.00145821   0.00124807   0.00150977
 4.50  8200.  0.0  2.0   0.55444863   0.24728644   0.44042601   0.66855132   0.72312959   0.11924708   0.72781753   0.13317463  -0.53507023  -0.70441628   0.02029617  -0.08937002   0.22090487   0.74790799   0.75827219  -0.01071304  -0.14599387  -0.17185680  -0.32182288  -0.29730603   0.07708384   0.07803078   0.07803078   0.07755581   0.07755581   0.00110793   0.00140652   0.00125908   0.00267047   0.00310188
 5.00  8200.  0.0  2.0   0.63391766   0.21892718   0.53127666   0.55762698   0.80451678  -0.09781202   0.75614793  -0.14165706  -0.27319628  -0.93356035   0.26933738  -0.07360926   0.55899998   0.50479501   1.02279861  -0.10523006  -0.17529284  -0.31500821  -0.23916883  -0.39899854   0.05722100   0.05810871   0.05792971   0.05792971   0.05739650   0.00185361   0.00121034   0.00206558   0.00197680   0.00505173
 5.50  8200.  0.0  2.0   0.60997798   0.27594601   0.57987594   0.62806453   0.67683695  -0.02446410   0.81519193  -0.16214916  -0.41605841  -0.60885584   0.22065551  -0.33246784   0.50647409   0.65917204   0.69866962  -0.10266408  -0.04581064  -0.29675831  -0.31661081  -0.28826665   0.04259397   0.04326906   0.04299687   0.04299687   0.04299687   0.00278080   0.00188094   0.00349826   0.00344548   0.00351181
 6.00  8200.  0.0  2.0   0.66733349   0.24304977   0.44710203   0.66754007   0.75151034  -0.28507232   1.00081083   0.20023301  -0.56062965  -0.87455709   0.66545617  -0.53580531   0.18308256   0.92997952   1.09935382  -0.31215405   0.00250089  -0.21353306  -0.46684789  -0.47493155   0.03149670   0.03180197   0.03180197   0.03159720   0.03159720   0.00278982   0.00294404   0.00284084   0.00513465   0.00495175
 1.50  8400.  0.0  2.0   0.47690189  -0.05834444   0.56952225   1.16158788   0.88309911   0.98880542   1.54502413   0.34900722  -0.89193904  -0.28904685  -1.06869582  -1.05173050  -0.32688817   0.57928015  -0.04755729   0.46899650   0.27837400   0.12346109  -0.11931926   0.09208083   0.30085769   0.31199372   0.30750030   0.30424392   0.30750030   0.02199430   0.00004143   0.00709631   0.02601692   0.01474386
 2.00  8400.  0.0  2.0   0.76991347   0.08091223   0.47027643   1.34876487   0.71464398   0.24011747   1.33037041   0.36850739  -1.60695259  -0.29009803  -0.31570463  -0.90910215  -0.24422492   1.42556399   0.14804712   0.18394509   0.23811521   0.06283943  -0.46046643  -0.02972968   0.24912379   0.25870338   0.25647578   0.25293100   0.25647578   0.02553018   0.00013203   0.00083221   0.02046037   0.00184798
 2.50  8400.  0.0  2.0   1.22407991   0.40613244   0.96352838   0.76288049   1.23212455  -0.91373324   0.67903293  -0.75028420  -0.55023838  -1.55162718   0.81224369  -0.35353701   0.80932786   0.57407355   1.37329614  -0.21565934   0.06153217  -0.30056910  -0.21081891  -0.45975889   0.20803094   0.21524292   0.21352483   0.21352483   0.21352483   0.03305708   0.00185502   0.00692532   0.00252566   0.01008347
 3.00  8400.  0.0  2.0   1.32741817   0.44442573   0.48928188   0.61270148   0.87890886  -1.45566613   0.54749227   0.22960970  -0.28146885  -0.92103438   1.49058852  -0.20828797  -0.08733613   0.35406293   0.85768898  -0.50137566   0.00437268  -0.00167279  -0.14606591  -0.30637986   0.15959482   0.16445941   0.16445941   0.16386441   0.16386441   0.01923390   0.00114627   0.00044895   0.00032995   0.00099848
 3.50  8400.  0.0  2.0   0.88389506   0.20955867   0.46572036   0.87727625   1.12192085  -0.60209102   1.05109217   0.23032923  -0.95641773  -1.58895118   0.71872808  -0.68468067  -0.05226927   1.06704103   1.57640862  -0.25458821   0.16782406  -0.02458506  -0.41391195  -0.57866299   0.12930303   0.13234513   0.13191013   0.13061706   0.13061706   0.00296316   0.00033319   0.00051195   0.00204164   0.00400399
 4.00  8400.  0.0  2.0   1.01369305   0.23949836   0.57623660   0.55096103   0.90899639  -0.97478618   0.83951458  -0.07870875  -0.17801946  -1.14840213   1.09615602  -0.38745401   0.28045705   0.28290118   1.17582733  -0.39230891   0.05191150  -0.14249913  -0.12712313  -0.44423106   0.09854074   0.10130931   0.10038468   0.10038468   0.10007618   0.00332302   0.00063998   0.00134935   0.00105101   0.00340744
 4.50  8400.  0.0  2.0   0.79617255   0.26347217   0.43170482   0.65106879   0.71762562  -0.49349548   0.77474998   0.20283403  -0.48082238  -0.70607348   0.62316870  -0.27028803   0.07497047   0.65491118   0.73911928  -0.22720602  -0.03016972  -0.09715372  -0.27970158  -0.28558886   0.07818538   0.07983278   0.07983278   0.07935781   0.07935781   0.00147350   0.00132951   0.00123100   0.00250233   0.00284817
 5.00  8400.  0.0  2.0   0.62720819   0.21142293   0.52312858   0.53922210   0.79595429  -0.07983559   0.85761817  -0.08966214  -0.21671769  -0.92700371   0.19820141  -0.26232056   0.45846063   0.41313792   0.99767085  -0.06625508  -0.08613868  -0.26730088  -0.19806461  -0.38614604   0.05856551   0.05944622   0.05926872   0.05926872   0.05874001   0.00165864   0.00120352   0.00202949   0.00182946   0.00479280
 5.50  8400.  0.0  2.0   0.71101499   0.27641264   0.58252383   0.62414570   0.67257977  -0.28777806   0.82883252  -0.16952260  -0.40543527  -0.60143239   0.45221683  -0.35311201   0.50568524   0.62905956   0.66646626  -0.17441955  -0.03875180  -0.29281406  -0.29760817  -0.26781808   0.04318231   0.04397443   0.04384043   0.04384043   0.04384043   0.00304131   0.00193963   0.00339623   0.00325381   0.00330420
 6.00  8400.  0.0  2.0   0.68531160   0.24074822   0.44610367   0.67069912   0.75362107  -0.32233662   1.05151546   0.20998260  -0.57333985  -0.88851571   0.63264738  -0.63117111   0.15306567   0.92606331   1.08610720  -0.27747642   0.04444138  -0.19834269  -0.46001195  -0.45983153   0.03206068   0.03246024   0.03246024   0.03225946   0.03225946   0.00295103   0.00302860   0.00283874   0.00497212   0.00473182
 1.50  8600.  0.0  2.0   0.35236493   0.11670060   0.62006950   0.52530377   0.93119671   1.20445539   1.33107944   0.33896676   0.24992676  -0.27813406  -1.23786088  -0.99044002  -0.38606502  -0.28946906  -0.13176130   0.51579140   0.29432045   0.16029688   0.11828233   0.14111880   0.31857602   0.32695866   0.32373224   0.32373224   0.32373224   0.01700159   0.00157584   0.01009643   0.00460683   0.01973897
 2.00  8600.  0.0  2.0   0.75067842   0.11271111   0.83577516   0.64201280   1.15475969   0.32607338   1.31361202  -0.30791566  -0.16710707  -1.11609163  -0.44052594  -0.94412343   0.29642021   0.15387140   0.81962899   0.23477130   0.25855879  -0.09713200  -0.04916112  -0.22913654   0.25825508   0.26688422   0.26335940   0.26335940   0.26335940   0.02490018   0.00025982   0.00900717   0.00324543   0.01549583
 2.50  8600.  0.0  2.0   1.04361783   0.46356421   1.01005114   0.77735615   1.28378690  -0.51759330   0.59783575  -0.83847905  -0.58550485  -1.65887805   0.44534135  -0.32128386   0.87171626   0.60096642   1.46193120  -0.09987627   0.05646472  -0.31764483  -0.21842041  -0.48570508   0.21416304   0.22062693   0.21885890   0.21885890   0.21885890   0.02520892   0.00258083   0.00809761   0.00275570   0.01184349
 3.00  8600.  0.0  2.0   1.16023112   0.20357337   0.37989919   0.60294749   0.90635213  -1.08904488   1.11509288   0.46898277  -0.27191968  -1.00072333   1.14556651  -0.79461134  -0.33212462   0.33726631   0.93046627  -0.38822999   0.21523163   0.08655794  -0.13816391  -0.32952739   0.16455360   0.17009314   0.16949814   0.16829447   0.16829447   0.01355038   0.00019257   0.00009113   0.00028217   0.00108187
 3.50  8600.  0.0  2.0   1.08814042   0.25947028   0.48016038   0.85665044   1.14601611  -1.06203658   0.97463030   0.20188783  -0.91539247  -1.66112947   1.14935965  -0.66192796  -0.05151899   1.00891275   1.63466739  -0.40415777   0.16905225  -0.01923347  -0.38865615  -0.59482479   0.13238509   0.13590118   0.13546618   0.13415312   0.13415312   0.00712924   0.00031084   0.00043937   0.00171755   0.00406957
 4.00  8600.  0.0  2.0   0.91802704   0.27053185   0.54245932   0.77517832   0.91151826  -0.75496081   0.90784183   0.00764447  -0.77421580  -1.18363073   0.85857201  -0.57243764   0.17766566   0.91017019   1.20183656  -0.30897649   0.13019785  -0.11154276  -0.36512535  -0.45059277   0.10163894   0.10380688   0.10349688   0.10287757   0.10287757   0.00192331   0.00068565   0.00129381   0.00255887   0.00313335
 4.50  8600.  0.0  2.0   0.81159159   0.32331716   0.44372795   0.64886462   0.72995652  -0.53178033   0.69356862   0.22989392  -0.45426672  -0.74285437   0.63334732  -0.29270471  -0.03345718   0.58554030   0.75335925  -0.22658856   0.01629753  -0.03438226  -0.24506295  -0.28543712   0.07980158   0.08121001   0.08121001   0.08073654   0.08073654   0.00139987   0.00117632   0.00114787   0.00224969   0.00256764
 5.00  8600.  0.0  2.0   0.76513643   0.22157260   0.51800429   0.72841815   0.78867494  -0.45118100   0.91666903  -0.03283453  -0.69770093  -0.92344951   0.56754977  -0.43551817   0.33444367   0.89657809   0.97510785  -0.20269253   0.01443201  -0.20395972  -0.37531396  -0.37382500   0.05944403   0.06066587   0.06048887   0.05996165   0.05996165   0.00191958   0.00117306   0.00199109   0.00399930   0.00443758
 5.50  8600.  0.0  2.0   0.71183702   0.28933826   0.60048967   0.62193913   0.85003099  -0.33629514   0.69000947  -0.30235629  -0.44828022  -1.10694370   0.47759884  -0.11232495   0.69383936   0.67363462   1.20139487  -0.17200202  -0.15066058  -0.36581388  -0.30257122  -0.46322552   0.04411528   0.04489940   0.04463470   0.04463470   0.04437299   0.00236509   0.00177323   0.00302392   0.00284941   0.00667391
 6.00  8600.  0.0  2.0   0.69564262   0.24241944   0.44983439   0.67420570   0.75146619  -0.34242606   1.09023224   0.20739809  -0.58340845  -0.88796887   0.58445002  -0.71852304   0.13380640   0.91290731   1.05282453  -0.23777970   0.08710910  -0.18571963  -0.44690134  -0.43570783   0.03274592   0.03324226   0.03324226   0.03294270   0.03294270   0.00311212   0.00302193   0.00272210   0.00472387   0.00447577
 1.50  8800.  0.0  2.0   0.33279609   0.00218916   0.65563219   0.60189511   0.96112385   1.42585872   1.50644317   0.40902382   0.18403658  -0.18060400  -1.58335893  -1.11480965  -0.55448275  -0.28651724  -0.32829351   0.67216274   0.32559906   0.24409556   0.13143287   0.23670391   0.33434340   0.34480699   0.33975442   0.33975442   0.33975442   0.02201917   0.00038878   0.01431000   0.00741090   0.02628666
 2.00  8800.  0.0  2.0   0.60490651   0.33724327   0.54547150   0.40447560   0.79679834   0.61288605   0.96912050   0.26607094   0.31114318  -0.40837142  -0.68896131  -0.74130482  -0.19081167  -0.25696046   0.22456145   0.31008241   0.21875338   0.05133839   0.07880615  -0.04726720   0.26719862   0.27365794   0.27240794   0.27240794   0.27240794   0.01878826   0.00310611   0.00181780   0.00020546   0.00363030
 2.50  8800.  0.0  2.0   1.08595971   0.04611003   0.29307337   0.53552705   0.94825966  -0.48928701   1.47714206   0.69536866  -0.06995743  -0.95037590   0.32240387  -1.13980090  -0.55336326   0.12364015   0.81674645  -0.03554912   0.32968020   0.16405679  -0.05785776  -0.27116203   0.22061583   0.22994563   0.22821750   0.22640448   0.22640448   0.03103330   0.00003309   0.00004765   0.00018468   0.00272910
 3.00  8800.  0.0  2.0   1.45832226   0.14503330   0.38760034   0.79572313   1.24525233  -1.67565713   1.26030621   0.44317023  -0.73076371  -1.78717661   1.63815220  -0.95714594  -0.31262229   0.78763152   1.69386365  -0.54348538   0.27267631   0.07976817  -0.29809023  -0.59667869   0.17013310   0.17708970   0.17588102   0.17401878   0.17401878   0.02731332   0.00008732   0.00009613   0.00158914   0.00677540
 3.50  8800.  0.0  2.0   1.13117010   0.30410927   0.49080507   0.69875666   0.94132625  -1.15381700   0.89690638   0.17673427  -0.55548135  -1.19542674   1.22355197  -0.62100609  -0.04486185   0.64007356   1.16262408  -0.42798930   0.15913670  -0.01806501  -0.25348139  -0.42208449   0.13696999   0.14051604   0.14007604   0.13919202   0.13919202   0.00826074   0.00031602   0.00040207   0.00089976   0.00156303
 4.00  8800.  0.0  2.0   0.93542654   0.28341249   0.55874766   0.76716360   0.91496384  -0.78452548   0.91885209  -0.01585273  -0.75275154  -1.20071632   0.86426691  -0.63727098   0.16782274   0.86544503   1.20215743  -0.30719449   0.16348703  -0.10094394  -0.34326828  -0.44548875   0.10561952   0.10807179   0.10745748   0.10684316   0.10684316   0.00206047   0.00068568   0.00116233   0.00222721   0.00280578
 4.50  8800.  0.0  2.0   1.04741327   0.37026969   0.45022272   0.63526479   0.72849581  -1.11804322   0.62862884   0.24126270  -0.41928108  -0.75674684   1.21626829  -0.28782677  -0.09407264   0.52343191   0.75226333  -0.43927191   0.02640890  -0.00073689  -0.21674315  -0.28077919   0.08170946   0.08356739   0.08356739   0.08309691   0.08309691   0.00289363   0.00115014   0.00107240   0.00195669   0.00230437
 5.00  8800.  0.0  2.0   0.81162975   0.25463976   0.52433815   0.71751937   0.78470775  -0.57167755   0.90627421   0.00385040  -0.65336968  -0.92652338   0.66492294  -0.54890421   0.21776460   0.80990618   0.95835170  -0.23630403   0.10382004  -0.13828573  -0.33440954  -0.36315320   0.06051104   0.06189650   0.06154389   0.06119528   0.06119528   0.00175242   0.00113263   0.00194382   0.00370951   0.00405805
 5.50  8800.  0.0  2.0   0.83089463   0.30096213   0.59072374   0.59893616   0.83751874  -0.67601366   0.72344490  -0.24433828  -0.37838718  -1.09583694   0.82353595  -0.23823377   0.57556830   0.56372492   1.17616566  -0.30245264  -0.07372127  -0.30521758  -0.25270056  -0.45129040   0.04477854   0.04581139   0.04567889   0.04567889   0.04528697   0.00283961   0.00169839   0.00296528   0.00263530   0.00634153
 6.00  8800.  0.0  2.0   0.79893443   0.26051137   0.45850120   0.67653048   0.74545481  -0.61633053   1.07843819   0.19239701  -0.58810128  -0.87733080   0.82799090  -0.75114010   0.12204675   0.88750887   1.00779753  -0.31719118   0.11100095  -0.17253119  -0.42622953  -0.40699696   0.03320241   0.03388504   0.03388504   0.03358799   0.03358799   0.00342471   0.00293279   0.00262014   0.00442783   0.00421194
 1.50  9000.  0.0  2.0   0.27453866   0.16172344   0.38631833   0.35439603   0.61073249   1.77000370   1.42819345   0.88233760   0.63030779   0.44070683  -2.06233364  -1.24353456  -0.89653833  -0.61360836  -0.77192388   0.87806765   0.42504147   0.32811072   0.21374624   0.34526569   0.35129942   0.36075107   0.35889607   0.35889607   0.35889607   0.02718038   0.00432116   0.00505259   0.00139556   0.00979736
 2.00  9000.  0.0  2.0   0.78839435   0.38545711   0.94923194   0.77554129   1.26843826   0.56018557   0.94244812  -0.40394130  -0.37486588  -1.21245376  -0.91159385  -0.78720658   0.27847496   0.30162887   0.81053541   0.46150426   0.25126782  -0.06625099  -0.08990705  -0.19969622   0.27485661   0.28302752   0.28041043   0.28041043   0.28041043   0.03767289   0.00452903   0.01506670   0.00622485   0.02384305
 2.50  9000.  0.0  2.0   1.05713737   0.07038699   0.31436632   0.56149223   0.98091397  -0.38805206   1.46482643   0.66415440  -0.11558981  -1.00423622   0.19331071  -1.16962762  -0.53588882   0.16016189   0.85785922   0.01483005   0.34670799   0.15885022  -0.06987976  -0.28301931   0.22784890   0.23639843   0.23463034   0.23277237   0.23277237   0.03044116   0.00004916   0.00006915   0.00023894   0.00331971
 3.00  9000.  0.0  2.0   1.51026817   0.16924197   0.55366670   0.81470635   1.28641608  -1.72473719   1.24418942   0.08489259  -0.76985545  -1.87602434   1.63654329  -0.97894953   0.01702496   0.81867229   1.77317878  -0.53347228   0.28514771  -0.03329196  -0.30784192  -0.62219638   0.17451822   0.18162963   0.17977238   0.17848381   0.17848381   0.03141451   0.00008524   0.00069558   0.00175165   0.00774007
 3.50  9000.  0.0  2.0   1.52732486   0.34125239   0.60529109   0.68874941   0.95813031  -2.04233367   0.83701231  -0.09120852  -0.55064990  -1.25803120   2.06734140  -0.59295563   0.20968509   0.63693059   1.22885780  -0.72063807   0.15244109  -0.10766488  -0.25301368  -0.44594156   0.14007653   0.14463147   0.14372248   0.14327248   0.14327248   0.01867102   0.00035327   0.00064599   0.00090014   0.00163583
 4.00  9000.  0.0  2.0   0.97222213   0.35328574   0.61309464   0.75986231   0.91971884  -0.87138632   0.78416292  -0.14394137  -0.74926818  -1.23399097   0.93436345  -0.54141241   0.27777196   0.85396822   1.23230402  -0.32876943   0.13493045  -0.13709409  -0.33707395  -0.45455535   0.10774216   0.10991009   0.10929078   0.10898078   0.10898078   0.00234727   0.00062483   0.00108163   0.00205216   0.00264698
 4.50  9000.  0.0  2.0   0.97147927   0.38991231   0.66635472   0.62113340   1.00171055  -0.93418446   0.66351579  -0.30709138  -0.40496337  -1.48796857   1.00046007  -0.40648491   0.46978361   0.50155104   1.52509727  -0.35611379   0.08233641  -0.21483238  -0.20834090  -0.57054909   0.08486869   0.08648515   0.08601767   0.08601767   0.08555418   0.00195669   0.00124464   0.00235251   0.00171356   0.00497701
 5.00  9000.  0.0  2.0   0.81551915   0.28862692   0.52095257   0.69180018   0.76824885  -0.59828591   0.84764038   0.03687752  -0.59285288  -0.91465148   0.66883536  -0.55567529   0.12813403   0.72148275   0.93792194  -0.23440538   0.13136349  -0.08862455  -0.29568069  -0.35333379   0.06260571   0.06415379   0.06362757   0.06345457   0.06345457   0.00166672   0.00119549   0.00190098   0.00339520   0.00371586
 5.50  9000.  0.0  2.0   0.84529824   0.32600672   0.59853441   0.59144247   0.83469752  -0.71281284   0.73322874  -0.22007410  -0.33972336  -1.10160490   0.82787801  -0.35622379   0.48431750   0.48212577   1.16398175  -0.29920114   0.00702770  -0.25304663  -0.21278808  -0.44273611   0.04562060   0.04664546   0.04638275   0.04638275   0.04625375   0.00266144   0.00167577   0.00293089   0.00243980   0.00581480
 6.00  9000.  0.0  2.0   0.80832224   0.29232795   0.47338419   0.67956449   0.73864058  -0.63435816   1.01506055   0.16169448  -0.58947642  -0.86320573   0.79305114  -0.72654830   0.11843645   0.84977531   0.95903515  -0.29063729   0.11723639  -0.15725514  -0.39738064  -0.37743011   0.03377078   0.03444942   0.03444942   0.03415436   0.03415436   0.00341783   0.00281896   0.00250199   0.00410534   0.00394912
 1.50  9200.  0.0  2.0   0.11350817   0.00778502   0.06076739   0.73642033   0.91665225   1.82188070   1.66744593   1.38208424   0.30322555   0.47212061  -1.88590779  -1.39644842  -1.20872067  -0.67420174  -1.31154331   0.75450620   0.45664334   0.39035544   0.33529899   0.67154613   0.37224601   0.38030709   0.38030709   0.37428601   0.37428601   0.01320130   0.00177452   0.00058617   0.02002815   0.04621454
 2.00  9200.  0.0  2.0   0.62884501   0.42829751   0.43068788   0.50548917   0.88741674   0.85932346   0.94015665   0.59397177   0.16479652  -0.47060861  -1.15380246  -0.86402348  -0.55292492  -0.15449166   0.20079477   0.53041716   0.29721941   0.18481745   0.04857108  -0.01895328   0.28544318   0.29260687   0.29260687   0.29121187   0.29121187   0.02984380   0.00647773   0.00294343   0.00079751   0.00739943
 2.50  9200.  0.0  2.0   1.09727006   0.24462023   0.33932980   0.59539659   1.01716980  -0.35885319   1.16417329   0.63177611  -0.17287155  -1.05601363   0.07245820  -0.95629487  -0.52049734   0.20621650   0.89150831   0.08010017   0.28890201   0.15491728  -0.08524653  -0.29121600   0.23331282   0.24127397   0.24033397   0.23841106   0.23841106   0.03610639   0.00090167   0.00011273   0.00034313   0.00412849
 3.00  9200.  0.0  2.0   1.56360838   0.31391470   0.41784921   0.61942737   0.98455151  -1.76737922   0.97304242   0.39474514  -0.32493782  -1.19565382   1.62103888  -0.76618966  -0.28802493   0.38461028   1.11886767  -0.51594369   0.21921684   0.07310417  -0.15557437  -0.39414604   0.17795440   0.18459701   0.18395701   0.18266343   0.18266343   0.03580421   0.00046819   0.00008597   0.00028753   0.00161057
 3.50  9200.  0.0  2.0   1.58052409   0.28331954   0.61919687   0.69093054   0.96835966  -2.13058698   0.99731318  -0.11873858  -0.55750260  -1.28701923   2.12986007  -0.78102801   0.22553066   0.63822402   1.25525519  -0.73840697   0.22293206  -0.11188754  -0.25255009  -0.45427104   0.14249384   0.14754273   0.14618973   0.14572973   0.14572973   0.02097909   0.00023882   0.00063794   0.00084387   0.00158655
 4.00  9200.  0.0  2.0   1.15154016   0.34845531   0.58198623   0.81236663   1.04272687  -1.28302605   0.82065726  -0.06520349  -0.87293518  -1.53966641   1.33051495  -0.61005331   0.18096894   0.96623861   1.53805353  -0.46784052   0.16398018  -0.09869065  -0.37504725  -0.56431525   0.10937069   0.11217722   0.11155291   0.11061930   0.11061930   0.00519302   0.00062907   0.00101437   0.00192244   0.00314233
 4.50  9200.  0.0  2.0   0.99591780   0.26193580   0.67942909   0.61202992   1.00064164  -0.98598442   1.01704944  -0.32851318  -0.38392297  -1.49712860   1.03085579  -0.81908594   0.46655988   0.46425340   1.52517165  -0.36231558   0.24358507  -0.20858417  -0.19099419  -0.56758729   0.08646591   0.08879132   0.08761589   0.08761589   0.08715140   0.00201438   0.00085148   0.00221432   0.00148763   0.00465443
 5.00  9200.  0.0  2.0   0.95962159   0.33028957   0.52919554   0.69103451   0.77194844  -0.95193314   0.78915134   0.03836583  -0.58497826  -0.93390607   1.01107253  -0.54945771   0.08707272   0.68820767   0.94252903  -0.35788329   0.13924383  -0.06476871  -0.27794483  -0.35082778   0.06409487   0.06578348   0.06543687   0.06509425   0.06509425   0.00240681   0.00127140   0.00179479   0.00304073   0.00339279
 5.50  9200.  0.0  2.0   0.85233366   0.36051068   0.60450330   0.77165174   0.83315988  -0.72759720   0.69479660  -0.19868570  -0.81226072  -1.11638023   0.80603924  -0.41840747   0.39496502   0.96572875   1.16523132  -0.28514109   0.07034750  -0.19974830  -0.39208057  -0.43993916   0.04698145   0.04799931   0.04761039   0.04748289   0.04748289   0.00258348   0.00168264   0.00289184   0.00514385   0.00544183
 6.00  9200.  0.0  2.0   0.80214119   0.33223974   0.62927213   0.66789010   0.71750166  -0.63707361   0.88198955  -0.27361970  -0.56736036  -0.83191733   0.76397412  -0.60854743   0.56590607   0.78991416   0.90672222  -0.27363497   0.09060878  -0.31416130  -0.35962019  -0.35126448   0.03437511   0.03504925   0.03485297   0.03485297   0.03485297   0.00278276   0.00261914   0.00449378   0.00373803   0.00362596
 2.00  9400.  0.0  2.0   0.61296980  -0.01645445   0.49389989   0.57100018   0.93533509   1.07514022   1.65637986   0.54195382   0.08831350  -0.46979578  -1.49254292  -1.36284203  -0.56598916  -0.12281541   0.13039082   0.68212088   0.41825957   0.20361606   0.04602697   0.02285520   0.29363397   0.30553094   0.30126723   0.29977723   0.29977723   0.03604724   0.00017810   0.00467092   0.00162736   0.01085941
 2.50  9400.  0.0  2.0   1.13020296   0.12826425   0.37007347   0.99271090   1.50818714  -0.30633810   1.41541602   0.59669732  -0.96679799  -1.99871218  -0.07430402  -1.20236604  -0.50928514   0.90126614   1.67925340   0.15569982   0.37275931   0.15397483  -0.31062180  -0.53310775   0.23828729   0.24754594   0.24562303   0.24259250   0.24259250   0.04251008   0.00016944   0.00019977   0.00697170   0.02337677
 3.00  9400.  0.0  2.0   1.37126108   0.22029851   0.61071411   0.64143658   1.01024750  -1.32238872   1.20535852  -0.01195516  -0.36185222  -1.24153376   1.18845029  -1.01715806   0.08410377   0.41307870   1.15829887  -0.36759416   0.31044415  -0.05417205  -0.16505603  -0.40717621   0.18163951   0.18840208   0.18646493   0.18578993   0.18578993   0.02687456   0.00009992   0.00100069   0.00029196   0.00181005
 3.50  9400.  0.0  2.0   1.28744564   0.31062808   0.52230165   0.84932417   1.23717956  -1.45303210   0.97191082   0.11714981  -0.91759736  -1.91262208   1.46973377  -0.79236901  -0.01995850   0.98742883   1.87376494  -0.50836004   0.23238981  -0.02278087  -0.37649046  -0.67497486   0.14563036   0.14981520   0.14890620   0.14750827   0.14750827   0.01300470   0.00022379   0.00034203   0.00148961   0.00513781
 4.00  9400.  0.0  2.0   1.04362700   0.41861446   0.63654499   0.81126143   1.05377299  -1.02779508   0.69131320  -0.18431693  -0.87023542  -1.57330686   1.07115569  -0.51698747   0.28451300   0.95594726   1.56957213  -0.37357659   0.13587533  -0.13338707  -0.36992922  -0.57465964   0.11160286   0.11381574   0.11318644   0.11254716   0.11254716   0.00302897   0.00058397   0.00095355   0.00182716   0.00312907
 4.50  9400.  0.0  2.0   1.02580819   0.30258423   0.69120563   0.86463142   1.00197965  -1.05473894   0.95105857  -0.35193531  -1.03611904  -1.51247746   1.08494536  -0.78852453   0.47286162   1.14944022   1.53596130  -0.37779307   0.23828503  -0.20756388  -0.44803557  -0.56966707   0.08792479   0.09002221   0.08907926   0.08861378   0.08861378   0.00210190   0.00082433   0.00212329   0.00367909   0.00443388
 5.00  9400.  0.0  2.0   1.04873749   0.35531670   0.53641182   0.69012954   0.77399019  -1.17654863   0.79321852   0.02350679  -0.59645471  -0.96199573   1.22105522  -0.62025668   0.08620858   0.69253201   0.96665229  -0.43134094   0.17509940  -0.06506071  -0.27894650  -0.35781557   0.06515088   0.06683400   0.06666100   0.06614777   0.06614777   0.00275572   0.00130686   0.00172951   0.00279847   0.00321975
 5.50  9400.  0.0  2.0   0.86684077   0.40343288   0.60939981   0.76788495   0.83148890  -0.75488453   0.61435183  -0.18415954  -0.79553902  -1.12635735   0.79785464  -0.39933660   0.32789451   0.92025629   1.16357308  -0.27449014   0.08804619  -0.15914922  -0.36852602  -0.43627420   0.04831697   0.04931934   0.04906313   0.04881091   0.04881091   0.00253871   0.00174804   0.00280062   0.00483888   0.00508929
 6.00  9400.  0.0  2.0   0.91918737   0.42973105   0.66353216   0.66055107   0.70501899  -0.93578668   0.59475987  -0.33536188  -0.51014020  -0.80103823   1.04582084  -0.37134699   0.53685847   0.64473687   0.84141414  -0.37861849   0.04515627  -0.26482510  -0.27789451  -0.31998666   0.03492949   0.03578543   0.03559115   0.03559115   0.03559115   0.00364986   0.00238098   0.00425842   0.00356216   0.00345485
 2.00  9600.  0.0  2.0   0.55593530   0.15605680   0.55641579   0.63994223   0.76358602   1.20257887   1.45748117   0.50973194   0.02519049  -0.07039496  -1.61663504  -1.31367345  -0.61289575  -0.12128353  -0.25943386   0.72400801   0.43755219   0.23850153   0.05879115   0.15941978   0.30270563   0.31225501   0.30915846   0.30756346   0.30915846   0.03200005   0.00232025   0.00710861   0.00307513   0.01094334
 2.50  9600.  0.0  2.0   1.15854838   0.15964550   0.67146199   0.69095879   1.10769860  -0.23931814   1.38579244   0.03063656  -0.32224483  -1.16660845  -0.23828326  -1.21406241  -0.04588604   0.31525622   0.94287264   0.23840130   0.38493570   0.01171980  -0.11854522  -0.29677963   0.24274233   0.25246041   0.24939493   0.24831993   0.24831993   0.04914737   0.00031758   0.00398020   0.00088416   0.00690323
 3.00  9600.  0.0  2.0   1.10467148   0.39768671   0.45959729   0.92905437   1.40960618  -0.76163660   0.85940984   0.33898260  -0.99098278  -2.10910377   0.67797215  -0.73314287  -0.26390376   1.00880750   1.97342446  -0.20040120   0.22105836   0.06776884  -0.37218604  -0.68677707   0.18607456   0.19096992   0.19028992   0.18822298   0.18822298   0.01639045   0.00085542   0.00010032   0.00285060   0.01098534
 3.50  9600.  0.0  2.0   1.13828058   0.44780159   0.53871017   0.87076056   1.26274210  -1.09571687   0.69780238   0.09314123  -0.95804720  -1.96557567   1.11549247  -0.56261385  -0.00895997   1.02022437   1.92259984  -0.38476122   0.15750060  -0.02536889  -0.38741943  -0.69161171   0.14824191   0.15157374   0.15110374   0.14968584   0.14968584   0.00838679   0.00051252   0.00032649   0.00155903   0.00545262
 4.00  9600.  0.0  2.0   1.08444677   0.44937496   0.59939701   0.75623086   0.93500888  -1.12265218   0.65092102  -0.09217337  -0.74151560  -1.29258018   1.16532742  -0.50927872   0.18290711   0.82332102   1.28371810  -0.40783083   0.13789349  -0.09586265  -0.32180605  -0.46991543   0.11324602   0.11549388   0.11517388   0.11453459   0.11453459   0.00351964   0.00058686   0.00095154   0.00175631   0.00234531
 4.50  9600.  0.0  2.0   1.16015714   0.30986410   0.68172271   0.86215625   1.00125484  -1.36946271   0.96697931  -0.31550967  -1.02106774  -1.50960471   1.39694190  -0.83665510   0.41932864   1.12263275   1.52651010  -0.48912619   0.26021523  -0.18523729  -0.43596380  -0.56425364   0.08925706   0.09181446   0.09087350   0.09017504   0.09017504   0.00363702   0.00085540   0.00202066   0.00345051   0.00420007
 5.00  9600.  0.0  2.0   1.07326873   0.37794648   0.54787276   0.68315517   0.77074554  -1.22590609   0.76915175   0.00971326  -0.57575418  -0.96066891   1.25066054  -0.63347798   0.07602609   0.65588289   0.95697830  -0.43715608   0.18668255  -0.05636764  -0.26202959  -0.35183399   0.06613378   0.06799352   0.06764741   0.06730479   0.06730479   0.00273666   0.00135170   0.00164791   0.00253193   0.00297076
 5.50  9600.  0.0  2.0   0.88332602   0.44508879   0.62027776   0.76681648   0.83008437  -0.78727855   0.54951076  -0.18877930  -0.78692216  -1.13233198   0.80333309  -0.37801543   0.29776460   0.89128393   1.15948982  -0.27053887   0.08864767  -0.14037113  -0.35375664  -0.43206614   0.04898272   0.04985689   0.04972989   0.04947767   0.04947767   0.00246812   0.00183464   0.00272114   0.00452116   0.00477030
 6.00  9600.  0.0  2.0   0.93667966   0.47245684   0.68654456   0.66326711   0.88659287  -0.97349599   0.45588956  -0.40560824  -0.51954933  -1.30227136   1.04403282  -0.23665299   0.58849732   0.62591660   1.37550061  -0.36669720   0.01015243  -0.27072013  -0.25824804  -0.52045122   0.03585646   0.03660663   0.03651113   0.03651113   0.03632184   0.00360711   0.00238761   0.00404495   0.00325515   0.00724460
 2.00  9800.  0.0  2.0   0.52688632   0.18266767   0.32659673   1.15818475   0.48520990   1.45173414   1.47887923   0.92694386  -0.71905623   0.43908937  -1.98835948  -1.40138887  -0.94063539   0.27920814  -0.65251933   0.88666563   0.48480063   0.32978910   0.00514539   0.26699336   0.30956800   0.31982659   0.31814659   0.31305412   0.31814659   0.03740534   0.00354997   0.00187340   0.02907710   0.00295369
 2.50  9800.  0.0  2.0   0.97467740   0.38675102   0.73937850   0.75302745   1.16123888   0.11892609   1.00245360  -0.06256434  -0.41788871  -1.22544425  -0.54004878  -0.94961099  -0.00200701   0.37904997   0.95834820   0.32860580   0.31890982   0.00631175  -0.13552880  -0.29236823   0.24809503   0.25610747   0.25391990   0.25277990   0.25277990   0.03861825   0.00298484   0.00556440   0.00146853   0.00908907
 3.00  9800.  0.0  2.0   1.15454407   0.44729608   0.48801746   0.70678648   1.08226023  -0.80665908   0.78510389   0.30027236  -0.47520825  -1.36650602   0.67016358  -0.70025573  -0.24500204   0.50441481   1.26135919  -0.18556307   0.21710401   0.06331424  -0.19595036  -0.44055970   0.18870660   0.19378679   0.19308679   0.19166334   0.19166334   0.01943350   0.00120754   0.00012801   0.00038846   0.00259934
 3.50  9800.  0.0  2.0   1.18438676   0.36909432   0.69591972   0.73473136   1.02347479  -1.15725757   0.90580056  -0.24618455  -0.62514641  -1.39420727   1.14917171  -0.79718407   0.30710571   0.68038088   1.35079028  -0.39219890   0.24555409  -0.13538086  -0.26472552  -0.48631766   0.15014977   0.15405047   0.15262258   0.15213258   0.15213258   0.00987741   0.00020989   0.00080628   0.00074989   0.00164086
 4.00  9800.  0.0  2.0   1.12206742   0.48064836   0.66701076   0.76633186   0.94516178  -1.19457662   0.61036135  -0.23392454  -0.75440332  -1.31149023   1.23258318  -0.50223869   0.30876344   0.82698929   1.29901726  -0.43231936   0.14082721  -0.13887368  -0.32177183  -0.47458210   0.11470939   0.11700220   0.11635292   0.11602292   0.11602292   0.00406817   0.00057604   0.00091122   0.00168254   0.00226588
 4.50  9800.  0.0  2.0   1.08381825   0.35365649   0.69819082   0.85173616   0.96495264  -1.18038558   0.89170008  -0.34635448  -0.99281044  -1.42350524   1.19817465  -0.79573052   0.43341412   1.08298608   1.43295335  -0.41514501   0.25170269  -0.18713061  -0.41933897  -0.52842704   0.09014282   0.09227271   0.09155824   0.09108427   0.09108427   0.00234863   0.00081921   0.00195134   0.00329292   0.00396829
 5.00  9800.  0.0  2.0   1.02837432   0.41350948   0.55870977   0.68950975   0.77773223  -1.10761279   0.71425833  -0.00595714  -0.58658646  -0.98134838   1.11356701  -0.61261545   0.07298762   0.65425045   0.97141828  -0.38250786   0.18520597  -0.05152639  -0.25874276  -0.35520669   0.06703010   0.06856308   0.06839008   0.06787485   0.06787485   0.00225019   0.00135095   0.00158038   0.00236916   0.00284783
 5.50  9800.  0.0  2.0   0.91396255   0.46838836   0.63228272   0.76903357   0.83059928  -0.86186181   0.54428265  -0.20999342  -0.79941359  -1.14926438   0.85761753  -0.42857861   0.30029752   0.89446009   1.17070100  -0.28549012   0.11570130  -0.14024022  -0.35377861  -0.43417021   0.04966710   0.05066899   0.05054199   0.05028927   0.05028927   0.00240472   0.00192654   0.00267966   0.00425289   0.00450439
 6.00  9800.  0.0  2.0   0.95794152   0.51350649   0.70020481   0.66401043   0.88767835  -1.02050461   0.38149136  -0.41102913  -0.50978465  -1.31391156   1.06356601  -0.22679281   0.54346911   0.58721023   1.37568078  -0.36818647   0.03320922  -0.23872953  -0.23716792  -0.51772402   0.03642783   0.03717899   0.03698920   0.03698920   0.03689520   0.00357362   0.00244853   0.00403605   0.00307705   0.00683990
 2.00 10000.  0.0  2.0   0.38118737   0.20587149   0.37059015   1.24396434   0.52358429   1.66284480   1.51180074   0.92011968  -0.71027473   0.43954638  -2.10420404  -1.50352564  -1.00440978   0.12148409  -0.71240334   0.89966330   0.53828375   0.36909739   0.09933092   0.30244485   0.31824128   0.32735821   0.32555821   0.32010628   0.32555821   0.02871727   0.00514237   0.00327501   0.04055295   0.00449260
 2.50 10000.  0.0  2.0   0.93679251   0.22991524   0.49537328   1.27014461   0.62374339   0.20371645   1.30880034   0.44341365  -1.39374745  -0.10363493  -0.62684956  -1.22226183  -0.45871568   1.17631216  -0.05335775   0.35867028   0.40589973   0.15446953  -0.37582551   0.04042841   0.25276119   0.26108567   0.25878819   0.25522844   0.25878819   0.03587065   0.00096019   0.00106670   0.01705347   0.00140159
 3.00 10000.  0.0  2.0   1.44500629   0.49775311   0.51932137   0.74782177   1.12346539  -1.30415837   0.70746650   0.25856704  -0.54268349  -1.43191322   1.02787313  -0.66411588  -0.22741228   0.55473115   1.30922134  -0.27796911   0.21248712   0.06067339  -0.21173726  -0.45454642   0.18985117   0.19592441   0.19519441   0.19371603   0.19371603   0.03581869   0.00165099   0.00017191   0.00048247   0.00314923
 3.50 10000.  0.0  2.0   1.44142990   0.53470536   0.58178402   0.76021228   1.04927595  -1.66579715   0.56452277   0.03745730  -0.66443663  -1.43796126   1.58963694  -0.50128574   0.01098445   0.70716550   1.38733494  -0.53454193   0.14793247  -0.02765691  -0.27278343  -0.49850794   0.15096442   0.15501991   0.15452491   0.15352601   0.15352601   0.01939610   0.00076432   0.00029311   0.00073266   0.00172276
 4.00 10000.  0.0  2.0   1.32370644   0.29923160   0.63075126   0.78160325   0.95860110  -1.63568190   1.08356946  -0.13100211  -0.77242170  -1.33124000   1.65942927  -1.02053724   0.19038265   0.83268649   1.31302530  -0.58431871   0.33691482  -0.09396293  -0.32186391  -0.47853566   0.11519421   0.11853050   0.11753623   0.11687198   0.11687198   0.00863059   0.00046155   0.00085486   0.00160477   0.00218207
 4.50 10000.  0.0  2.0   1.23961527   0.37819966   0.71149709   0.85911453   0.97133486  -1.55036605   0.86366934  -0.36391610  -1.00069612  -1.43555942   1.57515796  -0.79933565   0.43557110   1.08108170   1.44116486  -0.55321975   0.25841056  -0.18530029  -0.41699704  -0.53044461   0.09099013   0.09339046   0.09266950   0.09218953   0.09218953   0.00456015   0.00082296   0.00189424   0.00319146   0.00386175
 5.00 10000.  0.0  2.0   1.12677712   0.44015011   0.57088606   0.68661138   0.77601755  -1.34556050   0.67967508  -0.02171653  -0.57236949  -0.97753188   1.35382552  -0.61032073   0.07035143   0.62774210   0.96172456  -0.46975709   0.19017189  -0.04695464  -0.24662639  -0.35010868   0.06770803   0.06942712   0.06925362   0.06890801   0.06890801   0.00283897   0.00137285   0.00152827   0.00220811   0.00268070
 5.50 10000.  0.0  2.0   0.91893091   0.49409015   0.65043677   0.77291117   0.83262806  -0.86716345   0.50931487  -0.23979772  -0.80259050  -1.15650624   0.84696069  -0.42677394   0.30851982   0.88253507   1.16930538  -0.27762658   0.12125793  -0.13876632  -0.34601616  -0.43124064   0.05031324   0.05132711   0.05094368   0.05081718   0.05081718   0.00236441   0.00198307   0.00262289   0.00400879   0.00426766
 6.00 10000.  0.0  2.0   0.97090370   0.55754721   0.71534105   0.66558150   0.88904557  -1.04677814   0.28420821  -0.42917268  -0.50513841  -1.32346547   1.06630121  -0.16171158   0.52525801   0.55961576   1.37489298  -0.36369279   0.02166750  -0.22092797  -0.22128612  -0.51466062   0.03698410   0.03764547   0.03745568   0.03745568   0.03736118   0.00351240   0.00252570   0.00395828   0.00287629   0.00646003
 2.00 10200.  0.0  2.0   0.36438034   0.06259706   0.72158213   0.62659444   0.91763958   1.85357950   1.67638237   0.54414147   0.27915650  -0.02592475  -2.40013450  -1.55924016  -0.95601952  -0.53448156  -0.58062537   1.03039522   0.52903835   0.43751403   0.24420768   0.34340117   0.32356523   0.33516239   0.32941592   0.32941592   0.32941592   0.03329135   0.00195982   0.02048371   0.00929049   0.02552156
 2.50 10200.  0.0  2.0   0.96394479   0.26624229   0.54827480   0.89776446   0.66795581   0.26442867   1.26633368   0.37525260  -0.63276531  -0.16275689  -0.78052344  -1.22331813  -0.43749470   0.50563544  -0.02554370   0.43638640   0.41625113   0.15741335  -0.16209182   0.03731686   0.25622733   0.26504618   0.26260387   0.26010161   0.26260387   0.04177903   0.00150357   0.00173779   0.00377471   0.00204125
 3.00 10200.  0.0  2.0   1.26023323   0.36264371   0.56059016   0.80131208   1.17829648  -0.90606777   1.01200493   0.19403099  -0.63828384  -1.52679070   0.65747827  -0.97155536  -0.18961775   0.63050008   1.38235025  -0.15474340   0.32166493   0.05171625  -0.23595564  -0.47643971   0.19288687   0.19919494   0.19768160   0.19612831   0.19612831   0.02693771   0.00044708   0.00027291   0.00068233   0.00404933
 3.50 10200.  0.0  2.0   1.28368025   0.58731462   0.77745849   0.79069832   1.08481266  -1.29522971   0.47435509  -0.38751253  -0.71813060  -1.50585232   1.22365364  -0.44649010   0.40925421   0.75081879   1.44874028  -0.40646905   0.13493461  -0.16653716  -0.28772644  -0.51998239   0.15308147   0.15675798   0.15572912   0.15520912   0.15520912   0.01339969   0.00103175   0.00121656   0.00077446   0.00194441
 4.00 10200.  0.0  2.0   1.37144997   0.29382183   0.71489462   0.79678324   0.97495789  -1.72358661   1.11736598  -0.30896723  -0.79495696  -1.36198028   1.73701603  -1.07943922   0.35254407   0.84724014   1.34168454  -0.61152231   0.36196211  -0.15026500  -0.32642220  -0.48884910   0.11622307   0.11998351   0.11830076   0.11795576   0.11795576   0.00985565   0.00049690   0.00088423   0.00160251   0.00217157
 4.50 10200.  0.0  2.0   1.14443825   0.38438307   0.74951658   0.86899493   0.97963691  -1.31186257   0.87310418  -0.43669667  -1.01277209  -1.45017622   1.33377667  -0.83607188   0.49286150   1.08396892   1.45273952  -0.46625116   0.27618443  -0.20350772  -0.41668585  -0.53403607   0.09180245   0.09425573   0.09303386   0.09278836   0.09278836   0.00286168   0.00085833   0.00183213   0.00312703   0.00378656
 5.00 10200.  0.0  2.0   1.15312206   0.46657545   0.59196728   0.69837369   0.78590000  -1.40444871   0.64474808  -0.05588509  -0.58774236  -0.99606076   1.41244974  -0.60616339   0.08664664   0.62974628   0.97387549  -0.49088174   0.19431447  -0.04944977  -0.24463130  -0.35294222   0.06839227   0.07013833   0.06978872   0.06944110   0.06944110   0.00297006   0.00139690   0.00147993   0.00212000   0.00260734
 5.50 10200.  0.0  2.0   0.93162695   0.52293945   0.66155518   0.77860218   0.83550868  -0.89070958   0.46716680  -0.25348314  -0.80744524  -1.16189660   0.86007903  -0.41627559   0.30266478   0.87284429   1.16641180  -0.27972796   0.12338865  -0.13263168  -0.33929594  -0.42802827   0.05086762   0.05189048   0.05163377   0.05137805   0.05137805   0.00231541   0.00203746   0.00254508   0.00380959   0.00407311
 6.00 10200.  0.0  2.0   0.98567977   0.47030420   0.73000886   0.66730264   0.89002545  -1.07950133   0.55274113  -0.45055565  -0.50435086  -1.33028805   1.08224402  -0.49331721   0.52293400   0.54284259   1.37261253  -0.36559659   0.15441088  -0.21557687  -0.21190665  -0.51136163   0.03741612   0.03837405   0.03798998   0.03798998   0.03779870   0.00345605   0.00207742   0.00386735   0.00267658   0.00613100
 2.00 10400.  0.0  2.0   0.22095042   0.24189556   0.76352695   0.70684284   0.95853480   1.77377337   1.57588340   0.58420153   0.20974721   0.00904688  -2.04576304  -1.69028113  -1.10107605  -0.55469375  -0.70994693   0.83009308   0.63580696   0.51620577   0.27392773   0.41391700   0.33176603   0.33785653   0.33381103   0.33381103   0.33381103   0.01653212   0.00865348   0.02649425   0.01335517   0.03162240
 2.50 10400.  0.0  2.0   0.79236847   0.53117981   0.96842537   1.49080623   1.09392762   0.54791388   0.84458093  -0.36387641  -1.70562799  -0.93045449  -0.97989830  -0.96055072   0.10897204   1.33108147   0.56452621   0.48248303   0.36296833   0.01120237  -0.39283922  -0.12759317   0.26059094   0.26725507   0.26464797   0.26197094   0.26464797   0.03136289   0.00762273   0.01401562   0.03004397   0.01510075
 3.00 10400.  0.0  2.0   1.31732415   0.40711727   0.60799076   0.86010982   1.23395524  -0.96418610   0.93532101   0.11309533  -0.74551303  -1.62259895   0.65550469  -0.92951156  -0.13718036   0.71423410   1.45328771  -0.13973076   0.31404752   0.03839732  -0.26179948  -0.49662299   0.19482466   0.20145239   0.19986413   0.19823092   0.19823092   0.03158106   0.00069787   0.00043312   0.00095996   0.00508097
 3.50 10400.  0.0  2.0   1.34021879   0.64449829   0.82762929   1.06076296   1.44723851  -1.38274747   0.37070370  -0.47972446  -1.32470071  -2.32384349   1.27780655  -0.37764052   0.47977073   1.33740584   2.24279770  -0.41882737   0.11717134  -0.18840235  -0.49551686  -0.80042732   0.15437999   0.15820637   0.15714754   0.15605876   0.15605876   0.01561018   0.00141021   0.00156554   0.00303114   0.00890006
 4.00 10400.  0.0  2.0   1.42290273   0.35273677   0.66450972   0.90190299   1.16264196  -1.81667519   1.01361587  -0.17193641  -1.02904530  -1.80370303   1.81593608  -1.01071105   0.19972078   1.07388811   1.78784222  -0.63822746   0.34387204  -0.09291106  -0.40776678  -0.65166193   0.11727190   0.12081796   0.11977872   0.11872029   0.11872029   0.01129649   0.00047532   0.00083523   0.00182593   0.00370761
 4.50 10400.  0.0  2.0   1.17620756   0.42905531   0.74129574   0.88109326   0.98945538  -1.37669305   0.79839300  -0.40283434  -1.02824551  -1.46607297   1.40094816  -0.79258332   0.44531389   1.09017463   1.46559731  -0.49242668   0.26621801  -0.18436644  -0.41768660  -0.53826588   0.09254762   0.09481388   0.09406593   0.09356399   0.09356399   0.00322576   0.00083055   0.00181708   0.00309120   0.00373145
 5.00 10400.  0.0  2.0   1.08950770   0.49343354   0.60614298   0.70643053   0.79135981  -1.23877533   0.60698528  -0.07462948  -0.59486965  -1.00318083   1.24028053  -0.59723103   0.08934554   0.62564734   0.97597738  -0.42730057   0.19643682  -0.04749188  -0.24114140  -0.35263210   0.06888552   0.07049393   0.07013833   0.06978372   0.06978372   0.00225427   0.00140974   0.00144125   0.00203754   0.00252247
 5.50 10400.  0.0  2.0   0.94133208   0.55099852   0.67627144   0.78882348   0.84146188  -0.90808556   0.42586723  -0.27381839  -0.82032376  -1.17116122   0.87257758  -0.40489896   0.30410600   0.87168068   1.16773485  -0.28316681   0.12508004  -0.12928461  -0.33592628  -0.42656550   0.05132461   0.05236296   0.05210375   0.05171582   0.05171582   0.00227148   0.00209356   0.00249747   0.00368614   0.00396085
 6.00 10400.  0.0  2.0   1.00311973   0.49388088   0.74684470   0.67326422   0.89177400  -1.11936717   0.54751148  -0.47748604  -0.51488938  -1.33657334   1.11120787  -0.53974486   0.53291872   0.54211975   1.37058109  -0.37385849   0.17904818  -0.21881466  -0.21024530  -0.50844895   0.03768643   0.03866034   0.03837056   0.03837056   0.03817677   0.00340472   0.00216160   0.00384537   0.00253451   0.00584319
 2.00 10600.  0.0  2.0   0.22737619   0.09260976   0.80081377   0.78004596   0.99520406   1.84685584   1.68084249   0.61778790   0.14856361   0.03721014  -2.18840316  -1.63613967  -1.22900238  -0.58007518  -0.82279347   0.89732380   0.57438692   0.58635749   0.30525825   0.47625296   0.33474261   0.34325316   0.33688761   0.33688761   0.33688761   0.01905661   0.00334624   0.03267855   0.01796263   0.03761301
 2.50 10600.  0.0  2.0   1.02859006   0.57316380   1.03961670   0.76426164   1.15235636   0.34510555   0.79351352  -0.45920435  -0.27106529  -1.00815467  -1.03974649  -0.95783624   0.14159392   0.09642311   0.59498135   0.57251582   0.37407563   0.01513976  -0.00438918  -0.12671706   0.26131168   0.26971233   0.26698537   0.26698537   0.26698537   0.05437223   0.00950368   0.01768396   0.00594683   0.01808697
 3.00 10600.  0.0  2.0   1.27709095   0.67985999   0.96437057   1.33415536   1.75804051  -0.87758462   0.38875282  -0.62594333  -1.75381948  -2.71082187   0.56756605  -0.46842545   0.51790630   1.63677293   2.42652447  -0.10936303   0.16987872  -0.17605526  -0.57195911  -0.81586093   0.19712308   0.20232729   0.20063917   0.19891109   0.19891109   0.03047700   0.00433160   0.00560698   0.01068904   0.02482713
 3.50 10600.  0.0  2.0   1.40034861   0.35416137   0.67700906   1.13305668   1.51348771  -1.47976542   1.05429753  -0.11563169  -1.47184525  -2.45611415   1.34036916  -1.07656513   0.10427144   1.46780078   2.35990111  -0.43378986   0.37155062  -0.05217898  -0.53984185  -0.83971830   0.15531891   0.16041391   0.15877012   0.15707762   0.15707762   0.01818412   0.00046792   0.00034751   0.00392132   0.01052425
 4.00 10600.  0.0  2.0   1.48177074   0.34261294   0.68677918   0.83564368   1.01676807  -1.92615236   1.05279317  -0.20534326  -0.85601899  -1.43992768   1.90845884  -1.07274339   0.21725705   0.88975479   1.41354583  -0.66896091   0.37014775  -0.09718544  -0.34005426  -0.51493138   0.11777134   0.12181646   0.12039302   0.11965883   0.11965883   0.01303266   0.00051104   0.00082033   0.00164642   0.00222202
 4.50 10600.  0.0  2.0   1.20970279   0.45561104   0.52552799   0.63795227   1.00065111  -1.44306442   0.76020508   0.16285285  -0.38637147  -1.48424987   1.46785520  -0.78176365  -0.16816165   0.39491615   1.48116371  -0.51833410   0.26729360   0.04853267  -0.15329649  -0.54377599   0.09326081   0.09559501   0.09534051   0.09457315   0.09431365   0.00368004   0.00083446   0.00073106   0.00097806   0.00370293
 5.00 10600.  0.0  2.0   1.21160510   0.50848969   0.62022220   0.71519809   0.79652338  -1.53686857   0.59309696  -0.09213885  -0.60214969  -1.00788969   1.55523103  -0.60908366   0.09123603   0.62177718   0.97613189  -0.54625442   0.20543195  -0.04541941  -0.23781220  -0.35186910   0.06913644   0.07115550   0.07061380   0.07025120   0.07025120   0.00354157   0.00145706   0.00141869   0.00198800   0.00246789
 5.50 10600.  0.0  2.0   0.96384740   0.57913783   0.69649127   0.79724597   0.84543857  -0.95713380   0.38243997  -0.30629890  -0.82815215  -1.17449048   0.92180176  -0.38923560   0.31881232   0.86644243   1.16432988  -0.30138038   0.12486917  -0.13106449  -0.33140679  -0.42384241   0.05140916   0.05260519   0.05221027   0.05194656   0.05194656   0.00219750   0.00213790   0.00246403   0.00356112   0.00383282
 6.00 10600.  0.0  2.0   1.00932771   0.52246671   0.76339406   0.67940101   0.89395701  -1.12811533   0.50167206  -0.50214996  -0.51876338  -1.33726560   1.11194790  -0.52268927   0.53703590   0.53051358   1.36189334  -0.37248743   0.17894156  -0.21573612  -0.20253931  -0.50296942   0.03798010   0.03897100   0.03867821   0.03867821   0.03848143   0.00335909   0.00227428   0.00379062   0.00242226   0.00559855
 2.00 10800.  0.0  2.0   0.23725493   0.10531958   0.82907414   0.84105775   1.02421102   1.90029930   1.67898859   0.66391528   0.11227273   0.07288294  -2.30287423  -1.66316202  -1.36288455  -0.62621508  -0.93529119   0.95254050   0.59129239   0.65723731   0.34296030   0.53650310   0.33724973   0.34607493   0.33947473   0.33947473   0.33947473   0.02137786   0.00400536   0.03870687   0.02283956   0.04334218
 2.50 10800.  0.0  2.0   1.07196770   0.36473610   0.71059781   0.49378139   0.79130878   0.34396571   1.12308956   0.13206405   0.24571035  -0.34019270  -1.12032165  -1.18564315  -0.32404843  -0.33923757   0.05951003   0.62117755   0.42806565   0.14721314   0.12911207   0.02859367   0.26306972   0.27321188   0.27038500   0.27038500   0.27038500   0.06090378   0.00362143   0.00508319   0.00069772   0.00452909
 3.00 10800.  0.0  2.0   1.33670826   0.49475719   1.04204879   0.99106273   1.34771828  -0.95896725   0.76767526  -0.77747175  -0.99454368  -1.82524881   0.59833630  -0.82121705   0.63606299   0.91116741   1.60298312  -0.10869933   0.28874925  -0.21106782  -0.32190418  -0.53824831   0.19839167   0.20468371   0.20205759   0.20115259   0.20115259   0.03455143   0.00140386   0.00721598   0.00191832   0.00765082
 3.50 10800.  0.0  2.0   1.12180670   0.39574947   0.71684419   1.20824640   1.57876665  -0.87217192   0.97177003  -0.18944808  -1.62649717  -2.58630980   0.76661293  -1.02026058   0.15608697   1.60362995   2.47276196  -0.23851686   0.35689919  -0.06659342  -0.58533393  -0.87678946   0.15795597   0.16203211   0.16032337   0.15856597   0.15856597   0.01051272   0.00058598   0.00040243   0.00495638   0.01220778
 4.00 10800.  0.0  2.0   1.54125909   0.36784912   0.81847746   0.98629965   1.25109692  -2.03802841   1.01248706  -0.49594791  -1.19822369  -1.99017079   2.00195835  -1.05882173   0.48999480   1.22363291   1.96612697  -0.69959665   0.37030556  -0.19263769  -0.45987767  -0.71579216   0.11892007   0.12311999   0.12126746   0.12049831   0.12049831   0.01480479   0.00052111   0.00110061   0.00221101   0.00471160
 4.50 10800.  0.0  2.0   1.40498869   0.45927173   0.53981097   0.63432463   0.75076046  -1.89568925   0.76824920   0.14666041  -0.36691679  -0.83771574   1.92382584  -0.81254121  -0.16777192   0.36800588   0.79245082  -0.68541662   0.28241088   0.05095360  -0.14295529  -0.28420935   0.09325861   0.09622153   0.09570010   0.09517219   0.09517219   0.00770250   0.00087360   0.00072502   0.00099846   0.00144171
 5.00 10800.  0.0  2.0   1.13246364   0.53416987   0.62458880   0.72522209   0.80212754  -1.33141383   0.55437634  -0.08809580  -0.61212065  -1.01319551   1.34463334  -0.59595805   0.07288537   0.62132934   0.97782077  -0.46986495   0.20554224  -0.03638424  -0.23603507  -0.35204937   0.06987440   0.07175383   0.07138624   0.07083056   0.07083056   0.00253029   0.00148449   0.00142253   0.00196388   0.00243154
 5.50 10800.  0.0  2.0   0.95216912   0.60702138   0.70681146   0.80615075   0.84929911  -0.92368480   0.33802819  -0.31639025  -0.83579403  -1.17581405   0.88975353  -0.37094657   0.31260981   0.86143484   1.15942440  -0.29082475   0.12346608  -0.12563443  -0.32717133  -0.42083397   0.05178509   0.05287189   0.05260418   0.05219928   0.05219928   0.00218892   0.00218095   0.00242436   0.00346999   0.00373768
 6.00 10800.  0.0  2.0   1.01231323   0.54720679   0.78244905   0.68888861   0.89577404  -1.12993514   0.46297852  -0.53247656  -0.52893341  -1.33521043   1.11039833  -0.51045349   0.54842898   0.52594815   1.35147250  -0.37171446   0.18010758  -0.21579024  -0.19769783  -0.49730104   0.03814891   0.03926256   0.03876623   0.03876623   0.03866523   0.00330268   0.00238565   0.00377520   0.00235112   0.00540650
 2.00 11000.  0.0  2.0   0.36844352   0.11663261   0.84782056   0.89507981   1.04975077   2.05202975   1.67306798   0.72630904   0.08465723   0.10566983  -2.78107676  -1.68036145  -1.50981711  -0.67593713  -1.03747033   1.20824505   0.60332357   0.73254053   0.38094068   0.59127772   0.33668783   0.34808762   0.34127273   0.34127273   0.34127273   0.03888745   0.00459756   0.04448900   0.02806397   0.04904045
 2.50 11000.  0.0  2.0   0.81907451   0.65008537   1.17683233   0.92143225   1.26020403   0.55664457   0.67828630  -0.66334287  -0.54823479  -1.16708869  -1.07337351  -0.91970057   0.23329434   0.28677534   0.67088188   0.53355119   0.38009682   0.01123279  -0.05116532  -0.13261248   0.26742488   0.27336827   0.27043153   0.27043153   0.27043153   0.03429955   0.01319502   0.02595546   0.01012528   0.02409110
 3.00 11000.  0.0  2.0   1.39923486   0.53425205   1.11536991   1.05663277   1.11128045  -1.05375363   0.68307076  -0.92370499  -1.12523053  -1.27376469   0.64482757  -0.75958371   0.74954799   1.01567492   1.04780535  -0.11419487   0.27215751  -0.24386095  -0.35347671  -0.33756880   0.19992996   0.20644671   0.20372573   0.20279073   0.20372573   0.03877325   0.00180126   0.00895806   0.00256613   0.00753349
 3.50 11000.  0.0  2.0   1.17128215   0.32072238   1.01156923   1.28369457   1.64055641  -0.96060894   1.13251079  -0.84359427  -1.78361724  -2.71036891   0.82905850  -1.18619343   0.76990833   1.74052176   2.57842968  -0.25583327   0.41711992  -0.27788941  -0.63055004  -0.91077073   0.15992376   0.16470849   0.16177240   0.16055376   0.16055376   0.01202878   0.00036040   0.00333898   0.00608390   0.01381528
 4.00 11000.  0.0  2.0   1.25758168   0.39451924   0.85923165   1.03173074   1.29386821  -1.36296046   0.96348699  -0.57588866  -1.29145641  -2.07948864   1.32256849  -1.03371438   0.55203958   1.30537870   2.04885576  -0.45571113   0.36616326  -0.21181649  -0.48779992  -0.74492425   0.12157711   0.12507281   0.12317533   0.12238621   0.12238621   0.00881373   0.00053565   0.00122389   0.00247465   0.00523660
 4.50 11000.  0.0  2.0   1.28611545   0.51243198   0.55563230   0.64738334   0.75807649  -1.59491408   0.66574833   0.12463361  -0.38410003  -0.84555276   1.61483437  -0.73742519  -0.16023969   0.37539928   0.79689426  -0.57387512   0.26079544   0.05033841  -0.14441171  -0.28578602   0.09469519   0.09719423   0.09692523   0.09638383   0.09638383   0.00486423   0.00084057   0.00073474   0.00102407   0.00145197
 5.00 11000.  0.0  2.0   0.94071407   0.56077670   0.65037791   0.73646076   0.80773064  -0.83665872   0.50962294  -0.13248589  -0.62561502  -1.01829513   0.82554833  -0.57407857   0.10181408   0.62490331   0.97963836  -0.27708291   0.20191312  -0.04410580  -0.23581726  -0.35245181   0.07034737   0.07189117   0.07132401   0.07093944   0.07093944   0.00135885   0.00148901   0.00139969   0.00195718   0.00241736
 5.50 11000.  0.0  2.0   0.97390689   0.64144433   0.72737363   0.81517883   0.85289489  -0.97214311   0.27698332  -0.34900367  -0.84309197  -1.17620499   0.94404302  -0.33463178   0.32869057   0.85627886   1.15470325  -0.31285581   0.11533112  -0.12820198  -0.32290607  -0.41830569   0.05205644   0.05317919   0.05290550   0.05262781   0.05262781   0.00214992   0.00222052   0.00241942   0.00341278   0.00367029
 6.00 11000.  0.0  2.0   1.00514556   0.57448935   0.79869497   0.69585620   0.89787436  -1.10820026   0.41771027  -0.55662574  -0.53273027  -1.33215466   1.08828849  -0.49051792   0.55504065   0.51600308   1.34058423  -0.36444410   0.17831786  -0.21448272  -0.19125363  -0.49171235   0.03837204   0.03940540   0.03890008   0.03890008   0.03869231   0.00325567   0.00247558   0.00374198   0.00228479   0.00531794
 2.00 11200.  0.0  2.0   0.39192842   0.12570224   0.17260440   0.93995756   1.06978347   2.07655971   1.67075324   1.27138685   0.06731123   0.13782847  -2.86961156  -1.69909596  -1.32920817  -0.72672100  -1.12880864   1.25571331   0.61544620   0.47600652   0.41687390   0.63950535   0.33764677   0.34933617   0.34933617   0.34235153   0.34235153   0.04245840   0.00516112   0.00176135   0.03298027   0.05392600
 2.50 11200.  0.0  2.0   0.86231462   0.68265203   0.80511763   0.59227537   0.85886588   0.50552736   0.62049530  -0.03216636   0.05340429  -0.45842586  -1.07201543  -0.88975845  -0.22940322  -0.19621429   0.13265324   0.54494840   0.37659155   0.13137529   0.08966471   0.01374450   0.26864352   0.27474673   0.27323673   0.27323673   0.27323673   0.03763873   0.01479721   0.00781393   0.00139930   0.00614058
 3.00 11200.  0.0  2.0   1.18593424   0.83913877   0.81068016   0.53486836   0.80703633  -0.66142424   0.06377530  -0.28752644   0.04311315  -0.62808683   0.32510902  -0.23091559   0.16159750  -0.12001263   0.44950904  -0.02126167   0.10626495  -0.04629486   0.04626096  -0.13599426   0.20291553   0.20770131   0.20676631   0.20676631   0.20676631   0.02658315   0.00785861   0.00176039   0.00012048   0.00121556
 3.50 11200.  0.0  2.0   1.45639890   0.47950457   1.07662998   1.01395842   1.30000357  -1.54129788   0.78522024  -0.98517082  -1.15558066  -1.92858645   1.33247546  -0.87488922   0.89124699   1.11197900   1.81023902  -0.41738242   0.31393862  -0.31726450  -0.40542493  -0.63914496   0.16183233   0.16678682   0.16436951   0.16374451   0.16374451   0.02317084   0.00091502   0.00413483   0.00137762   0.00392325
 4.00 11200.  0.0  2.0   1.30224061   0.48410368   0.76848001   0.57599979   1.33546277  -1.45019292   0.76954681  -0.35040184  -0.16262994  -2.16661746   1.39451941  -0.86679223   0.30926452   0.12883892   2.12764317  -0.47939200   0.31207267  -0.12096148  -0.05160819  -0.77204113   0.12422417   0.12742061   0.12624648   0.12624648   0.12505324   0.00980588   0.00056230   0.00081977   0.00046220   0.00573854
 4.50 11200.  0.0  2.0   1.04028875   0.50947128   0.59482298   0.68137891   0.79774520  -0.98097888   0.68240053   0.04987038  -0.44910728  -0.92958950   0.97845410  -0.77392606  -0.10316594   0.42857584   0.87675056  -0.34025737   0.27782114   0.03296592  -0.16180815  -0.31441505   0.09708653   0.09932406   0.09850577   0.09794839   0.09794839   0.00239495   0.00091392   0.00071759   0.00104055   0.00146981
 5.00 11200.  0.0  2.0   1.05331641   0.60081743   0.66596026   0.74796638   0.81286153  -1.10921796   0.43347775  -0.15538525  -0.64034067  -1.02217823   1.11324664  -0.52149559   0.11059798   0.62984565   0.98017285  -0.38668471   0.18761971  -0.04492053  -0.23615151  -0.35246050   0.07093644   0.07253866   0.07215009   0.07175453   0.07175453   0.00229145   0.00147798   0.00141033   0.00197489   0.00242351
 5.50 11200.  0.0  2.0   0.97859940   0.52627231   0.73715642   0.82026706   0.85224162  -0.98128351   0.60095454  -0.35966240  -0.84355303  -1.16745174   0.96040327  -0.71025743   0.32534863   0.84660112   1.14198823  -0.32181667   0.26373923  -0.12436009  -0.31771354  -0.41323173   0.05207642   0.05351981   0.05310012   0.05281594   0.05281594   0.00213443   0.00203946   0.00239780   0.00334669   0.00358947
 6.00 11200.  0.0  2.0   0.99419441   0.59967745   0.81120233   0.70026490   0.89637726  -1.06952151   0.39486443  -0.55370863  -0.51464646  -1.30938994   1.05531380  -0.49853082   0.52984087   0.48159266   1.31010334  -0.35466422   0.18756033  -0.20108524  -0.17592508  -0.47948090   0.03858630   0.03963914   0.03912583   0.03912583   0.03891506   0.00314927   0.00257960   0.00364147   0.00220462   0.00512740
 2.00 11400.  0.0  2.0   0.28478984   0.29892068   0.44598263   0.97985904   1.08861509   1.95927247   1.65287828   1.00920773   0.05809717   0.16603942  -2.50563912  -1.95698651  -1.34075601  -0.78278117  -1.21124085   1.05959957   0.78007051   0.55217142   0.45414719   0.68335402   0.34101034   0.34818504   0.34818504   0.34342034   0.34342034   0.02727287   0.01609061   0.01186744   0.03816397   0.05885960
 2.50 11400.  0.0  2.0   0.68135795   0.43957577   1.28826861   1.05721903   1.34814274   0.70155112   0.97106144  -0.83798323  -0.79677293  -1.31039029  -1.11336981  -1.09287943   0.31704946   0.46132063   0.75081584   0.51667752   0.40973935   0.00528286  -0.09466552  -0.14451254   0.27195309   0.27812129   0.27352809   0.27352809   0.27352809   0.02410377   0.00544157   0.03391708   0.01477840   0.02938847
 3.00 11400.  0.0  2.0   1.23653200   0.88392916   0.85889262   0.57475603   0.83481209  -0.75562352  -0.04095262  -0.39954680  -0.05009739  -0.69266681   0.38664411  -0.14469654   0.25642780  -0.03997546   0.50355734  -0.03610946   0.08014375  -0.07598947   0.02054710  -0.15278999   0.20532283   0.21019853   0.20924353   0.20924353   0.20924353   0.02904456   0.00897037   0.00220589   0.00017394   0.00140396
 3.50 11400.  0.0  2.0   1.29975863   0.37484746   0.86018062   0.58837312   1.79595817  -1.24926605   0.97014052  -0.53512529  -0.17977856  -3.07679429   1.07396145  -1.03759435   0.46284597   0.13159594   2.92130451  -0.33472028   0.36726690  -0.16825259  -0.04985787  -1.02782516   0.16060793   0.16581221   0.16327001   0.16327001   0.16129293   0.01592767   0.00036583   0.00084784   0.00019074   0.01885146
 4.00 11400.  0.0  2.0   1.35583396   0.44680827   0.55623159   0.65623011   1.12811894  -1.56366885   0.84869659   0.18877494  -0.34003396  -1.66330442   1.49366073  -0.95651218  -0.27213618   0.29217052   1.61090650  -0.51303469   0.34656558   0.09955314  -0.10786540  -0.58312324   0.12553271   0.12921318   0.12802993   0.12722083   0.12680083   0.01107514   0.00055790   0.00032360   0.00047267   0.00258429
 4.50 11400.  0.0  2.0   1.06964639   0.53407143   0.61321219   0.67572769   0.77287222  -1.04070013   0.63325341   0.01709981  -0.42881124  -0.86406488   1.03308309  -0.74467778  -0.08502256   0.39998599   0.80679412  -0.36056465   0.27141101   0.02907927  -0.15042457  -0.28887541   0.09918119   0.10146418   0.10063041   0.10034591   0.10034591   0.00271658   0.00093865   0.00073985   0.00110941   0.00149860
 5.00 11400.  0.0  2.0   0.96665238   0.62438454   0.66812098   0.75795883   0.81668761  -0.88623148   0.39193825  -0.14964615  -0.65183111  -1.02323188   0.88332422  -0.50058766   0.09259570   0.63148475   0.97797333  -0.30351266   0.18420704  -0.03641493  -0.23517207  -0.35155305   0.07238659   0.07381024   0.07361224   0.07301213   0.07301213   0.00155362   0.00151630   0.00145282   0.00201104   0.00243936
 5.50 11400.  0.0  2.0   0.97317999   0.54044565   0.75387727   0.82410916   0.85099019  -0.95612071   0.60070016  -0.36678983  -0.82405050  -1.14468251   0.94477718  -0.73710430   0.31263669   0.81292969   1.11360156  -0.31967873   0.27846406  -0.11631338  -0.30328438  -0.40241364   0.05221027   0.05382782   0.05311726   0.05297026   0.05297026   0.00209412   0.00213540   0.00235520   0.00326570   0.00351014
 6.00 11400.  0.0  2.0   0.98716777   0.62997881   0.65873826   0.70294882   0.89378612  -1.05140159   0.33889615  -0.12797960  -0.50864194  -1.29610309   1.04308388  -0.46396441   0.04538765   0.46368128   1.29200318  -0.35301908   0.17936626  -0.01079986  -0.16717158  -0.47228980   0.03866821   0.03965024   0.03944048   0.03933398   0.03911821   0.00310737   0.00261657   0.00201403   0.00214703   0.00498002
 2.00 11600.  0.0  2.0   0.43850093   0.30473648   0.46779037   1.01200585   1.10143475   2.11178030   1.66444004   0.99468976   0.05906014   0.20039207  -3.02266622  -1.99166259  -1.35670629  -0.84191369  -1.29322264   1.34045412   0.79850833   0.56582514   0.49066627   0.72531803   0.33988428   0.34962344   0.34962344   0.34477883   0.34477883   0.05020332   0.01714769   0.01333935   0.04300245   0.06310735
 2.50 11600.  0.0  2.0   0.71474349   0.73660952   0.65971529   1.11698073   1.38531115   0.64191960   0.51548480   0.22439443  -0.91259527  -1.37827675  -1.08136182  -0.82658000  -0.45338614   0.54758600   0.79552962   0.51169375   0.36488714   0.20389361  -0.11767132  -0.15422937   0.27398581   0.27869234   0.27869234   0.27557581   0.27557581   0.02558027   0.01748415   0.00722540   0.01707712   0.03166959
 3.00 11600.  0.0  2.0   0.92375582   0.91878694   1.30854967   0.91694398   1.23299659  -0.22741811  -0.13078853  -1.34686270  -0.79322090  -1.54151796  -0.00518086  -0.06624848   1.10036362   0.64139147   1.27194601   0.06674978   0.05503012  -0.35072863  -0.20782542  -0.40685201   0.20978789   0.21271573   0.21077789   0.21077789   0.21077789   0.01430467   0.00979680   0.01428483   0.00406027   0.01031606
 3.50 11600.  0.0  2.0   1.62256893   0.55518658   0.63474871   0.61731934   0.82708883  -1.92351204   0.56427193  -0.00193287  -0.25174429  -0.85223759   1.66866917  -0.66285393  -0.08871859   0.19494469   0.73459505  -0.52792707   0.24045855   0.03549344  -0.07081084  -0.25137764   0.16109316   0.16645719   0.16516862   0.16450862   0.16450862   0.02960405   0.00126970   0.00076871   0.00021019   0.00062363
 4.00 11600.  0.0  2.0   1.24973370   0.56051243   0.52395530   0.62532105   1.18565417  -1.36700819   0.54367808   0.20920046  -0.31661800  -1.83937697   1.30877737  -0.64805000  -0.27724374   0.27999744   1.79664128  -0.45058501   0.23541556   0.09824227  -0.10545619  -0.65191684   0.12358937   0.12666146   0.12623146   0.12536741   0.12448838   0.00732440   0.00059674   0.00034363   0.00056810   0.00316269
 4.50 11600.  0.0  2.0   1.25880116   0.59677638   0.60636560   0.71445368   0.82157028  -1.48475391   0.49275991   0.03456296  -0.51213619  -0.97523484   1.47457172  -0.62378728  -0.11271555   0.47313099   0.91467267  -0.52080298   0.23217685   0.04085893  -0.17516309  -0.32774175   0.10009401   0.10246837   0.10217837   0.10130966   0.10130966   0.00606688   0.00089040   0.00079763   0.00113172   0.00153581
 5.00 11600.  0.0  2.0   1.02422237   0.63123384   0.68409266   0.76249612   0.81249609  -1.07421017   0.32520109  -0.23640120  -0.71191316  -1.05494642   1.08620262  -0.42132353   0.19130309   0.70499176   1.02243925  -0.38197889   0.15307439  -0.07424862  -0.26444614  -0.37049087   0.07174629   0.07348288   0.07306234   0.07263381   0.07263381   0.00203134   0.00150043   0.00153554   0.00222298   0.00262176
 5.50 11600.  0.0  2.0   0.98525762   0.57189850   0.77176009   0.83668202   0.85370647  -0.99685382   0.51662651  -0.41932712  -0.86172020  -1.15786218   0.99168629  -0.66350977   0.35909243   0.84564058   1.12575979  -0.34009626   0.25435848  -0.13176910  -0.31410875  -0.40690117   0.05319617   0.05471848   0.05413313   0.05398163   0.05398163   0.00221624   0.00211549   0.00241991   0.00335538   0.00358096
 6.00 11600.  0.0  2.0   0.97763424   0.65452982   0.66652736   0.71039128   0.89231051  -1.02886752   0.29370616  -0.13484647  -0.51444164  -1.28537341   1.02772416  -0.43806150   0.03823919   0.45845957   1.27685376  -0.35067253   0.17382702  -0.00544920  -0.16325544  -0.46629510   0.03888546   0.03989497   0.03978797   0.03946245   0.03923770   0.00308698   0.00265006   0.00200922   0.00212247   0.00498381
 2.00 11800.  0.0  2.0   0.15038329   0.30824139   0.48542072   0.63171489   0.72728938   1.72008099   1.67943021   0.98934327   0.43701514   0.49572590  -1.91244986  -2.02751607  -1.38051980  -0.84531465  -1.16333698   0.75578252   0.81682209   0.58205533   0.39047875   0.56370669   0.34944591   0.35190091   0.35190091   0.34944591   0.34944591   0.01056898   0.01805870   0.01470840   0.01150710   0.02202298
 2.50 11800.  0.0  2.0   0.74397905   0.75710189   0.69229566   1.16689794   1.41311885   0.58637221   0.47347399   0.15572676  -1.00797640  -1.42978712  -1.04758499  -0.80026100  -0.40112832   0.61741044   0.82950146   0.50459768   0.35954913   0.18945467  -0.13599494  -0.16168929   0.27614839   0.28087991   0.28087991   0.27775339   0.27775339   0.02666491   0.01847987   0.00800859   0.01905016   0.03313922
 3.00 11800.  0.0  2.0   1.21297727   0.65505804   1.35749784   0.96358274   1.25952667  -0.76295222   0.37232758  -1.45940582  -0.90119502  -1.60378055   0.40682526  -0.49625091   1.19703752   0.73609418   1.32459174  -0.04851477   0.18966506  -0.38142663  -0.23845924  -0.42317140   0.21052817   0.21543164   0.21252594   0.21252594   0.21252594   0.02727179   0.00306242   0.01575217   0.00464955   0.01088871
 3.50 11800.  0.0  2.0   1.64119648   0.42099932   0.66268484   0.63957479   0.83714230  -1.93300573   0.85847154  -0.04422295  -0.27558103  -0.85286714   1.65393281  -0.95555174  -0.07169629   0.19615747   0.71903941  -0.51842927   0.34460160   0.03492570  -0.06681828  -0.24264563   0.16715641   0.17304416   0.17114198   0.17049698   0.17049698   0.03028248   0.00043479   0.00086144   0.00019816   0.00060458
 4.00 11800.  0.0  2.0   1.29360222   0.49330990   0.62316828   0.73328308   1.51152578  -1.47246757   0.68148966  -0.02689118  -0.57438486  -2.62092186   1.40522838  -0.78868265  -0.05264485   0.53026590   2.58047607  -0.48428330   0.28662303   0.01992216  -0.19413999  -0.93514313   0.12450833   0.12806941   0.12677133   0.12588232   0.12497333   0.00802658   0.00047896   0.00038650   0.00069813   0.00911550
 4.50 11800.  0.0  2.0   1.29877392   0.58349985   0.62457895   0.73184758   0.83419967  -1.57903814   0.51559878  -0.00822740  -0.55248921  -1.00502715   1.56474128  -0.65661214  -0.08095113   0.50620804   0.94131098  -0.55397636   0.24616940   0.03169472  -0.18595363  -0.33714497   0.10108990   0.10380656   0.10322720   0.10233851   0.10233851   0.00674978   0.00093567   0.00081232   0.00117724   0.00157568
 5.00 11800.  0.0  2.0   1.17183857   0.48068638   0.71224149   0.77352044   0.81606234  -1.44391302   0.70959128  -0.30433069  -0.74123281  -1.06667823   1.47214032  -0.84394430   0.25187567   0.73070404   1.03424121  -0.52727101   0.31541988  -0.09492296  -0.27337192  -0.37524221   0.07208416   0.07453071   0.07345464   0.07323214   0.07323214   0.00400374   0.00143711   0.00155634   0.00230475   0.00267600
 5.50 11800.  0.0  2.0   0.93620016   0.58251453   0.77262749   0.84319401   0.85331557  -0.86743793   0.51979399  -0.39413955  -0.85200777  -1.14014050   0.86918406  -0.69020277   0.31760460   0.82460493   1.10487868  -0.29895691   0.26824643  -0.11425220  -0.30503490  -0.39952542   0.05373090   0.05526321   0.05467436   0.05421504   0.05421504   0.00215792   0.00218318   0.00236916   0.00332618   0.00356787
 6.00 11800.  0.0  2.0   0.97545744   0.67135207   0.68066630   0.71071009   0.88608892  -1.02760911   0.26173097  -0.15984343  -0.50853692  -1.26717329   1.03600550  -0.42085928   0.05223441   0.44532972   1.25682517  -0.35748922   0.17022942  -0.00852058  -0.15742573  -0.45917663   0.03875823   0.04003619   0.03970818   0.03959518   0.03936593   0.00309297   0.00265346   0.00197741   0.00208040   0.00489571
 2.00 12000.  0.0  2.0   0.29518120   0.30834474   0.49479906   1.05922060   1.11776771   1.76896467   1.69704056   1.00177331   0.08072527   0.26905894  -2.23559016  -2.06083796  -1.42065268  -0.96122099  -1.43841272   0.94343878   0.83286247   0.60408661   0.55905107   0.79749114   0.35039259   0.35530712   0.35530712   0.35039259   0.35039259   0.02209755   0.01868979   0.01579987   0.05183273   0.07015913
 2.50 12000.  0.0  2.0   0.77389234   0.77593739   0.72288341   1.21468029   1.44212057   0.52725497   0.43391576   0.09045776  -1.09880431  -1.48429912  -1.00835228  -0.77429410  -0.35040020   0.68373800   0.86697156   0.49527398   0.35378965   0.17513722  -0.15324731  -0.17046140   0.27817612   0.28293762   0.28293762   0.27979112   0.27979112   0.02777042   0.01942085   0.00879151   0.02117786   0.03488021
 3.00 12000.  0.0  2.0   1.26034931   0.67676030   1.40324882   1.00853970   1.28445838  -0.87446991   0.30670394  -1.57238105  -1.01258670  -1.66992111   0.50210899  -0.43497721   1.29880545   0.83840000   1.38554805  -0.07910659   0.16884188  -0.41478327  -0.27270317  -0.44349888   0.21197656   0.21691499   0.21399431   0.21399431   0.21399431   0.02875190   0.00325589   0.01711324   0.00525058   0.01137569
 3.50 12000.  0.0  2.0   1.41041336   0.60604243   0.52244218   0.66590576   0.85196832  -1.47501534   0.43617721   0.24705799  -0.34969546  -0.89893860   1.24677219  -0.56038120  -0.35121113   0.26544992   0.76242882  -0.38734850   0.20973058   0.13268967  -0.09049326  -0.25746157   0.16987762   0.17447827   0.17383827   0.17254969   0.17254969   0.01866718   0.00153885   0.00014664   0.00022136   0.00064379
 4.00 12000.  0.0  2.0   1.33467053   0.51219311   0.56287899   0.76167948   1.23339837  -1.57599119   0.62097333   0.09600655  -0.65136427  -1.96609223   1.50162623  -0.73382756  -0.17658273   0.60317324   1.91805315  -0.51830759   0.26828310   0.06473876  -0.21962364  -0.69472079   0.12537736   0.12899837   0.12811934   0.12677133   0.12631133   0.00866723   0.00046762   0.00035703   0.00078647   0.00351474
 4.50 12000.  0.0  2.0   1.33406118   0.65394005   0.67310042   0.72066893   0.79261580  -1.66695915   0.34391167  -0.12421705  -0.53322123  -0.90998779   1.64909038  -0.49675549   0.02470826   0.48297394   0.84290411  -0.58501842   0.19135528  -0.00429179  -0.17703258  -0.30119159   0.10208879   0.10457602   0.10396670   0.10366170   0.10366170   0.00736438   0.00087412   0.00077592   0.00125394   0.00158832
 5.00 12000.  0.0  2.0   1.07566534   0.49712690   0.71113242   0.79530938   0.82992443  -1.21266171   0.66375351  -0.31019080  -0.79815231  -1.10439201   1.23380806  -0.80679556   0.25396806   0.78498312   1.07222649  -0.44091997   0.30364954  -0.09526279  -0.29281537  -0.38941895   0.07285654   0.07512354   0.07424351   0.07356352   0.07356352   0.00262461   0.00140974   0.00160712   0.00240697   0.00276957
 5.50 12000.  0.0  2.0   0.98448242   0.60115111   0.78311496   0.84759445   0.84942265  -0.99547953   0.47856463  -0.41575368  -0.85951745  -1.13041573   1.01267518  -0.66191732   0.33090869   0.82695269   1.09509682  -0.35658060   0.26055398  -0.11772825  -0.30534458  -0.39662657   0.05399129   0.05573569   0.05513135   0.05465855   0.05465855   0.00235523   0.00216144   0.00237230   0.00336570   0.00359702
 6.00 12000.  0.0  2.0   0.96280720   0.69814949   0.69079415   0.71230693   0.87993768  -1.00166431   0.20477034  -0.17744961  -0.50467441  -1.24895515   1.01879161  -0.37860697   0.05953266   0.43260893   1.23637192  -0.35511519   0.15780732  -0.00934741  -0.15124268  -0.45187807   0.03912583   0.04032449   0.04009874   0.03998324   0.03974800   0.00315210   0.00266138   0.00197769   0.00207036   0.00487717
